location_id,location_name,locality,country_code,timezone,provider,owner,latitude,longitude,sensor_id,sensor_name,parameter,parameter_display_name,units,date_local,value_mean,value_median,value_min,value_max,hourly_rows,coverage_percent_complete_mean,coverage_percent_coverage_mean
3099020,Dubai Motor City,,AE,Asia/Dubai,AirGradient,Akis,25.046136176968492,55.24946085563235,10877517,pm10 µg/m³,pm10,,µg/m³,2024-10-08,18.605,21.450000000000003,9.1,26.7,14,100.0,100.0
3099020,Dubai Motor City,,AE,Asia/Dubai,AirGradient,Akis,25.046136176968492,55.24946085563235,10877517,pm10 µg/m³,pm10,,µg/m³,2024-10-09,25.72083333333333,19.05,11.5,82.2,24,100.0,100.0
3099020,Dubai Motor City,,AE,Asia/Dubai,AirGradient,Akis,25.046136176968492,55.24946085563235,10877517,pm10 µg/m³,pm10,,µg/m³,2024-10-10,51.35833333333333,50.0,22.8,97.4,24,100.0,100.0
3099020,Dubai Motor City,,AE,Asia/Dubai,AirGradient,Akis,25.046136176968492,55.24946085563235,10877517,pm10 µg/m³,pm10,,µg/m³,2024-10-11,51.870000000000005,52.75,47.3,55.7,10,100.0,100.0
3099020,Dubai Motor City,,AE,Asia/Dubai,AirGradient,Akis,25.046136176968492,55.24946085563235,10877517,pm10 µg/m³,pm10,,µg/m³,2024-10-14,29.309999999999995,27.65,18.4,42.8,10,100.0,100.0
3099020,Dubai Motor City,,AE,Asia/Dubai,AirGradient,Akis,25.046136176968492,55.24946085563235,10877517,pm10 µg/m³,pm10,,µg/m³,2024-10-15,29.46666666666667,26.35,19.5,49.6,24,100.0,100.0
3099020,Dubai Motor City,,AE,Asia/Dubai,AirGradient,Akis,25.046136176968492,55.24946085563235,10877517,pm10 µg/m³,pm10,,µg/m³,2024-10-16,18.36375,20.549999999999997,5.77,28.1,24,100.0,100.0
3099020,Dubai Motor City,,AE,Asia/Dubai,AirGradient,Akis,25.046136176968492,55.24946085563235,10877517,pm10 µg/m³,pm10,,µg/m³,2024-10-17,8.008333333333333,6.609999999999999,3.82,21.1,24,100.0,100.0
3099020,Dubai Motor City,,AE,Asia/Dubai,AirGradient,Akis,25.046136176968492,55.24946085563235,10877517,pm10 µg/m³,pm10,,µg/m³,2024-10-18,17.413333333333334,20.1,5.1,25.7,24,100.0,100.0
3099020,Dubai Motor City,,AE,Asia/Dubai,AirGradient,Akis,25.046136176968492,55.24946085563235,10877517,pm10 µg/m³,pm10,,µg/m³,2024-10-19,24.695833333333336,22.95,10.5,59.9,24,100.0,100.0
3099020,Dubai Motor City,,AE,Asia/Dubai,AirGradient,Akis,25.046136176968492,55.24946085563235,10877517,pm10 µg/m³,pm10,,µg/m³,2024-10-20,58.175000000000004,59.85,16.5,83.5,24,100.0,100.0
3099020,Dubai Motor City,,AE,Asia/Dubai,AirGradient,Akis,25.046136176968492,55.24946085563235,10877517,pm10 µg/m³,pm10,,µg/m³,2024-10-21,71.88333333333334,74.0,33.4,101.0,24,100.0,100.0
3099020,Dubai Motor City,,AE,Asia/Dubai,AirGradient,Akis,25.046136176968492,55.24946085563235,10877517,pm10 µg/m³,pm10,,µg/m³,2024-10-22,65.64999999999999,54.4,38.6,101.0,24,100.0,100.0
3099020,Dubai Motor City,,AE,Asia/Dubai,AirGradient,Akis,25.046136176968492,55.24946085563235,10877517,pm10 µg/m³,pm10,,µg/m³,2024-10-23,44.19166666666666,47.25,11.5,70.1,24,100.0,100.0
3099020,Dubai Motor City,,AE,Asia/Dubai,AirGradient,Akis,25.046136176968492,55.24946085563235,10877517,pm10 µg/m³,pm10,,µg/m³,2024-10-24,32.85916666666667,36.8,9.42,52.6,24,100.0,100.0
3099020,Dubai Motor City,,AE,Asia/Dubai,AirGradient,Akis,25.046136176968492,55.24946085563235,10877517,pm10 µg/m³,pm10,,µg/m³,2024-10-25,41.891666666666666,41.65,15.7,66.4,24,100.0,100.0
3099020,Dubai Motor City,,AE,Asia/Dubai,AirGradient,Akis,25.046136176968492,55.24946085563235,10877517,pm10 µg/m³,pm10,,µg/m³,2024-10-26,43.62083333333334,39.7,17.4,66.6,24,100.0,100.0
3099020,Dubai Motor City,,AE,Asia/Dubai,AirGradient,Akis,25.046136176968492,55.24946085563235,10877517,pm10 µg/m³,pm10,,µg/m³,2024-10-27,23.070833333333336,21.7,11.1,40.6,24,100.0,100.0
3099020,Dubai Motor City,,AE,Asia/Dubai,AirGradient,Akis,25.046136176968492,55.24946085563235,10877517,pm10 µg/m³,pm10,,µg/m³,2024-10-28,20.941666666666666,19.15,12.0,31.4,24,100.0,100.0
3099020,Dubai Motor City,,AE,Asia/Dubai,AirGradient,Akis,25.046136176968492,55.24946085563235,10877517,pm10 µg/m³,pm10,,µg/m³,2024-10-29,33.375,30.799999999999997,20.4,70.0,24,100.0,100.0
3099020,Dubai Motor City,,AE,Asia/Dubai,AirGradient,Akis,25.046136176968492,55.24946085563235,10877517,pm10 µg/m³,pm10,,µg/m³,2024-10-30,40.291666666666664,37.95,15.1,66.8,24,100.0,100.0
3099020,Dubai Motor City,,AE,Asia/Dubai,AirGradient,Akis,25.046136176968492,55.24946085563235,10877517,pm10 µg/m³,pm10,,µg/m³,2024-10-31,53.9375,50.3,39.0,74.2,24,100.0,100.0
3099020,Dubai Motor City,,AE,Asia/Dubai,AirGradient,Akis,25.046136176968492,55.24946085563235,10877517,pm10 µg/m³,pm10,,µg/m³,2024-11-01,65.08333333333333,61.3,51.2,97.2,24,100.0,100.0
3099020,Dubai Motor City,,AE,Asia/Dubai,AirGradient,Akis,25.046136176968492,55.24946085563235,10877517,pm10 µg/m³,pm10,,µg/m³,2024-11-02,60.925000000000004,57.599999999999994,42.4,106.0,24,100.0,100.0
3099020,Dubai Motor City,,AE,Asia/Dubai,AirGradient,Akis,25.046136176968492,55.24946085563235,10877517,pm10 µg/m³,pm10,,µg/m³,2024-11-03,74.14999999999999,76.85,31.7,113.0,24,100.0,100.0
3099020,Dubai Motor City,,AE,Asia/Dubai,AirGradient,Akis,25.046136176968492,55.24946085563235,10877517,pm10 µg/m³,pm10,,µg/m³,2024-11-04,68.16250000000001,55.3,40.5,127.0,24,100.0,100.0
3099020,Dubai Motor City,,AE,Asia/Dubai,AirGradient,Akis,25.046136176968492,55.24946085563235,10877517,pm10 µg/m³,pm10,,µg/m³,2024-11-05,51.48333333333333,53.150000000000006,35.1,66.8,24,100.0,100.0
3099020,Dubai Motor City,,AE,Asia/Dubai,AirGradient,Akis,25.046136176968492,55.24946085563235,10877517,pm10 µg/m³,pm10,,µg/m³,2024-11-06,53.94166666666666,53.9,29.6,68.4,24,100.0,100.0
3099020,Dubai Motor City,,AE,Asia/Dubai,AirGradient,Akis,25.046136176968492,55.24946085563235,10877517,pm10 µg/m³,pm10,,µg/m³,2024-11-07,58.770833333333336,64.0,21.8,91.7,24,100.0,100.0
3099020,Dubai Motor City,,AE,Asia/Dubai,AirGradient,Akis,25.046136176968492,55.24946085563235,10877517,pm10 µg/m³,pm10,,µg/m³,2024-11-08,67.75,57.650000000000006,25.5,112.0,24,100.0,100.0
3099020,Dubai Motor City,,AE,Asia/Dubai,AirGradient,Akis,25.046136176968492,55.24946085563235,10877517,pm10 µg/m³,pm10,,µg/m³,2024-11-09,57.29583333333333,56.650000000000006,44.9,73.7,24,100.0,100.0
3099020,Dubai Motor City,,AE,Asia/Dubai,AirGradient,Akis,25.046136176968492,55.24946085563235,10877517,pm10 µg/m³,pm10,,µg/m³,2024-11-10,63.19166666666666,60.849999999999994,43.2,97.2,24,100.0,100.0
3099020,Dubai Motor City,,AE,Asia/Dubai,AirGradient,Akis,25.046136176968492,55.24946085563235,10877517,pm10 µg/m³,pm10,,µg/m³,2024-11-11,56.18333333333334,51.25,42.6,75.2,24,100.0,100.0
3099020,Dubai Motor City,,AE,Asia/Dubai,AirGradient,Akis,25.046136176968492,55.24946085563235,10877517,pm10 µg/m³,pm10,,µg/m³,2024-11-12,54.824999999999996,53.65,40.7,65.6,24,100.0,100.0
3099020,Dubai Motor City,,AE,Asia/Dubai,AirGradient,Akis,25.046136176968492,55.24946085563235,10877517,pm10 µg/m³,pm10,,µg/m³,2024-11-13,65.185,65.7,54.0,78.9,20,100.0,100.0
3099020,Dubai Motor City,,AE,Asia/Dubai,AirGradient,Akis,25.046136176968492,55.24946085563235,10877517,pm10 µg/m³,pm10,,µg/m³,2024-11-14,73.35833333333333,71.5,47.5,104.0,24,100.0,100.0
3099020,Dubai Motor City,,AE,Asia/Dubai,AirGradient,Akis,25.046136176968492,55.24946085563235,10877517,pm10 µg/m³,pm10,,µg/m³,2024-11-15,44.55833333333334,36.400000000000006,11.1,76.4,24,100.0,100.0
3099020,Dubai Motor City,,AE,Asia/Dubai,AirGradient,Akis,25.046136176968492,55.24946085563235,10877517,pm10 µg/m³,pm10,,µg/m³,2024-11-16,27.398333333333337,29.450000000000003,8.17,46.2,24,100.0,100.0
3099020,Dubai Motor City,,AE,Asia/Dubai,AirGradient,Akis,25.046136176968492,55.24946085563235,10877517,pm10 µg/m³,pm10,,µg/m³,2024-11-17,40.262499999999996,34.099999999999994,24.7,66.2,24,100.0,100.0
3099020,Dubai Motor City,,AE,Asia/Dubai,AirGradient,Akis,25.046136176968492,55.24946085563235,10877517,pm10 µg/m³,pm10,,µg/m³,2024-11-18,59.800000000000004,56.85,42.3,76.2,24,100.0,100.0
3099020,Dubai Motor City,,AE,Asia/Dubai,AirGradient,Akis,25.046136176968492,55.24946085563235,10877517,pm10 µg/m³,pm10,,µg/m³,2024-11-19,49.35833333333333,49.8,27.0,65.9,24,100.0,100.0
3099020,Dubai Motor City,,AE,Asia/Dubai,AirGradient,Akis,25.046136176968492,55.24946085563235,10877517,pm10 µg/m³,pm10,,µg/m³,2024-11-20,57.300000000000004,53.7,34.6,75.3,24,100.0,100.0
3099020,Dubai Motor City,,AE,Asia/Dubai,AirGradient,Akis,25.046136176968492,55.24946085563235,10877517,pm10 µg/m³,pm10,,µg/m³,2024-11-21,60.98333333333333,63.599999999999994,40.5,74.4,24,100.0,100.0
3099020,Dubai Motor City,,AE,Asia/Dubai,AirGradient,Akis,25.046136176968492,55.24946085563235,10877517,pm10 µg/m³,pm10,,µg/m³,2024-11-22,74.8125,70.94999999999999,60.5,99.1,24,100.0,100.0
3099020,Dubai Motor City,,AE,Asia/Dubai,AirGradient,Akis,25.046136176968492,55.24946085563235,10877517,pm10 µg/m³,pm10,,µg/m³,2024-11-23,70.17916666666666,56.5,31.3,123.0,24,100.0,100.0
3099020,Dubai Motor City,,AE,Asia/Dubai,AirGradient,Akis,25.046136176968492,55.24946085563235,10877517,pm10 µg/m³,pm10,,µg/m³,2024-11-24,40.40833333333333,44.0,17.8,55.0,24,100.0,100.0
3099020,Dubai Motor City,,AE,Asia/Dubai,AirGradient,Akis,25.046136176968492,55.24946085563235,10877517,pm10 µg/m³,pm10,,µg/m³,2024-11-25,44.625,44.7,20.3,64.6,24,100.0,100.0
3099020,Dubai Motor City,,AE,Asia/Dubai,AirGradient,Akis,25.046136176968492,55.24946085563235,10877517,pm10 µg/m³,pm10,,µg/m³,2024-11-26,34.5875,35.349999999999994,22.7,44.4,24,100.0,100.0
3099020,Dubai Motor City,,AE,Asia/Dubai,AirGradient,Akis,25.046136176968492,55.24946085563235,10877517,pm10 µg/m³,pm10,,µg/m³,2024-11-27,43.4625,47.45,29.2,61.2,24,100.0,100.0
3099020,Dubai Motor City,,AE,Asia/Dubai,AirGradient,Akis,25.046136176968492,55.24946085563235,10877517,pm10 µg/m³,pm10,,µg/m³,2024-11-28,46.82083333333333,48.2,19.2,70.7,24,100.0,100.0
3099020,Dubai Motor City,,AE,Asia/Dubai,AirGradient,Akis,25.046136176968492,55.24946085563235,10877517,pm10 µg/m³,pm10,,µg/m³,2024-11-29,14.973333333333334,13.2,7.94,23.8,24,100.0,100.0
3099020,Dubai Motor City,,AE,Asia/Dubai,AirGradient,Akis,25.046136176968492,55.24946085563235,10877517,pm10 µg/m³,pm10,,µg/m³,2024-11-30,18.216666666666665,15.6,10.7,38.0,24,100.0,100.0
3099020,Dubai Motor City,,AE,Asia/Dubai,AirGradient,Akis,25.046136176968492,55.24946085563235,10877517,pm10 µg/m³,pm10,,µg/m³,2024-12-01,13.2575,10.95,3.72,33.5,24,100.0,100.0
3099020,Dubai Motor City,,AE,Asia/Dubai,AirGradient,Akis,25.046136176968492,55.24946085563235,10877517,pm10 µg/m³,pm10,,µg/m³,2024-12-02,32.38333333333333,30.85,17.1,50.5,24,100.0,100.0
3099020,Dubai Motor City,,AE,Asia/Dubai,AirGradient,Akis,25.046136176968492,55.24946085563235,10877517,pm10 µg/m³,pm10,,µg/m³,2024-12-03,29.72083333333333,19.25,10.5,54.3,24,100.0,100.0
3099020,Dubai Motor City,,AE,Asia/Dubai,AirGradient,Akis,25.046136176968492,55.24946085563235,10877517,pm10 µg/m³,pm10,,µg/m³,2024-12-04,20.845833333333335,21.6,13.1,27.8,24,100.0,100.0
3099020,Dubai Motor City,,AE,Asia/Dubai,AirGradient,Akis,25.046136176968492,55.24946085563235,10877517,pm10 µg/m³,pm10,,µg/m³,2024-12-05,33.77916666666667,27.95,16.7,59.7,24,100.0,100.0
3099020,Dubai Motor City,,AE,Asia/Dubai,AirGradient,Akis,25.046136176968492,55.24946085563235,10877517,pm10 µg/m³,pm10,,µg/m³,2024-12-06,74.44583333333334,65.0,45.2,119.0,24,100.0,100.0
3099020,Dubai Motor City,,AE,Asia/Dubai,AirGradient,Akis,25.046136176968492,55.24946085563235,10877517,pm10 µg/m³,pm10,,µg/m³,2024-12-07,74.05416666666666,69.0,44.0,120.0,24,100.0,100.0
3099020,Dubai Motor City,,AE,Asia/Dubai,AirGradient,Akis,25.046136176968492,55.24946085563235,10877517,pm10 µg/m³,pm10,,µg/m³,2024-12-08,33.6875,24.15,12.9,65.9,24,100.0,100.0
3099020,Dubai Motor City,,AE,Asia/Dubai,AirGradient,Akis,25.046136176968492,55.24946085563235,10877517,pm10 µg/m³,pm10,,µg/m³,2024-12-09,17.2625,17.6,10.6,23.9,24,100.0,100.0
3099020,Dubai Motor City,,AE,Asia/Dubai,AirGradient,Akis,25.046136176968492,55.24946085563235,10877517,pm10 µg/m³,pm10,,µg/m³,2024-12-10,24.241666666666664,24.0,15.7,34.1,24,100.0,100.0
3099020,Dubai Motor City,,AE,Asia/Dubai,AirGradient,Akis,25.046136176968492,55.24946085563235,10877517,pm10 µg/m³,pm10,,µg/m³,2024-12-11,25.291666666666668,23.35,11.4,42.6,24,100.0,100.0
3099020,Dubai Motor City,,AE,Asia/Dubai,AirGradient,Akis,25.046136176968492,55.24946085563235,10877517,pm10 µg/m³,pm10,,µg/m³,2024-12-12,18.8,17.700000000000003,10.4,38.9,24,100.0,100.0
3099020,Dubai Motor City,,AE,Asia/Dubai,AirGradient,Akis,25.046136176968492,55.24946085563235,10877517,pm10 µg/m³,pm10,,µg/m³,2024-12-13,24.6125,21.45,12.4,47.5,24,100.0,100.0
3099020,Dubai Motor City,,AE,Asia/Dubai,AirGradient,Akis,25.046136176968492,55.24946085563235,10877517,pm10 µg/m³,pm10,,µg/m³,2024-12-14,47.16956521739131,48.8,29.8,52.9,23,100.0,100.0
3099020,Dubai Motor City,,AE,Asia/Dubai,AirGradient,Akis,25.046136176968492,55.24946085563235,10877517,pm10 µg/m³,pm10,,µg/m³,2024-12-15,43.166666666666664,48.85,20.3,64.1,24,100.0,100.0
3099020,Dubai Motor City,,AE,Asia/Dubai,AirGradient,Akis,25.046136176968492,55.24946085563235,10877517,pm10 µg/m³,pm10,,µg/m³,2024-12-16,24.475,24.4,20.4,29.1,16,100.0,100.0
3099020,Dubai Motor City,,AE,Asia/Dubai,AirGradient,Akis,25.046136176968492,55.24946085563235,10877517,pm10 µg/m³,pm10,,µg/m³,2024-12-17,39.26086956521739,39.2,31.1,48.5,23,100.0,100.0
3099020,Dubai Motor City,,AE,Asia/Dubai,AirGradient,Akis,25.046136176968492,55.24946085563235,10877517,pm10 µg/m³,pm10,,µg/m³,2024-12-18,38.454166666666666,39.5,28.4,45.0,24,100.0,100.0
3099020,Dubai Motor City,,AE,Asia/Dubai,AirGradient,Akis,25.046136176968492,55.24946085563235,10877517,pm10 µg/m³,pm10,,µg/m³,2024-12-19,44.979166666666664,43.5,38.2,55.5,24,100.0,100.0
3099020,Dubai Motor City,,AE,Asia/Dubai,AirGradient,Akis,25.046136176968492,55.24946085563235,10877517,pm10 µg/m³,pm10,,µg/m³,2024-12-20,48.43333333333334,47.75,38.3,67.4,24,100.0,100.0
3099020,Dubai Motor City,,AE,Asia/Dubai,AirGradient,Akis,25.046136176968492,55.24946085563235,10877517,pm10 µg/m³,pm10,,µg/m³,2024-12-21,45.35833333333333,43.150000000000006,17.0,74.2,24,100.0,100.0
3099020,Dubai Motor City,,AE,Asia/Dubai,AirGradient,Akis,25.046136176968492,55.24946085563235,10877517,pm10 µg/m³,pm10,,µg/m³,2024-12-22,41.65,39.5,25.3,58.7,24,100.0,100.0
3099020,Dubai Motor City,,AE,Asia/Dubai,AirGradient,Akis,25.046136176968492,55.24946085563235,10877517,pm10 µg/m³,pm10,,µg/m³,2024-12-23,45.229166666666664,42.35,33.4,60.4,24,100.0,100.0
3099020,Dubai Motor City,,AE,Asia/Dubai,AirGradient,Akis,25.046136176968492,55.24946085563235,10877517,pm10 µg/m³,pm10,,µg/m³,2024-12-24,57.925000000000004,62.0,30.9,71.8,24,100.0,100.0
3099020,Dubai Motor City,,AE,Asia/Dubai,AirGradient,Akis,25.046136176968492,55.24946085563235,10877517,pm10 µg/m³,pm10,,µg/m³,2024-12-25,66.87916666666668,65.55000000000001,45.1,99.4,24,100.0,100.0
3099020,Dubai Motor City,,AE,Asia/Dubai,AirGradient,Akis,25.046136176968492,55.24946085563235,10877517,pm10 µg/m³,pm10,,µg/m³,2024-12-26,68.175,60.849999999999994,52.8,93.5,24,100.0,100.0
3099020,Dubai Motor City,,AE,Asia/Dubai,AirGradient,Akis,25.046136176968492,55.24946085563235,10877517,pm10 µg/m³,pm10,,µg/m³,2024-12-27,48.94166666666666,43.75,30.0,68.7,24,100.0,100.0
3099020,Dubai Motor City,,AE,Asia/Dubai,AirGradient,Akis,25.046136176968492,55.24946085563235,10877517,pm10 µg/m³,pm10,,µg/m³,2024-12-28,39.050000000000004,39.55,23.5,54.0,24,100.0,100.0
3099020,Dubai Motor City,,AE,Asia/Dubai,AirGradient,Akis,25.046136176968492,55.24946085563235,10877517,pm10 µg/m³,pm10,,µg/m³,2024-12-29,48.012499999999996,47.1,34.6,67.2,24,100.0,100.0
3099020,Dubai Motor City,,AE,Asia/Dubai,AirGradient,Akis,25.046136176968492,55.24946085563235,10877517,pm10 µg/m³,pm10,,µg/m³,2024-12-30,68.35833333333333,71.1,40.1,88.6,24,100.0,100.0
3099020,Dubai Motor City,,AE,Asia/Dubai,AirGradient,Akis,25.046136176968492,55.24946085563235,10877517,pm10 µg/m³,pm10,,µg/m³,2024-12-31,71.52916666666667,77.6,34.2,104.0,24,100.0,100.0
3099020,Dubai Motor City,,AE,Asia/Dubai,AirGradient,Akis,25.046136176968492,55.24946085563235,10877517,pm10 µg/m³,pm10,,µg/m³,2025-01-01,46.55416666666667,46.8,14.0,77.3,24,100.0,100.0
3099020,Dubai Motor City,,AE,Asia/Dubai,AirGradient,Akis,25.046136176968492,55.24946085563235,10877517,pm10 µg/m³,pm10,,µg/m³,2025-01-02,14.987499999999999,16.049999999999997,8.96,21.2,24,100.0,100.0
3099020,Dubai Motor City,,AE,Asia/Dubai,AirGradient,Akis,25.046136176968492,55.24946085563235,10877517,pm10 µg/m³,pm10,,µg/m³,2025-01-03,32.55416666666667,24.299999999999997,13.3,108.0,24,100.0,100.0
3099020,Dubai Motor City,,AE,Asia/Dubai,AirGradient,Akis,25.046136176968492,55.24946085563235,10877517,pm10 µg/m³,pm10,,µg/m³,2025-01-04,23.03333333333333,22.75,11.4,37.9,24,100.0,100.0
3099020,Dubai Motor City,,AE,Asia/Dubai,AirGradient,Akis,25.046136176968492,55.24946085563235,10877517,pm10 µg/m³,pm10,,µg/m³,2025-01-05,38.479166666666664,37.5,24.6,54.8,24,100.0,100.0
3099020,Dubai Motor City,,AE,Asia/Dubai,AirGradient,Akis,25.046136176968492,55.24946085563235,10877517,pm10 µg/m³,pm10,,µg/m³,2025-01-06,49.57368421052632,49.6,22.2,80.9,19,100.0,100.0
3099020,Dubai Motor City,,AE,Asia/Dubai,AirGradient,Akis,25.046136176968492,55.24946085563235,10877517,pm10 µg/m³,pm10,,µg/m³,2025-01-07,40.09375,45.55,18.3,55.3,16,100.0,100.0
3099020,Dubai Motor City,,AE,Asia/Dubai,AirGradient,Akis,25.046136176968492,55.24946085563235,10877517,pm10 µg/m³,pm10,,µg/m³,2025-01-08,38.43913043478261,40.1,10.8,69.2,23,100.0,100.0
3099020,Dubai Motor City,,AE,Asia/Dubai,AirGradient,Akis,25.046136176968492,55.24946085563235,10877517,pm10 µg/m³,pm10,,µg/m³,2025-01-09,66.9608695652174,65.6,40.8,100.0,23,100.0,100.0
3099020,Dubai Motor City,,AE,Asia/Dubai,AirGradient,Akis,25.046136176968492,55.24946085563235,10877517,pm10 µg/m³,pm10,,µg/m³,2025-01-10,52.19583333333333,53.150000000000006,31.0,70.9,24,100.0,100.0
3099020,Dubai Motor City,,AE,Asia/Dubai,AirGradient,Akis,25.046136176968492,55.24946085563235,10877517,pm10 µg/m³,pm10,,µg/m³,2025-01-11,30.499444444444446,33.7,5.59,42.8,18,100.0,100.0
3099020,Dubai Motor City,,AE,Asia/Dubai,AirGradient,Akis,25.046136176968492,55.24946085563235,10877517,pm10 µg/m³,pm10,,µg/m³,2025-01-12,32.300000000000004,36.4,23.6,36.9,3,100.0,100.0
3099020,Dubai Motor City,,AE,Asia/Dubai,AirGradient,Akis,25.046136176968492,55.24946085563235,10877517,pm10 µg/m³,pm10,,µg/m³,2025-01-13,49.800000000000004,47.8,47.0,54.6,3,100.0,100.0
3099020,Dubai Motor City,,AE,Asia/Dubai,AirGradient,Akis,25.046136176968492,55.24946085563235,10877517,pm10 µg/m³,pm10,,µg/m³,2025-01-14,51.875,52.0,46.1,57.4,4,100.0,100.0
3099020,Dubai Motor City,,AE,Asia/Dubai,AirGradient,Akis,25.046136176968492,55.24946085563235,10877520,pm25 µg/m³,pm25,,µg/m³,2024-10-08,18.044999999999998,20.75,8.63,25.9,14,100.0,100.0
3099020,Dubai Motor City,,AE,Asia/Dubai,AirGradient,Akis,25.046136176968492,55.24946085563235,10877520,pm25 µg/m³,pm25,,µg/m³,2024-10-09,24.129166666666666,18.4,10.7,81.5,24,100.0,100.0
3099020,Dubai Motor City,,AE,Asia/Dubai,AirGradient,Akis,25.046136176968492,55.24946085563235,10877520,pm25 µg/m³,pm25,,µg/m³,2024-10-10,45.92916666666667,42.35,22.1,96.7,24,100.0,100.0
3099020,Dubai Motor City,,AE,Asia/Dubai,AirGradient,Akis,25.046136176968492,55.24946085563235,10877520,pm25 µg/m³,pm25,,µg/m³,2024-10-11,43.67,44.349999999999994,40.2,46.3,10,100.0,100.0
3099020,Dubai Motor City,,AE,Asia/Dubai,AirGradient,Akis,25.046136176968492,55.24946085563235,10877520,pm25 µg/m³,pm25,,µg/m³,2024-10-14,26.99,26.05,17.7,37.0,10,100.0,100.0
3099020,Dubai Motor City,,AE,Asia/Dubai,AirGradient,Akis,25.046136176968492,55.24946085563235,10877520,pm25 µg/m³,pm25,,µg/m³,2024-10-15,27.3625,25.85,18.9,42.0,24,100.0,100.0
3099020,Dubai Motor City,,AE,Asia/Dubai,AirGradient,Akis,25.046136176968492,55.24946085563235,10877520,pm25 µg/m³,pm25,,µg/m³,2024-10-16,17.959583333333335,20.1,5.6,27.6,24,100.0,100.0
3099020,Dubai Motor City,,AE,Asia/Dubai,AirGradient,Akis,25.046136176968492,55.24946085563235,10877520,pm25 µg/m³,pm25,,µg/m³,2024-10-17,7.791250000000001,6.3149999999999995,3.63,20.7,24,100.0,100.0
3099020,Dubai Motor City,,AE,Asia/Dubai,AirGradient,Akis,25.046136176968492,55.24946085563235,10877520,pm25 µg/m³,pm25,,µg/m³,2024-10-18,17.018333333333334,19.7,4.88,25.0,24,100.0,100.0
3099020,Dubai Motor City,,AE,Asia/Dubai,AirGradient,Akis,25.046136176968492,55.24946085563235,10877520,pm25 µg/m³,pm25,,µg/m³,2024-10-19,23.175,22.45,10.2,49.5,24,100.0,100.0
3099020,Dubai Motor City,,AE,Asia/Dubai,AirGradient,Akis,25.046136176968492,55.24946085563235,10877520,pm25 µg/m³,pm25,,µg/m³,2024-10-20,51.95416666666667,50.55,16.2,82.5,24,100.0,100.0
3099020,Dubai Motor City,,AE,Asia/Dubai,AirGradient,Akis,25.046136176968492,55.24946085563235,10877520,pm25 µg/m³,pm25,,µg/m³,2024-10-21,66.73333333333333,67.6,30.6,99.2,24,100.0,100.0
3099020,Dubai Motor City,,AE,Asia/Dubai,AirGradient,Akis,25.046136176968492,55.24946085563235,10877520,pm25 µg/m³,pm25,,µg/m³,2024-10-22,60.550000000000004,45.5,34.2,99.6,24,100.0,100.0
3099020,Dubai Motor City,,AE,Asia/Dubai,AirGradient,Akis,25.046136176968492,55.24946085563235,10877520,pm25 µg/m³,pm25,,µg/m³,2024-10-23,37.99166666666667,40.05,10.7,60.6,24,100.0,100.0
3099020,Dubai Motor City,,AE,Asia/Dubai,AirGradient,Akis,25.046136176968492,55.24946085563235,10877520,pm25 µg/m³,pm25,,µg/m³,2024-10-24,28.900833333333335,33.2,8.65,44.0,24,100.0,100.0
3099020,Dubai Motor City,,AE,Asia/Dubai,AirGradient,Akis,25.046136176968492,55.24946085563235,10877520,pm25 µg/m³,pm25,,µg/m³,2024-10-25,36.46666666666667,36.2,15.2,55.6,24,100.0,100.0
3099020,Dubai Motor City,,AE,Asia/Dubai,AirGradient,Akis,25.046136176968492,55.24946085563235,10877520,pm25 µg/m³,pm25,,µg/m³,2024-10-26,37.887499999999996,35.3,17.0,55.8,24,100.0,100.0
3099020,Dubai Motor City,,AE,Asia/Dubai,AirGradient,Akis,25.046136176968492,55.24946085563235,10877520,pm25 µg/m³,pm25,,µg/m³,2024-10-27,22.083333333333332,21.3,10.8,35.7,24,100.0,100.0
3099020,Dubai Motor City,,AE,Asia/Dubai,AirGradient,Akis,25.046136176968492,55.24946085563235,10877520,pm25 µg/m³,pm25,,µg/m³,2024-10-28,20.4375,18.799999999999997,11.6,30.0,24,100.0,100.0
3099020,Dubai Motor City,,AE,Asia/Dubai,AirGradient,Akis,25.046136176968492,55.24946085563235,10877520,pm25 µg/m³,pm25,,µg/m³,2024-10-29,31.15833333333333,29.700000000000003,20.0,61.8,24,100.0,100.0
3099020,Dubai Motor City,,AE,Asia/Dubai,AirGradient,Akis,25.046136176968492,55.24946085563235,10877520,pm25 µg/m³,pm25,,µg/m³,2024-10-30,35.575,34.150000000000006,14.6,56.2,24,100.0,100.0
3099020,Dubai Motor City,,AE,Asia/Dubai,AirGradient,Akis,25.046136176968492,55.24946085563235,10877520,pm25 µg/m³,pm25,,µg/m³,2024-10-31,46.67083333333333,42.75,35.0,68.4,24,100.0,100.0
3099020,Dubai Motor City,,AE,Asia/Dubai,AirGradient,Akis,25.046136176968492,55.24946085563235,10877520,pm25 µg/m³,pm25,,µg/m³,2024-11-01,56.699999999999996,50.55,43.4,95.8,24,100.0,100.0
3099020,Dubai Motor City,,AE,Asia/Dubai,AirGradient,Akis,25.046136176968492,55.24946085563235,10877520,pm25 µg/m³,pm25,,µg/m³,2024-11-02,53.15833333333333,47.8,36.9,105.0,24,100.0,100.0
3099020,Dubai Motor City,,AE,Asia/Dubai,AirGradient,Akis,25.046136176968492,55.24946085563235,10877520,pm25 µg/m³,pm25,,µg/m³,2024-11-03,69.82083333333334,72.4,30.3,112.0,24,100.0,100.0
3099020,Dubai Motor City,,AE,Asia/Dubai,AirGradient,Akis,25.046136176968492,55.24946085563235,10877520,pm25 µg/m³,pm25,,µg/m³,2024-11-04,62.46666666666667,46.25,35.8,125.0,24,100.0,100.0
3099020,Dubai Motor City,,AE,Asia/Dubai,AirGradient,Akis,25.046136176968492,55.24946085563235,10877520,pm25 µg/m³,pm25,,µg/m³,2024-11-05,43.5875,44.55,32.4,56.2,24,100.0,100.0
3099020,Dubai Motor City,,AE,Asia/Dubai,AirGradient,Akis,25.046136176968492,55.24946085563235,10877520,pm25 µg/m³,pm25,,µg/m³,2024-11-06,45.541666666666664,45.0,28.7,58.3,24,100.0,100.0
3099020,Dubai Motor City,,AE,Asia/Dubai,AirGradient,Akis,25.046136176968492,55.24946085563235,10877520,pm25 µg/m³,pm25,,µg/m³,2024-11-07,52.12083333333334,52.599999999999994,21.3,90.3,24,100.0,100.0
3099020,Dubai Motor City,,AE,Asia/Dubai,AirGradient,Akis,25.046136176968492,55.24946085563235,10877520,pm25 µg/m³,pm25,,µg/m³,2024-11-08,62.92916666666667,47.900000000000006,25.0,109.0,24,100.0,100.0
3099020,Dubai Motor City,,AE,Asia/Dubai,AirGradient,Akis,25.046136176968492,55.24946085563235,10877520,pm25 µg/m³,pm25,,µg/m³,2024-11-09,48.90833333333333,47.099999999999994,38.7,67.5,24,100.0,100.0
3099020,Dubai Motor City,,AE,Asia/Dubai,AirGradient,Akis,25.046136176968492,55.24946085563235,10877520,pm25 µg/m³,pm25,,µg/m³,2024-11-10,56.583333333333336,50.65,37.4,94.8,24,100.0,100.0
3099020,Dubai Motor City,,AE,Asia/Dubai,AirGradient,Akis,25.046136176968492,55.24946085563235,10877520,pm25 µg/m³,pm25,,µg/m³,2024-11-11,48.27916666666667,43.35,37.0,69.6,24,100.0,100.0
3099020,Dubai Motor City,,AE,Asia/Dubai,AirGradient,Akis,25.046136176968492,55.24946085563235,10877520,pm25 µg/m³,pm25,,µg/m³,2024-11-12,45.87916666666666,45.05,35.8,54.1,24,100.0,100.0
3099020,Dubai Motor City,,AE,Asia/Dubai,AirGradient,Akis,25.046136176968492,55.24946085563235,10877520,pm25 µg/m³,pm25,,µg/m³,2024-11-13,56.575,54.7,45.2,76.2,20,100.0,100.0
3099020,Dubai Motor City,,AE,Asia/Dubai,AirGradient,Akis,25.046136176968492,55.24946085563235,10877520,pm25 µg/m³,pm25,,µg/m³,2024-11-14,67.55833333333334,63.400000000000006,40.5,102.0,24,100.0,100.0
3099020,Dubai Motor City,,AE,Asia/Dubai,AirGradient,Akis,25.046136176968492,55.24946085563235,10877520,pm25 µg/m³,pm25,,µg/m³,2024-11-15,40.46666666666667,33.2,10.8,72.2,24,100.0,100.0
3099020,Dubai Motor City,,AE,Asia/Dubai,AirGradient,Akis,25.046136176968492,55.24946085563235,10877520,pm25 µg/m³,pm25,,µg/m³,2024-11-16,24.735416666666666,28.200000000000003,7.92,39.4,24,100.0,100.0
3099020,Dubai Motor City,,AE,Asia/Dubai,AirGradient,Akis,25.046136176968492,55.24946085563235,10877520,pm25 µg/m³,pm25,,µg/m³,2024-11-17,35.920833333333334,31.849999999999998,24.2,55.3,24,100.0,100.0
3099020,Dubai Motor City,,AE,Asia/Dubai,AirGradient,Akis,25.046136176968492,55.24946085563235,10877520,pm25 µg/m³,pm25,,µg/m³,2024-11-18,52.229166666666664,47.2,37.0,71.9,24,100.0,100.0
3099020,Dubai Motor City,,AE,Asia/Dubai,AirGradient,Akis,25.046136176968492,55.24946085563235,10877520,pm25 µg/m³,pm25,,µg/m³,2024-11-19,42.25416666666667,42.3,26.3,55.9,24,100.0,100.0
3099020,Dubai Motor City,,AE,Asia/Dubai,AirGradient,Akis,25.046136176968492,55.24946085563235,10877520,pm25 µg/m³,pm25,,µg/m³,2024-11-20,49.15,45.0,32.0,69.5,24,100.0,100.0
3099020,Dubai Motor City,,AE,Asia/Dubai,AirGradient,Akis,25.046136176968492,55.24946085563235,10877520,pm25 µg/m³,pm25,,µg/m³,2024-11-21,51.35,52.3,35.6,67.6,24,100.0,100.0
3099020,Dubai Motor City,,AE,Asia/Dubai,AirGradient,Akis,25.046136176968492,55.24946085563235,10877520,pm25 µg/m³,pm25,,µg/m³,2024-11-22,67.50833333333334,62.2,49.9,96.6,24,100.0,100.0
3099020,Dubai Motor City,,AE,Asia/Dubai,AirGradient,Akis,25.046136176968492,55.24946085563235,10877520,pm25 µg/m³,pm25,,µg/m³,2024-11-23,65.53750000000001,47.05,30.1,119.0,24,100.0,100.0
3099020,Dubai Motor City,,AE,Asia/Dubai,AirGradient,Akis,25.046136176968492,55.24946085563235,10877520,pm25 µg/m³,pm25,,µg/m³,2024-11-24,35.11666666666667,37.8,17.4,46.0,24,100.0,100.0
3099020,Dubai Motor City,,AE,Asia/Dubai,AirGradient,Akis,25.046136176968492,55.24946085563235,10877520,pm25 µg/m³,pm25,,µg/m³,2024-11-25,38.5375,38.75,19.9,53.0,24,100.0,100.0
3099020,Dubai Motor City,,AE,Asia/Dubai,AirGradient,Akis,25.046136176968492,55.24946085563235,10877520,pm25 µg/m³,pm25,,µg/m³,2024-11-26,31.5125,32.5,22.1,38.1,24,100.0,100.0
3099020,Dubai Motor City,,AE,Asia/Dubai,AirGradient,Akis,25.046136176968492,55.24946085563235,10877520,pm25 µg/m³,pm25,,µg/m³,2024-11-27,37.9,40.25,28.2,50.2,24,100.0,100.0
3099020,Dubai Motor City,,AE,Asia/Dubai,AirGradient,Akis,25.046136176968492,55.24946085563235,10877520,pm25 µg/m³,pm25,,µg/m³,2024-11-28,40.141666666666666,41.05,18.7,61.4,24,100.0,100.0
3099020,Dubai Motor City,,AE,Asia/Dubai,AirGradient,Akis,25.046136176968492,55.24946085563235,10877520,pm25 µg/m³,pm25,,µg/m³,2024-11-29,14.547083333333333,12.7,7.59,23.3,24,100.0,100.0
3099020,Dubai Motor City,,AE,Asia/Dubai,AirGradient,Akis,25.046136176968492,55.24946085563235,10877520,pm25 µg/m³,pm25,,µg/m³,2024-11-30,17.658333333333335,15.1,10.4,34.3,24,100.0,100.0
3099020,Dubai Motor City,,AE,Asia/Dubai,AirGradient,Akis,25.046136176968492,55.24946085563235,10877520,pm25 µg/m³,pm25,,µg/m³,2024-12-01,12.783333333333333,10.55,3.45,31.4,24,100.0,100.0
3099020,Dubai Motor City,,AE,Asia/Dubai,AirGradient,Akis,25.046136176968492,55.24946085563235,10877520,pm25 µg/m³,pm25,,µg/m³,2024-12-02,30.21666666666667,29.9,16.8,42.9,24,100.0,100.0
3099020,Dubai Motor City,,AE,Asia/Dubai,AirGradient,Akis,25.046136176968492,55.24946085563235,10877520,pm25 µg/m³,pm25,,µg/m³,2024-12-03,26.104166666666668,18.65,10.2,45.4,24,100.0,100.0
3099020,Dubai Motor City,,AE,Asia/Dubai,AirGradient,Akis,25.046136176968492,55.24946085563235,10877520,pm25 µg/m³,pm25,,µg/m³,2024-12-04,20.287499999999998,20.9,12.9,26.8,24,100.0,100.0
3099020,Dubai Motor City,,AE,Asia/Dubai,AirGradient,Akis,25.046136176968492,55.24946085563235,10877520,pm25 µg/m³,pm25,,µg/m³,2024-12-05,30.224999999999998,27.15,16.2,49.3,24,100.0,100.0
3099020,Dubai Motor City,,AE,Asia/Dubai,AirGradient,Akis,25.046136176968492,55.24946085563235,10877520,pm25 µg/m³,pm25,,µg/m³,2024-12-06,68.65833333333333,54.85,38.9,118.0,24,100.0,100.0
3099020,Dubai Motor City,,AE,Asia/Dubai,AirGradient,Akis,25.046136176968492,55.24946085563235,10877520,pm25 µg/m³,pm25,,µg/m³,2024-12-07,68.10416666666667,59.3,37.9,119.0,24,100.0,100.0
3099020,Dubai Motor City,,AE,Asia/Dubai,AirGradient,Akis,25.046136176968492,55.24946085563235,10877520,pm25 µg/m³,pm25,,µg/m³,2024-12-08,29.545833333333334,23.4,12.3,54.7,24,100.0,100.0
3099020,Dubai Motor City,,AE,Asia/Dubai,AirGradient,Akis,25.046136176968492,55.24946085563235,10877520,pm25 µg/m³,pm25,,µg/m³,2024-12-09,16.658333333333335,17.049999999999997,10.2,23.1,24,100.0,100.0
3099020,Dubai Motor City,,AE,Asia/Dubai,AirGradient,Akis,25.046136176968492,55.24946085563235,10877520,pm25 µg/m³,pm25,,µg/m³,2024-12-10,23.349999999999998,23.450000000000003,15.1,31.5,24,100.0,100.0
3099020,Dubai Motor City,,AE,Asia/Dubai,AirGradient,Akis,25.046136176968492,55.24946085563235,10877520,pm25 µg/m³,pm25,,µg/m³,2024-12-11,23.020833333333332,22.35,10.9,36.6,24,100.0,100.0
3099020,Dubai Motor City,,AE,Asia/Dubai,AirGradient,Akis,25.046136176968492,55.24946085563235,10877520,pm25 µg/m³,pm25,,µg/m³,2024-12-12,18.050416666666667,17.299999999999997,9.91,35.3,24,100.0,100.0
3099020,Dubai Motor City,,AE,Asia/Dubai,AirGradient,Akis,25.046136176968492,55.24946085563235,10877520,pm25 µg/m³,pm25,,µg/m³,2024-12-13,22.90416666666667,20.7,12.0,40.3,24,100.0,100.0
3099020,Dubai Motor City,,AE,Asia/Dubai,AirGradient,Akis,25.046136176968492,55.24946085563235,10877520,pm25 µg/m³,pm25,,µg/m³,2024-12-14,40.256521739130434,41.3,28.4,44.4,23,100.0,100.0
3099020,Dubai Motor City,,AE,Asia/Dubai,AirGradient,Akis,25.046136176968492,55.24946085563235,10877520,pm25 µg/m³,pm25,,µg/m³,2024-12-15,37.37916666666667,41.45,19.9,52.6,24,100.0,100.0
3099020,Dubai Motor City,,AE,Asia/Dubai,AirGradient,Akis,25.046136176968492,55.24946085563235,10877520,pm25 µg/m³,pm25,,µg/m³,2024-12-16,23.075,23.2,19.4,26.5,16,100.0,100.0
3099020,Dubai Motor City,,AE,Asia/Dubai,AirGradient,Akis,25.046136176968492,55.24946085563235,10877520,pm25 µg/m³,pm25,,µg/m³,2024-12-17,33.58695652173913,33.3,28.1,40.1,23,100.0,100.0
3099020,Dubai Motor City,,AE,Asia/Dubai,AirGradient,Akis,25.046136176968492,55.24946085563235,10877520,pm25 µg/m³,pm25,,µg/m³,2024-12-18,33.9125,34.25,27.7,38.2,24,100.0,100.0
3099020,Dubai Motor City,,AE,Asia/Dubai,AirGradient,Akis,25.046136176968492,55.24946085563235,10877520,pm25 µg/m³,pm25,,µg/m³,2024-12-19,38.69166666666667,37.5,34.3,46.2,24,100.0,100.0
3099020,Dubai Motor City,,AE,Asia/Dubai,AirGradient,Akis,25.046136176968492,55.24946085563235,10877520,pm25 µg/m³,pm25,,µg/m³,2024-12-20,41.50416666666667,40.7,34.2,57.6,24,100.0,100.0
3099020,Dubai Motor City,,AE,Asia/Dubai,AirGradient,Akis,25.046136176968492,55.24946085563235,10877520,pm25 µg/m³,pm25,,µg/m³,2024-12-21,39.708333333333336,37.4,16.7,65.8,24,100.0,100.0
3099020,Dubai Motor City,,AE,Asia/Dubai,AirGradient,Akis,25.046136176968492,55.24946085563235,10877520,pm25 µg/m³,pm25,,µg/m³,2024-12-22,36.729166666666664,35.1,24.8,49.9,24,100.0,100.0
3099020,Dubai Motor City,,AE,Asia/Dubai,AirGradient,Akis,25.046136176968492,55.24946085563235,10877520,pm25 µg/m³,pm25,,µg/m³,2024-12-23,39.041666666666664,36.75,31.4,49.7,24,100.0,100.0
3099020,Dubai Motor City,,AE,Asia/Dubai,AirGradient,Akis,25.046136176968492,55.24946085563235,10877520,pm25 µg/m³,pm25,,µg/m³,2024-12-24,48.90833333333333,50.8,29.5,63.0,24,100.0,100.0
3099020,Dubai Motor City,,AE,Asia/Dubai,AirGradient,Akis,25.046136176968492,55.24946085563235,10877520,pm25 µg/m³,pm25,,µg/m³,2024-12-25,59.42083333333333,53.85,38.7,96.3,24,100.0,100.0
3099020,Dubai Motor City,,AE,Asia/Dubai,AirGradient,Akis,25.046136176968492,55.24946085563235,10877520,pm25 µg/m³,pm25,,µg/m³,2024-12-26,60.03333333333333,49.849999999999994,44.2,90.3,24,100.0,100.0
3099020,Dubai Motor City,,AE,Asia/Dubai,AirGradient,Akis,25.046136176968492,55.24946085563235,10877520,pm25 µg/m³,pm25,,µg/m³,2024-12-27,42.112500000000004,37.8,29.0,57.9,24,100.0,100.0
3099020,Dubai Motor City,,AE,Asia/Dubai,AirGradient,Akis,25.046136176968492,55.24946085563235,10877520,pm25 µg/m³,pm25,,µg/m³,2024-12-28,34.57083333333333,34.900000000000006,23.0,45.0,24,100.0,100.0
3099020,Dubai Motor City,,AE,Asia/Dubai,AirGradient,Akis,25.046136176968492,55.24946085563235,10877520,pm25 µg/m³,pm25,,µg/m³,2024-12-29,41.02916666666667,40.0,32.1,55.8,24,100.0,100.0
3099020,Dubai Motor City,,AE,Asia/Dubai,AirGradient,Akis,25.046136176968492,55.24946085563235,10877520,pm25 µg/m³,pm25,,µg/m³,2024-12-30,61.54583333333333,61.55,35.3,84.8,24,100.0,100.0
3099020,Dubai Motor City,,AE,Asia/Dubai,AirGradient,Akis,25.046136176968492,55.24946085563235,10877520,pm25 µg/m³,pm25,,µg/m³,2024-12-31,66.88333333333334,73.15,31.7,101.0,24,100.0,100.0
3099020,Dubai Motor City,,AE,Asia/Dubai,AirGradient,Akis,25.046136176968492,55.24946085563235,10877520,pm25 µg/m³,pm25,,µg/m³,2025-01-01,40.96666666666667,39.75,13.4,72.9,24,100.0,100.0
3099020,Dubai Motor City,,AE,Asia/Dubai,AirGradient,Akis,25.046136176968492,55.24946085563235,10877520,pm25 µg/m³,pm25,,µg/m³,2025-01-02,14.42375,15.25,8.53,20.6,24,100.0,100.0
3099020,Dubai Motor City,,AE,Asia/Dubai,AirGradient,Akis,25.046136176968492,55.24946085563235,10877520,pm25 µg/m³,pm25,,µg/m³,2025-01-03,30.037499999999998,23.75,13.0,104.0,24,100.0,100.0
3099020,Dubai Motor City,,AE,Asia/Dubai,AirGradient,Akis,25.046136176968492,55.24946085563235,10877520,pm25 µg/m³,pm25,,µg/m³,2025-01-04,22.224999999999998,22.2,11.0,34.0,24,100.0,100.0
3099020,Dubai Motor City,,AE,Asia/Dubai,AirGradient,Akis,25.046136176968492,55.24946085563235,10877520,pm25 µg/m³,pm25,,µg/m³,2025-01-05,34.520833333333336,33.85,24.1,45.6,24,100.0,100.0
3099020,Dubai Motor City,,AE,Asia/Dubai,AirGradient,Akis,25.046136176968492,55.24946085563235,10877520,pm25 µg/m³,pm25,,µg/m³,2025-01-06,45.28947368421053,42.2,21.9,78.6,19,100.0,100.0
3099020,Dubai Motor City,,AE,Asia/Dubai,AirGradient,Akis,25.046136176968492,55.24946085563235,10877520,pm25 µg/m³,pm25,,µg/m³,2025-01-07,35.025,39.150000000000006,18.1,46.2,16,100.0,100.0
3099020,Dubai Motor City,,AE,Asia/Dubai,AirGradient,Akis,25.046136176968492,55.24946085563235,10877520,pm25 µg/m³,pm25,,µg/m³,2025-01-08,33.630434782608695,35.4,10.6,60.2,23,100.0,100.0
3099020,Dubai Motor City,,AE,Asia/Dubai,AirGradient,Akis,25.046136176968492,55.24946085563235,10877520,pm25 µg/m³,pm25,,µg/m³,2025-01-09,61.356521739130436,54.3,36.1,98.1,23,100.0,100.0
3099020,Dubai Motor City,,AE,Asia/Dubai,AirGradient,Akis,25.046136176968492,55.24946085563235,10877520,pm25 µg/m³,pm25,,µg/m³,2025-01-10,44.35,44.55,29.7,61.1,24,100.0,100.0
3099020,Dubai Motor City,,AE,Asia/Dubai,AirGradient,Akis,25.046136176968492,55.24946085563235,10877520,pm25 µg/m³,pm25,,µg/m³,2025-01-11,27.83888888888889,31.4,5.3,36.9,18,100.0,100.0
3099020,Dubai Motor City,,AE,Asia/Dubai,AirGradient,Akis,25.046136176968492,55.24946085563235,10877520,pm25 µg/m³,pm25,,µg/m³,2025-01-12,29.533333333333335,32.6,22.8,33.2,3,100.0,100.0
3099020,Dubai Motor City,,AE,Asia/Dubai,AirGradient,Akis,25.046136176968492,55.24946085563235,10877520,pm25 µg/m³,pm25,,µg/m³,2025-01-13,42.13333333333333,40.7,40.1,45.6,3,100.0,100.0
3099020,Dubai Motor City,,AE,Asia/Dubai,AirGradient,Akis,25.046136176968492,55.24946085563235,10877520,pm25 µg/m³,pm25,,µg/m³,2025-01-14,43.575,43.650000000000006,39.4,47.6,4,100.0,100.0
3099020,Dubai Motor City,,AE,Asia/Dubai,AirGradient,Akis,25.046136176968492,55.24946085563235,10877520,pm25 µg/m³,pm25,,µg/m³,2025-02-11,34.1,34.1,32.2,36.0,2,100.0,100.0
3099020,Dubai Motor City,,AE,Asia/Dubai,AirGradient,Akis,25.046136176968492,55.24946085563235,10877520,pm25 µg/m³,pm25,,µg/m³,2025-02-12,32.160869565217396,24.4,13.7,60.4,23,100.0,100.0
3099020,Dubai Motor City,,AE,Asia/Dubai,AirGradient,Akis,25.046136176968492,55.24946085563235,10877520,pm25 µg/m³,pm25,,µg/m³,2025-02-13,15.559166666666668,17.3,7.56,23.0,24,100.0,100.0
3099020,Dubai Motor City,,AE,Asia/Dubai,AirGradient,Akis,25.046136176968492,55.24946085563235,10877520,pm25 µg/m³,pm25,,µg/m³,2025-02-14,17.36583333333333,14.5,5.32,33.0,24,100.0,100.0
3099020,Dubai Motor City,,AE,Asia/Dubai,AirGradient,Akis,25.046136176968492,55.24946085563235,10877520,pm25 µg/m³,pm25,,µg/m³,2025-02-15,34.691250000000004,34.45,7.67,60.7,24,100.0,100.0
3099020,Dubai Motor City,,AE,Asia/Dubai,AirGradient,Akis,25.046136176968492,55.24946085563235,10877520,pm25 µg/m³,pm25,,µg/m³,2025-02-16,35.05416666666667,28.3,14.0,79.9,24,100.0,100.0
3099020,Dubai Motor City,,AE,Asia/Dubai,AirGradient,Akis,25.046136176968492,55.24946085563235,10877520,pm25 µg/m³,pm25,,µg/m³,2025-02-17,17.458333333333332,17.15,12.7,25.3,24,100.0,100.0
3099020,Dubai Motor City,,AE,Asia/Dubai,AirGradient,Akis,25.046136176968492,55.24946085563235,10877520,pm25 µg/m³,pm25,,µg/m³,2025-02-18,24.017391304347825,23.2,15.8,35.0,23,100.0,100.0
3099020,Dubai Motor City,,AE,Asia/Dubai,AirGradient,Akis,25.046136176968492,55.24946085563235,10877520,pm25 µg/m³,pm25,,µg/m³,2025-02-19,30.3,32.4,15.1,43.3,22,100.0,100.0
3099020,Dubai Motor City,,AE,Asia/Dubai,AirGradient,Akis,25.046136176968492,55.24946085563235,10877520,pm25 µg/m³,pm25,,µg/m³,2025-02-20,41.69166666666667,38.75,21.8,62.0,24,100.0,100.0
3099020,Dubai Motor City,,AE,Asia/Dubai,AirGradient,Akis,25.046136176968492,55.24946085563235,10877520,pm25 µg/m³,pm25,,µg/m³,2025-02-21,35.69166666666667,32.6,19.5,61.4,24,100.0,100.0
3099020,Dubai Motor City,,AE,Asia/Dubai,AirGradient,Akis,25.046136176968492,55.24946085563235,10877520,pm25 µg/m³,pm25,,µg/m³,2025-02-22,31.766666666666666,30.4,22.5,41.9,24,100.0,100.0
3099020,Dubai Motor City,,AE,Asia/Dubai,AirGradient,Akis,25.046136176968492,55.24946085563235,10877520,pm25 µg/m³,pm25,,µg/m³,2025-02-23,31.075,29.35,19.9,44.6,24,100.0,100.0
3099020,Dubai Motor City,,AE,Asia/Dubai,AirGradient,Akis,25.046136176968492,55.24946085563235,10877520,pm25 µg/m³,pm25,,µg/m³,2025-02-24,34.71666666666667,32.7,28.7,45.9,24,100.0,100.0
3099020,Dubai Motor City,,AE,Asia/Dubai,AirGradient,Akis,25.046136176968492,55.24946085563235,10877520,pm25 µg/m³,pm25,,µg/m³,2025-02-25,18.217499999999998,12.55,8.43,46.4,24,100.0,100.0
3099020,Dubai Motor City,,AE,Asia/Dubai,AirGradient,Akis,25.046136176968492,55.24946085563235,10877520,pm25 µg/m³,pm25,,µg/m³,2025-02-26,11.606666666666667,10.95,7.25,17.8,24,100.0,100.0
3099020,Dubai Motor City,,AE,Asia/Dubai,AirGradient,Akis,25.046136176968492,55.24946085563235,10877520,pm25 µg/m³,pm25,,µg/m³,2025-02-27,17.916666666666668,17.6,10.3,28.9,24,100.0,100.0
3099020,Dubai Motor City,,AE,Asia/Dubai,AirGradient,Akis,25.046136176968492,55.24946085563235,10877520,pm25 µg/m³,pm25,,µg/m³,2025-02-28,14.430833333333332,14.75,5.73,21.5,24,100.0,100.0
3099020,Dubai Motor City,,AE,Asia/Dubai,AirGradient,Akis,25.046136176968492,55.24946085563235,10877520,pm25 µg/m³,pm25,,µg/m³,2025-03-01,20.104166666666668,19.05,13.0,28.4,24,100.0,100.0
3099020,Dubai Motor City,,AE,Asia/Dubai,AirGradient,Akis,25.046136176968492,55.24946085563235,10877520,pm25 µg/m³,pm25,,µg/m³,2025-03-02,24.370833333333334,19.1,9.8,42.0,24,100.0,100.0
3099020,Dubai Motor City,,AE,Asia/Dubai,AirGradient,Akis,25.046136176968492,55.24946085563235,10877520,pm25 µg/m³,pm25,,µg/m³,2025-03-03,26.116666666666664,25.6,17.8,34.7,24,100.0,100.0
3099020,Dubai Motor City,,AE,Asia/Dubai,AirGradient,Akis,25.046136176968492,55.24946085563235,10877520,pm25 µg/m³,pm25,,µg/m³,2025-03-04,25.958333333333332,21.25,10.6,42.0,24,100.0,100.0
3099020,Dubai Motor City,,AE,Asia/Dubai,AirGradient,Akis,25.046136176968492,55.24946085563235,10877520,pm25 µg/m³,pm25,,µg/m³,2025-03-05,20.891666666666666,20.1,16.1,29.0,24,100.0,100.0
3099020,Dubai Motor City,,AE,Asia/Dubai,AirGradient,Akis,25.046136176968492,55.24946085563235,10877520,pm25 µg/m³,pm25,,µg/m³,2025-03-06,17.066666666666666,15.8,11.7,24.0,24,100.0,100.0
3099020,Dubai Motor City,,AE,Asia/Dubai,AirGradient,Akis,25.046136176968492,55.24946085563235,10877520,pm25 µg/m³,pm25,,µg/m³,2025-03-07,14.883333333333333,14.3,10.8,20.5,24,100.0,100.0
3099020,Dubai Motor City,,AE,Asia/Dubai,AirGradient,Akis,25.046136176968492,55.24946085563235,10877520,pm25 µg/m³,pm25,,µg/m³,2025-03-08,8.578333333333333,8.485,4.58,14.9,24,100.0,100.0
3099020,Dubai Motor City,,AE,Asia/Dubai,AirGradient,Akis,25.046136176968492,55.24946085563235,10877520,pm25 µg/m³,pm25,,µg/m³,2025-03-09,14.920833333333334,15.65,11.6,18.4,24,100.0,100.0
3099020,Dubai Motor City,,AE,Asia/Dubai,AirGradient,Akis,25.046136176968492,55.24946085563235,10877520,pm25 µg/m³,pm25,,µg/m³,2025-03-10,19.854166666666668,20.65,14.5,24.7,24,100.0,100.0
3099020,Dubai Motor City,,AE,Asia/Dubai,AirGradient,Akis,25.046136176968492,55.24946085563235,10877520,pm25 µg/m³,pm25,,µg/m³,2025-03-11,23.079166666666666,23.0,10.4,31.3,24,100.0,100.0
3099020,Dubai Motor City,,AE,Asia/Dubai,AirGradient,Akis,25.046136176968492,55.24946085563235,10877520,pm25 µg/m³,pm25,,µg/m³,2025-03-12,36.7875,33.95,22.5,71.5,24,100.0,100.0
3099020,Dubai Motor City,,AE,Asia/Dubai,AirGradient,Akis,25.046136176968492,55.24946085563235,10877520,pm25 µg/m³,pm25,,µg/m³,2025-03-13,38.204166666666666,36.3,19.1,51.1,24,100.0,100.0
3099020,Dubai Motor City,,AE,Asia/Dubai,AirGradient,Akis,25.046136176968492,55.24946085563235,10877520,pm25 µg/m³,pm25,,µg/m³,2025-03-14,60.237500000000004,59.150000000000006,49.5,73.6,24,100.0,100.0
3099020,Dubai Motor City,,AE,Asia/Dubai,AirGradient,Akis,25.046136176968492,55.24946085563235,10877520,pm25 µg/m³,pm25,,µg/m³,2025-03-15,66.825,67.55,22.9,95.6,24,100.0,100.0
3099020,Dubai Motor City,,AE,Asia/Dubai,AirGradient,Akis,25.046136176968492,55.24946085563235,10877520,pm25 µg/m³,pm25,,µg/m³,2025-03-16,44.541666666666664,40.900000000000006,17.8,90.2,24,100.0,100.0
3099020,Dubai Motor City,,AE,Asia/Dubai,AirGradient,Akis,25.046136176968492,55.24946085563235,10877520,pm25 µg/m³,pm25,,µg/m³,2025-03-17,59.49583333333334,58.3,42.7,87.2,24,100.0,100.0
3099020,Dubai Motor City,,AE,Asia/Dubai,AirGradient,Akis,25.046136176968492,55.24946085563235,10877520,pm25 µg/m³,pm25,,µg/m³,2025-03-18,67.75,60.95,34.8,127.0,24,100.0,100.0
3099020,Dubai Motor City,,AE,Asia/Dubai,AirGradient,Akis,25.046136176968492,55.24946085563235,10877520,pm25 µg/m³,pm25,,µg/m³,2025-03-19,50.96666666666667,49.05,17.5,83.8,24,100.0,100.0
3099020,Dubai Motor City,,AE,Asia/Dubai,AirGradient,Akis,25.046136176968492,55.24946085563235,10877520,pm25 µg/m³,pm25,,µg/m³,2025-03-20,59.05416666666667,60.8,37.0,72.0,24,100.0,100.0
3099020,Dubai Motor City,,AE,Asia/Dubai,AirGradient,Akis,25.046136176968492,55.24946085563235,10877520,pm25 µg/m³,pm25,,µg/m³,2025-03-21,41.55833333333333,41.2,24.6,82.6,24,100.0,100.0
3099020,Dubai Motor City,,AE,Asia/Dubai,AirGradient,Akis,25.046136176968492,55.24946085563235,10877520,pm25 µg/m³,pm25,,µg/m³,2025-03-22,21.996,17.7,9.34,40.2,15,100.0,100.0
3099020,Dubai Motor City,,AE,Asia/Dubai,AirGradient,Akis,25.046136176968492,55.24946085563235,10877520,pm25 µg/m³,pm25,,µg/m³,2025-03-23,22.605555555555554,18.5,10.7,44.5,18,100.0,100.0
3099020,Dubai Motor City,,AE,Asia/Dubai,AirGradient,Akis,25.046136176968492,55.24946085563235,10877520,pm25 µg/m³,pm25,,µg/m³,2025-03-24,21.41904761904762,15.4,10.9,40.6,21,100.0,100.0
3099020,Dubai Motor City,,AE,Asia/Dubai,AirGradient,Akis,25.046136176968492,55.24946085563235,10877520,pm25 µg/m³,pm25,,µg/m³,2025-03-25,20.125,19.549999999999997,12.3,32.2,24,100.0,100.0
3099020,Dubai Motor City,,AE,Asia/Dubai,AirGradient,Akis,25.046136176968492,55.24946085563235,10877520,pm25 µg/m³,pm25,,µg/m³,2025-03-26,32.545833333333334,30.0,21.6,53.2,24,100.0,100.0
3099020,Dubai Motor City,,AE,Asia/Dubai,AirGradient,Akis,25.046136176968492,55.24946085563235,10877520,pm25 µg/m³,pm25,,µg/m³,2025-03-27,52.449999999999996,51.150000000000006,33.3,67.9,24,100.0,100.0
3099020,Dubai Motor City,,AE,Asia/Dubai,AirGradient,Akis,25.046136176968492,55.24946085563235,10877520,pm25 µg/m³,pm25,,µg/m³,2025-03-28,52.333333333333336,43.099999999999994,25.9,93.8,24,100.0,100.0
3099020,Dubai Motor City,,AE,Asia/Dubai,AirGradient,Akis,25.046136176968492,55.24946085563235,10877520,pm25 µg/m³,pm25,,µg/m³,2025-03-29,34.25833333333333,38.0,13.1,47.4,24,100.0,100.0
3099020,Dubai Motor City,,AE,Asia/Dubai,AirGradient,Akis,25.046136176968492,55.24946085563235,10877520,pm25 µg/m³,pm25,,µg/m³,2025-03-30,30.7,30.950000000000003,19.5,41.3,24,100.0,100.0
3099020,Dubai Motor City,,AE,Asia/Dubai,AirGradient,Akis,25.046136176968492,55.24946085563235,10877520,pm25 µg/m³,pm25,,µg/m³,2025-03-31,21.618750000000002,22.35,5.58,34.4,24,100.0,100.0
3099020,Dubai Motor City,,AE,Asia/Dubai,AirGradient,Akis,25.046136176968492,55.24946085563235,10877520,pm25 µg/m³,pm25,,µg/m³,2025-04-01,29.770833333333332,27.4,16.9,47.7,24,100.0,100.0
3099020,Dubai Motor City,,AE,Asia/Dubai,AirGradient,Akis,25.046136176968492,55.24946085563235,10877520,pm25 µg/m³,pm25,,µg/m³,2025-04-02,50.67083333333333,48.75,35.2,75.7,24,100.0,100.0
3099020,Dubai Motor City,,AE,Asia/Dubai,AirGradient,Akis,25.046136176968492,55.24946085563235,10877520,pm25 µg/m³,pm25,,µg/m³,2025-04-03,65.10416666666667,68.0,31.2,82.2,24,100.0,100.0
3099020,Dubai Motor City,,AE,Asia/Dubai,AirGradient,Akis,25.046136176968492,55.24946085563235,10877520,pm25 µg/m³,pm25,,µg/m³,2025-04-04,34.83958333333333,36.75,6.56,78.8,24,100.0,100.0
3099020,Dubai Motor City,,AE,Asia/Dubai,AirGradient,Akis,25.046136176968492,55.24946085563235,10877520,pm25 µg/m³,pm25,,µg/m³,2025-04-05,16.199166666666667,14.7,8.64,32.6,24,100.0,100.0
3099020,Dubai Motor City,,AE,Asia/Dubai,AirGradient,Akis,25.046136176968492,55.24946085563235,10877520,pm25 µg/m³,pm25,,µg/m³,2025-04-06,18.474999999999998,17.7,14.3,24.8,24,100.0,100.0
3099020,Dubai Motor City,,AE,Asia/Dubai,AirGradient,Akis,25.046136176968492,55.24946085563235,10877520,pm25 µg/m³,pm25,,µg/m³,2025-04-07,25.45,23.6,15.9,44.2,24,100.0,100.0
3099020,Dubai Motor City,,AE,Asia/Dubai,AirGradient,Akis,25.046136176968492,55.24946085563235,10877520,pm25 µg/m³,pm25,,µg/m³,2025-04-08,29.21666666666667,34.3,8.09,44.5,24,100.0,100.0
3099020,Dubai Motor City,,AE,Asia/Dubai,AirGradient,Akis,25.046136176968492,55.24946085563235,10877520,pm25 µg/m³,pm25,,µg/m³,2025-04-09,17.512083333333333,13.25,8.77,29.6,24,100.0,100.0
3099020,Dubai Motor City,,AE,Asia/Dubai,AirGradient,Akis,25.046136176968492,55.24946085563235,10877520,pm25 µg/m³,pm25,,µg/m³,2025-04-10,34.57083333333333,35.099999999999994,14.2,49.0,24,100.0,100.0
3099020,Dubai Motor City,,AE,Asia/Dubai,AirGradient,Akis,25.046136176968492,55.24946085563235,10877520,pm25 µg/m³,pm25,,µg/m³,2025-04-11,53.03333333333333,46.95,33.0,89.3,24,100.0,100.0
3099020,Dubai Motor City,,AE,Asia/Dubai,AirGradient,Akis,25.046136176968492,55.24946085563235,10877520,pm25 µg/m³,pm25,,µg/m³,2025-04-12,39.57083333333333,37.3,25.8,50.2,24,100.0,100.0
3099020,Dubai Motor City,,AE,Asia/Dubai,AirGradient,Akis,25.046136176968492,55.24946085563235,10877520,pm25 µg/m³,pm25,,µg/m³,2025-04-13,26.995833333333334,27.65,18.0,36.8,24,100.0,100.0
3099020,Dubai Motor City,,AE,Asia/Dubai,AirGradient,Akis,25.046136176968492,55.24946085563235,10877520,pm25 µg/m³,pm25,,µg/m³,2025-04-14,28.054166666666664,27.8,21.4,35.6,24,100.0,100.0
3099020,Dubai Motor City,,AE,Asia/Dubai,AirGradient,Akis,25.046136176968492,55.24946085563235,10877520,pm25 µg/m³,pm25,,µg/m³,2025-04-15,40.208333333333336,37.9,20.6,68.2,24,100.0,100.0
3099020,Dubai Motor City,,AE,Asia/Dubai,AirGradient,Akis,25.046136176968492,55.24946085563235,10877520,pm25 µg/m³,pm25,,µg/m³,2025-04-16,41.15,37.349999999999994,11.1,81.5,24,100.0,100.0
3099020,Dubai Motor City,,AE,Asia/Dubai,AirGradient,Akis,25.046136176968492,55.24946085563235,10877520,pm25 µg/m³,pm25,,µg/m³,2025-04-17,11.895416666666668,10.75,8.18,22.2,24,100.0,100.0
3099020,Dubai Motor City,,AE,Asia/Dubai,AirGradient,Akis,25.046136176968492,55.24946085563235,10877520,pm25 µg/m³,pm25,,µg/m³,2025-04-18,15.977916666666667,15.2,9.67,28.9,24,100.0,100.0
3099020,Dubai Motor City,,AE,Asia/Dubai,AirGradient,Akis,25.046136176968492,55.24946085563235,10877520,pm25 µg/m³,pm25,,µg/m³,2025-04-19,31.808333333333334,32.650000000000006,16.9,37.9,24,100.0,100.0
3099020,Dubai Motor City,,AE,Asia/Dubai,AirGradient,Akis,25.046136176968492,55.24946085563235,10877520,pm25 µg/m³,pm25,,µg/m³,2025-04-20,35.516666666666666,35.400000000000006,20.6,50.8,24,100.0,100.0
3099020,Dubai Motor City,,AE,Asia/Dubai,AirGradient,Akis,25.046136176968492,55.24946085563235,10877520,pm25 µg/m³,pm25,,µg/m³,2025-04-21,37.46666666666667,40.8,10.2,48.6,24,100.0,100.0
3099020,Dubai Motor City,,AE,Asia/Dubai,AirGradient,Akis,25.046136176968492,55.24946085563235,10877520,pm25 µg/m³,pm25,,µg/m³,2025-04-22,46.99583333333334,48.05,27.2,66.3,24,100.0,100.0
3099020,Dubai Motor City,,AE,Asia/Dubai,AirGradient,Akis,25.046136176968492,55.24946085563235,10877520,pm25 µg/m³,pm25,,µg/m³,2025-04-23,39.770833333333336,36.599999999999994,25.2,60.8,24,100.0,100.0
3099020,Dubai Motor City,,AE,Asia/Dubai,AirGradient,Akis,25.046136176968492,55.24946085563235,10877520,pm25 µg/m³,pm25,,µg/m³,2025-04-24,52.637499999999996,49.65,37.9,75.6,24,100.0,100.0
3099020,Dubai Motor City,,AE,Asia/Dubai,AirGradient,Akis,25.046136176968492,55.24946085563235,10877520,pm25 µg/m³,pm25,,µg/m³,2025-04-25,76.49166666666666,79.85,46.0,96.1,24,100.0,100.0
3099020,Dubai Motor City,,AE,Asia/Dubai,AirGradient,Akis,25.046136176968492,55.24946085563235,10877520,pm25 µg/m³,pm25,,µg/m³,2025-04-26,67.05,51.85,29.1,116.0,24,100.0,100.0
3099020,Dubai Motor City,,AE,Asia/Dubai,AirGradient,Akis,25.046136176968492,55.24946085563235,10877520,pm25 µg/m³,pm25,,µg/m³,2025-04-27,33.24583333333333,31.25,17.9,54.7,24,100.0,100.0
3099020,Dubai Motor City,,AE,Asia/Dubai,AirGradient,Akis,25.046136176968492,55.24946085563235,10877520,pm25 µg/m³,pm25,,µg/m³,2025-04-28,27.47083333333333,28.049999999999997,16.0,38.0,24,100.0,100.0
3099020,Dubai Motor City,,AE,Asia/Dubai,AirGradient,Akis,25.046136176968492,55.24946085563235,10877520,pm25 µg/m³,pm25,,µg/m³,2025-04-29,23.65833333333333,27.799999999999997,12.1,33.1,24,100.0,100.0
3099020,Dubai Motor City,,AE,Asia/Dubai,AirGradient,Akis,25.046136176968492,55.24946085563235,10877520,pm25 µg/m³,pm25,,µg/m³,2025-04-30,28.400000000000002,28.4,15.5,48.4,24,100.0,100.0
3099020,Dubai Motor City,,AE,Asia/Dubai,AirGradient,Akis,25.046136176968492,55.24946085563235,10877520,pm25 µg/m³,pm25,,µg/m³,2025-05-01,35.275,34.15,15.2,88.5,24,100.0,100.0
3099020,Dubai Motor City,,AE,Asia/Dubai,AirGradient,Akis,25.046136176968492,55.24946085563235,10877520,pm25 µg/m³,pm25,,µg/m³,2025-05-02,46.73333333333333,45.75,33.0,78.8,24,100.0,100.0
3099020,Dubai Motor City,,AE,Asia/Dubai,AirGradient,Akis,25.046136176968492,55.24946085563235,10877520,pm25 µg/m³,pm25,,µg/m³,2025-05-03,37.21666666666667,36.85,22.3,56.2,24,100.0,100.0
3099020,Dubai Motor City,,AE,Asia/Dubai,AirGradient,Akis,25.046136176968492,55.24946085563235,10877520,pm25 µg/m³,pm25,,µg/m³,2025-05-04,36.8375,35.5,24.4,50.5,24,100.0,100.0
3099020,Dubai Motor City,,AE,Asia/Dubai,AirGradient,Akis,25.046136176968492,55.24946085563235,10877520,pm25 µg/m³,pm25,,µg/m³,2025-05-05,42.454166666666666,42.599999999999994,32.5,49.4,24,100.0,100.0
3099020,Dubai Motor City,,AE,Asia/Dubai,AirGradient,Akis,25.046136176968492,55.24946085563235,10877520,pm25 µg/m³,pm25,,µg/m³,2025-05-06,31.96875,26.4,7.75,49.7,24,100.0,100.0
3099020,Dubai Motor City,,AE,Asia/Dubai,AirGradient,Akis,25.046136176968492,55.24946085563235,10877520,pm25 µg/m³,pm25,,µg/m³,2025-05-07,13.565833333333332,15.15,6.32,18.3,24,100.0,100.0
3099020,Dubai Motor City,,AE,Asia/Dubai,AirGradient,Akis,25.046136176968492,55.24946085563235,10877520,pm25 µg/m³,pm25,,µg/m³,2025-05-08,21.400000000000002,22.9,13.3,34.0,24,100.0,100.0
3099020,Dubai Motor City,,AE,Asia/Dubai,AirGradient,Akis,25.046136176968492,55.24946085563235,10877520,pm25 µg/m³,pm25,,µg/m³,2025-05-09,42.1,36.8,28.1,84.5,24,100.0,100.0
3099020,Dubai Motor City,,AE,Asia/Dubai,AirGradient,Akis,25.046136176968492,55.24946085563235,10877520,pm25 µg/m³,pm25,,µg/m³,2025-05-10,81.1125,81.69999999999999,53.2,125.0,24,100.0,100.0
3099020,Dubai Motor City,,AE,Asia/Dubai,AirGradient,Akis,25.046136176968492,55.24946085563235,10877520,pm25 µg/m³,pm25,,µg/m³,2025-05-11,52.42083333333333,51.650000000000006,35.5,72.0,24,100.0,100.0
3099020,Dubai Motor City,,AE,Asia/Dubai,AirGradient,Akis,25.046136176968492,55.24946085563235,10877520,pm25 µg/m³,pm25,,µg/m³,2025-05-12,35.93333333333333,37.0,15.8,46.3,24,100.0,100.0
3099020,Dubai Motor City,,AE,Asia/Dubai,AirGradient,Akis,25.046136176968492,55.24946085563235,10877520,pm25 µg/m³,pm25,,µg/m³,2025-05-13,32.44166666666667,35.95,16.1,45.7,24,100.0,100.0
3099020,Dubai Motor City,,AE,Asia/Dubai,AirGradient,Akis,25.046136176968492,55.24946085563235,10877520,pm25 µg/m³,pm25,,µg/m³,2025-05-14,35.22857142857143,42.3,11.7,45.2,7,100.0,100.0
3099020,Dubai Motor City,,AE,Asia/Dubai,AirGradient,Akis,25.046136176968492,55.24946085563235,10877520,pm25 µg/m³,pm25,,µg/m³,2025-05-15,15.096470588235293,14.6,9.34,23.7,17,100.0,100.0
3099020,Dubai Motor City,,AE,Asia/Dubai,AirGradient,Akis,25.046136176968492,55.24946085563235,10877520,pm25 µg/m³,pm25,,µg/m³,2025-05-16,34.42916666666667,25.5,18.4,78.5,24,100.0,100.0
3099020,Dubai Motor City,,AE,Asia/Dubai,AirGradient,Akis,25.046136176968492,55.24946085563235,10877520,pm25 µg/m³,pm25,,µg/m³,2025-05-17,41.579166666666666,27.2,15.6,85.8,24,100.0,100.0
3099020,Dubai Motor City,,AE,Asia/Dubai,AirGradient,Akis,25.046136176968492,55.24946085563235,10877520,pm25 µg/m³,pm25,,µg/m³,2025-05-18,33.4625,32.95,27.0,45.5,24,100.0,100.0
3099020,Dubai Motor City,,AE,Asia/Dubai,AirGradient,Akis,25.046136176968492,55.24946085563235,10877520,pm25 µg/m³,pm25,,µg/m³,2025-05-19,55.675000000000004,52.25,38.5,89.4,24,100.0,100.0
3099020,Dubai Motor City,,AE,Asia/Dubai,AirGradient,Akis,25.046136176968492,55.24946085563235,10877520,pm25 µg/m³,pm25,,µg/m³,2025-05-20,85.14166666666667,82.05,51.4,118.0,24,100.0,100.0
3099020,Dubai Motor City,,AE,Asia/Dubai,AirGradient,Akis,25.046136176968492,55.24946085563235,10877520,pm25 µg/m³,pm25,,µg/m³,2025-05-21,94.62083333333334,99.3,46.1,126.0,24,100.0,100.0
3099020,Dubai Motor City,,AE,Asia/Dubai,AirGradient,Akis,25.046136176968492,55.24946085563235,10877520,pm25 µg/m³,pm25,,µg/m³,2025-05-22,82.59583333333333,70.65,29.1,146.0,24,100.0,100.0
3099020,Dubai Motor City,,AE,Asia/Dubai,AirGradient,Akis,25.046136176968492,55.24946085563235,10877520,pm25 µg/m³,pm25,,µg/m³,2025-05-23,43.21666666666667,44.0,20.3,72.0,24,100.0,100.0
3099020,Dubai Motor City,,AE,Asia/Dubai,AirGradient,Akis,25.046136176968492,55.24946085563235,10877520,pm25 µg/m³,pm25,,µg/m³,2025-05-24,33.074999999999996,38.05,12.9,46.2,24,100.0,100.0
3099020,Dubai Motor City,,AE,Asia/Dubai,AirGradient,Akis,25.046136176968492,55.24946085563235,10877520,pm25 µg/m³,pm25,,µg/m³,2025-05-25,39.541666666666664,46.849999999999994,16.3,54.7,24,100.0,100.0
3099020,Dubai Motor City,,AE,Asia/Dubai,AirGradient,Akis,25.046136176968492,55.24946085563235,10877520,pm25 µg/m³,pm25,,µg/m³,2025-05-26,42.266666666666666,38.5,14.2,69.9,24,100.0,100.0
3099020,Dubai Motor City,,AE,Asia/Dubai,AirGradient,Akis,25.046136176968492,55.24946085563235,10877520,pm25 µg/m³,pm25,,µg/m³,2025-05-27,26.11708333333333,22.6,7.84,41.0,24,100.0,100.0
3099020,Dubai Motor City,,AE,Asia/Dubai,AirGradient,Akis,25.046136176968492,55.24946085563235,10877520,pm25 µg/m³,pm25,,µg/m³,2025-05-28,45.34166666666667,44.7,34.0,55.2,24,100.0,100.0
3099020,Dubai Motor City,,AE,Asia/Dubai,AirGradient,Akis,25.046136176968492,55.24946085563235,10877520,pm25 µg/m³,pm25,,µg/m³,2025-05-29,61.86666666666667,63.75,33.2,83.6,24,100.0,100.0
3099020,Dubai Motor City,,AE,Asia/Dubai,AirGradient,Akis,25.046136176968492,55.24946085563235,10877520,pm25 µg/m³,pm25,,µg/m³,2025-05-30,66.58333333333333,65.9,42.9,90.0,24,100.0,100.0
3099020,Dubai Motor City,,AE,Asia/Dubai,AirGradient,Akis,25.046136176968492,55.24946085563235,10877520,pm25 µg/m³,pm25,,µg/m³,2025-05-31,36.9125,25.7,12.8,80.6,24,100.0,100.0
3099020,Dubai Motor City,,AE,Asia/Dubai,AirGradient,Akis,25.046136176968492,55.24946085563235,10877520,pm25 µg/m³,pm25,,µg/m³,2025-06-01,21.038888888888888,20.0,11.3,30.0,18,100.0,100.0
3099020,Dubai Motor City,,AE,Asia/Dubai,AirGradient,Akis,25.046136176968492,55.24946085563235,10877520,pm25 µg/m³,pm25,,µg/m³,2025-06-02,42.8125,39.95,31.9,58.1,8,100.0,100.0
3099020,Dubai Motor City,,AE,Asia/Dubai,AirGradient,Akis,25.046136176968492,55.24946085563235,10877520,pm25 µg/m³,pm25,,µg/m³,2025-06-03,48.43888888888889,48.45,33.8,83.2,18,100.0,100.0
3099020,Dubai Motor City,,AE,Asia/Dubai,AirGradient,Akis,25.046136176968492,55.24946085563235,10877520,pm25 µg/m³,pm25,,µg/m³,2025-06-04,27.025000000000002,21.85,17.1,70.4,24,100.0,100.0
3099020,Dubai Motor City,,AE,Asia/Dubai,AirGradient,Akis,25.046136176968492,55.24946085563235,10877520,pm25 µg/m³,pm25,,µg/m³,2025-06-05,28.787499999999998,22.450000000000003,15.5,49.9,24,100.0,100.0
3099020,Dubai Motor City,,AE,Asia/Dubai,AirGradient,Akis,25.046136176968492,55.24946085563235,10877520,pm25 µg/m³,pm25,,µg/m³,2025-06-06,29.0,25.0,18.0,42.0,24,100.0,100.0
3099020,Dubai Motor City,,AE,Asia/Dubai,AirGradient,Akis,25.046136176968492,55.24946085563235,10877520,pm25 µg/m³,pm25,,µg/m³,2025-06-07,44.46666666666667,43.85,37.7,52.7,24,100.0,100.0
3099020,Dubai Motor City,,AE,Asia/Dubai,AirGradient,Akis,25.046136176968492,55.24946085563235,10877520,pm25 µg/m³,pm25,,µg/m³,2025-06-08,42.99583333333334,45.7,23.9,55.6,24,100.0,100.0
3099020,Dubai Motor City,,AE,Asia/Dubai,AirGradient,Akis,25.046136176968492,55.24946085563235,10877520,pm25 µg/m³,pm25,,µg/m³,2025-06-09,31.3875,27.95,15.1,49.8,24,100.0,100.0
3099020,Dubai Motor City,,AE,Asia/Dubai,AirGradient,Akis,25.046136176968492,55.24946085563235,10877520,pm25 µg/m³,pm25,,µg/m³,2025-06-10,22.175,23.45,10.6,31.4,24,100.0,100.0
3099020,Dubai Motor City,,AE,Asia/Dubai,AirGradient,Akis,25.046136176968492,55.24946085563235,10877520,pm25 µg/m³,pm25,,µg/m³,2025-06-11,25.77391304347826,24.5,17.7,33.7,23,100.0,100.0
3099020,Dubai Motor City,,AE,Asia/Dubai,AirGradient,Akis,25.046136176968492,55.24946085563235,10877520,pm25 µg/m³,pm25,,µg/m³,2025-06-12,29.441666666666666,29.200000000000003,19.5,51.8,24,100.0,100.0
3099020,Dubai Motor City,,AE,Asia/Dubai,AirGradient,Akis,25.046136176968492,55.24946085563235,10877520,pm25 µg/m³,pm25,,µg/m³,2025-06-13,46.275,45.45,34.2,65.2,24,100.0,100.0
3099020,Dubai Motor City,,AE,Asia/Dubai,AirGradient,Akis,25.046136176968492,55.24946085563235,10877520,pm25 µg/m³,pm25,,µg/m³,2025-06-14,49.4125,49.85,27.8,67.2,24,100.0,100.0
3099020,Dubai Motor City,,AE,Asia/Dubai,AirGradient,Akis,25.046136176968492,55.24946085563235,10877520,pm25 µg/m³,pm25,,µg/m³,2025-06-15,53.85833333333333,53.15,40.5,70.1,24,100.0,100.0
3099020,Dubai Motor City,,AE,Asia/Dubai,AirGradient,Akis,25.046136176968492,55.24946085563235,10877520,pm25 µg/m³,pm25,,µg/m³,2025-06-16,71.575,72.85,56.2,83.7,24,100.0,100.0
3099020,Dubai Motor City,,AE,Asia/Dubai,AirGradient,Akis,25.046136176968492,55.24946085563235,10877520,pm25 µg/m³,pm25,,µg/m³,2025-06-17,61.145833333333336,53.15,28.7,104.0,24,100.0,100.0
3099020,Dubai Motor City,,AE,Asia/Dubai,AirGradient,Akis,25.046136176968492,55.24946085563235,10877520,pm25 µg/m³,pm25,,µg/m³,2025-06-18,40.18333333333333,42.400000000000006,18.4,75.0,24,100.0,100.0
3099020,Dubai Motor City,,AE,Asia/Dubai,AirGradient,Akis,25.046136176968492,55.24946085563235,10877520,pm25 µg/m³,pm25,,µg/m³,2025-06-19,34.44583333333333,32.85,20.1,51.6,24,100.0,100.0
3099020,Dubai Motor City,,AE,Asia/Dubai,AirGradient,Akis,25.046136176968492,55.24946085563235,10877520,pm25 µg/m³,pm25,,µg/m³,2025-06-20,41.09583333333333,43.349999999999994,27.9,53.2,24,100.0,100.0
3099020,Dubai Motor City,,AE,Asia/Dubai,AirGradient,Akis,25.046136176968492,55.24946085563235,10877520,pm25 µg/m³,pm25,,µg/m³,2025-06-21,58.34166666666667,59.150000000000006,43.9,73.7,24,100.0,100.0
3099020,Dubai Motor City,,AE,Asia/Dubai,AirGradient,Akis,25.046136176968492,55.24946085563235,10877520,pm25 µg/m³,pm25,,µg/m³,2025-06-22,64.28260869565217,59.1,47.8,100.0,23,100.0,100.0
3099020,Dubai Motor City,,AE,Asia/Dubai,AirGradient,Akis,25.046136176968492,55.24946085563235,10877520,pm25 µg/m³,pm25,,µg/m³,2025-06-23,53.18181818181818,48.3,28.5,99.4,22,100.0,100.0
3099020,Dubai Motor City,,AE,Asia/Dubai,AirGradient,Akis,25.046136176968492,55.24946085563235,10877520,pm25 µg/m³,pm25,,µg/m³,2025-06-24,39.05416666666667,38.3,20.5,60.4,24,100.0,100.0
3099020,Dubai Motor City,,AE,Asia/Dubai,AirGradient,Akis,25.046136176968492,55.24946085563235,10877520,pm25 µg/m³,pm25,,µg/m³,2025-06-25,37.205,37.400000000000006,25.9,50.5,20,100.0,100.0
3099020,Dubai Motor City,,AE,Asia/Dubai,AirGradient,Akis,25.046136176968492,55.24946085563235,10877520,pm25 µg/m³,pm25,,µg/m³,2025-06-26,49.99583333333334,49.7,39.0,74.9,24,100.0,100.0
3099020,Dubai Motor City,,AE,Asia/Dubai,AirGradient,Akis,25.046136176968492,55.24946085563235,10877520,pm25 µg/m³,pm25,,µg/m³,2025-06-27,62.01666666666667,54.900000000000006,39.2,90.3,24,100.0,100.0
3099020,Dubai Motor City,,AE,Asia/Dubai,AirGradient,Akis,25.046136176968492,55.24946085563235,10877520,pm25 µg/m³,pm25,,µg/m³,2025-06-28,43.46666666666667,43.4,30.9,58.5,24,100.0,100.0
3099020,Dubai Motor City,,AE,Asia/Dubai,AirGradient,Akis,25.046136176968492,55.24946085563235,10877520,pm25 µg/m³,pm25,,µg/m³,2025-06-29,59.112500000000004,58.1,43.2,88.1,24,100.0,100.0
3099020,Dubai Motor City,,AE,Asia/Dubai,AirGradient,Akis,25.046136176968492,55.24946085563235,10877520,pm25 µg/m³,pm25,,µg/m³,2025-06-30,71.99166666666666,75.25,52.7,84.2,24,100.0,100.0
3099020,Dubai Motor City,,AE,Asia/Dubai,AirGradient,Akis,25.046136176968492,55.24946085563235,10877520,pm25 µg/m³,pm25,,µg/m³,2025-07-01,73.92083333333333,71.0,64.2,86.5,24,100.0,100.0
3099020,Dubai Motor City,,AE,Asia/Dubai,AirGradient,Akis,25.046136176968492,55.24946085563235,10877520,pm25 µg/m³,pm25,,µg/m³,2025-07-02,84.62083333333334,89.0,45.6,119.0,24,100.0,100.0
3099020,Dubai Motor City,,AE,Asia/Dubai,AirGradient,Akis,25.046136176968492,55.24946085563235,10877520,pm25 µg/m³,pm25,,µg/m³,2025-07-03,35.025,34.7,28.8,45.4,24,100.0,100.0
3099020,Dubai Motor City,,AE,Asia/Dubai,AirGradient,Akis,25.046136176968492,55.24946085563235,10877520,pm25 µg/m³,pm25,,µg/m³,2025-07-04,50.275,42.2,35.6,79.9,24,100.0,100.0
3099020,Dubai Motor City,,AE,Asia/Dubai,AirGradient,Akis,25.046136176968492,55.24946085563235,10877520,pm25 µg/m³,pm25,,µg/m³,2025-07-05,47.5,51.05,21.0,66.1,16,100.0,100.0
3099020,Dubai Motor City,,AE,Asia/Dubai,AirGradient,Akis,25.046136176968492,55.24946085563235,10877520,pm25 µg/m³,pm25,,µg/m³,2025-07-06,24.395238095238092,23.1,17.0,38.5,21,100.0,100.0
3099020,Dubai Motor City,,AE,Asia/Dubai,AirGradient,Akis,25.046136176968492,55.24946085563235,10877520,pm25 µg/m³,pm25,,µg/m³,2025-07-07,24.212500000000002,22.55,15.8,35.0,24,100.0,100.0
3099020,Dubai Motor City,,AE,Asia/Dubai,AirGradient,Akis,25.046136176968492,55.24946085563235,10877520,pm25 µg/m³,pm25,,µg/m³,2025-07-08,38.327777777777776,36.15,30.0,52.1,18,100.0,100.0
3099020,Dubai Motor City,,AE,Asia/Dubai,AirGradient,Akis,25.046136176968492,55.24946085563235,10877520,pm25 µg/m³,pm25,,µg/m³,2025-07-09,51.62083333333334,51.15,47.3,57.5,24,100.0,100.0
3099020,Dubai Motor City,,AE,Asia/Dubai,AirGradient,Akis,25.046136176968492,55.24946085563235,10877520,pm25 µg/m³,pm25,,µg/m³,2025-07-10,48.775,48.099999999999994,46.0,54.6,12,100.0,100.0
3099020,Dubai Motor City,,AE,Asia/Dubai,AirGradient,Akis,25.046136176968492,55.24946085563235,10877520,pm25 µg/m³,pm25,,µg/m³,2025-07-11,52.06363636363637,46.5,40.3,92.4,22,100.0,100.0
3099020,Dubai Motor City,,AE,Asia/Dubai,AirGradient,Akis,25.046136176968492,55.24946085563235,10877520,pm25 µg/m³,pm25,,µg/m³,2025-07-12,40.395833333333336,40.95,26.8,49.6,24,100.0,100.0
3099020,Dubai Motor City,,AE,Asia/Dubai,AirGradient,Akis,25.046136176968492,55.24946085563235,10877520,pm25 µg/m³,pm25,,µg/m³,2025-07-13,26.4375,28.1,16.6,32.1,24,100.0,100.0
3099020,Dubai Motor City,,AE,Asia/Dubai,AirGradient,Akis,25.046136176968492,55.24946085563235,10877520,pm25 µg/m³,pm25,,µg/m³,2025-07-14,32.675000000000004,33.35,19.5,41.4,24,100.0,100.0
3099020,Dubai Motor City,,AE,Asia/Dubai,AirGradient,Akis,25.046136176968492,55.24946085563235,10877520,pm25 µg/m³,pm25,,µg/m³,2025-07-15,35.75416666666667,36.400000000000006,25.1,42.0,24,100.0,100.0
3099020,Dubai Motor City,,AE,Asia/Dubai,AirGradient,Akis,25.046136176968492,55.24946085563235,10877520,pm25 µg/m³,pm25,,µg/m³,2025-07-16,52.73333333333333,53.25,30.4,73.1,24,100.0,100.0
3099020,Dubai Motor City,,AE,Asia/Dubai,AirGradient,Akis,25.046136176968492,55.24946085563235,10877520,pm25 µg/m³,pm25,,µg/m³,2025-07-17,58.32916666666667,56.25,38.3,82.9,24,100.0,100.0
3099020,Dubai Motor City,,AE,Asia/Dubai,AirGradient,Akis,25.046136176968492,55.24946085563235,10877520,pm25 µg/m³,pm25,,µg/m³,2025-07-18,36.050000000000004,34.25,27.0,45.8,24,100.0,100.0
3099020,Dubai Motor City,,AE,Asia/Dubai,AirGradient,Akis,25.046136176968492,55.24946085563235,10877520,pm25 µg/m³,pm25,,µg/m³,2025-07-19,29.345833333333335,28.1,24.3,36.2,24,100.0,100.0
3099020,Dubai Motor City,,AE,Asia/Dubai,AirGradient,Akis,25.046136176968492,55.24946085563235,10877520,pm25 µg/m³,pm25,,µg/m³,2025-07-20,36.829166666666666,36.650000000000006,33.1,40.9,24,100.0,100.0
3099020,Dubai Motor City,,AE,Asia/Dubai,AirGradient,Akis,25.046136176968492,55.24946085563235,10877520,pm25 µg/m³,pm25,,µg/m³,2025-07-21,36.670833333333334,35.55,23.4,51.1,24,100.0,100.0
3099020,Dubai Motor City,,AE,Asia/Dubai,AirGradient,Akis,25.046136176968492,55.24946085563235,10877520,pm25 µg/m³,pm25,,µg/m³,2025-07-22,30.108333333333334,29.85,21.7,38.1,24,100.0,100.0
3099020,Dubai Motor City,,AE,Asia/Dubai,AirGradient,Akis,25.046136176968492,55.24946085563235,10877520,pm25 µg/m³,pm25,,µg/m³,2025-07-23,41.641666666666666,40.4,33.6,55.8,24,100.0,100.0
3099020,Dubai Motor City,,AE,Asia/Dubai,AirGradient,Akis,25.046136176968492,55.24946085563235,10877520,pm25 µg/m³,pm25,,µg/m³,2025-07-24,69.25,71.45,44.5,106.0,24,100.0,100.0
3099020,Dubai Motor City,,AE,Asia/Dubai,AirGradient,Akis,25.046136176968492,55.24946085563235,10877520,pm25 µg/m³,pm25,,µg/m³,2025-07-25,34.84583333333333,34.349999999999994,27.1,46.4,24,100.0,100.0
3099020,Dubai Motor City,,AE,Asia/Dubai,AirGradient,Akis,25.046136176968492,55.24946085563235,10877520,pm25 µg/m³,pm25,,µg/m³,2025-07-26,32.225,33.05,28.2,36.6,24,100.0,100.0
3099020,Dubai Motor City,,AE,Asia/Dubai,AirGradient,Akis,25.046136176968492,55.24946085563235,10877520,pm25 µg/m³,pm25,,µg/m³,2025-07-27,32.40416666666667,32.5,26.2,40.2,24,100.0,100.0
3099020,Dubai Motor City,,AE,Asia/Dubai,AirGradient,Akis,25.046136176968492,55.24946085563235,10877520,pm25 µg/m³,pm25,,µg/m³,2025-07-28,29.691666666666666,31.15,18.8,36.9,24,100.0,100.0
3099020,Dubai Motor City,,AE,Asia/Dubai,AirGradient,Akis,25.046136176968492,55.24946085563235,10877520,pm25 µg/m³,pm25,,µg/m³,2025-07-29,39.391666666666666,33.849999999999994,17.6,70.2,24,100.0,100.0
3099020,Dubai Motor City,,AE,Asia/Dubai,AirGradient,Akis,25.046136176968492,55.24946085563235,10877520,pm25 µg/m³,pm25,,µg/m³,2025-07-30,55.75833333333333,53.05,48.4,68.4,24,100.0,100.0
3099020,Dubai Motor City,,AE,Asia/Dubai,AirGradient,Akis,25.046136176968492,55.24946085563235,10877520,pm25 µg/m³,pm25,,µg/m³,2025-07-31,59.92083333333333,60.05,46.5,75.9,24,100.0,100.0
3099020,Dubai Motor City,,AE,Asia/Dubai,AirGradient,Akis,25.046136176968492,55.24946085563235,10877520,pm25 µg/m³,pm25,,µg/m³,2025-08-01,46.3125,43.95,31.0,72.2,24,100.0,100.0
3099020,Dubai Motor City,,AE,Asia/Dubai,AirGradient,Akis,25.046136176968492,55.24946085563235,10877520,pm25 µg/m³,pm25,,µg/m³,2025-08-02,31.866666666666664,32.25,22.0,40.9,24,100.0,100.0
3099020,Dubai Motor City,,AE,Asia/Dubai,AirGradient,Akis,25.046136176968492,55.24946085563235,10877520,pm25 µg/m³,pm25,,µg/m³,2025-08-03,28.90416666666667,31.45,17.8,34.7,24,100.0,100.0
3099020,Dubai Motor City,,AE,Asia/Dubai,AirGradient,Akis,25.046136176968492,55.24946085563235,10877520,pm25 µg/m³,pm25,,µg/m³,2025-08-04,26.8,27.8,16.7,36.1,24,100.0,100.0
3099020,Dubai Motor City,,AE,Asia/Dubai,AirGradient,Akis,25.046136176968492,55.24946085563235,10877520,pm25 µg/m³,pm25,,µg/m³,2025-08-05,20.308333333333334,20.55,17.3,23.7,24,100.0,100.0
3099020,Dubai Motor City,,AE,Asia/Dubai,AirGradient,Akis,25.046136176968492,55.24946085563235,10877520,pm25 µg/m³,pm25,,µg/m³,2025-08-06,19.7625,18.7,15.2,26.4,24,100.0,100.0
3099020,Dubai Motor City,,AE,Asia/Dubai,AirGradient,Akis,25.046136176968492,55.24946085563235,10877520,pm25 µg/m³,pm25,,µg/m³,2025-08-07,21.558333333333334,22.6,14.3,31.6,24,100.0,100.0
3099020,Dubai Motor City,,AE,Asia/Dubai,AirGradient,Akis,25.046136176968492,55.24946085563235,10877520,pm25 µg/m³,pm25,,µg/m³,2025-08-08,20.804166666666667,21.4,12.3,30.4,24,100.0,100.0
3099020,Dubai Motor City,,AE,Asia/Dubai,AirGradient,Akis,25.046136176968492,55.24946085563235,10877520,pm25 µg/m³,pm25,,µg/m³,2025-08-09,22.883333333333336,22.9,15.9,30.2,24,100.0,100.0
3099020,Dubai Motor City,,AE,Asia/Dubai,AirGradient,Akis,25.046136176968492,55.24946085563235,10877520,pm25 µg/m³,pm25,,µg/m³,2025-08-10,19.325,18.7,12.8,27.0,24,100.0,100.0
3099020,Dubai Motor City,,AE,Asia/Dubai,AirGradient,Akis,25.046136176968492,55.24946085563235,10877520,pm25 µg/m³,pm25,,µg/m³,2025-08-11,16.666666666666668,14.95,11.5,24.4,24,100.0,100.0
3099020,Dubai Motor City,,AE,Asia/Dubai,AirGradient,Akis,25.046136176968492,55.24946085563235,10877520,pm25 µg/m³,pm25,,µg/m³,2025-08-12,19.758333333333333,16.4,12.4,39.9,24,100.0,100.0
3099020,Dubai Motor City,,AE,Asia/Dubai,AirGradient,Akis,25.046136176968492,55.24946085563235,10877520,pm25 µg/m³,pm25,,µg/m³,2025-08-13,36.579166666666666,37.4,26.4,52.2,24,100.0,100.0
3099020,Dubai Motor City,,AE,Asia/Dubai,AirGradient,Akis,25.046136176968492,55.24946085563235,10877520,pm25 µg/m³,pm25,,µg/m³,2025-08-14,51.6875,51.6,38.7,69.5,24,100.0,100.0
3099020,Dubai Motor City,,AE,Asia/Dubai,AirGradient,Akis,25.046136176968492,55.24946085563235,10877520,pm25 µg/m³,pm25,,µg/m³,2025-08-15,41.358333333333334,39.8,24.2,63.4,24,100.0,100.0
3099020,Dubai Motor City,,AE,Asia/Dubai,AirGradient,Akis,25.046136176968492,55.24946085563235,10877520,pm25 µg/m³,pm25,,µg/m³,2025-08-16,26.6375,25.85,19.8,33.2,24,100.0,100.0
3099020,Dubai Motor City,,AE,Asia/Dubai,AirGradient,Akis,25.046136176968492,55.24946085563235,10877520,pm25 µg/m³,pm25,,µg/m³,2025-08-17,19.958333333333332,20.15,13.5,27.2,24,100.0,100.0
3099020,Dubai Motor City,,AE,Asia/Dubai,AirGradient,Akis,25.046136176968492,55.24946085563235,10877520,pm25 µg/m³,pm25,,µg/m³,2025-08-18,19.820833333333333,20.049999999999997,10.8,26.8,24,100.0,100.0
3099020,Dubai Motor City,,AE,Asia/Dubai,AirGradient,Akis,25.046136176968492,55.24946085563235,10877520,pm25 µg/m³,pm25,,µg/m³,2025-08-19,24.46666666666667,25.9,12.5,44.2,24,100.0,100.0
3099020,Dubai Motor City,,AE,Asia/Dubai,AirGradient,Akis,25.046136176968492,55.24946085563235,10877520,pm25 µg/m³,pm25,,µg/m³,2025-08-20,24.2375,23.9,12.6,35.4,24,100.0,100.0
3099020,Dubai Motor City,,AE,Asia/Dubai,AirGradient,Akis,25.046136176968492,55.24946085563235,10877520,pm25 µg/m³,pm25,,µg/m³,2025-08-21,17.595833333333335,16.1,11.8,26.4,24,100.0,100.0
3099020,Dubai Motor City,,AE,Asia/Dubai,AirGradient,Akis,25.046136176968492,55.24946085563235,10877520,pm25 µg/m³,pm25,,µg/m³,2025-08-22,22.590416666666666,24.15,8.88,35.5,24,100.0,100.0
3099020,Dubai Motor City,,AE,Asia/Dubai,AirGradient,Akis,25.046136176968492,55.24946085563235,10877520,pm25 µg/m³,pm25,,µg/m³,2025-08-23,34.59166666666667,35.650000000000006,22.4,41.9,24,100.0,100.0
3099020,Dubai Motor City,,AE,Asia/Dubai,AirGradient,Akis,25.046136176968492,55.24946085563235,10877520,pm25 µg/m³,pm25,,µg/m³,2025-08-24,46.699999999999996,45.25,41.5,55.1,24,100.0,100.0
3099020,Dubai Motor City,,AE,Asia/Dubai,AirGradient,Akis,25.046136176968492,55.24946085563235,10877520,pm25 µg/m³,pm25,,µg/m³,2025-08-25,48.50416666666666,47.55,39.9,61.4,24,100.0,100.0
3099020,Dubai Motor City,,AE,Asia/Dubai,AirGradient,Akis,25.046136176968492,55.24946085563235,10877520,pm25 µg/m³,pm25,,µg/m³,2025-08-26,45.74166666666667,46.099999999999994,36.1,53.6,24,100.0,100.0
3099020,Dubai Motor City,,AE,Asia/Dubai,AirGradient,Akis,25.046136176968492,55.24946085563235,10877520,pm25 µg/m³,pm25,,µg/m³,2025-08-27,38.479166666666664,39.349999999999994,31.7,48.9,24,100.0,100.0
3099020,Dubai Motor City,,AE,Asia/Dubai,AirGradient,Akis,25.046136176968492,55.24946085563235,10877520,pm25 µg/m³,pm25,,µg/m³,2025-08-28,31.97083333333333,32.5,21.9,41.9,24,100.0,100.0
3099020,Dubai Motor City,,AE,Asia/Dubai,AirGradient,Akis,25.046136176968492,55.24946085563235,10877520,pm25 µg/m³,pm25,,µg/m³,2025-08-29,28.179166666666664,28.75,20.1,34.4,24,100.0,100.0
3099020,Dubai Motor City,,AE,Asia/Dubai,AirGradient,Akis,25.046136176968492,55.24946085563235,10877520,pm25 µg/m³,pm25,,µg/m³,2025-08-30,40.25,38.6,13.8,60.7,24,100.0,100.0
3099020,Dubai Motor City,,AE,Asia/Dubai,AirGradient,Akis,25.046136176968492,55.24946085563235,10877520,pm25 µg/m³,pm25,,µg/m³,2025-08-31,34.829166666666666,28.65,12.1,63.5,24,100.0,100.0
3099020,Dubai Motor City,,AE,Asia/Dubai,AirGradient,Akis,25.046136176968492,55.24946085563235,10877520,pm25 µg/m³,pm25,,µg/m³,2025-09-01,39.275,31.75,20.1,76.9,24,100.0,100.0
3099020,Dubai Motor City,,AE,Asia/Dubai,AirGradient,Akis,25.046136176968492,55.24946085563235,10877520,pm25 µg/m³,pm25,,µg/m³,2025-09-02,57.4,48.75,29.3,91.5,24,100.0,100.0
3099020,Dubai Motor City,,AE,Asia/Dubai,AirGradient,Akis,25.046136176968492,55.24946085563235,10877520,pm25 µg/m³,pm25,,µg/m³,2025-09-03,31.745833333333334,32.45,17.7,44.6,24,100.0,100.0
3099020,Dubai Motor City,,AE,Asia/Dubai,AirGradient,Akis,25.046136176968492,55.24946085563235,10877520,pm25 µg/m³,pm25,,µg/m³,2025-09-04,20.8,19.9,17.4,29.2,24,100.0,100.0
3099020,Dubai Motor City,,AE,Asia/Dubai,AirGradient,Akis,25.046136176968492,55.24946085563235,10877520,pm25 µg/m³,pm25,,µg/m³,2025-09-05,19.495833333333334,19.55,16.3,22.8,24,100.0,100.0
3099020,Dubai Motor City,,AE,Asia/Dubai,AirGradient,Akis,25.046136176968492,55.24946085563235,10877520,pm25 µg/m³,pm25,,µg/m³,2025-09-06,22.579166666666666,21.05,16.7,34.4,24,100.0,100.0
3099020,Dubai Motor City,,AE,Asia/Dubai,AirGradient,Akis,25.046136176968492,55.24946085563235,10877520,pm25 µg/m³,pm25,,µg/m³,2025-09-07,36.520833333333336,34.7,30.5,50.4,24,100.0,100.0
3099020,Dubai Motor City,,AE,Asia/Dubai,AirGradient,Akis,25.046136176968492,55.24946085563235,10877520,pm25 µg/m³,pm25,,µg/m³,2025-09-08,51.72105263157895,53.5,36.4,68.7,19,100.0,100.0
3099020,Dubai Motor City,,AE,Asia/Dubai,AirGradient,Akis,25.046136176968492,55.24946085563235,10877520,pm25 µg/m³,pm25,,µg/m³,2025-09-09,44.525,45.6,33.4,50.4,24,100.0,100.0
3099020,Dubai Motor City,,AE,Asia/Dubai,AirGradient,Akis,25.046136176968492,55.24946085563235,10877520,pm25 µg/m³,pm25,,µg/m³,2025-09-10,27.733333333333334,28.05,21.5,33.6,24,100.0,100.0
3099020,Dubai Motor City,,AE,Asia/Dubai,AirGradient,Akis,25.046136176968492,55.24946085563235,10877520,pm25 µg/m³,pm25,,µg/m³,2025-09-11,25.683333333333334,29.950000000000003,12.1,35.0,24,100.0,100.0
3099020,Dubai Motor City,,AE,Asia/Dubai,AirGradient,Akis,25.046136176968492,55.24946085563235,10877520,pm25 µg/m³,pm25,,µg/m³,2025-09-12,16.4675,17.2,8.08,25.5,24,100.0,100.0
3099020,Dubai Motor City,,AE,Asia/Dubai,AirGradient,Akis,25.046136176968492,55.24946085563235,10877520,pm25 µg/m³,pm25,,µg/m³,2025-09-13,17.2375,16.05,11.4,24.9,24,100.0,100.0
3099020,Dubai Motor City,,AE,Asia/Dubai,AirGradient,Akis,25.046136176968492,55.24946085563235,10877520,pm25 µg/m³,pm25,,µg/m³,2025-09-14,11.5025,11.9,7.21,17.1,24,100.0,100.0
3099020,Dubai Motor City,,AE,Asia/Dubai,AirGradient,Akis,25.046136176968492,55.24946085563235,10877520,pm25 µg/m³,pm25,,µg/m³,2025-09-15,10.177083333333334,9.575,7.51,13.9,24,100.0,100.0
3099020,Dubai Motor City,,AE,Asia/Dubai,AirGradient,Akis,25.046136176968492,55.24946085563235,10877520,pm25 µg/m³,pm25,,µg/m³,2025-09-16,26.054166666666664,19.05,11.0,70.9,24,100.0,100.0
3099020,Dubai Motor City,,AE,Asia/Dubai,AirGradient,Akis,25.046136176968492,55.24946085563235,10877520,pm25 µg/m³,pm25,,µg/m³,2025-09-17,53.416666666666664,50.5,41.5,84.1,24,100.0,100.0
3099020,Dubai Motor City,,AE,Asia/Dubai,AirGradient,Akis,25.046136176968492,55.24946085563235,10877520,pm25 µg/m³,pm25,,µg/m³,2025-09-18,51.15,49.25,28.2,72.9,24,100.0,100.0
3099020,Dubai Motor City,,AE,Asia/Dubai,AirGradient,Akis,25.046136176968492,55.24946085563235,10877520,pm25 µg/m³,pm25,,µg/m³,2025-09-19,62.19583333333333,63.4,48.0,72.0,24,100.0,100.0
3099020,Dubai Motor City,,AE,Asia/Dubai,AirGradient,Akis,25.046136176968492,55.24946085563235,10877520,pm25 µg/m³,pm25,,µg/m³,2025-09-20,47.59583333333333,47.15,31.7,62.7,24,100.0,100.0
3099020,Dubai Motor City,,AE,Asia/Dubai,AirGradient,Akis,25.046136176968492,55.24946085563235,10877520,pm25 µg/m³,pm25,,µg/m³,2025-09-21,27.8,29.549999999999997,17.8,35.3,24,100.0,100.0
3099020,Dubai Motor City,,AE,Asia/Dubai,AirGradient,Akis,25.046136176968492,55.24946085563235,10877520,pm25 µg/m³,pm25,,µg/m³,2025-09-22,33.09166666666667,33.65,16.5,44.6,24,100.0,100.0
3099020,Dubai Motor City,,AE,Asia/Dubai,AirGradient,Akis,25.046136176968492,55.24946085563235,10877520,pm25 µg/m³,pm25,,µg/m³,2025-09-23,65.68333333333334,55.55,46.0,98.1,24,100.0,100.0
3099020,Dubai Motor City,,AE,Asia/Dubai,AirGradient,Akis,25.046136176968492,55.24946085563235,10877520,pm25 µg/m³,pm25,,µg/m³,2025-09-24,42.280833333333334,16.25,9.64,96.6,24,100.0,100.0
3099020,Dubai Motor City,,AE,Asia/Dubai,AirGradient,Akis,25.046136176968492,55.24946085563235,10877520,pm25 µg/m³,pm25,,µg/m³,2025-09-25,20.724999999999998,21.450000000000003,12.4,37.0,24,100.0,100.0
3099020,Dubai Motor City,,AE,Asia/Dubai,AirGradient,Akis,25.046136176968492,55.24946085563235,10877520,pm25 µg/m³,pm25,,µg/m³,2025-09-26,36.59583333333333,36.9,28.5,43.1,24,100.0,100.0
3099020,Dubai Motor City,,AE,Asia/Dubai,AirGradient,Akis,25.046136176968492,55.24946085563235,10877520,pm25 µg/m³,pm25,,µg/m³,2025-09-27,34.0,34.75,22.9,39.8,22,100.0,100.0
3099020,Dubai Motor City,,AE,Asia/Dubai,AirGradient,Akis,25.046136176968492,55.24946085563235,10877520,pm25 µg/m³,pm25,,µg/m³,2025-09-28,38.166666666666664,36.1,26.0,75.6,21,100.0,100.0
3099020,Dubai Motor City,,AE,Asia/Dubai,AirGradient,Akis,25.046136176968492,55.24946085563235,10877520,pm25 µg/m³,pm25,,µg/m³,2025-09-29,51.19565217391305,48.2,38.2,87.5,23,100.0,100.0
3099020,Dubai Motor City,,AE,Asia/Dubai,AirGradient,Akis,25.046136176968492,55.24946085563235,10877520,pm25 µg/m³,pm25,,µg/m³,2025-09-30,39.67826086956522,44.4,16.3,47.8,23,100.0,100.0
3099020,Dubai Motor City,,AE,Asia/Dubai,AirGradient,Akis,25.046136176968492,55.24946085563235,10877520,pm25 µg/m³,pm25,,µg/m³,2025-10-01,49.95416666666667,49.5,33.6,70.9,24,100.0,100.0
3099020,Dubai Motor City,,AE,Asia/Dubai,AirGradient,Akis,25.046136176968492,55.24946085563235,10877520,pm25 µg/m³,pm25,,µg/m³,2025-10-02,39.1,38.6,34.0,46.6,24,100.0,100.0
3099020,Dubai Motor City,,AE,Asia/Dubai,AirGradient,Akis,25.046136176968492,55.24946085563235,10877520,pm25 µg/m³,pm25,,µg/m³,2025-10-03,40.06666666666667,40.099999999999994,29.1,52.2,24,100.0,100.0
3099020,Dubai Motor City,,AE,Asia/Dubai,AirGradient,Akis,25.046136176968492,55.24946085563235,10877520,pm25 µg/m³,pm25,,µg/m³,2025-10-04,39.721739130434784,40.1,30.3,49.9,23,100.0,100.0
3099020,Dubai Motor City,,AE,Asia/Dubai,AirGradient,Akis,25.046136176968492,55.24946085563235,10877520,pm25 µg/m³,pm25,,µg/m³,2025-10-05,41.708333333333336,42.5,33.1,47.6,24,100.0,100.0
3099020,Dubai Motor City,,AE,Asia/Dubai,AirGradient,Akis,25.046136176968492,55.24946085563235,10877520,pm25 µg/m³,pm25,,µg/m³,2025-10-06,46.59583333333333,47.05,28.9,65.2,24,100.0,100.0
3099020,Dubai Motor City,,AE,Asia/Dubai,AirGradient,Akis,25.046136176968492,55.24946085563235,10877520,pm25 µg/m³,pm25,,µg/m³,2025-10-07,38.987500000000004,43.95,22.2,49.3,24,100.0,100.0
3099020,Dubai Motor City,,AE,Asia/Dubai,AirGradient,Akis,25.046136176968492,55.24946085563235,10877520,pm25 µg/m³,pm25,,µg/m³,2025-10-08,45.75416666666666,46.0,19.3,81.4,24,100.0,100.0
3099020,Dubai Motor City,,AE,Asia/Dubai,AirGradient,Akis,25.046136176968492,55.24946085563235,10877520,pm25 µg/m³,pm25,,µg/m³,2025-10-09,31.71666666666667,29.700000000000003,13.1,59.7,24,100.0,100.0
3099020,Dubai Motor City,,AE,Asia/Dubai,AirGradient,Akis,25.046136176968492,55.24946085563235,10877520,pm25 µg/m³,pm25,,µg/m³,2025-10-10,35.5625,31.799999999999997,13.1,78.6,24,100.0,100.0
3099020,Dubai Motor City,,AE,Asia/Dubai,AirGradient,Akis,25.046136176968492,55.24946085563235,10877520,pm25 µg/m³,pm25,,µg/m³,2025-10-11,60.37391304347827,57.3,43.5,85.7,23,100.0,100.0
3099020,Dubai Motor City,,AE,Asia/Dubai,AirGradient,Akis,25.046136176968492,55.24946085563235,10877520,pm25 µg/m³,pm25,,µg/m³,2025-10-12,38.416666666666664,28.0,11.0,74.5,24,100.0,100.0
3099020,Dubai Motor City,,AE,Asia/Dubai,AirGradient,Akis,25.046136176968492,55.24946085563235,10877520,pm25 µg/m³,pm25,,µg/m³,2025-10-13,23.879166666666666,21.55,17.3,33.1,24,100.0,100.0
3099020,Dubai Motor City,,AE,Asia/Dubai,AirGradient,Akis,25.046136176968492,55.24946085563235,10877520,pm25 µg/m³,pm25,,µg/m³,2025-10-14,37.31666666666667,37.95,23.4,60.3,24,100.0,100.0
3099020,Dubai Motor City,,AE,Asia/Dubai,AirGradient,Akis,25.046136176968492,55.24946085563235,10877520,pm25 µg/m³,pm25,,µg/m³,2025-10-15,53.57083333333333,53.2,49.0,58.1,24,100.0,100.0
3099020,Dubai Motor City,,AE,Asia/Dubai,AirGradient,Akis,25.046136176968492,55.24946085563235,10877520,pm25 µg/m³,pm25,,µg/m³,2025-10-16,41.137499999999996,32.9,18.3,76.5,24,100.0,100.0
3099020,Dubai Motor City,,AE,Asia/Dubai,AirGradient,Akis,25.046136176968492,55.24946085563235,10877520,pm25 µg/m³,pm25,,µg/m³,2025-10-17,24.212500000000002,24.4,17.6,35.8,24,100.0,100.0
3099020,Dubai Motor City,,AE,Asia/Dubai,AirGradient,Akis,25.046136176968492,55.24946085563235,10877520,pm25 µg/m³,pm25,,µg/m³,2025-10-18,29.245833333333334,29.25,18.9,45.7,24,100.0,100.0
3099020,Dubai Motor City,,AE,Asia/Dubai,AirGradient,Akis,25.046136176968492,55.24946085563235,10877520,pm25 µg/m³,pm25,,µg/m³,2025-10-19,41.725,36.5,30.4,70.3,24,100.0,100.0
3099020,Dubai Motor City,,AE,Asia/Dubai,AirGradient,Akis,25.046136176968492,55.24946085563235,10877520,pm25 µg/m³,pm25,,µg/m³,2025-10-20,45.84285714285714,40.9,33.3,73.2,21,100.0,100.0
3099020,Dubai Motor City,,AE,Asia/Dubai,AirGradient,Akis,25.046136176968492,55.24946085563235,10877520,pm25 µg/m³,pm25,,µg/m³,2025-10-21,41.8375,45.2,24.6,50.6,24,100.0,100.0
3099020,Dubai Motor City,,AE,Asia/Dubai,AirGradient,Akis,25.046136176968492,55.24946085563235,10877520,pm25 µg/m³,pm25,,µg/m³,2025-10-22,45.06666666666666,42.4,32.9,60.7,24,100.0,100.0
3099020,Dubai Motor City,,AE,Asia/Dubai,AirGradient,Akis,25.046136176968492,55.24946085563235,10877520,pm25 µg/m³,pm25,,µg/m³,2025-10-23,46.375,46.3,39.6,52.1,24,100.0,100.0
3099020,Dubai Motor City,,AE,Asia/Dubai,AirGradient,Akis,25.046136176968492,55.24946085563235,10877520,pm25 µg/m³,pm25,,µg/m³,2025-10-24,48.40416666666667,46.8,32.5,70.7,24,100.0,100.0
3099020,Dubai Motor City,,AE,Asia/Dubai,AirGradient,Akis,25.046136176968492,55.24946085563235,10877520,pm25 µg/m³,pm25,,µg/m³,2025-10-25,50.26666666666667,50.2,43.8,58.2,24,100.0,100.0
3099020,Dubai Motor City,,AE,Asia/Dubai,AirGradient,Akis,25.046136176968492,55.24946085563235,10877520,pm25 µg/m³,pm25,,µg/m³,2025-10-26,53.926086956521736,52.3,45.1,69.6,23,100.0,100.0
3099020,Dubai Motor City,,AE,Asia/Dubai,AirGradient,Akis,25.046136176968492,55.24946085563235,10877520,pm25 µg/m³,pm25,,µg/m³,2025-10-27,57.39166666666667,57.6,50.2,64.7,24,100.0,100.0
3099020,Dubai Motor City,,AE,Asia/Dubai,AirGradient,Akis,25.046136176968492,55.24946085563235,10877520,pm25 µg/m³,pm25,,µg/m³,2025-10-28,62.541666666666664,63.400000000000006,49.0,73.1,24,100.0,100.0
3099020,Dubai Motor City,,AE,Asia/Dubai,AirGradient,Akis,25.046136176968492,55.24946085563235,10877520,pm25 µg/m³,pm25,,µg/m³,2025-10-29,59.4625,51.7,42.4,83.2,24,100.0,100.0
3099020,Dubai Motor City,,AE,Asia/Dubai,AirGradient,Akis,25.046136176968492,55.24946085563235,10877520,pm25 µg/m³,pm25,,µg/m³,2025-10-30,49.67083333333333,47.9,43.5,61.8,24,100.0,100.0
3099020,Dubai Motor City,,AE,Asia/Dubai,AirGradient,Akis,25.046136176968492,55.24946085563235,10877520,pm25 µg/m³,pm25,,µg/m³,2025-10-31,46.44166666666666,46.4,40.1,53.0,24,100.0,100.0
3099020,Dubai Motor City,,AE,Asia/Dubai,AirGradient,Akis,25.046136176968492,55.24946085563235,10877520,pm25 µg/m³,pm25,,µg/m³,2025-11-01,41.85,40.599999999999994,35.0,48.7,24,100.0,100.0
3099020,Dubai Motor City,,AE,Asia/Dubai,AirGradient,Akis,25.046136176968492,55.24946085563235,10877520,pm25 µg/m³,pm25,,µg/m³,2025-11-02,48.5375,45.900000000000006,40.1,63.6,24,100.0,100.0
3099020,Dubai Motor City,,AE,Asia/Dubai,AirGradient,Akis,25.046136176968492,55.24946085563235,10877520,pm25 µg/m³,pm25,,µg/m³,2025-11-03,54.333333333333336,52.55,33.6,71.5,24,100.0,100.0
3099020,Dubai Motor City,,AE,Asia/Dubai,AirGradient,Akis,25.046136176968492,55.24946085563235,10877520,pm25 µg/m³,pm25,,µg/m³,2025-11-04,46.22083333333333,44.3,37.1,63.6,24,100.0,100.0
3099020,Dubai Motor City,,AE,Asia/Dubai,AirGradient,Akis,25.046136176968492,55.24946085563235,10877520,pm25 µg/m³,pm25,,µg/m³,2025-11-05,35.67391304347826,36.8,29.7,40.5,23,100.0,100.0
3099020,Dubai Motor City,,AE,Asia/Dubai,AirGradient,Akis,25.046136176968492,55.24946085563235,10877520,pm25 µg/m³,pm25,,µg/m³,2025-11-06,34.0,34.1,27.1,39.6,24,100.0,100.0
3099020,Dubai Motor City,,AE,Asia/Dubai,AirGradient,Akis,25.046136176968492,55.24946085563235,10877520,pm25 µg/m³,pm25,,µg/m³,2025-11-07,16.504166666666666,17.1,11.3,22.7,24,100.0,100.0
3099020,Dubai Motor City,,AE,Asia/Dubai,AirGradient,Akis,25.046136176968492,55.24946085563235,10877520,pm25 µg/m³,pm25,,µg/m³,2025-11-08,14.98090909090909,13.95,9.68,23.0,22,100.0,100.0
3099020,Dubai Motor City,,AE,Asia/Dubai,AirGradient,Akis,25.046136176968492,55.24946085563235,10877520,pm25 µg/m³,pm25,,µg/m³,2025-11-09,24.1875,22.45,10.1,43.7,24,100.0,100.0
3099020,Dubai Motor City,,AE,Asia/Dubai,AirGradient,Akis,25.046136176968492,55.24946085563235,10877520,pm25 µg/m³,pm25,,µg/m³,2025-11-10,43.041666666666664,43.150000000000006,35.4,46.6,24,100.0,100.0
3099020,Dubai Motor City,,AE,Asia/Dubai,AirGradient,Akis,25.046136176968492,55.24946085563235,10877520,pm25 µg/m³,pm25,,µg/m³,2025-11-11,48.48333333333333,48.65,39.2,59.6,24,100.0,100.0
3099020,Dubai Motor City,,AE,Asia/Dubai,AirGradient,Akis,25.046136176968492,55.24946085563235,10877520,pm25 µg/m³,pm25,,µg/m³,2025-11-12,42.58888888888889,48.35,25.5,65.5,18,100.0,100.0
3099020,Dubai Motor City,,AE,Asia/Dubai,AirGradient,Akis,25.046136176968492,55.24946085563235,10877520,pm25 µg/m³,pm25,,µg/m³,2025-11-13,27.63478260869565,28.3,20.7,37.3,23,100.0,100.0
3099020,Dubai Motor City,,AE,Asia/Dubai,AirGradient,Akis,25.046136176968492,55.24946085563235,10877520,pm25 µg/m³,pm25,,µg/m³,2025-11-14,38.586666666666666,40.7,30.3,45.3,15,100.0,100.0
3099020,Dubai Motor City,,AE,Asia/Dubai,AirGradient,Akis,25.046136176968492,55.24946085563235,10877520,pm25 µg/m³,pm25,,µg/m³,2025-11-15,44.387499999999996,44.599999999999994,39.8,49.5,24,100.0,100.0
3099020,Dubai Motor City,,AE,Asia/Dubai,AirGradient,Akis,25.046136176968492,55.24946085563235,10877520,pm25 µg/m³,pm25,,µg/m³,2025-11-16,47.40869565217392,50.0,33.2,53.9,23,100.0,100.0
3099020,Dubai Motor City,,AE,Asia/Dubai,AirGradient,Akis,25.046136176968492,55.24946085563235,10877520,pm25 µg/m³,pm25,,µg/m³,2025-11-17,47.92272727272727,45.15,39.9,60.9,22,100.0,100.0
3099020,Dubai Motor City,,AE,Asia/Dubai,AirGradient,Akis,25.046136176968492,55.24946085563235,10877520,pm25 µg/m³,pm25,,µg/m³,2025-11-18,55.54782608695652,54.7,46.5,78.7,23,100.0,100.0
3099020,Dubai Motor City,,AE,Asia/Dubai,AirGradient,Akis,25.046136176968492,55.24946085563235,10877520,pm25 µg/m³,pm25,,µg/m³,2025-11-19,80.74166666666666,76.5,42.6,107.0,24,100.0,100.0
3099020,Dubai Motor City,,AE,Asia/Dubai,AirGradient,Akis,25.046136176968492,55.24946085563235,10877520,pm25 µg/m³,pm25,,µg/m³,2025-11-20,67.58333333333333,65.55000000000001,46.7,96.8,24,100.0,100.0
3099020,Dubai Motor City,,AE,Asia/Dubai,AirGradient,Akis,25.046136176968492,55.24946085563235,10877520,pm25 µg/m³,pm25,,µg/m³,2025-11-21,53.43333333333334,51.9,39.1,81.0,24,100.0,100.0
3099020,Dubai Motor City,,AE,Asia/Dubai,AirGradient,Akis,25.046136176968492,55.24946085563235,10877520,pm25 µg/m³,pm25,,µg/m³,2025-11-22,41.170833333333334,37.0,25.6,67.6,24,100.0,100.0
3099020,Dubai Motor City,,AE,Asia/Dubai,AirGradient,Akis,25.046136176968492,55.24946085563235,10877520,pm25 µg/m³,pm25,,µg/m³,2025-11-23,35.96190476190476,37.2,24.0,44.0,21,100.0,100.0
3099020,Dubai Motor City,,AE,Asia/Dubai,AirGradient,Akis,25.046136176968492,55.24946085563235,10877520,pm25 µg/m³,pm25,,µg/m³,2025-11-24,32.98695652173913,30.6,23.8,43.0,23,100.0,100.0
3099020,Dubai Motor City,,AE,Asia/Dubai,AirGradient,Akis,25.046136176968492,55.24946085563235,10877520,pm25 µg/m³,pm25,,µg/m³,2025-11-25,31.45,30.299999999999997,21.2,45.4,24,100.0,100.0
3099020,Dubai Motor City,,AE,Asia/Dubai,AirGradient,Akis,25.046136176968492,55.24946085563235,10877520,pm25 µg/m³,pm25,,µg/m³,2025-11-26,41.85,40.95,33.1,52.7,22,100.0,100.0
3099020,Dubai Motor City,,AE,Asia/Dubai,AirGradient,Akis,25.046136176968492,55.24946085563235,10877520,pm25 µg/m³,pm25,,µg/m³,2025-11-27,44.31666666666666,46.150000000000006,31.1,52.6,24,100.0,100.0
3099020,Dubai Motor City,,AE,Asia/Dubai,AirGradient,Akis,25.046136176968492,55.24946085563235,10877520,pm25 µg/m³,pm25,,µg/m³,2025-11-28,45.87083333333334,48.8,32.3,57.0,24,100.0,100.0
3099020,Dubai Motor City,,AE,Asia/Dubai,AirGradient,Akis,25.046136176968492,55.24946085563235,10877520,pm25 µg/m³,pm25,,µg/m³,2025-11-29,47.37083333333334,49.849999999999994,37.1,57.6,24,100.0,100.0
3099020,Dubai Motor City,,AE,Asia/Dubai,AirGradient,Akis,25.046136176968492,55.24946085563235,10877520,pm25 µg/m³,pm25,,µg/m³,2025-11-30,47.7875,50.099999999999994,27.2,66.0,24,100.0,100.0
3099020,Dubai Motor City,,AE,Asia/Dubai,AirGradient,Akis,25.046136176968492,55.24946085563235,10877520,pm25 µg/m³,pm25,,µg/m³,2025-12-01,49.08695652173913,49.2,36.9,66.4,23,100.0,100.0
3099020,Dubai Motor City,,AE,Asia/Dubai,AirGradient,Akis,25.046136176968492,55.24946085563235,10877520,pm25 µg/m³,pm25,,µg/m³,2025-12-02,75.94583333333334,73.65,54.5,106.0,24,100.0,100.0
3099020,Dubai Motor City,,AE,Asia/Dubai,AirGradient,Akis,25.046136176968492,55.24946085563235,10877520,pm25 µg/m³,pm25,,µg/m³,2025-12-03,91.11304347826086,91.9,57.9,125.0,23,100.0,100.0
3099020,Dubai Motor City,,AE,Asia/Dubai,AirGradient,Akis,25.046136176968492,55.24946085563235,10877520,pm25 µg/m³,pm25,,µg/m³,2025-12-04,66.63181818181819,55.8,32.5,117.0,22,100.0,100.0
3099020,Dubai Motor City,,AE,Asia/Dubai,AirGradient,Akis,25.046136176968492,55.24946085563235,10877520,pm25 µg/m³,pm25,,µg/m³,2025-12-05,52.92857142857143,49.55,33.4,71.2,14,100.0,100.0
3099020,Dubai Motor City,,AE,Asia/Dubai,AirGradient,Akis,25.046136176968492,55.24946085563235,10877520,pm25 µg/m³,pm25,,µg/m³,2025-12-06,40.95,40.95,39.7,42.2,2,100.0,100.0
3099020,Dubai Motor City,,AE,Asia/Dubai,AirGradient,Akis,25.046136176968492,55.24946085563235,10877520,pm25 µg/m³,pm25,,µg/m³,2025-12-07,27.825,29.4,19.8,35.0,12,100.0,100.0
3099020,Dubai Motor City,,AE,Asia/Dubai,AirGradient,Akis,25.046136176968492,55.24946085563235,10877520,pm25 µg/m³,pm25,,µg/m³,2025-12-08,24.04,25.65,15.0,32.9,20,100.0,100.0
3099020,Dubai Motor City,,AE,Asia/Dubai,AirGradient,Akis,25.046136176968492,55.24946085563235,10877520,pm25 µg/m³,pm25,,µg/m³,2025-12-09,29.6875,28.1,24.9,42.0,24,100.0,100.0
3099020,Dubai Motor City,,AE,Asia/Dubai,AirGradient,Akis,25.046136176968492,55.24946085563235,10877520,pm25 µg/m³,pm25,,µg/m³,2025-12-10,37.05,39.5,28.5,40.7,4,100.0,100.0
3099020,Dubai Motor City,,AE,Asia/Dubai,AirGradient,Akis,25.046136176968492,55.24946085563235,10877520,pm25 µg/m³,pm25,,µg/m³,2025-12-13,15.4,15.4,15.4,15.4,1,100.0,100.0
3099020,Dubai Motor City,,AE,Asia/Dubai,AirGradient,Akis,25.046136176968492,55.24946085563235,10877520,pm25 µg/m³,pm25,,µg/m³,2025-12-14,23.74285714285714,24.2,20.4,25.8,7,100.0,100.0
3099020,Dubai Motor City,,AE,Asia/Dubai,AirGradient,Akis,25.046136176968492,55.24946085563235,10877520,pm25 µg/m³,pm25,,µg/m³,2025-12-15,24.804166666666664,25.05,12.0,35.1,24,100.0,100.0
3099020,Dubai Motor City,,AE,Asia/Dubai,AirGradient,Akis,25.046136176968492,55.24946085563235,10877520,pm25 µg/m³,pm25,,µg/m³,2025-12-16,15.88125,11.0,7.16,34.2,24,100.0,100.0
3099020,Dubai Motor City,,AE,Asia/Dubai,AirGradient,Akis,25.046136176968492,55.24946085563235,10877520,pm25 µg/m³,pm25,,µg/m³,2025-12-17,27.573913043478264,28.5,10.8,37.0,23,100.0,100.0
3099020,Dubai Motor City,,AE,Asia/Dubai,AirGradient,Akis,25.046136176968492,55.24946085563235,10877520,pm25 µg/m³,pm25,,µg/m³,2025-12-18,29.90416666666667,29.1,18.5,37.0,24,100.0,100.0
3099020,Dubai Motor City,,AE,Asia/Dubai,AirGradient,Akis,25.046136176968492,55.24946085563235,10877520,pm25 µg/m³,pm25,,µg/m³,2025-12-19,23.020833333333332,25.05,10.9,32.2,24,100.0,100.0
3099020,Dubai Motor City,,AE,Asia/Dubai,AirGradient,Akis,25.046136176968492,55.24946085563235,10877520,pm25 µg/m³,pm25,,µg/m³,2025-12-20,28.27916666666667,31.200000000000003,14.4,36.3,24,100.0,100.0
3099020,Dubai Motor City,,AE,Asia/Dubai,AirGradient,Akis,25.046136176968492,55.24946085563235,10877520,pm25 µg/m³,pm25,,µg/m³,2025-12-21,22.912499999999998,22.3,15.7,32.6,24,100.0,100.0
3099020,Dubai Motor City,,AE,Asia/Dubai,AirGradient,Akis,25.046136176968492,55.24946085563235,10877520,pm25 µg/m³,pm25,,µg/m³,2025-12-22,24.2,20.35,14.4,37.9,24,100.0,100.0
3099020,Dubai Motor City,,AE,Asia/Dubai,AirGradient,Akis,25.046136176968492,55.24946085563235,10877520,pm25 µg/m³,pm25,,µg/m³,2025-12-23,25.258333333333336,21.0,12.0,69.7,24,100.0,100.0
3099020,Dubai Motor City,,AE,Asia/Dubai,AirGradient,Akis,25.046136176968492,55.24946085563235,10877520,pm25 µg/m³,pm25,,µg/m³,2025-12-24,25.449583333333333,28.9,8.14,38.1,24,100.0,100.0
3099020,Dubai Motor City,,AE,Asia/Dubai,AirGradient,Akis,25.046136176968492,55.24946085563235,10877520,pm25 µg/m³,pm25,,µg/m³,2025-12-25,49.145833333333336,45.4,34.7,72.4,24,100.0,100.0
3099020,Dubai Motor City,,AE,Asia/Dubai,AirGradient,Akis,25.046136176968492,55.24946085563235,10877520,pm25 µg/m³,pm25,,µg/m³,2025-12-26,57.025,56.349999999999994,46.1,69.6,24,100.0,100.0
3099020,Dubai Motor City,,AE,Asia/Dubai,AirGradient,Akis,25.046136176968492,55.24946085563235,10877520,pm25 µg/m³,pm25,,µg/m³,2025-12-27,65.72083333333333,66.30000000000001,45.4,85.6,24,100.0,100.0
3099020,Dubai Motor City,,AE,Asia/Dubai,AirGradient,Akis,25.046136176968492,55.24946085563235,10877520,pm25 µg/m³,pm25,,µg/m³,2025-12-28,46.475,39.3,22.3,76.6,24,100.0,100.0
3099020,Dubai Motor City,,AE,Asia/Dubai,AirGradient,Akis,25.046136176968492,55.24946085563235,10877520,pm25 µg/m³,pm25,,µg/m³,2025-12-29,33.025,34.55,22.1,39.5,24,100.0,100.0
3099020,Dubai Motor City,,AE,Asia/Dubai,AirGradient,Akis,25.046136176968492,55.24946085563235,10877520,pm25 µg/m³,pm25,,µg/m³,2025-12-30,11.812727272727273,9.129999999999999,6.43,29.9,22,100.0,100.0
3099020,Dubai Motor City,,AE,Asia/Dubai,AirGradient,Akis,25.046136176968492,55.24946085563235,10877520,pm25 µg/m³,pm25,,µg/m³,2025-12-31,10.53625,10.600000000000001,5.79,16.1,24,100.0,100.0
3099020,Dubai Motor City,,AE,Asia/Dubai,AirGradient,Akis,25.046136176968492,55.24946085563235,10877520,pm25 µg/m³,pm25,,µg/m³,2026-01-01,17.385833333333334,15.15,9.06,55.6,24,100.0,100.0
3099020,Dubai Motor City,,AE,Asia/Dubai,AirGradient,Akis,25.046136176968492,55.24946085563235,10877520,pm25 µg/m³,pm25,,µg/m³,2026-01-02,23.2625,21.15,13.5,54.2,24,100.0,100.0
3099020,Dubai Motor City,,AE,Asia/Dubai,AirGradient,Akis,25.046136176968492,55.24946085563235,10877520,pm25 µg/m³,pm25,,µg/m³,2026-01-03,55.93333333333334,46.6,20.2,112.0,24,100.0,100.0
3099020,Dubai Motor City,,AE,Asia/Dubai,AirGradient,Akis,25.046136176968492,55.24946085563235,10877520,pm25 µg/m³,pm25,,µg/m³,2026-01-04,41.72695652173913,40.8,8.12,64.6,23,100.0,100.0
3099020,Dubai Motor City,,AE,Asia/Dubai,AirGradient,Akis,25.046136176968492,55.24946085563235,10877520,pm25 µg/m³,pm25,,µg/m³,2026-01-05,19.52625,18.700000000000003,6.6,29.4,24,100.0,100.0
3099020,Dubai Motor City,,AE,Asia/Dubai,AirGradient,Akis,25.046136176968492,55.24946085563235,10877520,pm25 µg/m³,pm25,,µg/m³,2026-01-06,25.9375,23.65,12.5,43.4,24,100.0,100.0
3099020,Dubai Motor City,,AE,Asia/Dubai,AirGradient,Akis,25.046136176968492,55.24946085563235,10877520,pm25 µg/m³,pm25,,µg/m³,2026-01-07,23.983333333333334,21.549999999999997,15.1,35.9,24,100.0,100.0
3099020,Dubai Motor City,,AE,Asia/Dubai,AirGradient,Akis,25.046136176968492,55.24946085563235,10877520,pm25 µg/m³,pm25,,µg/m³,2026-01-08,30.662499999999998,29.950000000000003,18.5,43.5,24,100.0,100.0
3099020,Dubai Motor City,,AE,Asia/Dubai,AirGradient,Akis,25.046136176968492,55.24946085563235,10877520,pm25 µg/m³,pm25,,µg/m³,2026-01-09,51.25416666666666,50.0,32.4,67.1,24,100.0,100.0
3099020,Dubai Motor City,,AE,Asia/Dubai,AirGradient,Akis,25.046136176968492,55.24946085563235,10877520,pm25 µg/m³,pm25,,µg/m³,2026-01-10,56.04583333333333,49.75,36.2,91.5,24,100.0,100.0
3099020,Dubai Motor City,,AE,Asia/Dubai,AirGradient,Akis,25.046136176968492,55.24946085563235,10877520,pm25 µg/m³,pm25,,µg/m³,2026-01-11,57.26666666666666,56.15,37.8,78.0,24,100.0,100.0
3099020,Dubai Motor City,,AE,Asia/Dubai,AirGradient,Akis,25.046136176968492,55.24946085563235,10877520,pm25 µg/m³,pm25,,µg/m³,2026-01-12,67.35833333333333,63.8,47.2,102.0,24,100.0,100.0
3099020,Dubai Motor City,,AE,Asia/Dubai,AirGradient,Akis,25.046136176968492,55.24946085563235,10877520,pm25 µg/m³,pm25,,µg/m³,2026-01-13,72.46666666666667,67.1,38.2,156.0,24,100.0,100.0
3099020,Dubai Motor City,,AE,Asia/Dubai,AirGradient,Akis,25.046136176968492,55.24946085563235,10877520,pm25 µg/m³,pm25,,µg/m³,2026-01-14,60.824999999999996,48.8,37.6,90.9,24,100.0,100.0
3099020,Dubai Motor City,,AE,Asia/Dubai,AirGradient,Akis,25.046136176968492,55.24946085563235,10877520,pm25 µg/m³,pm25,,µg/m³,2026-01-15,40.275,41.35,20.9,47.7,24,100.0,100.0
3099020,Dubai Motor City,,AE,Asia/Dubai,AirGradient,Akis,25.046136176968492,55.24946085563235,10877520,pm25 µg/m³,pm25,,µg/m³,2026-01-16,11.421666666666667,10.3,3.39,28.4,24,100.0,100.0
3099020,Dubai Motor City,,AE,Asia/Dubai,AirGradient,Akis,25.046136176968492,55.24946085563235,10877520,pm25 µg/m³,pm25,,µg/m³,2026-01-17,23.575,23.799999999999997,17.4,29.0,24,100.0,100.0
3099020,Dubai Motor City,,AE,Asia/Dubai,AirGradient,Akis,25.046136176968492,55.24946085563235,10877520,pm25 µg/m³,pm25,,µg/m³,2026-01-18,30.8,27.1,15.1,52.4,24,100.0,100.0
3099020,Dubai Motor City,,AE,Asia/Dubai,AirGradient,Akis,25.046136176968492,55.24946085563235,10877520,pm25 µg/m³,pm25,,µg/m³,2026-01-19,37.9625,38.2,18.9,57.2,24,100.0,100.0
3099020,Dubai Motor City,,AE,Asia/Dubai,AirGradient,Akis,25.046136176968492,55.24946085563235,10877520,pm25 µg/m³,pm25,,µg/m³,2026-01-20,45.175000000000004,45.9,24.5,71.7,24,100.0,100.0
3099020,Dubai Motor City,,AE,Asia/Dubai,AirGradient,Akis,25.046136176968492,55.24946085563235,10877520,pm25 µg/m³,pm25,,µg/m³,2026-01-21,47.65833333333333,44.3,10.2,82.3,24,100.0,100.0
3099020,Dubai Motor City,,AE,Asia/Dubai,AirGradient,Akis,25.046136176968492,55.24946085563235,10877520,pm25 µg/m³,pm25,,µg/m³,2026-01-22,12.080416666666666,11.05,9.93,17.4,24,100.0,100.0
3099020,Dubai Motor City,,AE,Asia/Dubai,AirGradient,Akis,25.046136176968492,55.24946085563235,10877520,pm25 µg/m³,pm25,,µg/m³,2026-01-23,14.659999999999998,14.350000000000001,7.67,27.2,24,100.0,100.0
3099020,Dubai Motor City,,AE,Asia/Dubai,AirGradient,Akis,25.046136176968492,55.24946085563235,10877520,pm25 µg/m³,pm25,,µg/m³,2026-01-24,19.079166666666666,18.65,12.5,27.2,24,100.0,100.0
3099020,Dubai Motor City,,AE,Asia/Dubai,AirGradient,Akis,25.046136176968492,55.24946085563235,10877520,pm25 µg/m³,pm25,,µg/m³,2026-01-25,20.425,18.700000000000003,12.8,34.4,24,100.0,100.0
3099020,Dubai Motor City,,AE,Asia/Dubai,AirGradient,Akis,25.046136176968492,55.24946085563235,10877520,pm25 µg/m³,pm25,,µg/m³,2026-01-26,30.829166666666666,31.4,14.8,43.8,24,100.0,100.0
3099020,Dubai Motor City,,AE,Asia/Dubai,AirGradient,Akis,25.046136176968492,55.24946085563235,10877520,pm25 µg/m³,pm25,,µg/m³,2026-01-27,31.854166666666668,22.3,13.5,140.0,24,100.0,100.0
3099020,Dubai Motor City,,AE,Asia/Dubai,AirGradient,Akis,25.046136176968492,55.24946085563235,10877520,pm25 µg/m³,pm25,,µg/m³,2026-01-28,20.929166666666667,19.7,17.0,27.9,24,100.0,100.0
3099020,Dubai Motor City,,AE,Asia/Dubai,AirGradient,Akis,25.046136176968492,55.24946085563235,10877520,pm25 µg/m³,pm25,,µg/m³,2026-01-29,27.087500000000002,27.5,16.5,40.7,24,100.0,100.0
3099020,Dubai Motor City,,AE,Asia/Dubai,AirGradient,Akis,25.046136176968492,55.24946085563235,10877520,pm25 µg/m³,pm25,,µg/m³,2026-01-30,35.858333333333334,36.5,30.1,39.7,24,100.0,100.0
3099020,Dubai Motor City,,AE,Asia/Dubai,AirGradient,Akis,25.046136176968492,55.24946085563235,10877520,pm25 µg/m³,pm25,,µg/m³,2026-01-31,29.5,29.15,14.1,42.3,24,100.0,100.0
3099020,Dubai Motor City,,AE,Asia/Dubai,AirGradient,Akis,25.046136176968492,55.24946085563235,10877520,pm25 µg/m³,pm25,,µg/m³,2026-02-01,35.025,38.45,19.2,46.4,24,100.0,100.0
3099020,Dubai Motor City,,AE,Asia/Dubai,AirGradient,Akis,25.046136176968492,55.24946085563235,10877520,pm25 µg/m³,pm25,,µg/m³,2026-02-02,39.800000000000004,40.05,20.5,57.4,24,100.0,100.0
3099020,Dubai Motor City,,AE,Asia/Dubai,AirGradient,Akis,25.046136176968492,55.24946085563235,10877520,pm25 µg/m³,pm25,,µg/m³,2026-02-03,47.05416666666667,47.65,28.9,66.3,24,100.0,100.0
3099020,Dubai Motor City,,AE,Asia/Dubai,AirGradient,Akis,25.046136176968492,55.24946085563235,10877520,pm25 µg/m³,pm25,,µg/m³,2026-02-04,38.387499999999996,35.4,18.7,68.9,24,100.0,100.0
3099020,Dubai Motor City,,AE,Asia/Dubai,AirGradient,Akis,25.046136176968492,55.24946085563235,10877520,pm25 µg/m³,pm25,,µg/m³,2026-02-05,35.59583333333333,34.25,15.2,55.0,24,100.0,100.0
3099020,Dubai Motor City,,AE,Asia/Dubai,AirGradient,Akis,25.046136176968492,55.24946085563235,10877520,pm25 µg/m³,pm25,,µg/m³,2026-02-06,40.47083333333333,41.900000000000006,20.8,63.9,24,100.0,100.0
3099020,Dubai Motor City,,AE,Asia/Dubai,AirGradient,Akis,25.046136176968492,55.24946085563235,10877520,pm25 µg/m³,pm25,,µg/m³,2026-02-07,47.854166666666664,42.0,31.2,68.4,24,100.0,100.0
3099020,Dubai Motor City,,AE,Asia/Dubai,AirGradient,Akis,25.046136176968492,55.24946085563235,10877520,pm25 µg/m³,pm25,,µg/m³,2026-02-08,38.49583333333333,36.55,31.1,51.6,24,100.0,100.0
3099020,Dubai Motor City,,AE,Asia/Dubai,AirGradient,Akis,25.046136176968492,55.24946085563235,10877520,pm25 µg/m³,pm25,,µg/m³,2026-02-09,39.00416666666667,38.95,32.1,53.0,24,100.0,100.0
3099020,Dubai Motor City,,AE,Asia/Dubai,AirGradient,Akis,25.046136176968492,55.24946085563235,10877520,pm25 µg/m³,pm25,,µg/m³,2026-02-10,50.895833333333336,52.099999999999994,36.4,80.6,24,100.0,100.0
3099020,Dubai Motor City,,AE,Asia/Dubai,AirGradient,Akis,25.046136176968492,55.24946085563235,10877520,pm25 µg/m³,pm25,,µg/m³,2026-02-11,53.43333333333334,46.75,25.8,98.9,24,100.0,100.0
3099020,Dubai Motor City,,AE,Asia/Dubai,AirGradient,Akis,25.046136176968492,55.24946085563235,10877520,pm25 µg/m³,pm25,,µg/m³,2026-02-12,41.6,42.25,30.0,49.0,24,100.0,100.0
3099020,Dubai Motor City,,AE,Asia/Dubai,AirGradient,Akis,25.046136176968492,55.24946085563235,10877520,pm25 µg/m³,pm25,,µg/m³,2026-02-13,41.82083333333333,41.55,25.7,50.9,24,100.0,100.0
3099020,Dubai Motor City,,AE,Asia/Dubai,AirGradient,Akis,25.046136176968492,55.24946085563235,10877520,pm25 µg/m³,pm25,,µg/m³,2026-02-14,38.35,40.6,23.1,50.1,24,100.0,100.0
3099020,Dubai Motor City,,AE,Asia/Dubai,AirGradient,Akis,25.046136176968492,55.24946085563235,10877520,pm25 µg/m³,pm25,,µg/m³,2026-02-15,31.041666666666668,31.2,19.3,45.9,24,100.0,100.0
3099020,Dubai Motor City,,AE,Asia/Dubai,AirGradient,Akis,25.046136176968492,55.24946085563235,10877520,pm25 µg/m³,pm25,,µg/m³,2026-02-16,29.054166666666664,29.25,20.5,38.1,24,100.0,100.0
3099020,Dubai Motor City,,AE,Asia/Dubai,AirGradient,Akis,25.046136176968492,55.24946085563235,10877520,pm25 µg/m³,pm25,,µg/m³,2026-02-17,33.4,36.3,18.7,50.1,24,100.0,100.0
3099020,Dubai Motor City,,AE,Asia/Dubai,AirGradient,Akis,25.046136176968492,55.24946085563235,10877520,pm25 µg/m³,pm25,,µg/m³,2026-02-18,18.118333333333332,16.2,9.57,31.7,24,100.0,100.0
3099020,Dubai Motor City,,AE,Asia/Dubai,AirGradient,Akis,25.046136176968492,55.24946085563235,10877520,pm25 µg/m³,pm25,,µg/m³,2026-02-19,24.035416666666666,19.0,9.45,40.5,24,100.0,100.0
3099020,Dubai Motor City,,AE,Asia/Dubai,AirGradient,Akis,25.046136176968492,55.24946085563235,10877520,pm25 µg/m³,pm25,,µg/m³,2026-02-20,23.983333333333334,22.05,16.1,41.7,24,100.0,100.0
3099020,Dubai Motor City,,AE,Asia/Dubai,AirGradient,Akis,25.046136176968492,55.24946085563235,10877520,pm25 µg/m³,pm25,,µg/m³,2026-02-21,42.5375,44.95,26.8,65.5,24,100.0,100.0
3099020,Dubai Motor City,,AE,Asia/Dubai,AirGradient,Akis,25.046136176968492,55.24946085563235,10877520,pm25 µg/m³,pm25,,µg/m³,2026-02-22,53.90416666666667,52.6,29.9,79.5,24,100.0,100.0
3099020,Dubai Motor City,,AE,Asia/Dubai,AirGradient,Akis,25.046136176968492,55.24946085563235,10877520,pm25 µg/m³,pm25,,µg/m³,2026-02-23,76.22500000000001,83.1,38.7,104.0,24,100.0,100.0
3099020,Dubai Motor City,,AE,Asia/Dubai,AirGradient,Akis,25.046136176968492,55.24946085563235,10877520,pm25 µg/m³,pm25,,µg/m³,2026-02-24,82.02499999999999,85.8,36.6,128.0,24,100.0,100.0
3099020,Dubai Motor City,,AE,Asia/Dubai,AirGradient,Akis,25.046136176968492,55.24946085563235,10877520,pm25 µg/m³,pm25,,µg/m³,2026-02-25,64.09583333333333,67.6,34.4,101.0,24,100.0,100.0
3099020,Dubai Motor City,,AE,Asia/Dubai,AirGradient,Akis,25.046136176968492,55.24946085563235,10877520,pm25 µg/m³,pm25,,µg/m³,2026-02-26,46.729166666666664,28.8,12.1,99.9,24,100.0,100.0
3099020,Dubai Motor City,,AE,Asia/Dubai,AirGradient,Akis,25.046136176968492,55.24946085563235,10877520,pm25 µg/m³,pm25,,µg/m³,2026-02-27,33.083333333333336,33.0,19.3,44.3,24,100.0,100.0
3099020,Dubai Motor City,,AE,Asia/Dubai,AirGradient,Akis,25.046136176968492,55.24946085563235,10877520,pm25 µg/m³,pm25,,µg/m³,2026-02-28,54.083333333333336,56.15,35.1,77.4,24,100.0,100.0
3099020,Dubai Motor City,,AE,Asia/Dubai,AirGradient,Akis,25.046136176968492,55.24946085563235,10877520,pm25 µg/m³,pm25,,µg/m³,2026-03-01,44.80416666666667,44.15,24.5,80.2,24,100.0,100.0
3099020,Dubai Motor City,,AE,Asia/Dubai,AirGradient,Akis,25.046136176968492,55.24946085563235,10877520,pm25 µg/m³,pm25,,µg/m³,2026-03-02,32.75416666666667,31.450000000000003,25.6,41.5,24,100.0,100.0
3099020,Dubai Motor City,,AE,Asia/Dubai,AirGradient,Akis,25.046136176968492,55.24946085563235,10877520,pm25 µg/m³,pm25,,µg/m³,2026-03-03,31.233333333333334,32.45,23.5,36.6,24,100.0,100.0
3099020,Dubai Motor City,,AE,Asia/Dubai,AirGradient,Akis,25.046136176968492,55.24946085563235,10877520,pm25 µg/m³,pm25,,µg/m³,2026-03-04,30.545833333333334,30.7,21.1,40.8,24,100.0,100.0
3099020,Dubai Motor City,,AE,Asia/Dubai,AirGradient,Akis,25.046136176968492,55.24946085563235,10877520,pm25 µg/m³,pm25,,µg/m³,2026-03-05,28.5125,25.8,20.0,38.8,24,100.0,100.0
3099020,Dubai Motor City,,AE,Asia/Dubai,AirGradient,Akis,25.046136176968492,55.24946085563235,10877520,pm25 µg/m³,pm25,,µg/m³,2026-03-06,24.945833333333336,22.299999999999997,16.9,37.2,24,100.0,100.0
3099020,Dubai Motor City,,AE,Asia/Dubai,AirGradient,Akis,25.046136176968492,55.24946085563235,10877520,pm25 µg/m³,pm25,,µg/m³,2026-03-07,32.704166666666666,29.0,16.0,61.3,24,100.0,100.0
3099020,Dubai Motor City,,AE,Asia/Dubai,AirGradient,Akis,25.046136176968492,55.24946085563235,10877520,pm25 µg/m³,pm25,,µg/m³,2026-03-08,45.487500000000004,42.15,29.1,69.1,24,100.0,100.0
3099020,Dubai Motor City,,AE,Asia/Dubai,AirGradient,Akis,25.046136176968492,55.24946085563235,10877520,pm25 µg/m³,pm25,,µg/m³,2026-03-09,32.22083333333333,28.55,19.8,45.6,24,100.0,100.0
3099020,Dubai Motor City,,AE,Asia/Dubai,AirGradient,Akis,25.046136176968492,55.24946085563235,10877520,pm25 µg/m³,pm25,,µg/m³,2026-03-10,43.45416666666667,43.25,12.5,73.8,24,100.0,100.0
3099020,Dubai Motor City,,AE,Asia/Dubai,AirGradient,Akis,25.046136176968492,55.24946085563235,10877520,pm25 µg/m³,pm25,,µg/m³,2026-03-11,16.0125,16.35,10.6,25.5,24,100.0,100.0
3099020,Dubai Motor City,,AE,Asia/Dubai,AirGradient,Akis,25.046136176968492,55.24946085563235,10877520,pm25 µg/m³,pm25,,µg/m³,2026-03-12,21.675,21.4,14.6,29.2,24,100.0,100.0
3099020,Dubai Motor City,,AE,Asia/Dubai,AirGradient,Akis,25.046136176968492,55.24946085563235,10877520,pm25 µg/m³,pm25,,µg/m³,2026-03-13,23.308333333333334,22.35,15.5,32.5,24,100.0,100.0
3099020,Dubai Motor City,,AE,Asia/Dubai,AirGradient,Akis,25.046136176968492,55.24946085563235,10877520,pm25 µg/m³,pm25,,µg/m³,2026-03-14,40.137499999999996,29.6,16.8,92.6,24,100.0,100.0
3099020,Dubai Motor City,,AE,Asia/Dubai,AirGradient,Akis,25.046136176968492,55.24946085563235,10877520,pm25 µg/m³,pm25,,µg/m³,2026-03-15,50.458333333333336,37.05,22.4,82.1,24,100.0,100.0
3099020,Dubai Motor City,,AE,Asia/Dubai,AirGradient,Akis,25.046136176968492,55.24946085563235,10877520,pm25 µg/m³,pm25,,µg/m³,2026-03-16,34.891666666666666,36.2,27.4,39.3,24,100.0,100.0
3099020,Dubai Motor City,,AE,Asia/Dubai,AirGradient,Akis,25.046136176968492,55.24946085563235,10877520,pm25 µg/m³,pm25,,µg/m³,2026-03-17,38.233333333333334,38.150000000000006,31.7,42.9,24,100.0,100.0
3099020,Dubai Motor City,,AE,Asia/Dubai,AirGradient,Akis,25.046136176968492,55.24946085563235,10877520,pm25 µg/m³,pm25,,µg/m³,2026-03-18,27.641666666666666,24.6,12.3,46.2,24,100.0,100.0
3099020,Dubai Motor City,,AE,Asia/Dubai,AirGradient,Akis,25.046136176968492,55.24946085563235,10877520,pm25 µg/m³,pm25,,µg/m³,2026-03-19,22.099999999999998,22.7,12.5,31.3,24,100.0,100.0
3099020,Dubai Motor City,,AE,Asia/Dubai,AirGradient,Akis,25.046136176968492,55.24946085563235,10877520,pm25 µg/m³,pm25,,µg/m³,2026-03-20,21.84166666666667,19.15,12.3,31.9,24,100.0,100.0
3099020,Dubai Motor City,,AE,Asia/Dubai,AirGradient,Akis,25.046136176968492,55.24946085563235,10877520,pm25 µg/m³,pm25,,µg/m³,2026-03-21,22.995833333333334,25.1,15.5,29.9,24,100.0,100.0
3099020,Dubai Motor City,,AE,Asia/Dubai,AirGradient,Akis,25.046136176968492,55.24946085563235,10877520,pm25 µg/m³,pm25,,µg/m³,2026-03-22,13.866666666666667,14.600000000000001,7.4,21.7,24,100.0,100.0
3099020,Dubai Motor City,,AE,Asia/Dubai,AirGradient,Akis,25.046136176968492,55.24946085563235,10877520,pm25 µg/m³,pm25,,µg/m³,2026-03-23,13.487499999999999,13.0,7.2,21.7,24,100.0,100.0
3099020,Dubai Motor City,,AE,Asia/Dubai,AirGradient,Akis,25.046136176968492,55.24946085563235,10877520,pm25 µg/m³,pm25,,µg/m³,2026-03-24,16.220833333333335,15.85,4.9,34.5,24,100.0,100.0
3099020,Dubai Motor City,,AE,Asia/Dubai,AirGradient,Akis,25.046136176968492,55.24946085563235,10877520,pm25 µg/m³,pm25,,µg/m³,2026-03-25,10.420833333333333,8.5,4.0,27.0,24,100.0,100.0
3099020,Dubai Motor City,,AE,Asia/Dubai,AirGradient,Akis,25.046136176968492,55.24946085563235,10877520,pm25 µg/m³,pm25,,µg/m³,2026-03-26,9.054166666666667,7.85,3.7,19.2,24,100.0,100.0
3099020,Dubai Motor City,,AE,Asia/Dubai,AirGradient,Akis,25.046136176968492,55.24946085563235,10877520,pm25 µg/m³,pm25,,µg/m³,2026-03-27,6.720833333333334,5.25,1.0,19.7,24,100.0,100.0
3099020,Dubai Motor City,,AE,Asia/Dubai,AirGradient,Akis,25.046136176968492,55.24946085563235,10877520,pm25 µg/m³,pm25,,µg/m³,2026-03-28,6.7124999999999995,5.95,3.3,15.1,24,100.0,100.0
3099020,Dubai Motor City,,AE,Asia/Dubai,AirGradient,Akis,25.046136176968492,55.24946085563235,10877520,pm25 µg/m³,pm25,,µg/m³,2026-03-29,8.200000000000001,7.949999999999999,5.3,11.8,24,100.0,100.0
3099020,Dubai Motor City,,AE,Asia/Dubai,AirGradient,Akis,25.046136176968492,55.24946085563235,10877520,pm25 µg/m³,pm25,,µg/m³,2026-03-30,15.770833333333334,14.05,9.4,31.9,24,100.0,100.0
3099020,Dubai Motor City,,AE,Asia/Dubai,AirGradient,Akis,25.046136176968492,55.24946085563235,10877520,pm25 µg/m³,pm25,,µg/m³,2026-03-31,23.7,22.0,13.6,35.9,24,100.0,100.0
3099020,Dubai Motor City,,AE,Asia/Dubai,AirGradient,Akis,25.046136176968492,55.24946085563235,10877520,pm25 µg/m³,pm25,,µg/m³,2026-04-01,25.099999999999998,22.9,13.6,47.0,24,100.0,100.0
3099020,Dubai Motor City,,AE,Asia/Dubai,AirGradient,Akis,25.046136176968492,55.24946085563235,10877520,pm25 µg/m³,pm25,,µg/m³,2026-04-02,24.070833333333336,22.6,9.8,37.5,24,100.0,100.0
3099020,Dubai Motor City,,AE,Asia/Dubai,AirGradient,Akis,25.046136176968492,55.24946085563235,10877520,pm25 µg/m³,pm25,,µg/m³,2026-04-03,38.0625,39.35,24.2,46.5,24,100.0,100.0
3099020,Dubai Motor City,,AE,Asia/Dubai,AirGradient,Akis,25.046136176968492,55.24946085563235,10877520,pm25 µg/m³,pm25,,µg/m³,2026-04-04,48.57083333333333,45.9,40.0,65.8,24,100.0,100.0
3099020,Dubai Motor City,,AE,Asia/Dubai,AirGradient,Akis,25.046136176968492,55.24946085563235,10877520,pm25 µg/m³,pm25,,µg/m³,2026-04-05,39.72083333333333,33.45,13.5,73.1,24,100.0,100.0
3099020,Dubai Motor City,,AE,Asia/Dubai,AirGradient,Akis,25.046136176968492,55.24946085563235,10877520,pm25 µg/m³,pm25,,µg/m³,2026-04-06,19.216666666666665,19.049999999999997,7.9,32.7,24,100.0,100.0
3099020,Dubai Motor City,,AE,Asia/Dubai,AirGradient,Akis,25.046136176968492,55.24946085563235,10877520,pm25 µg/m³,pm25,,µg/m³,2026-04-07,18.033333333333335,17.450000000000003,13.8,24.5,24,100.0,100.0
3099020,Dubai Motor City,,AE,Asia/Dubai,AirGradient,Akis,25.046136176968492,55.24946085563235,10877520,pm25 µg/m³,pm25,,µg/m³,2026-04-08,24.233333333333334,23.0,16.1,32.3,24,100.0,100.0
3099020,Dubai Motor City,,AE,Asia/Dubai,AirGradient,Akis,25.046136176968492,55.24946085563235,10877520,pm25 µg/m³,pm25,,µg/m³,2026-04-09,31.333333333333332,33.75,14.9,37.8,24,100.0,100.0
3099020,Dubai Motor City,,AE,Asia/Dubai,AirGradient,Akis,25.046136176968492,55.24946085563235,10877520,pm25 µg/m³,pm25,,µg/m³,2026-04-10,20.804166666666667,22.45,10.2,28.9,24,100.0,100.0
3099020,Dubai Motor City,,AE,Asia/Dubai,AirGradient,Akis,25.046136176968492,55.24946085563235,10877520,pm25 µg/m³,pm25,,µg/m³,2026-04-11,25.170833333333334,27.3,7.6,44.3,24,100.0,100.0
3099020,Dubai Motor City,,AE,Asia/Dubai,AirGradient,Akis,25.046136176968492,55.24946085563235,10877520,pm25 µg/m³,pm25,,µg/m³,2026-04-12,16.320833333333333,14.0,10.4,32.3,24,100.0,100.0
3099020,Dubai Motor City,,AE,Asia/Dubai,AirGradient,Akis,25.046136176968492,55.24946085563235,10877520,pm25 µg/m³,pm25,,µg/m³,2026-04-13,18.591666666666665,17.9,10.6,30.6,24,100.0,100.0
3099020,Dubai Motor City,,AE,Asia/Dubai,AirGradient,Akis,25.046136176968492,55.24946085563235,10877520,pm25 µg/m³,pm25,,µg/m³,2026-04-14,28.7,26.4,17.7,43.4,24,100.0,100.0
3099020,Dubai Motor City,,AE,Asia/Dubai,AirGradient,Akis,25.046136176968492,55.24946085563235,10877520,pm25 µg/m³,pm25,,µg/m³,2026-04-15,24.745833333333334,21.6,12.1,40.0,24,100.0,100.0
3099020,Dubai Motor City,,AE,Asia/Dubai,AirGradient,Akis,25.046136176968492,55.24946085563235,10877520,pm25 µg/m³,pm25,,µg/m³,2026-04-16,20.5,19.9,16.7,25.5,22,100.0,100.0
3099020,Dubai Motor City,,AE,Asia/Dubai,AirGradient,Akis,25.046136176968492,55.24946085563235,10877520,pm25 µg/m³,pm25,,µg/m³,2026-04-17,26.50833333333333,25.2,16.2,42.5,24,100.0,100.0
3099020,Dubai Motor City,,AE,Asia/Dubai,AirGradient,Akis,25.046136176968492,55.24946085563235,10877520,pm25 µg/m³,pm25,,µg/m³,2026-04-18,37.35217391304348,40.7,16.0,54.1,23,100.0,100.0
3099020,Dubai Motor City,,AE,Asia/Dubai,AirGradient,Akis,25.046136176968492,55.24946085563235,10877520,pm25 µg/m³,pm25,,µg/m³,2026-04-19,35.15416666666667,37.0,20.2,43.1,24,100.0,100.0
3099020,Dubai Motor City,,AE,Asia/Dubai,AirGradient,Akis,25.046136176968492,55.24946085563235,10877520,pm25 µg/m³,pm25,,µg/m³,2026-04-20,42.83076923076923,45.6,33.7,47.5,13,100.0,100.0
3099020,Dubai Motor City,,AE,Asia/Dubai,AirGradient,Akis,25.046136176968492,55.24946085563235,10877515,temperature c,temperature,,c,2024-10-08,35.528571428571425,36.05,32.5,38.0,14,100.0,100.0
3099020,Dubai Motor City,,AE,Asia/Dubai,AirGradient,Akis,25.046136176968492,55.24946085563235,10877515,temperature c,temperature,,c,2024-10-09,33.475,33.25,29.1,37.5,24,100.0,100.0
3099020,Dubai Motor City,,AE,Asia/Dubai,AirGradient,Akis,25.046136176968492,55.24946085563235,10877515,temperature c,temperature,,c,2024-10-10,33.77916666666667,32.8,29.3,39.3,24,100.0,100.0
3099020,Dubai Motor City,,AE,Asia/Dubai,AirGradient,Akis,25.046136176968492,55.24946085563235,10877515,temperature c,temperature,,c,2024-10-11,31.119999999999997,30.8,30.2,33.7,10,100.0,100.0
3099020,Dubai Motor City,,AE,Asia/Dubai,AirGradient,Akis,25.046136176968492,55.24946085563235,10877515,temperature c,temperature,,c,2024-10-14,32.660000000000004,32.3,29.3,36.9,10,100.0,100.0
3099020,Dubai Motor City,,AE,Asia/Dubai,AirGradient,Akis,25.046136176968492,55.24946085563235,10877515,temperature c,temperature,,c,2024-10-15,32.833333333333336,31.1,27.7,42.1,24,100.0,100.0
3099020,Dubai Motor City,,AE,Asia/Dubai,AirGradient,Akis,25.046136176968492,55.24946085563235,10877515,temperature c,temperature,,c,2024-10-16,32.608333333333334,31.5,27.8,40.7,24,100.0,100.0
3099020,Dubai Motor City,,AE,Asia/Dubai,AirGradient,Akis,25.046136176968492,55.24946085563235,10877515,temperature c,temperature,,c,2024-10-17,33.31666666666667,31.299999999999997,27.7,46.7,24,100.0,100.0
3099020,Dubai Motor City,,AE,Asia/Dubai,AirGradient,Akis,25.046136176968492,55.24946085563235,10877515,temperature c,temperature,,c,2024-10-18,33.612500000000004,32.05,28.2,42.1,24,100.0,100.0
3099020,Dubai Motor City,,AE,Asia/Dubai,AirGradient,Akis,25.046136176968492,55.24946085563235,10877515,temperature c,temperature,,c,2024-10-19,34.38333333333333,32.65,28.7,44.9,24,100.0,100.0
3099020,Dubai Motor City,,AE,Asia/Dubai,AirGradient,Akis,25.046136176968492,55.24946085563235,10877515,temperature c,temperature,,c,2024-10-20,34.733333333333334,32.55,29.6,46.4,24,100.0,100.0
3099020,Dubai Motor City,,AE,Asia/Dubai,AirGradient,Akis,25.046136176968492,55.24946085563235,10877515,temperature c,temperature,,c,2024-10-21,33.97083333333333,31.75,28.9,45.0,24,100.0,100.0
3099020,Dubai Motor City,,AE,Asia/Dubai,AirGradient,Akis,25.046136176968492,55.24946085563235,10877515,temperature c,temperature,,c,2024-10-22,31.620833333333334,30.200000000000003,27.4,39.8,24,100.0,100.0
3099020,Dubai Motor City,,AE,Asia/Dubai,AirGradient,Akis,25.046136176968492,55.24946085563235,10877515,temperature c,temperature,,c,2024-10-23,30.941666666666666,30.0,25.7,39.0,24,100.0,100.0
3099020,Dubai Motor City,,AE,Asia/Dubai,AirGradient,Akis,25.046136176968492,55.24946085563235,10877515,temperature c,temperature,,c,2024-10-24,31.391666666666666,30.4,26.9,39.4,24,100.0,100.0
3099020,Dubai Motor City,,AE,Asia/Dubai,AirGradient,Akis,25.046136176968492,55.24946085563235,10877515,temperature c,temperature,,c,2024-10-25,31.833333333333332,30.700000000000003,26.9,39.9,24,100.0,100.0
3099020,Dubai Motor City,,AE,Asia/Dubai,AirGradient,Akis,25.046136176968492,55.24946085563235,10877515,temperature c,temperature,,c,2024-10-26,31.71666666666667,30.299999999999997,27.8,39.8,24,100.0,100.0
3099020,Dubai Motor City,,AE,Asia/Dubai,AirGradient,Akis,25.046136176968492,55.24946085563235,10877515,temperature c,temperature,,c,2024-10-27,31.525000000000002,30.4,26.5,40.3,24,100.0,100.0
3099020,Dubai Motor City,,AE,Asia/Dubai,AirGradient,Akis,25.046136176968492,55.24946085563235,10877515,temperature c,temperature,,c,2024-10-28,31.695833333333336,29.7,27.9,40.1,24,100.0,100.0
3099020,Dubai Motor City,,AE,Asia/Dubai,AirGradient,Akis,25.046136176968492,55.24946085563235,10877515,temperature c,temperature,,c,2024-10-29,30.2375,29.25,25.1,38.8,24,100.0,100.0
3099020,Dubai Motor City,,AE,Asia/Dubai,AirGradient,Akis,25.046136176968492,55.24946085563235,10877515,temperature c,temperature,,c,2024-10-30,30.233333333333334,29.6,24.7,38.9,24,100.0,100.0
3099020,Dubai Motor City,,AE,Asia/Dubai,AirGradient,Akis,25.046136176968492,55.24946085563235,10877515,temperature c,temperature,,c,2024-10-31,30.329166666666666,30.1,24.7,38.3,24,100.0,100.0
3099020,Dubai Motor City,,AE,Asia/Dubai,AirGradient,Akis,25.046136176968492,55.24946085563235,10877515,temperature c,temperature,,c,2024-11-01,31.133333333333336,30.15,26.5,40.0,24,100.0,100.0
3099020,Dubai Motor City,,AE,Asia/Dubai,AirGradient,Akis,25.046136176968492,55.24946085563235,10877515,temperature c,temperature,,c,2024-11-02,31.304166666666664,30.1,26.3,39.9,24,100.0,100.0
3099020,Dubai Motor City,,AE,Asia/Dubai,AirGradient,Akis,25.046136176968492,55.24946085563235,10877515,temperature c,temperature,,c,2024-11-03,30.78333333333333,29.549999999999997,25.5,38.9,24,100.0,100.0
3099020,Dubai Motor City,,AE,Asia/Dubai,AirGradient,Akis,25.046136176968492,55.24946085563235,10877515,temperature c,temperature,,c,2024-11-04,30.754166666666666,29.9,25.6,39.0,24,100.0,100.0
3099020,Dubai Motor City,,AE,Asia/Dubai,AirGradient,Akis,25.046136176968492,55.24946085563235,10877515,temperature c,temperature,,c,2024-11-05,31.070833333333336,30.25,25.2,39.1,24,100.0,100.0
3099020,Dubai Motor City,,AE,Asia/Dubai,AirGradient,Akis,25.046136176968492,55.24946085563235,10877515,temperature c,temperature,,c,2024-11-06,31.03333333333333,29.950000000000003,26.1,38.7,24,100.0,100.0
3099020,Dubai Motor City,,AE,Asia/Dubai,AirGradient,Akis,25.046136176968492,55.24946085563235,10877515,temperature c,temperature,,c,2024-11-07,30.662499999999998,29.65,26.3,36.6,24,100.0,100.0
3099020,Dubai Motor City,,AE,Asia/Dubai,AirGradient,Akis,25.046136176968492,55.24946085563235,10877515,temperature c,temperature,,c,2024-11-08,29.929166666666664,28.950000000000003,24.9,36.9,24,100.0,100.0
3099020,Dubai Motor City,,AE,Asia/Dubai,AirGradient,Akis,25.046136176968492,55.24946085563235,10877515,temperature c,temperature,,c,2024-11-09,29.47083333333333,28.75,24.0,37.0,24,100.0,100.0
3099020,Dubai Motor City,,AE,Asia/Dubai,AirGradient,Akis,25.046136176968492,55.24946085563235,10877515,temperature c,temperature,,c,2024-11-10,29.995833333333334,29.35,24.8,37.7,24,100.0,100.0
3099020,Dubai Motor City,,AE,Asia/Dubai,AirGradient,Akis,25.046136176968492,55.24946085563235,10877515,temperature c,temperature,,c,2024-11-11,30.208333333333332,29.5,25.4,38.1,24,100.0,100.0
3099020,Dubai Motor City,,AE,Asia/Dubai,AirGradient,Akis,25.046136176968492,55.24946085563235,10877515,temperature c,temperature,,c,2024-11-12,29.962500000000002,29.25,25.0,37.5,24,100.0,100.0
3099020,Dubai Motor City,,AE,Asia/Dubai,AirGradient,Akis,25.046136176968492,55.24946085563235,10877515,temperature c,temperature,,c,2024-11-13,29.4,28.450000000000003,24.7,35.9,20,100.0,100.0
3099020,Dubai Motor City,,AE,Asia/Dubai,AirGradient,Akis,25.046136176968492,55.24946085563235,10877515,temperature c,temperature,,c,2024-11-14,28.84583333333333,29.049999999999997,23.8,33.3,24,100.0,100.0
3099020,Dubai Motor City,,AE,Asia/Dubai,AirGradient,Akis,25.046136176968492,55.24946085563235,10877515,temperature c,temperature,,c,2024-11-15,29.02916666666667,28.200000000000003,24.1,35.4,24,100.0,100.0
3099020,Dubai Motor City,,AE,Asia/Dubai,AirGradient,Akis,25.046136176968492,55.24946085563235,10877515,temperature c,temperature,,c,2024-11-16,28.333333333333332,27.6,24.0,35.7,24,100.0,100.0
3099020,Dubai Motor City,,AE,Asia/Dubai,AirGradient,Akis,25.046136176968492,55.24946085563235,10877515,temperature c,temperature,,c,2024-11-17,27.704166666666666,27.6,22.2,33.0,24,100.0,100.0
3099020,Dubai Motor City,,AE,Asia/Dubai,AirGradient,Akis,25.046136176968492,55.24946085563235,10877515,temperature c,temperature,,c,2024-11-18,28.233333333333334,28.15,23.3,34.5,24,100.0,100.0
3099020,Dubai Motor City,,AE,Asia/Dubai,AirGradient,Akis,25.046136176968492,55.24946085563235,10877515,temperature c,temperature,,c,2024-11-19,28.041666666666668,27.85,23.6,32.2,24,100.0,100.0
3099020,Dubai Motor City,,AE,Asia/Dubai,AirGradient,Akis,25.046136176968492,55.24946085563235,10877515,temperature c,temperature,,c,2024-11-20,28.241666666666664,27.6,23.6,34.4,24,100.0,100.0
3099020,Dubai Motor City,,AE,Asia/Dubai,AirGradient,Akis,25.046136176968492,55.24946085563235,10877515,temperature c,temperature,,c,2024-11-21,28.041666666666668,27.799999999999997,22.8,34.4,24,100.0,100.0
3099020,Dubai Motor City,,AE,Asia/Dubai,AirGradient,Akis,25.046136176968492,55.24946085563235,10877515,temperature c,temperature,,c,2024-11-22,28.3625,27.9,23.8,32.9,24,100.0,100.0
3099020,Dubai Motor City,,AE,Asia/Dubai,AirGradient,Akis,25.046136176968492,55.24946085563235,10877515,temperature c,temperature,,c,2024-11-23,28.241666666666664,27.950000000000003,23.2,33.6,24,100.0,100.0
3099020,Dubai Motor City,,AE,Asia/Dubai,AirGradient,Akis,25.046136176968492,55.24946085563235,10877515,temperature c,temperature,,c,2024-11-24,27.604166666666668,27.3,23.0,32.6,24,100.0,100.0
3099020,Dubai Motor City,,AE,Asia/Dubai,AirGradient,Akis,25.046136176968492,55.24946085563235,10877515,temperature c,temperature,,c,2024-11-25,28.316666666666666,28.6,23.0,34.9,24,100.0,100.0
3099020,Dubai Motor City,,AE,Asia/Dubai,AirGradient,Akis,25.046136176968492,55.24946085563235,10877515,temperature c,temperature,,c,2024-11-26,29.004166666666666,28.7,25.0,33.3,24,100.0,100.0
3099020,Dubai Motor City,,AE,Asia/Dubai,AirGradient,Akis,25.046136176968492,55.24946085563235,10877515,temperature c,temperature,,c,2024-11-27,29.212500000000002,28.9,24.5,33.9,24,100.0,100.0
3099020,Dubai Motor City,,AE,Asia/Dubai,AirGradient,Akis,25.046136176968492,55.24946085563235,10877515,temperature c,temperature,,c,2024-11-28,29.045833333333334,28.25,24.4,34.4,24,100.0,100.0
3099020,Dubai Motor City,,AE,Asia/Dubai,AirGradient,Akis,25.046136176968492,55.24946085563235,10877515,temperature c,temperature,,c,2024-11-29,28.579166666666666,27.45,26.0,34.7,24,100.0,100.0
3099020,Dubai Motor City,,AE,Asia/Dubai,AirGradient,Akis,25.046136176968492,55.24946085563235,10877515,temperature c,temperature,,c,2024-11-30,27.108333333333334,26.200000000000003,23.1,32.1,24,100.0,100.0
3099020,Dubai Motor City,,AE,Asia/Dubai,AirGradient,Akis,25.046136176968492,55.24946085563235,10877515,temperature c,temperature,,c,2024-12-01,26.912499999999998,25.700000000000003,24.4,33.1,24,100.0,100.0
3099020,Dubai Motor City,,AE,Asia/Dubai,AirGradient,Akis,25.046136176968492,55.24946085563235,10877515,temperature c,temperature,,c,2024-12-02,25.96666666666667,25.700000000000003,20.6,30.2,24,100.0,100.0
3099020,Dubai Motor City,,AE,Asia/Dubai,AirGradient,Akis,25.046136176968492,55.24946085563235,10877515,temperature c,temperature,,c,2024-12-03,25.829166666666666,25.1,20.9,32.4,24,100.0,100.0
3099020,Dubai Motor City,,AE,Asia/Dubai,AirGradient,Akis,25.046136176968492,55.24946085563235,10877515,temperature c,temperature,,c,2024-12-04,26.09166666666667,25.45,21.1,33.2,24,100.0,100.0
3099020,Dubai Motor City,,AE,Asia/Dubai,AirGradient,Akis,25.046136176968492,55.24946085563235,10877515,temperature c,temperature,,c,2024-12-05,25.945833333333336,25.95,20.8,31.5,24,100.0,100.0
3099020,Dubai Motor City,,AE,Asia/Dubai,AirGradient,Akis,25.046136176968492,55.24946085563235,10877515,temperature c,temperature,,c,2024-12-06,26.545833333333334,26.85,21.8,31.3,24,100.0,100.0
3099020,Dubai Motor City,,AE,Asia/Dubai,AirGradient,Akis,25.046136176968492,55.24946085563235,10877515,temperature c,temperature,,c,2024-12-07,27.099999999999998,26.65,23.5,32.0,24,100.0,100.0
3099020,Dubai Motor City,,AE,Asia/Dubai,AirGradient,Akis,25.046136176968492,55.24946085563235,10877515,temperature c,temperature,,c,2024-12-08,26.629166666666666,25.75,22.0,33.2,24,100.0,100.0
3099020,Dubai Motor City,,AE,Asia/Dubai,AirGradient,Akis,25.046136176968492,55.24946085563235,10877515,temperature c,temperature,,c,2024-12-09,26.291666666666668,26.05,21.2,33.1,24,100.0,100.0
3099020,Dubai Motor City,,AE,Asia/Dubai,AirGradient,Akis,25.046136176968492,55.24946085563235,10877515,temperature c,temperature,,c,2024-12-10,25.879166666666666,25.200000000000003,21.4,31.1,24,100.0,100.0
3099020,Dubai Motor City,,AE,Asia/Dubai,AirGradient,Akis,25.046136176968492,55.24946085563235,10877515,temperature c,temperature,,c,2024-12-11,25.65833333333333,24.700000000000003,21.2,31.7,24,100.0,100.0
3099020,Dubai Motor City,,AE,Asia/Dubai,AirGradient,Akis,25.046136176968492,55.24946085563235,10877515,temperature c,temperature,,c,2024-12-12,25.1375,24.7,21.0,29.5,24,100.0,100.0
3099020,Dubai Motor City,,AE,Asia/Dubai,AirGradient,Akis,25.046136176968492,55.24946085563235,10877515,temperature c,temperature,,c,2024-12-13,24.754166666666666,24.8,20.5,29.3,24,100.0,100.0
3099020,Dubai Motor City,,AE,Asia/Dubai,AirGradient,Akis,25.046136176968492,55.24946085563235,10877515,temperature c,temperature,,c,2024-12-14,25.395652173913046,25.4,20.9,30.2,23,100.0,100.0
3099020,Dubai Motor City,,AE,Asia/Dubai,AirGradient,Akis,25.046136176968492,55.24946085563235,10877515,temperature c,temperature,,c,2024-12-15,23.849999999999998,23.450000000000003,19.5,28.6,24,100.0,100.0
3099020,Dubai Motor City,,AE,Asia/Dubai,AirGradient,Akis,25.046136176968492,55.24946085563235,10877515,temperature c,temperature,,c,2024-12-16,23.55625,21.55,19.3,29.1,16,100.0,100.0
3099020,Dubai Motor City,,AE,Asia/Dubai,AirGradient,Akis,25.046136176968492,55.24946085563235,10877515,temperature c,temperature,,c,2024-12-17,24.291304347826088,24.1,20.0,28.5,23,100.0,100.0
3099020,Dubai Motor City,,AE,Asia/Dubai,AirGradient,Akis,25.046136176968492,55.24946085563235,10877515,temperature c,temperature,,c,2024-12-18,23.224999999999998,22.6,21.0,27.2,24,100.0,100.0
3099020,Dubai Motor City,,AE,Asia/Dubai,AirGradient,Akis,25.046136176968492,55.24946085563235,10877515,temperature c,temperature,,c,2024-12-19,22.849999999999998,23.049999999999997,18.1,27.5,24,100.0,100.0
3099020,Dubai Motor City,,AE,Asia/Dubai,AirGradient,Akis,25.046136176968492,55.24946085563235,10877515,temperature c,temperature,,c,2024-12-20,23.754166666666666,24.15,17.6,28.8,24,100.0,100.0
3099020,Dubai Motor City,,AE,Asia/Dubai,AirGradient,Akis,25.046136176968492,55.24946085563235,10877515,temperature c,temperature,,c,2024-12-21,23.641666666666666,23.2,18.0,28.2,24,100.0,100.0
3099020,Dubai Motor City,,AE,Asia/Dubai,AirGradient,Akis,25.046136176968492,55.24946085563235,10877515,temperature c,temperature,,c,2024-12-22,22.9375,23.4,17.9,27.4,24,100.0,100.0
3099020,Dubai Motor City,,AE,Asia/Dubai,AirGradient,Akis,25.046136176968492,55.24946085563235,10877515,temperature c,temperature,,c,2024-12-23,22.7375,23.450000000000003,17.9,26.4,24,100.0,100.0
3099020,Dubai Motor City,,AE,Asia/Dubai,AirGradient,Akis,25.046136176968492,55.24946085563235,10877515,temperature c,temperature,,c,2024-12-24,24.400000000000002,24.65,20.2,28.1,24,100.0,100.0
3099020,Dubai Motor City,,AE,Asia/Dubai,AirGradient,Akis,25.046136176968492,55.24946085563235,10877515,temperature c,temperature,,c,2024-12-25,24.791666666666668,24.35,20.4,28.9,24,100.0,100.0
3099020,Dubai Motor City,,AE,Asia/Dubai,AirGradient,Akis,25.046136176968492,55.24946085563235,10877515,temperature c,temperature,,c,2024-12-26,24.245833333333334,24.2,20.2,28.4,24,100.0,100.0
3099020,Dubai Motor City,,AE,Asia/Dubai,AirGradient,Akis,25.046136176968492,55.24946085563235,10877515,temperature c,temperature,,c,2024-12-27,25.066666666666666,24.8,20.5,31.3,24,100.0,100.0
3099020,Dubai Motor City,,AE,Asia/Dubai,AirGradient,Akis,25.046136176968492,55.24946085563235,10877515,temperature c,temperature,,c,2024-12-28,25.079166666666666,25.0,20.6,30.1,24,100.0,100.0
3099020,Dubai Motor City,,AE,Asia/Dubai,AirGradient,Akis,25.046136176968492,55.24946085563235,10877515,temperature c,temperature,,c,2024-12-29,24.929166666666664,25.15,20.1,29.7,24,100.0,100.0
3099020,Dubai Motor City,,AE,Asia/Dubai,AirGradient,Akis,25.046136176968492,55.24946085563235,10877515,temperature c,temperature,,c,2024-12-30,24.775000000000002,24.85,20.8,29.2,24,100.0,100.0
3099020,Dubai Motor City,,AE,Asia/Dubai,AirGradient,Akis,25.046136176968492,55.24946085563235,10877515,temperature c,temperature,,c,2024-12-31,25.337500000000002,25.1,22.2,28.7,24,100.0,100.0
3099020,Dubai Motor City,,AE,Asia/Dubai,AirGradient,Akis,25.046136176968492,55.24946085563235,10877515,temperature c,temperature,,c,2025-01-01,24.400000000000002,23.75,21.5,27.9,24,100.0,100.0
3099020,Dubai Motor City,,AE,Asia/Dubai,AirGradient,Akis,25.046136176968492,55.24946085563235,10877515,temperature c,temperature,,c,2025-01-02,24.691666666666666,23.6,21.9,30.2,24,100.0,100.0
3099020,Dubai Motor City,,AE,Asia/Dubai,AirGradient,Akis,25.046136176968492,55.24946085563235,10877515,temperature c,temperature,,c,2025-01-03,21.808333333333334,22.1,18.6,24.6,24,100.0,100.0
3099020,Dubai Motor City,,AE,Asia/Dubai,AirGradient,Akis,25.046136176968492,55.24946085563235,10877515,temperature c,temperature,,c,2025-01-04,21.929166666666664,22.1,17.1,26.6,24,100.0,100.0
3099020,Dubai Motor City,,AE,Asia/Dubai,AirGradient,Akis,25.046136176968492,55.24946085563235,10877515,temperature c,temperature,,c,2025-01-05,22.337500000000002,22.4,17.4,27.1,24,100.0,100.0
3099020,Dubai Motor City,,AE,Asia/Dubai,AirGradient,Akis,25.046136176968492,55.24946085563235,10877515,temperature c,temperature,,c,2025-01-06,23.342105263157894,24.5,18.4,28.4,19,100.0,100.0
3099020,Dubai Motor City,,AE,Asia/Dubai,AirGradient,Akis,25.046136176968492,55.24946085563235,10877515,temperature c,temperature,,c,2025-01-07,23.75625,23.5,18.7,28.2,16,100.0,100.0
3099020,Dubai Motor City,,AE,Asia/Dubai,AirGradient,Akis,25.046136176968492,55.24946085563235,10877515,temperature c,temperature,,c,2025-01-08,23.11304347826087,23.5,18.1,27.3,23,100.0,100.0
3099020,Dubai Motor City,,AE,Asia/Dubai,AirGradient,Akis,25.046136176968492,55.24946085563235,10877515,temperature c,temperature,,c,2025-01-09,23.117391304347827,22.5,20.0,27.2,23,100.0,100.0
3099020,Dubai Motor City,,AE,Asia/Dubai,AirGradient,Akis,25.046136176968492,55.24946085563235,10877515,temperature c,temperature,,c,2025-01-10,23.016666666666666,23.35,17.5,28.3,24,100.0,100.0
3099020,Dubai Motor City,,AE,Asia/Dubai,AirGradient,Akis,25.046136176968492,55.24946085563235,10877515,temperature c,temperature,,c,2025-01-11,23.394444444444446,22.85,18.8,29.3,18,100.0,100.0
3099020,Dubai Motor City,,AE,Asia/Dubai,AirGradient,Akis,25.046136176968492,55.24946085563235,10877515,temperature c,temperature,,c,2025-01-12,19.599999999999998,19.6,19.0,20.2,3,100.0,100.0
3099020,Dubai Motor City,,AE,Asia/Dubai,AirGradient,Akis,25.046136176968492,55.24946085563235,10877515,temperature c,temperature,,c,2025-01-13,23.766666666666666,23.8,23.4,24.1,3,100.0,100.0
3099020,Dubai Motor City,,AE,Asia/Dubai,AirGradient,Akis,25.046136176968492,55.24946085563235,10877515,temperature c,temperature,,c,2025-01-14,22.625,22.75,21.9,23.1,4,100.0,100.0
3099020,Dubai Motor City,,AE,Asia/Dubai,AirGradient,Akis,25.046136176968492,55.24946085563235,10877515,temperature c,temperature,,c,2025-02-11,23.200000000000003,23.200000000000003,23.1,23.3,2,100.0,100.0
3099020,Dubai Motor City,,AE,Asia/Dubai,AirGradient,Akis,25.046136176968492,55.24946085563235,10877515,temperature c,temperature,,c,2025-02-12,26.313043478260873,26.3,20.9,34.0,23,100.0,100.0
3099020,Dubai Motor City,,AE,Asia/Dubai,AirGradient,Akis,25.046136176968492,55.24946085563235,10877515,temperature c,temperature,,c,2025-02-13,27.47083333333333,27.0,23.3,32.0,24,100.0,100.0
3099020,Dubai Motor City,,AE,Asia/Dubai,AirGradient,Akis,25.046136176968492,55.24946085563235,10877515,temperature c,temperature,,c,2025-02-14,28.083333333333332,26.299999999999997,25.0,37.2,24,100.0,100.0
3099020,Dubai Motor City,,AE,Asia/Dubai,AirGradient,Akis,25.046136176968492,55.24946085563235,10877515,temperature c,temperature,,c,2025-02-15,26.245833333333334,25.549999999999997,22.0,31.9,24,100.0,100.0
3099020,Dubai Motor City,,AE,Asia/Dubai,AirGradient,Akis,25.046136176968492,55.24946085563235,10877515,temperature c,temperature,,c,2025-02-16,27.108333333333334,26.450000000000003,23.2,35.3,24,100.0,100.0
3099020,Dubai Motor City,,AE,Asia/Dubai,AirGradient,Akis,25.046136176968492,55.24946085563235,10877515,temperature c,temperature,,c,2025-02-17,26.808333333333334,26.65,23.9,31.1,24,100.0,100.0
3099020,Dubai Motor City,,AE,Asia/Dubai,AirGradient,Akis,25.046136176968492,55.24946085563235,10877515,temperature c,temperature,,c,2025-02-18,25.400000000000002,25.3,23.9,27.3,23,100.0,100.0
3099020,Dubai Motor City,,AE,Asia/Dubai,AirGradient,Akis,25.046136176968492,55.24946085563235,10877515,temperature c,temperature,,c,2025-02-19,26.813636363636363,25.0,23.0,34.8,22,100.0,100.0
3099020,Dubai Motor City,,AE,Asia/Dubai,AirGradient,Akis,25.046136176968492,55.24946085563235,10877515,temperature c,temperature,,c,2025-02-20,26.754166666666666,26.0,20.7,37.1,24,100.0,100.0
3099020,Dubai Motor City,,AE,Asia/Dubai,AirGradient,Akis,25.046136176968492,55.24946085563235,10877515,temperature c,temperature,,c,2025-02-21,28.099999999999998,25.9,24.5,37.4,24,100.0,100.0
3099020,Dubai Motor City,,AE,Asia/Dubai,AirGradient,Akis,25.046136176968492,55.24946085563235,10877515,temperature c,temperature,,c,2025-02-22,27.195833333333336,26.450000000000003,22.5,37.2,24,100.0,100.0
3099020,Dubai Motor City,,AE,Asia/Dubai,AirGradient,Akis,25.046136176968492,55.24946085563235,10877515,temperature c,temperature,,c,2025-02-23,27.854166666666668,27.8,22.5,34.6,24,100.0,100.0
3099020,Dubai Motor City,,AE,Asia/Dubai,AirGradient,Akis,25.046136176968492,55.24946085563235,10877515,temperature c,temperature,,c,2025-02-24,26.4375,26.200000000000003,25.0,29.4,24,100.0,100.0
3099020,Dubai Motor City,,AE,Asia/Dubai,AirGradient,Akis,25.046136176968492,55.24946085563235,10877515,temperature c,temperature,,c,2025-02-25,24.129166666666666,24.55,21.5,25.7,24,100.0,100.0
3099020,Dubai Motor City,,AE,Asia/Dubai,AirGradient,Akis,25.046136176968492,55.24946085563235,10877515,temperature c,temperature,,c,2025-02-26,23.004166666666666,22.7,18.8,28.7,24,100.0,100.0
3099020,Dubai Motor City,,AE,Asia/Dubai,AirGradient,Akis,25.046136176968492,55.24946085563235,10877515,temperature c,temperature,,c,2025-02-27,23.3125,22.5,21.1,26.8,24,100.0,100.0
3099020,Dubai Motor City,,AE,Asia/Dubai,AirGradient,Akis,25.046136176968492,55.24946085563235,10877515,temperature c,temperature,,c,2025-02-28,24.349999999999998,22.65,20.7,34.2,24,100.0,100.0
3099020,Dubai Motor City,,AE,Asia/Dubai,AirGradient,Akis,25.046136176968492,55.24946085563235,10877515,temperature c,temperature,,c,2025-03-01,23.625,23.25,18.6,31.7,24,100.0,100.0
3099020,Dubai Motor City,,AE,Asia/Dubai,AirGradient,Akis,25.046136176968492,55.24946085563235,10877515,temperature c,temperature,,c,2025-03-02,24.829166666666666,23.4,20.5,35.2,24,100.0,100.0
3099020,Dubai Motor City,,AE,Asia/Dubai,AirGradient,Akis,25.046136176968492,55.24946085563235,10877515,temperature c,temperature,,c,2025-03-03,25.616666666666664,23.65,21.2,37.6,24,100.0,100.0
3099020,Dubai Motor City,,AE,Asia/Dubai,AirGradient,Akis,25.046136176968492,55.24946085563235,10877515,temperature c,temperature,,c,2025-03-04,26.037499999999998,25.7,19.8,35.2,24,100.0,100.0
3099020,Dubai Motor City,,AE,Asia/Dubai,AirGradient,Akis,25.046136176968492,55.24946085563235,10877515,temperature c,temperature,,c,2025-03-05,25.925,25.75,22.7,30.7,24,100.0,100.0
3099020,Dubai Motor City,,AE,Asia/Dubai,AirGradient,Akis,25.046136176968492,55.24946085563235,10877515,temperature c,temperature,,c,2025-03-06,27.662499999999998,27.15,22.3,36.7,24,100.0,100.0
3099020,Dubai Motor City,,AE,Asia/Dubai,AirGradient,Akis,25.046136176968492,55.24946085563235,10877515,temperature c,temperature,,c,2025-03-07,30.454166666666666,30.0,23.9,42.4,24,100.0,100.0
3099020,Dubai Motor City,,AE,Asia/Dubai,AirGradient,Akis,25.046136176968492,55.24946085563235,10877515,temperature c,temperature,,c,2025-03-08,30.425,29.6,25.3,37.8,24,100.0,100.0
3099020,Dubai Motor City,,AE,Asia/Dubai,AirGradient,Akis,25.046136176968492,55.24946085563235,10877515,temperature c,temperature,,c,2025-03-09,29.0125,28.0,25.4,35.7,24,100.0,100.0
3099020,Dubai Motor City,,AE,Asia/Dubai,AirGradient,Akis,25.046136176968492,55.24946085563235,10877515,temperature c,temperature,,c,2025-03-10,27.349999999999998,27.4,24.8,30.5,24,100.0,100.0
3099020,Dubai Motor City,,AE,Asia/Dubai,AirGradient,Akis,25.046136176968492,55.24946085563235,10877515,temperature c,temperature,,c,2025-03-11,28.416666666666668,28.299999999999997,25.5,32.8,24,100.0,100.0
3099020,Dubai Motor City,,AE,Asia/Dubai,AirGradient,Akis,25.046136176968492,55.24946085563235,10877515,temperature c,temperature,,c,2025-03-12,28.96666666666667,28.15,26.2,33.7,24,100.0,100.0
3099020,Dubai Motor City,,AE,Asia/Dubai,AirGradient,Akis,25.046136176968492,55.24946085563235,10877515,temperature c,temperature,,c,2025-03-13,27.983333333333334,26.299999999999997,24.0,37.0,24,100.0,100.0
3099020,Dubai Motor City,,AE,Asia/Dubai,AirGradient,Akis,25.046136176968492,55.24946085563235,10877515,temperature c,temperature,,c,2025-03-14,26.9875,26.15,20.7,35.4,24,100.0,100.0
3099020,Dubai Motor City,,AE,Asia/Dubai,AirGradient,Akis,25.046136176968492,55.24946085563235,10877515,temperature c,temperature,,c,2025-03-15,27.054166666666664,26.25,21.4,36.5,24,100.0,100.0
3099020,Dubai Motor City,,AE,Asia/Dubai,AirGradient,Akis,25.046136176968492,55.24946085563235,10877515,temperature c,temperature,,c,2025-03-16,29.037499999999998,27.950000000000003,22.4,41.8,24,100.0,100.0
3099020,Dubai Motor City,,AE,Asia/Dubai,AirGradient,Akis,25.046136176968492,55.24946085563235,10877515,temperature c,temperature,,c,2025-03-17,26.34583333333333,26.200000000000003,24.7,28.4,24,100.0,100.0
3099020,Dubai Motor City,,AE,Asia/Dubai,AirGradient,Akis,25.046136176968492,55.24946085563235,10877515,temperature c,temperature,,c,2025-03-18,25.704166666666666,25.0,21.1,31.1,24,100.0,100.0
3099020,Dubai Motor City,,AE,Asia/Dubai,AirGradient,Akis,25.046136176968492,55.24946085563235,10877515,temperature c,temperature,,c,2025-03-19,27.462500000000002,26.45,20.8,39.8,24,100.0,100.0
3099020,Dubai Motor City,,AE,Asia/Dubai,AirGradient,Akis,25.046136176968492,55.24946085563235,10877515,temperature c,temperature,,c,2025-03-20,29.191666666666666,28.35,21.9,41.5,24,100.0,100.0
3099020,Dubai Motor City,,AE,Asia/Dubai,AirGradient,Akis,25.046136176968492,55.24946085563235,10877515,temperature c,temperature,,c,2025-03-21,29.875,29.55,23.4,37.7,24,100.0,100.0
3099020,Dubai Motor City,,AE,Asia/Dubai,AirGradient,Akis,25.046136176968492,55.24946085563235,10877515,temperature c,temperature,,c,2025-03-22,29.813333333333333,27.4,25.9,38.8,15,100.0,100.0
3099020,Dubai Motor City,,AE,Asia/Dubai,AirGradient,Akis,25.046136176968492,55.24946085563235,10877515,temperature c,temperature,,c,2025-03-23,29.372222222222224,28.15,26.3,33.5,18,100.0,100.0
3099020,Dubai Motor City,,AE,Asia/Dubai,AirGradient,Akis,25.046136176968492,55.24946085563235,10877515,temperature c,temperature,,c,2025-03-24,27.904761904761905,27.1,24.2,35.2,21,100.0,100.0
3099020,Dubai Motor City,,AE,Asia/Dubai,AirGradient,Akis,25.046136176968492,55.24946085563235,10877515,temperature c,temperature,,c,2025-03-25,26.258333333333336,24.15,22.8,38.4,24,100.0,100.0
3099020,Dubai Motor City,,AE,Asia/Dubai,AirGradient,Akis,25.046136176968492,55.24946085563235,10877515,temperature c,temperature,,c,2025-03-26,25.650000000000002,24.9,19.1,34.0,24,100.0,100.0
3099020,Dubai Motor City,,AE,Asia/Dubai,AirGradient,Akis,25.046136176968492,55.24946085563235,10877515,temperature c,temperature,,c,2025-03-27,26.96666666666667,26.45,20.9,38.3,24,100.0,100.0
3099020,Dubai Motor City,,AE,Asia/Dubai,AirGradient,Akis,25.046136176968492,55.24946085563235,10877515,temperature c,temperature,,c,2025-03-28,27.52916666666667,27.200000000000003,22.7,34.6,24,100.0,100.0
3099020,Dubai Motor City,,AE,Asia/Dubai,AirGradient,Akis,25.046136176968492,55.24946085563235,10877515,temperature c,temperature,,c,2025-03-29,28.733333333333334,27.5,23.1,35.7,24,100.0,100.0
3099020,Dubai Motor City,,AE,Asia/Dubai,AirGradient,Akis,25.046136176968492,55.24946085563235,10877515,temperature c,temperature,,c,2025-03-30,29.829166666666666,29.450000000000003,23.1,40.1,24,100.0,100.0
3099020,Dubai Motor City,,AE,Asia/Dubai,AirGradient,Akis,25.046136176968492,55.24946085563235,10877515,temperature c,temperature,,c,2025-03-31,30.379166666666666,29.55,24.1,39.0,24,100.0,100.0
3099020,Dubai Motor City,,AE,Asia/Dubai,AirGradient,Akis,25.046136176968492,55.24946085563235,10877515,temperature c,temperature,,c,2025-04-01,30.6125,28.7,24.4,42.1,24,100.0,100.0
3099020,Dubai Motor City,,AE,Asia/Dubai,AirGradient,Akis,25.046136176968492,55.24946085563235,10877515,temperature c,temperature,,c,2025-04-02,30.820833333333336,29.75,24.7,42.1,24,100.0,100.0
3099020,Dubai Motor City,,AE,Asia/Dubai,AirGradient,Akis,25.046136176968492,55.24946085563235,10877515,temperature c,temperature,,c,2025-04-03,30.870833333333334,30.05,25.2,38.6,24,100.0,100.0
3099020,Dubai Motor City,,AE,Asia/Dubai,AirGradient,Akis,25.046136176968492,55.24946085563235,10877515,temperature c,temperature,,c,2025-04-04,32.516666666666666,31.95,26.9,40.0,24,100.0,100.0
3099020,Dubai Motor City,,AE,Asia/Dubai,AirGradient,Akis,25.046136176968492,55.24946085563235,10877515,temperature c,temperature,,c,2025-04-05,32.791666666666664,31.75,27.2,41.5,24,100.0,100.0
3099020,Dubai Motor City,,AE,Asia/Dubai,AirGradient,Akis,25.046136176968492,55.24946085563235,10877515,temperature c,temperature,,c,2025-04-06,32.895833333333336,32.0,27.2,41.0,24,100.0,100.0
3099020,Dubai Motor City,,AE,Asia/Dubai,AirGradient,Akis,25.046136176968492,55.24946085563235,10877515,temperature c,temperature,,c,2025-04-07,33.3375,32.55,27.1,44.1,24,100.0,100.0
3099020,Dubai Motor City,,AE,Asia/Dubai,AirGradient,Akis,25.046136176968492,55.24946085563235,10877515,temperature c,temperature,,c,2025-04-08,32.520833333333336,31.900000000000002,26.6,41.3,24,100.0,100.0
3099020,Dubai Motor City,,AE,Asia/Dubai,AirGradient,Akis,25.046136176968492,55.24946085563235,10877515,temperature c,temperature,,c,2025-04-09,30.916666666666668,29.799999999999997,25.5,40.8,24,100.0,100.0
3099020,Dubai Motor City,,AE,Asia/Dubai,AirGradient,Akis,25.046136176968492,55.24946085563235,10877515,temperature c,temperature,,c,2025-04-10,30.28333333333333,30.299999999999997,24.7,38.3,24,100.0,100.0
3099020,Dubai Motor City,,AE,Asia/Dubai,AirGradient,Akis,25.046136176968492,55.24946085563235,10877515,temperature c,temperature,,c,2025-04-11,31.65833333333333,31.05,25.3,40.8,24,100.0,100.0
3099020,Dubai Motor City,,AE,Asia/Dubai,AirGradient,Akis,25.046136176968492,55.24946085563235,10877515,temperature c,temperature,,c,2025-04-12,33.041666666666664,32.3,27.5,41.6,24,100.0,100.0
3099020,Dubai Motor City,,AE,Asia/Dubai,AirGradient,Akis,25.046136176968492,55.24946085563235,10877515,temperature c,temperature,,c,2025-04-13,34.11666666666667,33.7,29.4,38.7,24,100.0,100.0
3099020,Dubai Motor City,,AE,Asia/Dubai,AirGradient,Akis,25.046136176968492,55.24946085563235,10877515,temperature c,temperature,,c,2025-04-14,34.516666666666666,33.7,29.6,40.7,24,100.0,100.0
3099020,Dubai Motor City,,AE,Asia/Dubai,AirGradient,Akis,25.046136176968492,55.24946085563235,10877515,temperature c,temperature,,c,2025-04-15,33.454166666666666,32.25,29.6,38.9,24,100.0,100.0
3099020,Dubai Motor City,,AE,Asia/Dubai,AirGradient,Akis,25.046136176968492,55.24946085563235,10877515,temperature c,temperature,,c,2025-04-16,31.791666666666668,30.7,28.3,36.3,24,100.0,100.0
3099020,Dubai Motor City,,AE,Asia/Dubai,AirGradient,Akis,25.046136176968492,55.24946085563235,10877515,temperature c,temperature,,c,2025-04-17,30.558333333333334,29.25,25.6,41.5,24,100.0,100.0
3099020,Dubai Motor City,,AE,Asia/Dubai,AirGradient,Akis,25.046136176968492,55.24946085563235,10877515,temperature c,temperature,,c,2025-04-18,29.75,28.200000000000003,26.7,38.6,24,100.0,100.0
3099020,Dubai Motor City,,AE,Asia/Dubai,AirGradient,Akis,25.046136176968492,55.24946085563235,10877515,temperature c,temperature,,c,2025-04-19,28.837500000000002,27.9,24.5,34.6,24,100.0,100.0
3099020,Dubai Motor City,,AE,Asia/Dubai,AirGradient,Akis,25.046136176968492,55.24946085563235,10877515,temperature c,temperature,,c,2025-04-20,29.233333333333334,28.5,23.7,37.6,24,100.0,100.0
3099020,Dubai Motor City,,AE,Asia/Dubai,AirGradient,Akis,25.046136176968492,55.24946085563235,10877515,temperature c,temperature,,c,2025-04-21,30.224999999999998,30.200000000000003,24.7,36.6,24,100.0,100.0
3099020,Dubai Motor City,,AE,Asia/Dubai,AirGradient,Akis,25.046136176968492,55.24946085563235,10877515,temperature c,temperature,,c,2025-04-22,31.545833333333334,32.15,25.3,38.8,24,100.0,100.0
3099020,Dubai Motor City,,AE,Asia/Dubai,AirGradient,Akis,25.046136176968492,55.24946085563235,10877515,temperature c,temperature,,c,2025-04-23,33.34166666666667,33.349999999999994,27.2,39.9,24,100.0,100.0
3099020,Dubai Motor City,,AE,Asia/Dubai,AirGradient,Akis,25.046136176968492,55.24946085563235,10877515,temperature c,temperature,,c,2025-04-24,32.2875,31.35,28.1,40.1,24,100.0,100.0
3099020,Dubai Motor City,,AE,Asia/Dubai,AirGradient,Akis,25.046136176968492,55.24946085563235,10877515,temperature c,temperature,,c,2025-04-25,32.020833333333336,31.45,25.6,40.7,24,100.0,100.0
3099020,Dubai Motor City,,AE,Asia/Dubai,AirGradient,Akis,25.046136176968492,55.24946085563235,10877515,temperature c,temperature,,c,2025-04-26,33.425000000000004,33.35,26.8,39.2,24,100.0,100.0
3099020,Dubai Motor City,,AE,Asia/Dubai,AirGradient,Akis,25.046136176968492,55.24946085563235,10877515,temperature c,temperature,,c,2025-04-27,34.80416666666667,34.75,29.6,39.7,24,100.0,100.0
3099020,Dubai Motor City,,AE,Asia/Dubai,AirGradient,Akis,25.046136176968492,55.24946085563235,10877515,temperature c,temperature,,c,2025-04-28,35.449999999999996,35.05,30.0,40.3,24,100.0,100.0
3099020,Dubai Motor City,,AE,Asia/Dubai,AirGradient,Akis,25.046136176968492,55.24946085563235,10877515,temperature c,temperature,,c,2025-04-29,35.733333333333334,35.099999999999994,30.3,42.9,24,100.0,100.0
3099020,Dubai Motor City,,AE,Asia/Dubai,AirGradient,Akis,25.046136176968492,55.24946085563235,10877515,temperature c,temperature,,c,2025-04-30,35.15416666666667,33.95,30.0,42.6,24,100.0,100.0
3099020,Dubai Motor City,,AE,Asia/Dubai,AirGradient,Akis,25.046136176968492,55.24946085563235,10877515,temperature c,temperature,,c,2025-05-01,35.37083333333333,33.9,30.0,46.6,24,100.0,100.0
3099020,Dubai Motor City,,AE,Asia/Dubai,AirGradient,Akis,25.046136176968492,55.24946085563235,10877515,temperature c,temperature,,c,2025-05-02,33.88333333333333,33.400000000000006,28.0,39.5,24,100.0,100.0
3099020,Dubai Motor City,,AE,Asia/Dubai,AirGradient,Akis,25.046136176968492,55.24946085563235,10877515,temperature c,temperature,,c,2025-05-03,33.958333333333336,34.15,27.9,39.4,24,100.0,100.0
3099020,Dubai Motor City,,AE,Asia/Dubai,AirGradient,Akis,25.046136176968492,55.24946085563235,10877515,temperature c,temperature,,c,2025-05-04,34.699999999999996,34.2,29.4,39.6,24,100.0,100.0
3099020,Dubai Motor City,,AE,Asia/Dubai,AirGradient,Akis,25.046136176968492,55.24946085563235,10877515,temperature c,temperature,,c,2025-05-05,34.862500000000004,35.0,29.7,40.1,24,100.0,100.0
3099020,Dubai Motor City,,AE,Asia/Dubai,AirGradient,Akis,25.046136176968492,55.24946085563235,10877515,temperature c,temperature,,c,2025-05-06,33.829166666666666,32.75,28.8,39.1,24,100.0,100.0
3099020,Dubai Motor City,,AE,Asia/Dubai,AirGradient,Akis,25.046136176968492,55.24946085563235,10877515,temperature c,temperature,,c,2025-05-07,31.954166666666666,31.4,28.3,37.3,24,100.0,100.0
3099020,Dubai Motor City,,AE,Asia/Dubai,AirGradient,Akis,25.046136176968492,55.24946085563235,10877515,temperature c,temperature,,c,2025-05-08,29.745833333333334,29.4,24.6,35.0,24,100.0,100.0
3099020,Dubai Motor City,,AE,Asia/Dubai,AirGradient,Akis,25.046136176968492,55.24946085563235,10877515,temperature c,temperature,,c,2025-05-09,30.270833333333332,30.549999999999997,23.9,35.1,24,100.0,100.0
3099020,Dubai Motor City,,AE,Asia/Dubai,AirGradient,Akis,25.046136176968492,55.24946085563235,10877515,temperature c,temperature,,c,2025-05-10,31.400000000000002,31.7,26.8,35.8,24,100.0,100.0
3099020,Dubai Motor City,,AE,Asia/Dubai,AirGradient,Akis,25.046136176968492,55.24946085563235,10877515,temperature c,temperature,,c,2025-05-11,32.7125,32.1,28.6,37.6,24,100.0,100.0
3099020,Dubai Motor City,,AE,Asia/Dubai,AirGradient,Akis,25.046136176968492,55.24946085563235,10877515,temperature c,temperature,,c,2025-05-12,33.612500000000004,34.0,28.3,38.2,24,100.0,100.0
3099020,Dubai Motor City,,AE,Asia/Dubai,AirGradient,Akis,25.046136176968492,55.24946085563235,10877515,temperature c,temperature,,c,2025-05-13,34.13333333333333,33.95,29.4,38.4,24,100.0,100.0
3099020,Dubai Motor City,,AE,Asia/Dubai,AirGradient,Akis,25.046136176968492,55.24946085563235,10877515,temperature c,temperature,,c,2025-05-14,32.77142857142857,31.4,30.4,38.8,7,100.0,100.0
3099020,Dubai Motor City,,AE,Asia/Dubai,AirGradient,Akis,25.046136176968492,55.24946085563235,10877515,temperature c,temperature,,c,2025-05-15,35.970588235294116,36.3,31.5,38.9,17,100.0,100.0
3099020,Dubai Motor City,,AE,Asia/Dubai,AirGradient,Akis,25.046136176968492,55.24946085563235,10877515,temperature c,temperature,,c,2025-05-16,33.512499999999996,33.7,28.9,38.0,24,100.0,100.0
3099020,Dubai Motor City,,AE,Asia/Dubai,AirGradient,Akis,25.046136176968492,55.24946085563235,10877515,temperature c,temperature,,c,2025-05-17,31.933333333333334,31.45,27.4,36.7,24,100.0,100.0
3099020,Dubai Motor City,,AE,Asia/Dubai,AirGradient,Akis,25.046136176968492,55.24946085563235,10877515,temperature c,temperature,,c,2025-05-18,31.554166666666664,32.1,26.4,35.6,24,100.0,100.0
3099020,Dubai Motor City,,AE,Asia/Dubai,AirGradient,Akis,25.046136176968492,55.24946085563235,10877515,temperature c,temperature,,c,2025-05-19,32.1625,31.85,27.9,37.2,24,100.0,100.0
3099020,Dubai Motor City,,AE,Asia/Dubai,AirGradient,Akis,25.046136176968492,55.24946085563235,10877515,temperature c,temperature,,c,2025-05-20,33.012499999999996,33.15,27.9,37.9,24,100.0,100.0
3099020,Dubai Motor City,,AE,Asia/Dubai,AirGradient,Akis,25.046136176968492,55.24946085563235,10877515,temperature c,temperature,,c,2025-05-21,33.762499999999996,33.15,28.7,38.8,24,100.0,100.0
3099020,Dubai Motor City,,AE,Asia/Dubai,AirGradient,Akis,25.046136176968492,55.24946085563235,10877515,temperature c,temperature,,c,2025-05-22,34.525,35.2,28.1,39.1,24,100.0,100.0
3099020,Dubai Motor City,,AE,Asia/Dubai,AirGradient,Akis,25.046136176968492,55.24946085563235,10877515,temperature c,temperature,,c,2025-05-23,35.766666666666666,35.349999999999994,30.5,41.2,24,100.0,100.0
3099020,Dubai Motor City,,AE,Asia/Dubai,AirGradient,Akis,25.046136176968492,55.24946085563235,10877515,temperature c,temperature,,c,2025-05-24,36.12916666666667,36.0,30.3,41.6,24,100.0,100.0
3099020,Dubai Motor City,,AE,Asia/Dubai,AirGradient,Akis,25.046136176968492,55.24946085563235,10877515,temperature c,temperature,,c,2025-05-25,35.55833333333333,35.4,30.2,41.2,24,100.0,100.0
3099020,Dubai Motor City,,AE,Asia/Dubai,AirGradient,Akis,25.046136176968492,55.24946085563235,10877515,temperature c,temperature,,c,2025-05-26,35.083333333333336,35.05,29.9,39.7,24,100.0,100.0
3099020,Dubai Motor City,,AE,Asia/Dubai,AirGradient,Akis,25.046136176968492,55.24946085563235,10877515,temperature c,temperature,,c,2025-05-27,33.84166666666667,33.5,29.7,38.4,24,100.0,100.0
3099020,Dubai Motor City,,AE,Asia/Dubai,AirGradient,Akis,25.046136176968492,55.24946085563235,10877515,temperature c,temperature,,c,2025-05-28,33.12083333333333,33.2,28.5,37.4,24,100.0,100.0
3099020,Dubai Motor City,,AE,Asia/Dubai,AirGradient,Akis,25.046136176968492,55.24946085563235,10877515,temperature c,temperature,,c,2025-05-29,34.2875,34.25,28.3,39.9,24,100.0,100.0
3099020,Dubai Motor City,,AE,Asia/Dubai,AirGradient,Akis,25.046136176968492,55.24946085563235,10877515,temperature c,temperature,,c,2025-05-30,35.3125,35.2,30.1,40.5,24,100.0,100.0
3099020,Dubai Motor City,,AE,Asia/Dubai,AirGradient,Akis,25.046136176968492,55.24946085563235,10877515,temperature c,temperature,,c,2025-05-31,34.38333333333333,34.05,29.9,38.3,24,100.0,100.0
3099020,Dubai Motor City,,AE,Asia/Dubai,AirGradient,Akis,25.046136176968492,55.24946085563235,10877515,temperature c,temperature,,c,2025-06-01,32.75,32.75,27.6,36.9,18,100.0,100.0
3099020,Dubai Motor City,,AE,Asia/Dubai,AirGradient,Akis,25.046136176968492,55.24946085563235,10877515,temperature c,temperature,,c,2025-06-02,36.6,37.75,32.6,39.4,8,100.0,100.0
3099020,Dubai Motor City,,AE,Asia/Dubai,AirGradient,Akis,25.046136176968492,55.24946085563235,10877515,temperature c,temperature,,c,2025-06-03,33.41111111111111,33.2,28.4,38.3,18,100.0,100.0
3099020,Dubai Motor City,,AE,Asia/Dubai,AirGradient,Akis,25.046136176968492,55.24946085563235,10877515,temperature c,temperature,,c,2025-06-04,32.86666666666667,32.15,29.3,36.8,24,100.0,100.0
3099020,Dubai Motor City,,AE,Asia/Dubai,AirGradient,Akis,25.046136176968492,55.24946085563235,10877515,temperature c,temperature,,c,2025-06-05,32.49583333333333,32.5,27.8,36.5,24,100.0,100.0
3099020,Dubai Motor City,,AE,Asia/Dubai,AirGradient,Akis,25.046136176968492,55.24946085563235,10877515,temperature c,temperature,,c,2025-06-06,31.912499999999998,31.65,26.6,35.6,24,100.0,100.0
3099020,Dubai Motor City,,AE,Asia/Dubai,AirGradient,Akis,25.046136176968492,55.24946085563235,10877515,temperature c,temperature,,c,2025-06-07,32.50833333333333,32.65,28.0,36.2,24,100.0,100.0
3099020,Dubai Motor City,,AE,Asia/Dubai,AirGradient,Akis,25.046136176968492,55.24946085563235,10877515,temperature c,temperature,,c,2025-06-08,33.420833333333334,33.2,30.6,36.6,24,100.0,100.0
3099020,Dubai Motor City,,AE,Asia/Dubai,AirGradient,Akis,25.046136176968492,55.24946085563235,10877515,temperature c,temperature,,c,2025-06-09,34.62916666666667,35.3,31.3,37.9,24,100.0,100.0
3099020,Dubai Motor City,,AE,Asia/Dubai,AirGradient,Akis,25.046136176968492,55.24946085563235,10877515,temperature c,temperature,,c,2025-06-10,36.112500000000004,36.25,31.8,39.5,24,100.0,100.0
3099020,Dubai Motor City,,AE,Asia/Dubai,AirGradient,Akis,25.046136176968492,55.24946085563235,10877515,temperature c,temperature,,c,2025-06-11,36.20869565217391,36.6,31.6,40.3,23,100.0,100.0
3099020,Dubai Motor City,,AE,Asia/Dubai,AirGradient,Akis,25.046136176968492,55.24946085563235,10877515,temperature c,temperature,,c,2025-06-12,36.61666666666667,35.6,32.2,40.7,24,100.0,100.0
3099020,Dubai Motor City,,AE,Asia/Dubai,AirGradient,Akis,25.046136176968492,55.24946085563235,10877515,temperature c,temperature,,c,2025-06-13,36.766666666666666,35.95,32.4,41.6,24,100.0,100.0
3099020,Dubai Motor City,,AE,Asia/Dubai,AirGradient,Akis,25.046136176968492,55.24946085563235,10877515,temperature c,temperature,,c,2025-06-14,36.229166666666664,36.05,31.3,41.2,24,100.0,100.0
3099020,Dubai Motor City,,AE,Asia/Dubai,AirGradient,Akis,25.046136176968492,55.24946085563235,10877515,temperature c,temperature,,c,2025-06-15,35.99583333333333,35.8,31.5,40.3,24,100.0,100.0
3099020,Dubai Motor City,,AE,Asia/Dubai,AirGradient,Akis,25.046136176968492,55.24946085563235,10877515,temperature c,temperature,,c,2025-06-16,36.05833333333333,36.75,31.9,39.8,24,100.0,100.0
3099020,Dubai Motor City,,AE,Asia/Dubai,AirGradient,Akis,25.046136176968492,55.24946085563235,10877515,temperature c,temperature,,c,2025-06-17,36.608333333333334,37.0,31.0,41.2,24,100.0,100.0
3099020,Dubai Motor City,,AE,Asia/Dubai,AirGradient,Akis,25.046136176968492,55.24946085563235,10877515,temperature c,temperature,,c,2025-06-18,35.69166666666667,35.55,30.9,39.1,24,100.0,100.0
3099020,Dubai Motor City,,AE,Asia/Dubai,AirGradient,Akis,25.046136176968492,55.24946085563235,10877515,temperature c,temperature,,c,2025-06-19,34.954166666666666,34.95,30.8,39.3,24,100.0,100.0
3099020,Dubai Motor City,,AE,Asia/Dubai,AirGradient,Akis,25.046136176968492,55.24946085563235,10877515,temperature c,temperature,,c,2025-06-20,34.65416666666667,34.6,31.4,39.2,24,100.0,100.0
3099020,Dubai Motor City,,AE,Asia/Dubai,AirGradient,Akis,25.046136176968492,55.24946085563235,10877515,temperature c,temperature,,c,2025-06-21,34.516666666666666,34.85,30.6,38.3,24,100.0,100.0
3099020,Dubai Motor City,,AE,Asia/Dubai,AirGradient,Akis,25.046136176968492,55.24946085563235,10877515,temperature c,temperature,,c,2025-06-22,34.7304347826087,34.8,29.7,38.4,23,100.0,100.0
3099020,Dubai Motor City,,AE,Asia/Dubai,AirGradient,Akis,25.046136176968492,55.24946085563235,10877515,temperature c,temperature,,c,2025-06-23,34.449999999999996,34.75,29.3,38.2,22,100.0,100.0
3099020,Dubai Motor City,,AE,Asia/Dubai,AirGradient,Akis,25.046136176968492,55.24946085563235,10877515,temperature c,temperature,,c,2025-06-24,34.354166666666664,34.25,29.0,38.5,24,100.0,100.0
3099020,Dubai Motor City,,AE,Asia/Dubai,AirGradient,Akis,25.046136176968492,55.24946085563235,10877515,temperature c,temperature,,c,2025-06-25,34.87,35.3,29.8,38.5,20,100.0,100.0
3099020,Dubai Motor City,,AE,Asia/Dubai,AirGradient,Akis,25.046136176968492,55.24946085563235,10877515,temperature c,temperature,,c,2025-06-26,34.84166666666667,35.05,30.7,38.6,24,100.0,100.0
3099020,Dubai Motor City,,AE,Asia/Dubai,AirGradient,Akis,25.046136176968492,55.24946085563235,10877515,temperature c,temperature,,c,2025-06-27,35.762499999999996,35.25,32.2,40.1,24,100.0,100.0
3099020,Dubai Motor City,,AE,Asia/Dubai,AirGradient,Akis,25.046136176968492,55.24946085563235,10877515,temperature c,temperature,,c,2025-06-28,36.137499999999996,35.75,32.6,40.5,24,100.0,100.0
3099020,Dubai Motor City,,AE,Asia/Dubai,AirGradient,Akis,25.046136176968492,55.24946085563235,10877515,temperature c,temperature,,c,2025-06-29,35.77916666666667,35.15,33.0,39.3,24,100.0,100.0
3099020,Dubai Motor City,,AE,Asia/Dubai,AirGradient,Akis,25.046136176968492,55.24946085563235,10877515,temperature c,temperature,,c,2025-06-30,34.7125,35.25,30.9,38.2,24,100.0,100.0
3099020,Dubai Motor City,,AE,Asia/Dubai,AirGradient,Akis,25.046136176968492,55.24946085563235,10877515,temperature c,temperature,,c,2025-07-01,35.925000000000004,36.65,31.2,39.4,24,100.0,100.0
3099020,Dubai Motor City,,AE,Asia/Dubai,AirGradient,Akis,25.046136176968492,55.24946085563235,10877515,temperature c,temperature,,c,2025-07-02,35.77916666666667,35.3,31.4,39.4,24,100.0,100.0
3099020,Dubai Motor City,,AE,Asia/Dubai,AirGradient,Akis,25.046136176968492,55.24946085563235,10877515,temperature c,temperature,,c,2025-07-03,34.56666666666667,34.25,30.8,38.0,24,100.0,100.0
3099020,Dubai Motor City,,AE,Asia/Dubai,AirGradient,Akis,25.046136176968492,55.24946085563235,10877515,temperature c,temperature,,c,2025-07-04,34.5,34.7,30.1,38.4,24,100.0,100.0
3099020,Dubai Motor City,,AE,Asia/Dubai,AirGradient,Akis,25.046136176968492,55.24946085563235,10877515,temperature c,temperature,,c,2025-07-05,34.125,33.6,32.4,37.7,16,100.0,100.0
3099020,Dubai Motor City,,AE,Asia/Dubai,AirGradient,Akis,25.046136176968492,55.24946085563235,10877515,temperature c,temperature,,c,2025-07-06,33.89523809523809,33.1,29.9,37.5,21,100.0,100.0
3099020,Dubai Motor City,,AE,Asia/Dubai,AirGradient,Akis,25.046136176968492,55.24946085563235,10877515,temperature c,temperature,,c,2025-07-07,33.512499999999996,33.55,29.2,37.1,24,100.0,100.0
3099020,Dubai Motor City,,AE,Asia/Dubai,AirGradient,Akis,25.046136176968492,55.24946085563235,10877515,temperature c,temperature,,c,2025-07-08,32.93888888888889,33.2,30.2,36.3,18,100.0,100.0
3099020,Dubai Motor City,,AE,Asia/Dubai,AirGradient,Akis,25.046136176968492,55.24946085563235,10877515,temperature c,temperature,,c,2025-07-09,34.77916666666666,35.2,30.8,37.7,24,100.0,100.0
3099020,Dubai Motor City,,AE,Asia/Dubai,AirGradient,Akis,25.046136176968492,55.24946085563235,10877515,temperature c,temperature,,c,2025-07-10,33.800000000000004,33.1,31.6,38.0,12,100.0,100.0
3099020,Dubai Motor City,,AE,Asia/Dubai,AirGradient,Akis,25.046136176968492,55.24946085563235,10877515,temperature c,temperature,,c,2025-07-11,35.52727272727273,35.900000000000006,31.2,39.8,22,100.0,100.0
3099020,Dubai Motor City,,AE,Asia/Dubai,AirGradient,Akis,25.046136176968492,55.24946085563235,10877515,temperature c,temperature,,c,2025-07-12,36.225,36.45,31.6,40.3,24,100.0,100.0
3099020,Dubai Motor City,,AE,Asia/Dubai,AirGradient,Akis,25.046136176968492,55.24946085563235,10877515,temperature c,temperature,,c,2025-07-13,36.84583333333333,36.9,33.0,41.1,24,100.0,100.0
3099020,Dubai Motor City,,AE,Asia/Dubai,AirGradient,Akis,25.046136176968492,55.24946085563235,10877515,temperature c,temperature,,c,2025-07-14,37.78333333333333,37.349999999999994,34.0,42.0,24,100.0,100.0
3099020,Dubai Motor City,,AE,Asia/Dubai,AirGradient,Akis,25.046136176968492,55.24946085563235,10877515,temperature c,temperature,,c,2025-07-15,38.34166666666667,38.25,34.4,42.4,24,100.0,100.0
3099020,Dubai Motor City,,AE,Asia/Dubai,AirGradient,Akis,25.046136176968492,55.24946085563235,10877515,temperature c,temperature,,c,2025-07-16,38.208333333333336,37.4,35.3,42.4,24,100.0,100.0
3099020,Dubai Motor City,,AE,Asia/Dubai,AirGradient,Akis,25.046136176968492,55.24946085563235,10877515,temperature c,temperature,,c,2025-07-17,37.604166666666664,37.599999999999994,32.7,42.2,24,100.0,100.0
3099020,Dubai Motor City,,AE,Asia/Dubai,AirGradient,Akis,25.046136176968492,55.24946085563235,10877515,temperature c,temperature,,c,2025-07-18,38.333333333333336,38.650000000000006,34.1,42.4,24,100.0,100.0
3099020,Dubai Motor City,,AE,Asia/Dubai,AirGradient,Akis,25.046136176968492,55.24946085563235,10877515,temperature c,temperature,,c,2025-07-19,38.02916666666667,37.6,34.5,42.1,24,100.0,100.0
3099020,Dubai Motor City,,AE,Asia/Dubai,AirGradient,Akis,25.046136176968492,55.24946085563235,10877515,temperature c,temperature,,c,2025-07-20,37.15,37.4,33.3,41.1,24,100.0,100.0
3099020,Dubai Motor City,,AE,Asia/Dubai,AirGradient,Akis,25.046136176968492,55.24946085563235,10877515,temperature c,temperature,,c,2025-07-21,38.25416666666667,38.650000000000006,34.6,42.1,24,100.0,100.0
3099020,Dubai Motor City,,AE,Asia/Dubai,AirGradient,Akis,25.046136176968492,55.24946085563235,10877515,temperature c,temperature,,c,2025-07-22,38.19583333333333,38.2,33.7,42.5,24,100.0,100.0
3099020,Dubai Motor City,,AE,Asia/Dubai,AirGradient,Akis,25.046136176968492,55.24946085563235,10877515,temperature c,temperature,,c,2025-07-23,37.229166666666664,36.75,33.9,40.7,24,100.0,100.0
3099020,Dubai Motor City,,AE,Asia/Dubai,AirGradient,Akis,25.046136176968492,55.24946085563235,10877515,temperature c,temperature,,c,2025-07-24,36.479166666666664,36.65,32.4,39.6,24,100.0,100.0
3099020,Dubai Motor City,,AE,Asia/Dubai,AirGradient,Akis,25.046136176968492,55.24946085563235,10877515,temperature c,temperature,,c,2025-07-25,37.516666666666666,37.35,32.8,41.5,24,100.0,100.0
3099020,Dubai Motor City,,AE,Asia/Dubai,AirGradient,Akis,25.046136176968492,55.24946085563235,10877515,temperature c,temperature,,c,2025-07-26,38.104166666666664,38.6,33.7,41.8,24,100.0,100.0
3099020,Dubai Motor City,,AE,Asia/Dubai,AirGradient,Akis,25.046136176968492,55.24946085563235,10877515,temperature c,temperature,,c,2025-07-27,38.791666666666664,38.55,35.0,42.7,24,100.0,100.0
3099020,Dubai Motor City,,AE,Asia/Dubai,AirGradient,Akis,25.046136176968492,55.24946085563235,10877515,temperature c,temperature,,c,2025-07-28,38.94166666666667,39.349999999999994,35.0,43.3,24,100.0,100.0
3099020,Dubai Motor City,,AE,Asia/Dubai,AirGradient,Akis,25.046136176968492,55.24946085563235,10877515,temperature c,temperature,,c,2025-07-29,38.81666666666667,37.95,35.9,43.2,24,100.0,100.0
3099020,Dubai Motor City,,AE,Asia/Dubai,AirGradient,Akis,25.046136176968492,55.24946085563235,10877515,temperature c,temperature,,c,2025-07-30,37.99166666666667,37.55,34.5,42.2,24,100.0,100.0
3099020,Dubai Motor City,,AE,Asia/Dubai,AirGradient,Akis,25.046136176968492,55.24946085563235,10877515,temperature c,temperature,,c,2025-07-31,38.4125,39.099999999999994,33.7,42.4,24,100.0,100.0
3099020,Dubai Motor City,,AE,Asia/Dubai,AirGradient,Akis,25.046136176968492,55.24946085563235,10877515,temperature c,temperature,,c,2025-08-01,38.479166666666664,38.05,34.1,42.4,24,100.0,100.0
3099020,Dubai Motor City,,AE,Asia/Dubai,AirGradient,Akis,25.046136176968492,55.24946085563235,10877515,temperature c,temperature,,c,2025-08-02,37.82083333333333,38.150000000000006,33.0,42.3,24,100.0,100.0
3099020,Dubai Motor City,,AE,Asia/Dubai,AirGradient,Akis,25.046136176968492,55.24946085563235,10877515,temperature c,temperature,,c,2025-08-03,38.391666666666666,38.3,34.5,42.4,24,100.0,100.0
3099020,Dubai Motor City,,AE,Asia/Dubai,AirGradient,Akis,25.046136176968492,55.24946085563235,10877515,temperature c,temperature,,c,2025-08-04,37.75416666666667,37.5,33.0,41.3,24,100.0,100.0
3099020,Dubai Motor City,,AE,Asia/Dubai,AirGradient,Akis,25.046136176968492,55.24946085563235,10877515,temperature c,temperature,,c,2025-08-05,37.69166666666667,37.900000000000006,34.1,41.5,24,100.0,100.0
3099020,Dubai Motor City,,AE,Asia/Dubai,AirGradient,Akis,25.046136176968492,55.24946085563235,10877515,temperature c,temperature,,c,2025-08-06,37.983333333333334,37.85,34.6,41.6,24,100.0,100.0
3099020,Dubai Motor City,,AE,Asia/Dubai,AirGradient,Akis,25.046136176968492,55.24946085563235,10877515,temperature c,temperature,,c,2025-08-07,37.85,37.85,33.9,41.9,24,100.0,100.0
3099020,Dubai Motor City,,AE,Asia/Dubai,AirGradient,Akis,25.046136176968492,55.24946085563235,10877515,temperature c,temperature,,c,2025-08-08,37.31666666666667,37.3,33.0,41.4,24,100.0,100.0
3099020,Dubai Motor City,,AE,Asia/Dubai,AirGradient,Akis,25.046136176968492,55.24946085563235,10877515,temperature c,temperature,,c,2025-08-09,37.84583333333333,37.599999999999994,34.7,41.5,24,100.0,100.0
3099020,Dubai Motor City,,AE,Asia/Dubai,AirGradient,Akis,25.046136176968492,55.24946085563235,10877515,temperature c,temperature,,c,2025-08-10,37.80833333333333,37.65,34.2,41.6,24,100.0,100.0
3099020,Dubai Motor City,,AE,Asia/Dubai,AirGradient,Akis,25.046136176968492,55.24946085563235,10877515,temperature c,temperature,,c,2025-08-11,37.57083333333333,37.5,33.9,41.1,24,100.0,100.0
3099020,Dubai Motor City,,AE,Asia/Dubai,AirGradient,Akis,25.046136176968492,55.24946085563235,10877515,temperature c,temperature,,c,2025-08-12,37.67916666666667,37.3,33.7,41.4,24,100.0,100.0
3099020,Dubai Motor City,,AE,Asia/Dubai,AirGradient,Akis,25.046136176968492,55.24946085563235,10877515,temperature c,temperature,,c,2025-08-13,37.72083333333334,37.35,33.1,43.1,24,100.0,100.0
3099020,Dubai Motor City,,AE,Asia/Dubai,AirGradient,Akis,25.046136176968492,55.24946085563235,10877515,temperature c,temperature,,c,2025-08-14,37.737500000000004,37.7,33.1,42.6,24,100.0,100.0
3099020,Dubai Motor City,,AE,Asia/Dubai,AirGradient,Akis,25.046136176968492,55.24946085563235,10877515,temperature c,temperature,,c,2025-08-15,36.829166666666666,36.599999999999994,33.1,40.3,24,100.0,100.0
3099020,Dubai Motor City,,AE,Asia/Dubai,AirGradient,Akis,25.046136176968492,55.24946085563235,10877515,temperature c,temperature,,c,2025-08-16,36.55833333333333,36.85,31.7,41.5,24,100.0,100.0
3099020,Dubai Motor City,,AE,Asia/Dubai,AirGradient,Akis,25.046136176968492,55.24946085563235,10877515,temperature c,temperature,,c,2025-08-17,37.80416666666667,37.099999999999994,33.9,41.8,24,100.0,100.0
3099020,Dubai Motor City,,AE,Asia/Dubai,AirGradient,Akis,25.046136176968492,55.24946085563235,10877515,temperature c,temperature,,c,2025-08-18,37.18333333333333,37.0,34.0,40.6,24,100.0,100.0
3099020,Dubai Motor City,,AE,Asia/Dubai,AirGradient,Akis,25.046136176968492,55.24946085563235,10877515,temperature c,temperature,,c,2025-08-19,36.55416666666667,36.3,33.1,40.4,24,100.0,100.0
3099020,Dubai Motor City,,AE,Asia/Dubai,AirGradient,Akis,25.046136176968492,55.24946085563235,10877515,temperature c,temperature,,c,2025-08-20,36.641666666666666,36.85,33.8,40.1,24,100.0,100.0
3099020,Dubai Motor City,,AE,Asia/Dubai,AirGradient,Akis,25.046136176968492,55.24946085563235,10877515,temperature c,temperature,,c,2025-08-21,36.02916666666667,35.6,33.0,39.9,24,100.0,100.0
3099020,Dubai Motor City,,AE,Asia/Dubai,AirGradient,Akis,25.046136176968492,55.24946085563235,10877515,temperature c,temperature,,c,2025-08-22,36.18333333333333,36.0,32.1,40.8,24,100.0,100.0
3099020,Dubai Motor City,,AE,Asia/Dubai,AirGradient,Akis,25.046136176968492,55.24946085563235,10877515,temperature c,temperature,,c,2025-08-23,36.82083333333333,36.15,32.9,40.9,24,100.0,100.0
3099020,Dubai Motor City,,AE,Asia/Dubai,AirGradient,Akis,25.046136176968492,55.24946085563235,10877515,temperature c,temperature,,c,2025-08-24,36.36666666666667,36.0,32.6,40.7,24,100.0,100.0
3099020,Dubai Motor City,,AE,Asia/Dubai,AirGradient,Akis,25.046136176968492,55.24946085563235,10877515,temperature c,temperature,,c,2025-08-25,35.666666666666664,34.85,32.1,40.1,24,100.0,100.0
3099020,Dubai Motor City,,AE,Asia/Dubai,AirGradient,Akis,25.046136176968492,55.24946085563235,10877515,temperature c,temperature,,c,2025-08-26,37.55833333333333,37.900000000000006,33.0,42.8,24,100.0,100.0
3099020,Dubai Motor City,,AE,Asia/Dubai,AirGradient,Akis,25.046136176968492,55.24946085563235,10877515,temperature c,temperature,,c,2025-08-27,37.458333333333336,37.75,33.0,41.4,24,100.0,100.0
3099020,Dubai Motor City,,AE,Asia/Dubai,AirGradient,Akis,25.046136176968492,55.24946085563235,10877515,temperature c,temperature,,c,2025-08-28,37.704166666666666,37.8,33.7,41.8,24,100.0,100.0
3099020,Dubai Motor City,,AE,Asia/Dubai,AirGradient,Akis,25.046136176968492,55.24946085563235,10877515,temperature c,temperature,,c,2025-08-29,38.36666666666667,37.4,34.0,42.7,24,100.0,100.0
3099020,Dubai Motor City,,AE,Asia/Dubai,AirGradient,Akis,25.046136176968492,55.24946085563235,10877515,temperature c,temperature,,c,2025-08-30,37.979166666666664,37.35,33.0,42.6,24,100.0,100.0
3099020,Dubai Motor City,,AE,Asia/Dubai,AirGradient,Akis,25.046136176968492,55.24946085563235,10877515,temperature c,temperature,,c,2025-08-31,38.0875,37.099999999999994,33.7,42.1,24,100.0,100.0
3099020,Dubai Motor City,,AE,Asia/Dubai,AirGradient,Akis,25.046136176968492,55.24946085563235,10877515,temperature c,temperature,,c,2025-09-01,37.458333333333336,36.4,33.0,42.2,24,100.0,100.0
3099020,Dubai Motor City,,AE,Asia/Dubai,AirGradient,Akis,25.046136176968492,55.24946085563235,10877515,temperature c,temperature,,c,2025-09-02,36.775,36.05,32.8,41.9,24,100.0,100.0
3099020,Dubai Motor City,,AE,Asia/Dubai,AirGradient,Akis,25.046136176968492,55.24946085563235,10877515,temperature c,temperature,,c,2025-09-03,36.59583333333333,36.75,31.6,41.5,24,100.0,100.0
3099020,Dubai Motor City,,AE,Asia/Dubai,AirGradient,Akis,25.046136176968492,55.24946085563235,10877515,temperature c,temperature,,c,2025-09-04,36.574999999999996,36.5,31.5,41.8,24,100.0,100.0
3099020,Dubai Motor City,,AE,Asia/Dubai,AirGradient,Akis,25.046136176968492,55.24946085563235,10877515,temperature c,temperature,,c,2025-09-05,37.02916666666667,37.05,32.4,42.1,24,100.0,100.0
3099020,Dubai Motor City,,AE,Asia/Dubai,AirGradient,Akis,25.046136176968492,55.24946085563235,10877515,temperature c,temperature,,c,2025-09-06,38.016666666666666,37.0,34.4,42.0,24,100.0,100.0
3099020,Dubai Motor City,,AE,Asia/Dubai,AirGradient,Akis,25.046136176968492,55.24946085563235,10877515,temperature c,temperature,,c,2025-09-07,35.81666666666667,35.7,32.1,39.3,24,100.0,100.0
3099020,Dubai Motor City,,AE,Asia/Dubai,AirGradient,Akis,25.046136176968492,55.24946085563235,10877515,temperature c,temperature,,c,2025-09-08,35.21578947368421,34.8,31.0,40.4,19,100.0,100.0
3099020,Dubai Motor City,,AE,Asia/Dubai,AirGradient,Akis,25.046136176968492,55.24946085563235,10877515,temperature c,temperature,,c,2025-09-09,36.583333333333336,36.150000000000006,32.8,41.4,24,100.0,100.0
3099020,Dubai Motor City,,AE,Asia/Dubai,AirGradient,Akis,25.046136176968492,55.24946085563235,10877515,temperature c,temperature,,c,2025-09-10,36.11666666666667,35.849999999999994,31.9,40.7,24,100.0,100.0
3099020,Dubai Motor City,,AE,Asia/Dubai,AirGradient,Akis,25.046136176968492,55.24946085563235,10877515,temperature c,temperature,,c,2025-09-11,36.05833333333333,35.65,31.2,40.7,24,100.0,100.0
3099020,Dubai Motor City,,AE,Asia/Dubai,AirGradient,Akis,25.046136176968492,55.24946085563235,10877515,temperature c,temperature,,c,2025-09-12,34.475,33.35,32.0,38.9,24,100.0,100.0
3099020,Dubai Motor City,,AE,Asia/Dubai,AirGradient,Akis,25.046136176968492,55.24946085563235,10877515,temperature c,temperature,,c,2025-09-13,34.612500000000004,33.849999999999994,30.9,39.0,24,100.0,100.0
3099020,Dubai Motor City,,AE,Asia/Dubai,AirGradient,Akis,25.046136176968492,55.24946085563235,10877515,temperature c,temperature,,c,2025-09-14,34.34583333333333,34.5,30.2,38.4,24,100.0,100.0
3099020,Dubai Motor City,,AE,Asia/Dubai,AirGradient,Akis,25.046136176968492,55.24946085563235,10877515,temperature c,temperature,,c,2025-09-15,34.62083333333333,34.7,30.3,38.2,24,100.0,100.0
3099020,Dubai Motor City,,AE,Asia/Dubai,AirGradient,Akis,25.046136176968492,55.24946085563235,10877515,temperature c,temperature,,c,2025-09-16,35.75,35.150000000000006,31.6,40.2,24,100.0,100.0
3099020,Dubai Motor City,,AE,Asia/Dubai,AirGradient,Akis,25.046136176968492,55.24946085563235,10877515,temperature c,temperature,,c,2025-09-17,36.44583333333333,35.25,32.7,42.2,24,100.0,100.0
3099020,Dubai Motor City,,AE,Asia/Dubai,AirGradient,Akis,25.046136176968492,55.24946085563235,10877515,temperature c,temperature,,c,2025-09-18,35.90416666666667,35.25,30.8,41.8,24,100.0,100.0
3099020,Dubai Motor City,,AE,Asia/Dubai,AirGradient,Akis,25.046136176968492,55.24946085563235,10877515,temperature c,temperature,,c,2025-09-19,35.87916666666667,34.900000000000006,30.7,44.0,24,100.0,100.0
3099020,Dubai Motor City,,AE,Asia/Dubai,AirGradient,Akis,25.046136176968492,55.24946085563235,10877515,temperature c,temperature,,c,2025-09-20,35.833333333333336,34.75,32.4,40.0,24,100.0,100.0
3099020,Dubai Motor City,,AE,Asia/Dubai,AirGradient,Akis,25.046136176968492,55.24946085563235,10877515,temperature c,temperature,,c,2025-09-21,36.375,35.95,31.8,41.4,24,100.0,100.0
3099020,Dubai Motor City,,AE,Asia/Dubai,AirGradient,Akis,25.046136176968492,55.24946085563235,10877515,temperature c,temperature,,c,2025-09-22,36.300000000000004,35.55,31.9,42.1,24,100.0,100.0
3099020,Dubai Motor City,,AE,Asia/Dubai,AirGradient,Akis,25.046136176968492,55.24946085563235,10877515,temperature c,temperature,,c,2025-09-23,36.012499999999996,34.8,31.8,40.6,24,100.0,100.0
3099020,Dubai Motor City,,AE,Asia/Dubai,AirGradient,Akis,25.046136176968492,55.24946085563235,10877515,temperature c,temperature,,c,2025-09-24,35.35,34.05,30.2,43.1,24,100.0,100.0
3099020,Dubai Motor City,,AE,Asia/Dubai,AirGradient,Akis,25.046136176968492,55.24946085563235,10877515,temperature c,temperature,,c,2025-09-25,34.52916666666667,34.2,29.0,39.9,24,100.0,100.0
3099020,Dubai Motor City,,AE,Asia/Dubai,AirGradient,Akis,25.046136176968492,55.24946085563235,10877515,temperature c,temperature,,c,2025-09-26,35.708333333333336,35.0,30.9,42.8,24,100.0,100.0
3099020,Dubai Motor City,,AE,Asia/Dubai,AirGradient,Akis,25.046136176968492,55.24946085563235,10877515,temperature c,temperature,,c,2025-09-27,35.22272727272727,35.05,32.1,38.8,22,100.0,100.0
3099020,Dubai Motor City,,AE,Asia/Dubai,AirGradient,Akis,25.046136176968492,55.24946085563235,10877515,temperature c,temperature,,c,2025-09-28,35.59047619047619,34.9,30.8,40.8,21,100.0,100.0
3099020,Dubai Motor City,,AE,Asia/Dubai,AirGradient,Akis,25.046136176968492,55.24946085563235,10877515,temperature c,temperature,,c,2025-09-29,35.778260869565216,34.7,30.4,43.8,23,100.0,100.0
3099020,Dubai Motor City,,AE,Asia/Dubai,AirGradient,Akis,25.046136176968492,55.24946085563235,10877515,temperature c,temperature,,c,2025-09-30,35.017391304347825,34.2,30.0,41.3,23,100.0,100.0
3099020,Dubai Motor City,,AE,Asia/Dubai,AirGradient,Akis,25.046136176968492,55.24946085563235,10877515,temperature c,temperature,,c,2025-10-01,34.020833333333336,33.45,29.1,40.1,24,100.0,100.0
3099020,Dubai Motor City,,AE,Asia/Dubai,AirGradient,Akis,25.046136176968492,55.24946085563235,10877515,temperature c,temperature,,c,2025-10-02,34.3375,33.4,29.2,41.1,24,100.0,100.0
3099020,Dubai Motor City,,AE,Asia/Dubai,AirGradient,Akis,25.046136176968492,55.24946085563235,10877515,temperature c,temperature,,c,2025-10-03,34.699999999999996,34.05,29.8,40.3,24,100.0,100.0
3099020,Dubai Motor City,,AE,Asia/Dubai,AirGradient,Akis,25.046136176968492,55.24946085563235,10877515,temperature c,temperature,,c,2025-10-04,34.34347826086957,33.9,29.6,40.6,23,100.0,100.0
3099020,Dubai Motor City,,AE,Asia/Dubai,AirGradient,Akis,25.046136176968492,55.24946085563235,10877515,temperature c,temperature,,c,2025-10-05,34.12916666666667,33.55,29.0,41.1,24,100.0,100.0
3099020,Dubai Motor City,,AE,Asia/Dubai,AirGradient,Akis,25.046136176968492,55.24946085563235,10877515,temperature c,temperature,,c,2025-10-06,34.30833333333333,33.45,29.3,41.2,24,100.0,100.0
3099020,Dubai Motor City,,AE,Asia/Dubai,AirGradient,Akis,25.046136176968492,55.24946085563235,10877515,temperature c,temperature,,c,2025-10-07,34.237500000000004,33.6,30.0,39.3,24,100.0,100.0
3099020,Dubai Motor City,,AE,Asia/Dubai,AirGradient,Akis,25.046136176968492,55.24946085563235,10877515,temperature c,temperature,,c,2025-10-08,33.90416666666667,33.599999999999994,29.8,38.7,24,100.0,100.0
3099020,Dubai Motor City,,AE,Asia/Dubai,AirGradient,Akis,25.046136176968492,55.24946085563235,10877515,temperature c,temperature,,c,2025-10-09,33.65416666666667,33.8,28.2,37.7,24,100.0,100.0
3099020,Dubai Motor City,,AE,Asia/Dubai,AirGradient,Akis,25.046136176968492,55.24946085563235,10877515,temperature c,temperature,,c,2025-10-10,33.92916666666667,33.8,28.5,38.2,24,100.0,100.0
3099020,Dubai Motor City,,AE,Asia/Dubai,AirGradient,Akis,25.046136176968492,55.24946085563235,10877515,temperature c,temperature,,c,2025-10-11,33.28260869565217,33.1,29.0,37.3,23,100.0,100.0
3099020,Dubai Motor City,,AE,Asia/Dubai,AirGradient,Akis,25.046136176968492,55.24946085563235,10877515,temperature c,temperature,,c,2025-10-12,33.5375,32.3,30.2,37.5,24,100.0,100.0
3099020,Dubai Motor City,,AE,Asia/Dubai,AirGradient,Akis,25.046136176968492,55.24946085563235,10877515,temperature c,temperature,,c,2025-10-13,33.045833333333334,32.6,30.9,36.7,24,100.0,100.0
3099020,Dubai Motor City,,AE,Asia/Dubai,AirGradient,Akis,25.046136176968492,55.24946085563235,10877515,temperature c,temperature,,c,2025-10-14,34.541666666666664,33.7,30.0,41.3,24,100.0,100.0
3099020,Dubai Motor City,,AE,Asia/Dubai,AirGradient,Akis,25.046136176968492,55.24946085563235,10877515,temperature c,temperature,,c,2025-10-15,33.829166666666666,33.25,28.8,39.7,24,100.0,100.0
3099020,Dubai Motor City,,AE,Asia/Dubai,AirGradient,Akis,25.046136176968492,55.24946085563235,10877515,temperature c,temperature,,c,2025-10-16,32.645833333333336,32.75,28.4,36.4,24,100.0,100.0
3099020,Dubai Motor City,,AE,Asia/Dubai,AirGradient,Akis,25.046136176968492,55.24946085563235,10877515,temperature c,temperature,,c,2025-10-17,32.65,32.7,28.9,36.4,24,100.0,100.0
3099020,Dubai Motor City,,AE,Asia/Dubai,AirGradient,Akis,25.046136176968492,55.24946085563235,10877515,temperature c,temperature,,c,2025-10-18,32.979166666666664,32.9,29.3,37.2,24,100.0,100.0
3099020,Dubai Motor City,,AE,Asia/Dubai,AirGradient,Akis,25.046136176968492,55.24946085563235,10877515,temperature c,temperature,,c,2025-10-19,33.12916666666667,32.55,28.3,39.5,24,100.0,100.0
3099020,Dubai Motor City,,AE,Asia/Dubai,AirGradient,Akis,25.046136176968492,55.24946085563235,10877515,temperature c,temperature,,c,2025-10-20,32.76190476190476,32.7,29.0,37.9,21,100.0,100.0
3099020,Dubai Motor City,,AE,Asia/Dubai,AirGradient,Akis,25.046136176968492,55.24946085563235,10877515,temperature c,temperature,,c,2025-10-21,33.375,32.8,29.1,38.5,24,100.0,100.0
3099020,Dubai Motor City,,AE,Asia/Dubai,AirGradient,Akis,25.046136176968492,55.24946085563235,10877515,temperature c,temperature,,c,2025-10-22,33.74583333333333,33.1,29.7,39.9,24,100.0,100.0
3099020,Dubai Motor City,,AE,Asia/Dubai,AirGradient,Akis,25.046136176968492,55.24946085563235,10877515,temperature c,temperature,,c,2025-10-23,33.59166666666667,32.75,28.8,39.0,24,100.0,100.0
3099020,Dubai Motor City,,AE,Asia/Dubai,AirGradient,Akis,25.046136176968492,55.24946085563235,10877515,temperature c,temperature,,c,2025-10-24,33.43333333333333,32.6,29.1,39.5,24,100.0,100.0
3099020,Dubai Motor City,,AE,Asia/Dubai,AirGradient,Akis,25.046136176968492,55.24946085563235,10877515,temperature c,temperature,,c,2025-10-25,32.81666666666667,32.4,28.5,38.2,24,100.0,100.0
3099020,Dubai Motor City,,AE,Asia/Dubai,AirGradient,Akis,25.046136176968492,55.24946085563235,10877515,temperature c,temperature,,c,2025-10-26,32.665217391304346,32.3,27.8,39.0,23,100.0,100.0
3099020,Dubai Motor City,,AE,Asia/Dubai,AirGradient,Akis,25.046136176968492,55.24946085563235,10877515,temperature c,temperature,,c,2025-10-27,32.550000000000004,32.4,28.5,38.2,24,100.0,100.0
3099020,Dubai Motor City,,AE,Asia/Dubai,AirGradient,Akis,25.046136176968492,55.24946085563235,10877515,temperature c,temperature,,c,2025-10-28,32.87916666666667,32.650000000000006,28.7,38.9,24,100.0,100.0
3099020,Dubai Motor City,,AE,Asia/Dubai,AirGradient,Akis,25.046136176968492,55.24946085563235,10877515,temperature c,temperature,,c,2025-10-29,33.00416666666667,32.5,28.0,39.1,24,100.0,100.0
3099020,Dubai Motor City,,AE,Asia/Dubai,AirGradient,Akis,25.046136176968492,55.24946085563235,10877515,temperature c,temperature,,c,2025-10-30,32.78333333333333,32.4,27.7,38.2,24,100.0,100.0
3099020,Dubai Motor City,,AE,Asia/Dubai,AirGradient,Akis,25.046136176968492,55.24946085563235,10877515,temperature c,temperature,,c,2025-10-31,32.74166666666667,31.9,29.1,38.5,24,100.0,100.0
3099020,Dubai Motor City,,AE,Asia/Dubai,AirGradient,Akis,25.046136176968492,55.24946085563235,10877515,temperature c,temperature,,c,2025-11-01,32.608333333333334,32.150000000000006,28.2,38.2,24,100.0,100.0
3099020,Dubai Motor City,,AE,Asia/Dubai,AirGradient,Akis,25.046136176968492,55.24946085563235,10877515,temperature c,temperature,,c,2025-11-02,32.358333333333334,31.9,28.1,38.2,24,100.0,100.0
3099020,Dubai Motor City,,AE,Asia/Dubai,AirGradient,Akis,25.046136176968492,55.24946085563235,10877515,temperature c,temperature,,c,2025-11-03,31.145833333333332,31.55,26.0,35.2,24,100.0,100.0
3099020,Dubai Motor City,,AE,Asia/Dubai,AirGradient,Akis,25.046136176968492,55.24946085563235,10877515,temperature c,temperature,,c,2025-11-04,31.458333333333332,31.0,26.5,36.3,24,100.0,100.0
3099020,Dubai Motor City,,AE,Asia/Dubai,AirGradient,Akis,25.046136176968492,55.24946085563235,10877515,temperature c,temperature,,c,2025-11-05,31.721739130434784,31.2,28.3,36.6,23,100.0,100.0
3099020,Dubai Motor City,,AE,Asia/Dubai,AirGradient,Akis,25.046136176968492,55.24946085563235,10877515,temperature c,temperature,,c,2025-11-06,31.358333333333334,31.049999999999997,27.3,35.2,24,100.0,100.0
3099020,Dubai Motor City,,AE,Asia/Dubai,AirGradient,Akis,25.046136176968492,55.24946085563235,10877515,temperature c,temperature,,c,2025-11-07,30.241666666666664,30.1,25.7,33.6,24,100.0,100.0
3099020,Dubai Motor City,,AE,Asia/Dubai,AirGradient,Akis,25.046136176968492,55.24946085563235,10877515,temperature c,temperature,,c,2025-11-08,29.895454545454548,29.700000000000003,25.8,34.4,22,100.0,100.0
3099020,Dubai Motor City,,AE,Asia/Dubai,AirGradient,Akis,25.046136176968492,55.24946085563235,10877515,temperature c,temperature,,c,2025-11-09,30.71666666666667,30.9,25.6,36.1,24,100.0,100.0
3099020,Dubai Motor City,,AE,Asia/Dubai,AirGradient,Akis,25.046136176968492,55.24946085563235,10877515,temperature c,temperature,,c,2025-11-10,30.804166666666664,30.75,26.4,35.5,24,100.0,100.0
3099020,Dubai Motor City,,AE,Asia/Dubai,AirGradient,Akis,25.046136176968492,55.24946085563235,10877515,temperature c,temperature,,c,2025-11-11,30.5125,30.549999999999997,25.9,34.9,24,100.0,100.0
3099020,Dubai Motor City,,AE,Asia/Dubai,AirGradient,Akis,25.046136176968492,55.24946085563235,10877515,temperature c,temperature,,c,2025-11-12,29.438888888888886,29.5,25.5,36.2,18,100.0,100.0
3099020,Dubai Motor City,,AE,Asia/Dubai,AirGradient,Akis,25.046136176968492,55.24946085563235,10877515,temperature c,temperature,,c,2025-11-13,30.3,30.0,26.4,34.8,23,100.0,100.0
3099020,Dubai Motor City,,AE,Asia/Dubai,AirGradient,Akis,25.046136176968492,55.24946085563235,10877515,temperature c,temperature,,c,2025-11-14,28.773333333333333,29.0,25.3,31.2,15,100.0,100.0
3099020,Dubai Motor City,,AE,Asia/Dubai,AirGradient,Akis,25.046136176968492,55.24946085563235,10877515,temperature c,temperature,,c,2025-11-15,30.3125,30.35,25.6,35.3,24,100.0,100.0
3099020,Dubai Motor City,,AE,Asia/Dubai,AirGradient,Akis,25.046136176968492,55.24946085563235,10877515,temperature c,temperature,,c,2025-11-16,30.36086956521739,30.5,25.9,34.3,23,100.0,100.0
3099020,Dubai Motor City,,AE,Asia/Dubai,AirGradient,Akis,25.046136176968492,55.24946085563235,10877515,temperature c,temperature,,c,2025-11-17,30.122727272727275,29.7,26.4,35.4,22,100.0,100.0
3099020,Dubai Motor City,,AE,Asia/Dubai,AirGradient,Akis,25.046136176968492,55.24946085563235,10877515,temperature c,temperature,,c,2025-11-18,29.869565217391305,29.8,25.7,34.7,23,100.0,100.0
3099020,Dubai Motor City,,AE,Asia/Dubai,AirGradient,Akis,25.046136176968492,55.24946085563235,10877515,temperature c,temperature,,c,2025-11-19,30.09166666666667,30.25,25.6,35.0,24,100.0,100.0
3099020,Dubai Motor City,,AE,Asia/Dubai,AirGradient,Akis,25.046136176968492,55.24946085563235,10877515,temperature c,temperature,,c,2025-11-20,28.670833333333334,29.1,24.0,33.5,24,100.0,100.0
3099020,Dubai Motor City,,AE,Asia/Dubai,AirGradient,Akis,25.046136176968492,55.24946085563235,10877515,temperature c,temperature,,c,2025-11-21,29.370833333333334,29.2,24.2,33.8,24,100.0,100.0
3099020,Dubai Motor City,,AE,Asia/Dubai,AirGradient,Akis,25.046136176968492,55.24946085563235,10877515,temperature c,temperature,,c,2025-11-22,28.941666666666666,29.1,23.9,33.6,24,100.0,100.0
3099020,Dubai Motor City,,AE,Asia/Dubai,AirGradient,Akis,25.046136176968492,55.24946085563235,10877515,temperature c,temperature,,c,2025-11-23,28.300000000000004,28.6,23.5,33.1,21,100.0,100.0
3099020,Dubai Motor City,,AE,Asia/Dubai,AirGradient,Akis,25.046136176968492,55.24946085563235,10877515,temperature c,temperature,,c,2025-11-24,29.421739130434784,29.1,24.7,34.4,23,100.0,100.0
3099020,Dubai Motor City,,AE,Asia/Dubai,AirGradient,Akis,25.046136176968492,55.24946085563235,10877515,temperature c,temperature,,c,2025-11-25,28.454166666666666,28.35,24.1,33.3,24,100.0,100.0
3099020,Dubai Motor City,,AE,Asia/Dubai,AirGradient,Akis,25.046136176968492,55.24946085563235,10877515,temperature c,temperature,,c,2025-11-26,27.318181818181817,27.45,23.5,32.1,22,100.0,100.0
3099020,Dubai Motor City,,AE,Asia/Dubai,AirGradient,Akis,25.046136176968492,55.24946085563235,10877515,temperature c,temperature,,c,2025-11-27,27.8625,28.45,23.4,32.2,24,100.0,100.0
3099020,Dubai Motor City,,AE,Asia/Dubai,AirGradient,Akis,25.046136176968492,55.24946085563235,10877515,temperature c,temperature,,c,2025-11-28,27.90416666666667,28.15,23.7,31.1,24,100.0,100.0
3099020,Dubai Motor City,,AE,Asia/Dubai,AirGradient,Akis,25.046136176968492,55.24946085563235,10877515,temperature c,temperature,,c,2025-11-29,28.641666666666666,28.65,24.6,33.4,24,100.0,100.0
3099020,Dubai Motor City,,AE,Asia/Dubai,AirGradient,Akis,25.046136176968492,55.24946085563235,10877515,temperature c,temperature,,c,2025-11-30,28.004166666666666,28.2,22.9,31.7,24,100.0,100.0
3099020,Dubai Motor City,,AE,Asia/Dubai,AirGradient,Akis,25.046136176968492,55.24946085563235,10877515,temperature c,temperature,,c,2025-12-01,27.208695652173912,27.5,23.7,31.2,23,100.0,100.0
3099020,Dubai Motor City,,AE,Asia/Dubai,AirGradient,Akis,25.046136176968492,55.24946085563235,10877515,temperature c,temperature,,c,2025-12-02,27.9375,27.8,23.9,32.3,24,100.0,100.0
3099020,Dubai Motor City,,AE,Asia/Dubai,AirGradient,Akis,25.046136176968492,55.24946085563235,10877515,temperature c,temperature,,c,2025-12-03,27.813043478260873,27.5,24.3,32.7,23,100.0,100.0
3099020,Dubai Motor City,,AE,Asia/Dubai,AirGradient,Akis,25.046136176968492,55.24946085563235,10877515,temperature c,temperature,,c,2025-12-04,27.854545454545452,28.25,23.9,31.2,22,100.0,100.0
3099020,Dubai Motor City,,AE,Asia/Dubai,AirGradient,Akis,25.046136176968492,55.24946085563235,10877515,temperature c,temperature,,c,2025-12-05,26.37142857142857,26.35,24.7,28.7,14,100.0,100.0
3099020,Dubai Motor City,,AE,Asia/Dubai,AirGradient,Akis,25.046136176968492,55.24946085563235,10877515,temperature c,temperature,,c,2025-12-06,27.8,27.8,25.3,30.3,2,100.0,100.0
3099020,Dubai Motor City,,AE,Asia/Dubai,AirGradient,Akis,25.046136176968492,55.24946085563235,10877515,temperature c,temperature,,c,2025-12-07,28.816666666666666,29.35,25.3,30.9,12,100.0,100.0
3099020,Dubai Motor City,,AE,Asia/Dubai,AirGradient,Akis,25.046136176968492,55.24946085563235,10877515,temperature c,temperature,,c,2025-12-08,27.810000000000002,28.95,22.2,31.0,20,100.0,100.0
3099020,Dubai Motor City,,AE,Asia/Dubai,AirGradient,Akis,25.046136176968492,55.24946085563235,10877515,temperature c,temperature,,c,2025-12-09,27.675,28.0,23.0,32.7,24,100.0,100.0
3099020,Dubai Motor City,,AE,Asia/Dubai,AirGradient,Akis,25.046136176968492,55.24946085563235,10877515,temperature c,temperature,,c,2025-12-10,25.925,25.8,25.1,27.0,4,100.0,100.0
3099020,Dubai Motor City,,AE,Asia/Dubai,AirGradient,Akis,25.046136176968492,55.24946085563235,10877515,temperature c,temperature,,c,2025-12-13,28.1,28.1,28.1,28.1,1,100.0,100.0
3099020,Dubai Motor City,,AE,Asia/Dubai,AirGradient,Akis,25.046136176968492,55.24946085563235,10877515,temperature c,temperature,,c,2025-12-14,25.614285714285717,25.6,24.6,26.7,7,100.0,100.0
3099020,Dubai Motor City,,AE,Asia/Dubai,AirGradient,Akis,25.046136176968492,55.24946085563235,10877515,temperature c,temperature,,c,2025-12-15,26.554166666666664,26.5,22.0,32.4,24,100.0,100.0
3099020,Dubai Motor City,,AE,Asia/Dubai,AirGradient,Akis,25.046136176968492,55.24946085563235,10877515,temperature c,temperature,,c,2025-12-16,25.608333333333334,25.25,22.7,28.2,24,100.0,100.0
3099020,Dubai Motor City,,AE,Asia/Dubai,AirGradient,Akis,25.046136176968492,55.24946085563235,10877515,temperature c,temperature,,c,2025-12-17,25.930434782608696,26.7,22.6,28.8,23,100.0,100.0
3099020,Dubai Motor City,,AE,Asia/Dubai,AirGradient,Akis,25.046136176968492,55.24946085563235,10877515,temperature c,temperature,,c,2025-12-18,26.266666666666666,26.15,24.7,28.2,24,100.0,100.0
3099020,Dubai Motor City,,AE,Asia/Dubai,AirGradient,Akis,25.046136176968492,55.24946085563235,10877515,temperature c,temperature,,c,2025-12-19,23.65416666666667,23.85,21.0,26.3,24,100.0,100.0
3099020,Dubai Motor City,,AE,Asia/Dubai,AirGradient,Akis,25.046136176968492,55.24946085563235,10877515,temperature c,temperature,,c,2025-12-20,21.629166666666666,21.95,18.1,25.5,24,100.0,100.0
3099020,Dubai Motor City,,AE,Asia/Dubai,AirGradient,Akis,25.046136176968492,55.24946085563235,10877515,temperature c,temperature,,c,2025-12-21,22.745833333333334,23.35,18.3,26.5,24,100.0,100.0
3099020,Dubai Motor City,,AE,Asia/Dubai,AirGradient,Akis,25.046136176968492,55.24946085563235,10877515,temperature c,temperature,,c,2025-12-22,24.570833333333336,24.15,20.6,29.5,24,100.0,100.0
3099020,Dubai Motor City,,AE,Asia/Dubai,AirGradient,Akis,25.046136176968492,55.24946085563235,10877515,temperature c,temperature,,c,2025-12-23,24.837500000000002,24.75,20.8,29.2,24,100.0,100.0
3099020,Dubai Motor City,,AE,Asia/Dubai,AirGradient,Akis,25.046136176968492,55.24946085563235,10877515,temperature c,temperature,,c,2025-12-24,25.054166666666664,25.549999999999997,21.0,28.9,24,100.0,100.0
3099020,Dubai Motor City,,AE,Asia/Dubai,AirGradient,Akis,25.046136176968492,55.24946085563235,10877515,temperature c,temperature,,c,2025-12-25,24.766666666666666,25.35,21.4,27.4,24,100.0,100.0
3099020,Dubai Motor City,,AE,Asia/Dubai,AirGradient,Akis,25.046136176968492,55.24946085563235,10877515,temperature c,temperature,,c,2025-12-26,25.6875,25.7,21.9,29.1,24,100.0,100.0
3099020,Dubai Motor City,,AE,Asia/Dubai,AirGradient,Akis,25.046136176968492,55.24946085563235,10877515,temperature c,temperature,,c,2025-12-27,25.8875,26.15,21.4,29.3,24,100.0,100.0
3099020,Dubai Motor City,,AE,Asia/Dubai,AirGradient,Akis,25.046136176968492,55.24946085563235,10877515,temperature c,temperature,,c,2025-12-28,26.0,26.65,23.2,28.0,24,100.0,100.0
3099020,Dubai Motor City,,AE,Asia/Dubai,AirGradient,Akis,25.046136176968492,55.24946085563235,10877515,temperature c,temperature,,c,2025-12-29,26.291666666666668,26.6,23.6,29.5,24,100.0,100.0
3099020,Dubai Motor City,,AE,Asia/Dubai,AirGradient,Akis,25.046136176968492,55.24946085563235,10877515,temperature c,temperature,,c,2025-12-30,26.83181818181818,26.05,24.8,32.0,22,100.0,100.0
3099020,Dubai Motor City,,AE,Asia/Dubai,AirGradient,Akis,25.046136176968492,55.24946085563235,10877515,temperature c,temperature,,c,2025-12-31,25.604166666666668,25.0,23.5,28.2,24,100.0,100.0
3099020,Dubai Motor City,,AE,Asia/Dubai,AirGradient,Akis,25.046136176968492,55.24946085563235,10877515,temperature c,temperature,,c,2026-01-01,24.391666666666666,24.450000000000003,19.5,28.7,24,100.0,100.0
3099020,Dubai Motor City,,AE,Asia/Dubai,AirGradient,Akis,25.046136176968492,55.24946085563235,10877515,temperature c,temperature,,c,2026-01-02,24.391666666666666,25.35,19.7,28.7,24,100.0,100.0
3099020,Dubai Motor City,,AE,Asia/Dubai,AirGradient,Akis,25.046136176968492,55.24946085563235,10877515,temperature c,temperature,,c,2026-01-03,24.670833333333334,24.950000000000003,19.5,29.0,24,100.0,100.0
3099020,Dubai Motor City,,AE,Asia/Dubai,AirGradient,Akis,25.046136176968492,55.24946085563235,10877515,temperature c,temperature,,c,2026-01-04,25.247826086956525,25.6,20.9,29.7,23,100.0,100.0
3099020,Dubai Motor City,,AE,Asia/Dubai,AirGradient,Akis,25.046136176968492,55.24946085563235,10877515,temperature c,temperature,,c,2026-01-05,25.916666666666668,25.9,21.6,30.0,24,100.0,100.0
3099020,Dubai Motor City,,AE,Asia/Dubai,AirGradient,Akis,25.046136176968492,55.24946085563235,10877515,temperature c,temperature,,c,2026-01-06,26.1875,25.9,22.2,31.1,24,100.0,100.0
3099020,Dubai Motor City,,AE,Asia/Dubai,AirGradient,Akis,25.046136176968492,55.24946085563235,10877515,temperature c,temperature,,c,2026-01-07,26.325,25.7,22.1,31.3,24,100.0,100.0
3099020,Dubai Motor City,,AE,Asia/Dubai,AirGradient,Akis,25.046136176968492,55.24946085563235,10877515,temperature c,temperature,,c,2026-01-08,25.537499999999998,25.5,20.9,30.5,24,100.0,100.0
3099020,Dubai Motor City,,AE,Asia/Dubai,AirGradient,Akis,25.046136176968492,55.24946085563235,10877515,temperature c,temperature,,c,2026-01-09,25.270833333333332,25.549999999999997,20.4,29.4,24,100.0,100.0
3099020,Dubai Motor City,,AE,Asia/Dubai,AirGradient,Akis,25.046136176968492,55.24946085563235,10877515,temperature c,temperature,,c,2026-01-10,25.5125,25.6,21.2,29.0,24,100.0,100.0
3099020,Dubai Motor City,,AE,Asia/Dubai,AirGradient,Akis,25.046136176968492,55.24946085563235,10877515,temperature c,temperature,,c,2026-01-11,25.837500000000002,25.85,22.0,30.5,24,100.0,100.0
3099020,Dubai Motor City,,AE,Asia/Dubai,AirGradient,Akis,25.046136176968492,55.24946085563235,10877515,temperature c,temperature,,c,2026-01-12,25.604166666666668,25.5,21.4,29.6,24,100.0,100.0
3099020,Dubai Motor City,,AE,Asia/Dubai,AirGradient,Akis,25.046136176968492,55.24946085563235,10877515,temperature c,temperature,,c,2026-01-13,25.495833333333334,25.4,20.9,29.7,24,100.0,100.0
3099020,Dubai Motor City,,AE,Asia/Dubai,AirGradient,Akis,25.046136176968492,55.24946085563235,10877515,temperature c,temperature,,c,2026-01-14,25.558333333333334,25.8,20.9,29.9,24,100.0,100.0
3099020,Dubai Motor City,,AE,Asia/Dubai,AirGradient,Akis,25.046136176968492,55.24946085563235,10877515,temperature c,temperature,,c,2026-01-15,25.891666666666666,25.950000000000003,21.5,30.7,24,100.0,100.0
3099020,Dubai Motor City,,AE,Asia/Dubai,AirGradient,Akis,25.046136176968492,55.24946085563235,10877515,temperature c,temperature,,c,2026-01-16,25.691666666666666,24.7,23.3,31.2,24,100.0,100.0
3099020,Dubai Motor City,,AE,Asia/Dubai,AirGradient,Akis,25.046136176968492,55.24946085563235,10877515,temperature c,temperature,,c,2026-01-17,24.8875,24.05,23.0,30.0,24,100.0,100.0
3099020,Dubai Motor City,,AE,Asia/Dubai,AirGradient,Akis,25.046136176968492,55.24946085563235,10877515,temperature c,temperature,,c,2026-01-18,23.8125,23.85,19.1,28.5,24,100.0,100.0
3099020,Dubai Motor City,,AE,Asia/Dubai,AirGradient,Akis,25.046136176968492,55.24946085563235,10877515,temperature c,temperature,,c,2026-01-19,23.833333333333332,23.7,19.5,27.4,24,100.0,100.0
3099020,Dubai Motor City,,AE,Asia/Dubai,AirGradient,Akis,25.046136176968492,55.24946085563235,10877515,temperature c,temperature,,c,2026-01-20,24.425,24.4,20.2,29.6,24,100.0,100.0
3099020,Dubai Motor City,,AE,Asia/Dubai,AirGradient,Akis,25.046136176968492,55.24946085563235,10877515,temperature c,temperature,,c,2026-01-21,23.724999999999998,22.75,20.3,29.8,24,100.0,100.0
3099020,Dubai Motor City,,AE,Asia/Dubai,AirGradient,Akis,25.046136176968492,55.24946085563235,10877515,temperature c,temperature,,c,2026-01-22,22.96666666666667,21.45,20.1,30.2,24,100.0,100.0
3099020,Dubai Motor City,,AE,Asia/Dubai,AirGradient,Akis,25.046136176968492,55.24946085563235,10877515,temperature c,temperature,,c,2026-01-23,22.070833333333336,21.8,18.8,26.3,24,100.0,100.0
3099020,Dubai Motor City,,AE,Asia/Dubai,AirGradient,Akis,25.046136176968492,55.24946085563235,10877515,temperature c,temperature,,c,2026-01-24,22.5625,23.25,17.3,26.4,24,100.0,100.0
3099020,Dubai Motor City,,AE,Asia/Dubai,AirGradient,Akis,25.046136176968492,55.24946085563235,10877515,temperature c,temperature,,c,2026-01-25,22.479166666666668,22.65,19.8,24.6,24,100.0,100.0
3099020,Dubai Motor City,,AE,Asia/Dubai,AirGradient,Akis,25.046136176968492,55.24946085563235,10877515,temperature c,temperature,,c,2026-01-26,23.90416666666667,23.3,22.0,28.0,24,100.0,100.0
3099020,Dubai Motor City,,AE,Asia/Dubai,AirGradient,Akis,25.046136176968492,55.24946085563235,10877515,temperature c,temperature,,c,2026-01-27,23.724999999999998,23.3,19.5,30.3,24,100.0,100.0
3099020,Dubai Motor City,,AE,Asia/Dubai,AirGradient,Akis,25.046136176968492,55.24946085563235,10877515,temperature c,temperature,,c,2026-01-28,24.1875,23.9,20.6,28.4,24,100.0,100.0
3099020,Dubai Motor City,,AE,Asia/Dubai,AirGradient,Akis,25.046136176968492,55.24946085563235,10877515,temperature c,temperature,,c,2026-01-29,24.645833333333332,24.75,20.9,28.4,24,100.0,100.0
3099020,Dubai Motor City,,AE,Asia/Dubai,AirGradient,Akis,25.046136176968492,55.24946085563235,10877515,temperature c,temperature,,c,2026-01-30,24.633333333333336,24.049999999999997,20.9,30.4,24,100.0,100.0
3099020,Dubai Motor City,,AE,Asia/Dubai,AirGradient,Akis,25.046136176968492,55.24946085563235,10877515,temperature c,temperature,,c,2026-01-31,23.6875,23.5,18.8,29.2,24,100.0,100.0
3099020,Dubai Motor City,,AE,Asia/Dubai,AirGradient,Akis,25.046136176968492,55.24946085563235,10877515,temperature c,temperature,,c,2026-02-01,24.166666666666668,24.35,19.0,28.8,24,100.0,100.0
3099020,Dubai Motor City,,AE,Asia/Dubai,AirGradient,Akis,25.046136176968492,55.24946085563235,10877515,temperature c,temperature,,c,2026-02-02,25.133333333333336,24.65,20.3,30.7,24,100.0,100.0
3099020,Dubai Motor City,,AE,Asia/Dubai,AirGradient,Akis,25.046136176968492,55.24946085563235,10877515,temperature c,temperature,,c,2026-02-03,25.287499999999998,25.35,20.1,30.9,24,100.0,100.0
3099020,Dubai Motor City,,AE,Asia/Dubai,AirGradient,Akis,25.046136176968492,55.24946085563235,10877515,temperature c,temperature,,c,2026-02-04,25.825,25.8,21.0,29.9,24,100.0,100.0
3099020,Dubai Motor City,,AE,Asia/Dubai,AirGradient,Akis,25.046136176968492,55.24946085563235,10877515,temperature c,temperature,,c,2026-02-05,25.537499999999998,24.799999999999997,21.5,29.9,24,100.0,100.0
3099020,Dubai Motor City,,AE,Asia/Dubai,AirGradient,Akis,25.046136176968492,55.24946085563235,10877515,temperature c,temperature,,c,2026-02-06,25.125,25.049999999999997,21.3,29.3,24,100.0,100.0
3099020,Dubai Motor City,,AE,Asia/Dubai,AirGradient,Akis,25.046136176968492,55.24946085563235,10877515,temperature c,temperature,,c,2026-02-07,26.008333333333336,25.35,21.8,30.5,24,100.0,100.0
3099020,Dubai Motor City,,AE,Asia/Dubai,AirGradient,Akis,25.046136176968492,55.24946085563235,10877515,temperature c,temperature,,c,2026-02-08,26.925,26.55,23.6,30.6,24,100.0,100.0
3099020,Dubai Motor City,,AE,Asia/Dubai,AirGradient,Akis,25.046136176968492,55.24946085563235,10877515,temperature c,temperature,,c,2026-02-09,27.145833333333332,26.6,22.6,34.0,24,100.0,100.0
3099020,Dubai Motor City,,AE,Asia/Dubai,AirGradient,Akis,25.046136176968492,55.24946085563235,10877515,temperature c,temperature,,c,2026-02-10,25.037499999999998,25.049999999999997,21.9,29.2,24,100.0,100.0
3099020,Dubai Motor City,,AE,Asia/Dubai,AirGradient,Akis,25.046136176968492,55.24946085563235,10877515,temperature c,temperature,,c,2026-02-11,26.508333333333336,26.25,21.5,32.2,24,100.0,100.0
3099020,Dubai Motor City,,AE,Asia/Dubai,AirGradient,Akis,25.046136176968492,55.24946085563235,10877515,temperature c,temperature,,c,2026-02-12,26.866666666666664,26.35,22.7,31.2,24,100.0,100.0
3099020,Dubai Motor City,,AE,Asia/Dubai,AirGradient,Akis,25.046136176968492,55.24946085563235,10877515,temperature c,temperature,,c,2026-02-13,28.1125,27.35,22.7,36.6,24,100.0,100.0
3099020,Dubai Motor City,,AE,Asia/Dubai,AirGradient,Akis,25.046136176968492,55.24946085563235,10877515,temperature c,temperature,,c,2026-02-14,27.900000000000002,27.450000000000003,22.5,35.2,24,100.0,100.0
3099020,Dubai Motor City,,AE,Asia/Dubai,AirGradient,Akis,25.046136176968492,55.24946085563235,10877515,temperature c,temperature,,c,2026-02-15,27.90416666666667,27.6,22.5,35.1,24,100.0,100.0
3099020,Dubai Motor City,,AE,Asia/Dubai,AirGradient,Akis,25.046136176968492,55.24946085563235,10877515,temperature c,temperature,,c,2026-02-16,27.287499999999998,26.5,24.1,33.0,24,100.0,100.0
3099020,Dubai Motor City,,AE,Asia/Dubai,AirGradient,Akis,25.046136176968492,55.24946085563235,10877515,temperature c,temperature,,c,2026-02-17,26.820833333333336,26.3,21.9,33.4,24,100.0,100.0
3099020,Dubai Motor City,,AE,Asia/Dubai,AirGradient,Akis,25.046136176968492,55.24946085563235,10877515,temperature c,temperature,,c,2026-02-18,27.55,26.85,23.0,35.9,24,100.0,100.0
3099020,Dubai Motor City,,AE,Asia/Dubai,AirGradient,Akis,25.046136176968492,55.24946085563235,10877515,temperature c,temperature,,c,2026-02-19,27.808333333333334,27.35,22.6,35.9,24,100.0,100.0
3099020,Dubai Motor City,,AE,Asia/Dubai,AirGradient,Akis,25.046136176968492,55.24946085563235,10877515,temperature c,temperature,,c,2026-02-20,28.09166666666667,27.7,22.7,36.7,24,100.0,100.0
3099020,Dubai Motor City,,AE,Asia/Dubai,AirGradient,Akis,25.046136176968492,55.24946085563235,10877515,temperature c,temperature,,c,2026-02-21,27.84583333333333,27.7,21.9,33.7,24,100.0,100.0
3099020,Dubai Motor City,,AE,Asia/Dubai,AirGradient,Akis,25.046136176968492,55.24946085563235,10877515,temperature c,temperature,,c,2026-02-22,27.666666666666668,27.2,22.3,35.1,24,100.0,100.0
3099020,Dubai Motor City,,AE,Asia/Dubai,AirGradient,Akis,25.046136176968492,55.24946085563235,10877515,temperature c,temperature,,c,2026-02-23,26.90416666666667,26.35,21.5,32.7,24,100.0,100.0
3099020,Dubai Motor City,,AE,Asia/Dubai,AirGradient,Akis,25.046136176968492,55.24946085563235,10877515,temperature c,temperature,,c,2026-02-24,28.09583333333333,27.7,22.2,37.2,24,100.0,100.0
3099020,Dubai Motor City,,AE,Asia/Dubai,AirGradient,Akis,25.046136176968492,55.24946085563235,10877515,temperature c,temperature,,c,2026-02-25,28.875,28.0,22.9,37.9,24,100.0,100.0
3099020,Dubai Motor City,,AE,Asia/Dubai,AirGradient,Akis,25.046136176968492,55.24946085563235,10877515,temperature c,temperature,,c,2026-02-26,27.395833333333332,26.35,22.3,36.6,24,100.0,100.0
3099020,Dubai Motor City,,AE,Asia/Dubai,AirGradient,Akis,25.046136176968492,55.24946085563235,10877515,temperature c,temperature,,c,2026-02-27,26.929166666666664,25.85,22.2,34.7,24,100.0,100.0
3099020,Dubai Motor City,,AE,Asia/Dubai,AirGradient,Akis,25.046136176968492,55.24946085563235,10877515,temperature c,temperature,,c,2026-02-28,26.78333333333333,26.7,21.0,33.0,24,100.0,100.0
3099020,Dubai Motor City,,AE,Asia/Dubai,AirGradient,Akis,25.046136176968492,55.24946085563235,10877515,temperature c,temperature,,c,2026-03-01,28.516666666666666,28.2,22.6,36.1,24,100.0,100.0
3099020,Dubai Motor City,,AE,Asia/Dubai,AirGradient,Akis,25.046136176968492,55.24946085563235,10877515,temperature c,temperature,,c,2026-03-02,29.8,29.6,24.7,35.7,24,100.0,100.0
3099020,Dubai Motor City,,AE,Asia/Dubai,AirGradient,Akis,25.046136176968492,55.24946085563235,10877515,temperature c,temperature,,c,2026-03-03,30.212500000000002,29.35,26.1,36.1,24,100.0,100.0
3099020,Dubai Motor City,,AE,Asia/Dubai,AirGradient,Akis,25.046136176968492,55.24946085563235,10877515,temperature c,temperature,,c,2026-03-04,29.108333333333334,27.9,26.2,34.7,24,100.0,100.0
3099020,Dubai Motor City,,AE,Asia/Dubai,AirGradient,Akis,25.046136176968492,55.24946085563235,10877515,temperature c,temperature,,c,2026-03-05,28.61666666666667,27.0,25.8,36.2,24,100.0,100.0
3099020,Dubai Motor City,,AE,Asia/Dubai,AirGradient,Akis,25.046136176968492,55.24946085563235,10877515,temperature c,temperature,,c,2026-03-06,26.575,25.75,23.2,30.7,24,100.0,100.0
3099020,Dubai Motor City,,AE,Asia/Dubai,AirGradient,Akis,25.046136176968492,55.24946085563235,10877515,temperature c,temperature,,c,2026-03-07,26.979166666666668,26.55,21.2,36.2,24,100.0,100.0
3099020,Dubai Motor City,,AE,Asia/Dubai,AirGradient,Akis,25.046136176968492,55.24946085563235,10877515,temperature c,temperature,,c,2026-03-08,26.52916666666667,26.75,22.1,31.3,24,100.0,100.0
3099020,Dubai Motor City,,AE,Asia/Dubai,AirGradient,Akis,25.046136176968492,55.24946085563235,10877515,temperature c,temperature,,c,2026-03-09,28.008333333333336,27.75,24.7,33.3,24,100.0,100.0
3099020,Dubai Motor City,,AE,Asia/Dubai,AirGradient,Akis,25.046136176968492,55.24946085563235,10877515,temperature c,temperature,,c,2026-03-10,26.875,26.15,24.7,30.7,24,100.0,100.0
3099020,Dubai Motor City,,AE,Asia/Dubai,AirGradient,Akis,25.046136176968492,55.24946085563235,10877515,temperature c,temperature,,c,2026-03-11,27.02916666666667,26.6,24.1,31.0,24,100.0,100.0
3099020,Dubai Motor City,,AE,Asia/Dubai,AirGradient,Akis,25.046136176968492,55.24946085563235,10877515,temperature c,temperature,,c,2026-03-12,26.3125,26.25,23.8,28.4,24,100.0,100.0
3099020,Dubai Motor City,,AE,Asia/Dubai,AirGradient,Akis,25.046136176968492,55.24946085563235,10877515,temperature c,temperature,,c,2026-03-13,28.875,28.6,24.3,35.7,24,100.0,100.0
3099020,Dubai Motor City,,AE,Asia/Dubai,AirGradient,Akis,25.046136176968492,55.24946085563235,10877515,temperature c,temperature,,c,2026-03-14,30.370833333333334,29.200000000000003,25.8,39.6,24,100.0,100.0
3099020,Dubai Motor City,,AE,Asia/Dubai,AirGradient,Akis,25.046136176968492,55.24946085563235,10877515,temperature c,temperature,,c,2026-03-15,30.916666666666668,30.1,25.7,39.5,24,100.0,100.0
3099020,Dubai Motor City,,AE,Asia/Dubai,AirGradient,Akis,25.046136176968492,55.24946085563235,10877515,temperature c,temperature,,c,2026-03-16,31.620833333333334,30.7,26.3,40.2,24,100.0,100.0
3099020,Dubai Motor City,,AE,Asia/Dubai,AirGradient,Akis,25.046136176968492,55.24946085563235,10877515,temperature c,temperature,,c,2026-03-17,31.708333333333332,30.65,27.0,40.0,24,100.0,100.0
3099020,Dubai Motor City,,AE,Asia/Dubai,AirGradient,Akis,25.046136176968492,55.24946085563235,10877515,temperature c,temperature,,c,2026-03-18,29.416666666666668,28.85,26.9,33.3,24,100.0,100.0
3099020,Dubai Motor City,,AE,Asia/Dubai,AirGradient,Akis,25.046136176968492,55.24946085563235,10877515,temperature c,temperature,,c,2026-03-19,29.041666666666668,28.1,23.9,35.7,24,100.0,100.0
3099020,Dubai Motor City,,AE,Asia/Dubai,AirGradient,Akis,25.046136176968492,55.24946085563235,10877515,temperature c,temperature,,c,2026-03-20,28.5,27.85,25.4,33.0,24,100.0,100.0
3099020,Dubai Motor City,,AE,Asia/Dubai,AirGradient,Akis,25.046136176968492,55.24946085563235,10877515,temperature c,temperature,,c,2026-03-21,27.099999999999998,27.05,25.0,29.2,24,100.0,100.0
3099020,Dubai Motor City,,AE,Asia/Dubai,AirGradient,Akis,25.046136176968492,55.24946085563235,10877515,temperature c,temperature,,c,2026-03-22,28.791666666666668,28.5,24.9,35.0,24,100.0,100.0
3099020,Dubai Motor City,,AE,Asia/Dubai,AirGradient,Akis,25.046136176968492,55.24946085563235,10877515,temperature c,temperature,,c,2026-03-23,24.7375,24.95,23.0,26.7,24,100.0,100.0
3099020,Dubai Motor City,,AE,Asia/Dubai,AirGradient,Akis,25.046136176968492,55.24946085563235,10877515,temperature c,temperature,,c,2026-03-24,23.920833333333334,23.15,21.7,30.0,24,100.0,100.0
3099020,Dubai Motor City,,AE,Asia/Dubai,AirGradient,Akis,25.046136176968492,55.24946085563235,10877515,temperature c,temperature,,c,2026-03-25,23.816666666666666,23.95,21.6,27.5,24,100.0,100.0
3099020,Dubai Motor City,,AE,Asia/Dubai,AirGradient,Akis,25.046136176968492,55.24946085563235,10877515,temperature c,temperature,,c,2026-03-26,25.1875,24.45,22.9,29.7,24,100.0,100.0
3099020,Dubai Motor City,,AE,Asia/Dubai,AirGradient,Akis,25.046136176968492,55.24946085563235,10877515,temperature c,temperature,,c,2026-03-27,23.96666666666667,24.2,20.7,27.1,24,100.0,100.0
3099020,Dubai Motor City,,AE,Asia/Dubai,AirGradient,Akis,25.046136176968492,55.24946085563235,10877515,temperature c,temperature,,c,2026-03-28,25.758333333333336,24.35,22.4,35.1,24,100.0,100.0
3099020,Dubai Motor City,,AE,Asia/Dubai,AirGradient,Akis,25.046136176968492,55.24946085563235,10877515,temperature c,temperature,,c,2026-03-29,26.616666666666664,25.1,22.8,36.8,24,100.0,100.0
3099020,Dubai Motor City,,AE,Asia/Dubai,AirGradient,Akis,25.046136176968492,55.24946085563235,10877515,temperature c,temperature,,c,2026-03-30,25.65833333333333,25.35,21.3,30.0,24,100.0,100.0
3099020,Dubai Motor City,,AE,Asia/Dubai,AirGradient,Akis,25.046136176968492,55.24946085563235,10877515,temperature c,temperature,,c,2026-03-31,23.787499999999998,23.45,22.5,26.4,24,100.0,100.0
3099020,Dubai Motor City,,AE,Asia/Dubai,AirGradient,Akis,25.046136176968492,55.24946085563235,10877515,temperature c,temperature,,c,2026-04-01,26.541666666666668,25.75,22.0,33.3,24,100.0,100.0
3099020,Dubai Motor City,,AE,Asia/Dubai,AirGradient,Akis,25.046136176968492,55.24946085563235,10877515,temperature c,temperature,,c,2026-04-02,27.420833333333334,26.05,23.8,34.8,24,100.0,100.0
3099020,Dubai Motor City,,AE,Asia/Dubai,AirGradient,Akis,25.046136176968492,55.24946085563235,10877515,temperature c,temperature,,c,2026-04-03,26.900000000000002,26.05,21.6,33.6,24,100.0,100.0
3099020,Dubai Motor City,,AE,Asia/Dubai,AirGradient,Akis,25.046136176968492,55.24946085563235,10877515,temperature c,temperature,,c,2026-04-04,26.666666666666668,26.950000000000003,22.0,31.1,24,100.0,100.0
3099020,Dubai Motor City,,AE,Asia/Dubai,AirGradient,Akis,25.046136176968492,55.24946085563235,10877515,temperature c,temperature,,c,2026-04-05,28.879166666666666,28.35,25.0,33.6,24,100.0,100.0
3099020,Dubai Motor City,,AE,Asia/Dubai,AirGradient,Akis,25.046136176968492,55.24946085563235,10877515,temperature c,temperature,,c,2026-04-06,28.55,27.4,26.2,33.2,24,100.0,100.0
3099020,Dubai Motor City,,AE,Asia/Dubai,AirGradient,Akis,25.046136176968492,55.24946085563235,10877515,temperature c,temperature,,c,2026-04-07,27.629166666666666,26.0,24.8,35.5,24,100.0,100.0
3099020,Dubai Motor City,,AE,Asia/Dubai,AirGradient,Akis,25.046136176968492,55.24946085563235,10877515,temperature c,temperature,,c,2026-04-08,27.21666666666667,26.25,22.3,36.1,24,100.0,100.0
3099020,Dubai Motor City,,AE,Asia/Dubai,AirGradient,Akis,25.046136176968492,55.24946085563235,10877515,temperature c,temperature,,c,2026-04-09,25.366666666666664,25.3,22.3,29.1,24,100.0,100.0
3099020,Dubai Motor City,,AE,Asia/Dubai,AirGradient,Akis,25.046136176968492,55.24946085563235,10877515,temperature c,temperature,,c,2026-04-10,26.925,26.95,23.9,30.6,24,100.0,100.0
3099020,Dubai Motor City,,AE,Asia/Dubai,AirGradient,Akis,25.046136176968492,55.24946085563235,10877515,temperature c,temperature,,c,2026-04-11,25.925,26.0,23.8,27.4,24,100.0,100.0
3099020,Dubai Motor City,,AE,Asia/Dubai,AirGradient,Akis,25.046136176968492,55.24946085563235,10877515,temperature c,temperature,,c,2026-04-12,25.379166666666666,25.0,24.2,27.3,24,100.0,100.0
3099020,Dubai Motor City,,AE,Asia/Dubai,AirGradient,Akis,25.046136176968492,55.24946085563235,10877515,temperature c,temperature,,c,2026-04-13,27.791666666666668,27.2,23.4,33.8,24,100.0,100.0
3099020,Dubai Motor City,,AE,Asia/Dubai,AirGradient,Akis,25.046136176968492,55.24946085563235,10877515,temperature c,temperature,,c,2026-04-14,28.84583333333333,28.2,23.9,36.1,24,100.0,100.0
3099020,Dubai Motor City,,AE,Asia/Dubai,AirGradient,Akis,25.046136176968492,55.24946085563235,10877515,temperature c,temperature,,c,2026-04-15,27.575,26.7,23.1,34.8,24,100.0,100.0
3099020,Dubai Motor City,,AE,Asia/Dubai,AirGradient,Akis,25.046136176968492,55.24946085563235,10877515,temperature c,temperature,,c,2026-04-16,26.84090909090909,26.450000000000003,23.1,31.9,22,100.0,100.0
3099020,Dubai Motor City,,AE,Asia/Dubai,AirGradient,Akis,25.046136176968492,55.24946085563235,10877515,temperature c,temperature,,c,2026-04-17,27.3875,27.4,22.1,33.6,24,100.0,100.0
3099020,Dubai Motor City,,AE,Asia/Dubai,AirGradient,Akis,25.046136176968492,55.24946085563235,10877515,temperature c,temperature,,c,2026-04-18,28.460869565217394,27.8,22.9,36.8,23,100.0,100.0
3099020,Dubai Motor City,,AE,Asia/Dubai,AirGradient,Akis,25.046136176968492,55.24946085563235,10877515,temperature c,temperature,,c,2026-04-19,29.316666666666666,29.1,23.0,36.9,24,100.0,100.0
3099020,Dubai Motor City,,AE,Asia/Dubai,AirGradient,Akis,25.046136176968492,55.24946085563235,10877515,temperature c,temperature,,c,2026-04-20,30.184615384615384,27.7,25.8,38.0,13,100.0,100.0
3092518,Serena,,AE,Asia/Dubai,AirGradient,Scottyboi,25.03432,55.28811,10833870,pm10 µg/m³,pm10,,µg/m³,2024-10-04,44.3,51.8,16.0,55.7,9,100.0,100.0
3092518,Serena,,AE,Asia/Dubai,AirGradient,Scottyboi,25.03432,55.28811,10833870,pm10 µg/m³,pm10,,µg/m³,2024-10-05,22.6,20.05,15.0,44.1,20,100.0,100.0
3092518,Serena,,AE,Asia/Dubai,AirGradient,Scottyboi,25.03432,55.28811,10833870,pm10 µg/m³,pm10,,µg/m³,2024-10-06,36.857894736842105,41.8,13.4,55.8,19,100.0,100.0
3092518,Serena,,AE,Asia/Dubai,AirGradient,Scottyboi,25.03432,55.28811,10833870,pm10 µg/m³,pm10,,µg/m³,2024-10-07,32.41708333333333,20.25,8.39,65.1,24,100.0,100.0
3092518,Serena,,AE,Asia/Dubai,AirGradient,Scottyboi,25.03432,55.28811,10833870,pm10 µg/m³,pm10,,µg/m³,2024-10-08,20.33875,21.95,7.4,29.8,24,100.0,100.0
3092518,Serena,,AE,Asia/Dubai,AirGradient,Scottyboi,25.03432,55.28811,10833870,pm10 µg/m³,pm10,,µg/m³,2024-10-09,27.006666666666664,23.450000000000003,9.96,92.1,24,100.0,100.0
3092518,Serena,,AE,Asia/Dubai,AirGradient,Scottyboi,25.03432,55.28811,10833870,pm10 µg/m³,pm10,,µg/m³,2024-10-10,52.15833333333333,52.75,20.6,119.0,24,100.0,100.0
3092518,Serena,,AE,Asia/Dubai,AirGradient,Scottyboi,25.03432,55.28811,10833870,pm10 µg/m³,pm10,,µg/m³,2024-10-11,57.916666666666664,59.0,41.1,70.2,24,100.0,100.0
3092518,Serena,,AE,Asia/Dubai,AirGradient,Scottyboi,25.03432,55.28811,10833870,pm10 µg/m³,pm10,,µg/m³,2024-10-12,57.637499999999996,56.6,32.5,79.8,24,100.0,100.0
3092518,Serena,,AE,Asia/Dubai,AirGradient,Scottyboi,25.03432,55.28811,10833870,pm10 µg/m³,pm10,,µg/m³,2024-10-13,52.137499999999996,55.150000000000006,30.3,65.8,24,100.0,100.0
3092518,Serena,,AE,Asia/Dubai,AirGradient,Scottyboi,25.03432,55.28811,10833870,pm10 µg/m³,pm10,,µg/m³,2024-10-14,40.354166666666664,38.75,15.3,70.4,24,100.0,100.0
3092518,Serena,,AE,Asia/Dubai,AirGradient,Scottyboi,25.03432,55.28811,10833870,pm10 µg/m³,pm10,,µg/m³,2024-10-15,31.8125,27.4,20.0,53.0,24,100.0,100.0
3092518,Serena,,AE,Asia/Dubai,AirGradient,Scottyboi,25.03432,55.28811,10833870,pm10 µg/m³,pm10,,µg/m³,2024-10-16,18.940833333333334,21.2,5.57,27.9,24,100.0,100.0
3092518,Serena,,AE,Asia/Dubai,AirGradient,Scottyboi,25.03432,55.28811,10833870,pm10 µg/m³,pm10,,µg/m³,2024-10-17,8.947916666666666,7.275,3.88,22.5,24,100.0,100.0
3092518,Serena,,AE,Asia/Dubai,AirGradient,Scottyboi,25.03432,55.28811,10833870,pm10 µg/m³,pm10,,µg/m³,2024-10-18,19.125,19.65,4.94,32.6,24,100.0,100.0
3092518,Serena,,AE,Asia/Dubai,AirGradient,Scottyboi,25.03432,55.28811,10833870,pm10 µg/m³,pm10,,µg/m³,2024-10-19,25.82625,25.05,7.99,53.9,24,100.0,100.0
3092518,Serena,,AE,Asia/Dubai,AirGradient,Scottyboi,25.03432,55.28811,10833870,pm10 µg/m³,pm10,,µg/m³,2024-10-20,61.49583333333334,59.65,20.8,97.0,24,100.0,100.0
3092518,Serena,,AE,Asia/Dubai,AirGradient,Scottyboi,25.03432,55.28811,10833870,pm10 µg/m³,pm10,,µg/m³,2024-10-21,81.84166666666667,83.4,33.2,128.0,24,100.0,100.0
3092518,Serena,,AE,Asia/Dubai,AirGradient,Scottyboi,25.03432,55.28811,10833870,pm10 µg/m³,pm10,,µg/m³,2024-10-22,75.79583333333333,58.15,38.8,128.0,24,100.0,100.0
3092518,Serena,,AE,Asia/Dubai,AirGradient,Scottyboi,25.03432,55.28811,10833870,pm10 µg/m³,pm10,,µg/m³,2024-10-23,44.475,45.25,12.0,73.6,24,100.0,100.0
3092518,Serena,,AE,Asia/Dubai,AirGradient,Scottyboi,25.03432,55.28811,10833870,pm10 µg/m³,pm10,,µg/m³,2024-10-24,32.97083333333333,33.75,10.3,56.8,24,100.0,100.0
3092518,Serena,,AE,Asia/Dubai,AirGradient,Scottyboi,25.03432,55.28811,10833870,pm10 µg/m³,pm10,,µg/m³,2024-10-25,43.27916666666667,42.95,13.8,70.9,24,100.0,100.0
3092518,Serena,,AE,Asia/Dubai,AirGradient,Scottyboi,25.03432,55.28811,10833870,pm10 µg/m³,pm10,,µg/m³,2024-10-26,45.300000000000004,37.55,18.2,75.2,24,100.0,100.0
3092518,Serena,,AE,Asia/Dubai,AirGradient,Scottyboi,25.03432,55.28811,10833870,pm10 µg/m³,pm10,,µg/m³,2024-10-27,27.620833333333334,23.8,9.8,52.1,24,100.0,100.0
3092518,Serena,,AE,Asia/Dubai,AirGradient,Scottyboi,25.03432,55.28811,10833870,pm10 µg/m³,pm10,,µg/m³,2024-10-28,22.633333333333336,23.6,12.1,31.0,24,100.0,100.0
3092518,Serena,,AE,Asia/Dubai,AirGradient,Scottyboi,25.03432,55.28811,10833870,pm10 µg/m³,pm10,,µg/m³,2024-10-29,34.72083333333334,31.8,18.6,72.9,24,100.0,100.0
3092518,Serena,,AE,Asia/Dubai,AirGradient,Scottyboi,25.03432,55.28811,10833870,pm10 µg/m³,pm10,,µg/m³,2024-10-30,42.55833333333333,39.55,16.3,71.3,24,100.0,100.0
3092518,Serena,,AE,Asia/Dubai,AirGradient,Scottyboi,25.03432,55.28811,10833870,pm10 µg/m³,pm10,,µg/m³,2024-10-31,56.15833333333333,52.85,38.6,91.1,24,100.0,100.0
3092518,Serena,,AE,Asia/Dubai,AirGradient,Scottyboi,25.03432,55.28811,10833870,pm10 µg/m³,pm10,,µg/m³,2024-11-01,68.10000000000001,62.4,46.1,109.0,24,100.0,100.0
3092518,Serena,,AE,Asia/Dubai,AirGradient,Scottyboi,25.03432,55.28811,10833870,pm10 µg/m³,pm10,,µg/m³,2024-11-02,62.99583333333334,62.099999999999994,38.0,111.0,24,100.0,100.0
3092518,Serena,,AE,Asia/Dubai,AirGradient,Scottyboi,25.03432,55.28811,10833870,pm10 µg/m³,pm10,,µg/m³,2024-11-03,85.62916666666666,82.7,45.4,141.0,24,100.0,100.0
3092518,Serena,,AE,Asia/Dubai,AirGradient,Scottyboi,25.03432,55.28811,10833870,pm10 µg/m³,pm10,,µg/m³,2024-11-04,83.02916666666667,54.9,42.3,164.0,24,100.0,100.0
3092518,Serena,,AE,Asia/Dubai,AirGradient,Scottyboi,25.03432,55.28811,10833870,pm10 µg/m³,pm10,,µg/m³,2024-11-05,52.37083333333334,54.2,29.4,72.6,24,100.0,100.0
3092518,Serena,,AE,Asia/Dubai,AirGradient,Scottyboi,25.03432,55.28811,10833870,pm10 µg/m³,pm10,,µg/m³,2024-11-06,54.0375,55.25,26.5,75.4,24,100.0,100.0
3092518,Serena,,AE,Asia/Dubai,AirGradient,Scottyboi,25.03432,55.28811,10833870,pm10 µg/m³,pm10,,µg/m³,2024-11-07,62.3125,69.6,21.3,103.0,24,100.0,100.0
3092518,Serena,,AE,Asia/Dubai,AirGradient,Scottyboi,25.03432,55.28811,10833870,pm10 µg/m³,pm10,,µg/m³,2024-11-08,73.03333333333333,55.650000000000006,28.1,128.0,24,100.0,100.0
3092518,Serena,,AE,Asia/Dubai,AirGradient,Scottyboi,25.03432,55.28811,10833870,pm10 µg/m³,pm10,,µg/m³,2024-11-09,60.03333333333333,60.15,40.1,77.0,24,100.0,100.0
3092518,Serena,,AE,Asia/Dubai,AirGradient,Scottyboi,25.03432,55.28811,10833870,pm10 µg/m³,pm10,,µg/m³,2024-11-10,67.66250000000001,65.55000000000001,38.8,120.0,24,100.0,100.0
3092518,Serena,,AE,Asia/Dubai,AirGradient,Scottyboi,25.03432,55.28811,10833870,pm10 µg/m³,pm10,,µg/m³,2024-11-11,61.50416666666666,54.75,40.1,93.6,24,100.0,100.0
3092518,Serena,,AE,Asia/Dubai,AirGradient,Scottyboi,25.03432,55.28811,10833870,pm10 µg/m³,pm10,,µg/m³,2024-11-12,59.80833333333334,60.05,40.6,75.3,24,100.0,100.0
3092518,Serena,,AE,Asia/Dubai,AirGradient,Scottyboi,25.03432,55.28811,10833870,pm10 µg/m³,pm10,,µg/m³,2024-11-13,69.37083333333334,68.80000000000001,47.7,95.0,24,100.0,100.0
3092518,Serena,,AE,Asia/Dubai,AirGradient,Scottyboi,25.03432,55.28811,10833870,pm10 µg/m³,pm10,,µg/m³,2024-11-14,79.54583333333333,77.75,45.0,122.0,24,100.0,100.0
3092518,Serena,,AE,Asia/Dubai,AirGradient,Scottyboi,25.03432,55.28811,10833870,pm10 µg/m³,pm10,,µg/m³,2024-11-15,48.79583333333333,38.75,11.0,88.3,24,100.0,100.0
3092518,Serena,,AE,Asia/Dubai,AirGradient,Scottyboi,25.03432,55.28811,10833870,pm10 µg/m³,pm10,,µg/m³,2024-11-16,30.326666666666668,30.4,6.7,68.6,24,100.0,100.0
3092518,Serena,,AE,Asia/Dubai,AirGradient,Scottyboi,25.03432,55.28811,10833870,pm10 µg/m³,pm10,,µg/m³,2024-11-17,41.84166666666667,33.400000000000006,22.0,71.7,24,100.0,100.0
3092518,Serena,,AE,Asia/Dubai,AirGradient,Scottyboi,25.03432,55.28811,10833870,pm10 µg/m³,pm10,,µg/m³,2024-11-18,62.87916666666666,58.75,37.1,95.1,24,100.0,100.0
3092518,Serena,,AE,Asia/Dubai,AirGradient,Scottyboi,25.03432,55.28811,10833870,pm10 µg/m³,pm10,,µg/m³,2024-11-19,51.03333333333333,50.95,25.4,76.7,24,100.0,100.0
3092518,Serena,,AE,Asia/Dubai,AirGradient,Scottyboi,25.03432,55.28811,10833870,pm10 µg/m³,pm10,,µg/m³,2024-11-20,58.833333333333336,54.349999999999994,30.1,83.4,24,100.0,100.0
3092518,Serena,,AE,Asia/Dubai,AirGradient,Scottyboi,25.03432,55.28811,10833870,pm10 µg/m³,pm10,,µg/m³,2024-11-21,64.825,68.05,33.7,89.2,24,100.0,100.0
3092518,Serena,,AE,Asia/Dubai,AirGradient,Scottyboi,25.03432,55.28811,10833870,pm10 µg/m³,pm10,,µg/m³,2024-11-22,84.97916666666667,76.2,56.2,119.0,24,100.0,100.0
3092518,Serena,,AE,Asia/Dubai,AirGradient,Scottyboi,25.03432,55.28811,10833870,pm10 µg/m³,pm10,,µg/m³,2024-11-23,80.25416666666666,52.85,37.6,147.0,24,100.0,100.0
3092518,Serena,,AE,Asia/Dubai,AirGradient,Scottyboi,25.03432,55.28811,10833870,pm10 µg/m³,pm10,,µg/m³,2024-11-24,42.104166666666664,46.15,17.3,53.4,24,100.0,100.0
3092518,Serena,,AE,Asia/Dubai,AirGradient,Scottyboi,25.03432,55.28811,10833870,pm10 µg/m³,pm10,,µg/m³,2024-11-25,48.541666666666664,49.900000000000006,26.4,68.3,24,100.0,100.0
3092518,Serena,,AE,Asia/Dubai,AirGradient,Scottyboi,25.03432,55.28811,10833870,pm10 µg/m³,pm10,,µg/m³,2024-11-26,37.233333333333334,40.75,20.7,49.4,24,100.0,100.0
3092518,Serena,,AE,Asia/Dubai,AirGradient,Scottyboi,25.03432,55.28811,10833870,pm10 µg/m³,pm10,,µg/m³,2024-11-27,47.8125,51.1,26.8,69.8,24,100.0,100.0
3092518,Serena,,AE,Asia/Dubai,AirGradient,Scottyboi,25.03432,55.28811,10833870,pm10 µg/m³,pm10,,µg/m³,2024-11-28,51.21666666666667,47.5,20.8,94.3,24,100.0,100.0
3092518,Serena,,AE,Asia/Dubai,AirGradient,Scottyboi,25.03432,55.28811,10833870,pm10 µg/m³,pm10,,µg/m³,2024-11-29,16.03,14.7,8.23,23.8,24,100.0,100.0
3092518,Serena,,AE,Asia/Dubai,AirGradient,Scottyboi,25.03432,55.28811,10833870,pm10 µg/m³,pm10,,µg/m³,2024-11-30,19.845833333333335,19.299999999999997,10.2,37.1,24,100.0,100.0
3092518,Serena,,AE,Asia/Dubai,AirGradient,Scottyboi,25.03432,55.28811,10833870,pm10 µg/m³,pm10,,µg/m³,2024-12-01,16.734166666666667,9.465,4.29,48.1,24,100.0,100.0
3092518,Serena,,AE,Asia/Dubai,AirGradient,Scottyboi,25.03432,55.28811,10833870,pm10 µg/m³,pm10,,µg/m³,2024-12-02,33.5375,31.9,15.7,52.7,24,100.0,100.0
3092518,Serena,,AE,Asia/Dubai,AirGradient,Scottyboi,25.03432,55.28811,10833870,pm10 µg/m³,pm10,,µg/m³,2024-12-03,32.6575,18.85,9.88,66.4,24,100.0,100.0
3092518,Serena,,AE,Asia/Dubai,AirGradient,Scottyboi,25.03432,55.28811,10833870,pm10 µg/m³,pm10,,µg/m³,2024-12-04,21.05,21.049999999999997,12.1,29.2,24,100.0,100.0
3092518,Serena,,AE,Asia/Dubai,AirGradient,Scottyboi,25.03432,55.28811,10833870,pm10 µg/m³,pm10,,µg/m³,2024-12-05,35.083333333333336,28.1,15.5,60.6,24,100.0,100.0
3092518,Serena,,AE,Asia/Dubai,AirGradient,Scottyboi,25.03432,55.28811,10833870,pm10 µg/m³,pm10,,µg/m³,2024-12-06,85.56666666666666,68.69999999999999,45.0,157.0,24,100.0,100.0
3092518,Serena,,AE,Asia/Dubai,AirGradient,Scottyboi,25.03432,55.28811,10833870,pm10 µg/m³,pm10,,µg/m³,2024-12-07,85.34166666666665,72.75,39.8,153.0,24,100.0,100.0
3092518,Serena,,AE,Asia/Dubai,AirGradient,Scottyboi,25.03432,55.28811,10833870,pm10 µg/m³,pm10,,µg/m³,2024-12-08,37.4625,23.25,12.4,75.9,24,100.0,100.0
3092518,Serena,,AE,Asia/Dubai,AirGradient,Scottyboi,25.03432,55.28811,10833870,pm10 µg/m³,pm10,,µg/m³,2024-12-09,17.12875,16.549999999999997,9.38,26.2,24,100.0,100.0
3092518,Serena,,AE,Asia/Dubai,AirGradient,Scottyboi,25.03432,55.28811,10833870,pm10 µg/m³,pm10,,µg/m³,2024-12-10,26.8125,28.5,13.4,39.8,24,100.0,100.0
3092518,Serena,,AE,Asia/Dubai,AirGradient,Scottyboi,25.03432,55.28811,10833870,pm10 µg/m³,pm10,,µg/m³,2024-12-11,27.628333333333334,19.35,9.98,52.1,24,100.0,100.0
3092518,Serena,,AE,Asia/Dubai,AirGradient,Scottyboi,25.03432,55.28811,10833870,pm10 µg/m³,pm10,,µg/m³,2024-12-12,17.870416666666667,18.25,9.69,26.9,24,100.0,100.0
3092518,Serena,,AE,Asia/Dubai,AirGradient,Scottyboi,25.03432,55.28811,10833870,pm10 µg/m³,pm10,,µg/m³,2024-12-13,25.0625,21.2,14.7,50.6,24,100.0,100.0
3092518,Serena,,AE,Asia/Dubai,AirGradient,Scottyboi,25.03432,55.28811,10833870,pm10 µg/m³,pm10,,µg/m³,2024-12-14,52.95416666666667,56.900000000000006,24.4,63.4,24,100.0,100.0
3092518,Serena,,AE,Asia/Dubai,AirGradient,Scottyboi,25.03432,55.28811,10833870,pm10 µg/m³,pm10,,µg/m³,2024-12-15,47.07083333333333,45.650000000000006,20.8,74.0,24,100.0,100.0
3092518,Serena,,AE,Asia/Dubai,AirGradient,Scottyboi,25.03432,55.28811,10833870,pm10 µg/m³,pm10,,µg/m³,2024-12-16,25.3375,24.5,17.3,32.3,16,100.0,100.0
3092518,Serena,,AE,Asia/Dubai,AirGradient,Scottyboi,25.03432,55.28811,10833870,pm10 µg/m³,pm10,,µg/m³,2024-12-17,42.243478260869566,40.4,30.0,58.7,23,100.0,100.0
3092518,Serena,,AE,Asia/Dubai,AirGradient,Scottyboi,25.03432,55.28811,10833870,pm10 µg/m³,pm10,,µg/m³,2024-12-18,39.475,41.0,30.0,46.9,24,100.0,100.0
3092518,Serena,,AE,Asia/Dubai,AirGradient,Scottyboi,25.03432,55.28811,10833870,pm10 µg/m³,pm10,,µg/m³,2024-12-19,45.375,46.05,31.6,56.7,24,100.0,100.0
3092518,Serena,,AE,Asia/Dubai,AirGradient,Scottyboi,25.03432,55.28811,10833870,pm10 µg/m³,pm10,,µg/m³,2024-12-20,50.3125,54.15,30.9,61.9,24,100.0,100.0
3092518,Serena,,AE,Asia/Dubai,AirGradient,Scottyboi,25.03432,55.28811,10833870,pm10 µg/m³,pm10,,µg/m³,2024-12-21,49.020833333333336,52.75,22.0,80.0,24,100.0,100.0
3092518,Serena,,AE,Asia/Dubai,AirGradient,Scottyboi,25.03432,55.28811,10833870,pm10 µg/m³,pm10,,µg/m³,2024-12-22,44.5,46.650000000000006,21.2,58.7,24,100.0,100.0
3092518,Serena,,AE,Asia/Dubai,AirGradient,Scottyboi,25.03432,55.28811,10833870,pm10 µg/m³,pm10,,µg/m³,2024-12-23,48.1875,45.15,32.8,69.2,24,100.0,100.0
3092518,Serena,,AE,Asia/Dubai,AirGradient,Scottyboi,25.03432,55.28811,10833870,pm10 µg/m³,pm10,,µg/m³,2024-12-24,60.800000000000004,67.3,32.8,77.1,24,100.0,100.0
3092518,Serena,,AE,Asia/Dubai,AirGradient,Scottyboi,25.03432,55.28811,10833870,pm10 µg/m³,pm10,,µg/m³,2024-12-25,74.77083333333333,72.05,45.0,119.0,24,100.0,100.0
3092518,Serena,,AE,Asia/Dubai,AirGradient,Scottyboi,25.03432,55.28811,10833870,pm10 µg/m³,pm10,,µg/m³,2024-12-26,74.27916666666667,65.8,49.2,118.0,24,100.0,100.0
3092518,Serena,,AE,Asia/Dubai,AirGradient,Scottyboi,25.03432,55.28811,10833870,pm10 µg/m³,pm10,,µg/m³,2024-12-27,51.63333333333333,41.1,31.4,77.6,24,100.0,100.0
3092518,Serena,,AE,Asia/Dubai,AirGradient,Scottyboi,25.03432,55.28811,10833870,pm10 µg/m³,pm10,,µg/m³,2024-12-28,43.112500000000004,43.150000000000006,20.8,63.3,24,100.0,100.0
3092518,Serena,,AE,Asia/Dubai,AirGradient,Scottyboi,25.03432,55.28811,10833870,pm10 µg/m³,pm10,,µg/m³,2024-12-29,57.35833333333334,56.0,29.8,182.0,24,100.0,100.0
3092518,Serena,,AE,Asia/Dubai,AirGradient,Scottyboi,25.03432,55.28811,10833870,pm10 µg/m³,pm10,,µg/m³,2024-12-30,73.60909090909091,73.5,35.9,106.0,22,100.0,100.0
3092518,Serena,,AE,Asia/Dubai,AirGradient,Scottyboi,25.03432,55.28811,10833870,pm10 µg/m³,pm10,,µg/m³,2024-12-31,54.471428571428575,50.900000000000006,33.6,97.9,14,100.0,100.0
3092518,Serena,,AE,Asia/Dubai,AirGradient,Scottyboi,25.03432,55.28811,10833870,pm10 µg/m³,pm10,,µg/m³,2025-01-01,49.112500000000004,51.05,16.3,81.1,24,100.0,100.0
3092518,Serena,,AE,Asia/Dubai,AirGradient,Scottyboi,25.03432,55.28811,10833870,pm10 µg/m³,pm10,,µg/m³,2025-01-02,14.998750000000001,16.05,8.75,22.5,24,100.0,100.0
3092518,Serena,,AE,Asia/Dubai,AirGradient,Scottyboi,25.03432,55.28811,10833870,pm10 µg/m³,pm10,,µg/m³,2025-01-03,34.50833333333333,34.8,14.5,57.0,24,100.0,100.0
3092518,Serena,,AE,Asia/Dubai,AirGradient,Scottyboi,25.03432,55.28811,10833870,pm10 µg/m³,pm10,,µg/m³,2025-01-04,27.724999999999998,29.0,9.4,46.4,24,100.0,100.0
3092518,Serena,,AE,Asia/Dubai,AirGradient,Scottyboi,25.03432,55.28811,10833870,pm10 µg/m³,pm10,,µg/m³,2025-01-05,45.55833333333334,46.55,27.1,67.0,24,100.0,100.0
3092518,Serena,,AE,Asia/Dubai,AirGradient,Scottyboi,25.03432,55.28811,10833870,pm10 µg/m³,pm10,,µg/m³,2025-01-06,55.20526315789474,54.6,16.1,107.0,19,100.0,100.0
3092518,Serena,,AE,Asia/Dubai,AirGradient,Scottyboi,25.03432,55.28811,10833870,pm10 µg/m³,pm10,,µg/m³,2025-01-07,45.00625,54.8,16.5,70.4,16,100.0,100.0
3092518,Serena,,AE,Asia/Dubai,AirGradient,Scottyboi,25.03432,55.28811,10833870,pm10 µg/m³,pm10,,µg/m³,2025-01-08,42.426086956521736,49.7,10.8,90.6,23,100.0,100.0
3092518,Serena,,AE,Asia/Dubai,AirGradient,Scottyboi,25.03432,55.28811,10833870,pm10 µg/m³,pm10,,µg/m³,2025-01-09,76.79565217391304,62.2,41.0,120.0,23,100.0,100.0
3092518,Serena,,AE,Asia/Dubai,AirGradient,Scottyboi,25.03432,55.28811,10833870,pm10 µg/m³,pm10,,µg/m³,2025-01-10,55.03333333333333,57.0,24.1,76.4,24,100.0,100.0
3092518,Serena,,AE,Asia/Dubai,AirGradient,Scottyboi,25.03432,55.28811,10833870,pm10 µg/m³,pm10,,µg/m³,2025-01-11,36.28888888888889,40.3,5.36,76.1,18,100.0,100.0
3092518,Serena,,AE,Asia/Dubai,AirGradient,Scottyboi,25.03432,55.28811,10833870,pm10 µg/m³,pm10,,µg/m³,2025-01-12,35.333333333333336,34.4,30.4,41.2,3,100.0,100.0
3092518,Serena,,AE,Asia/Dubai,AirGradient,Scottyboi,25.03432,55.28811,10833870,pm10 µg/m³,pm10,,µg/m³,2025-01-13,55.1,52.6,51.9,60.8,3,100.0,100.0
3092518,Serena,,AE,Asia/Dubai,AirGradient,Scottyboi,25.03432,55.28811,10833870,pm10 µg/m³,pm10,,µg/m³,2025-01-14,57.4,55.8,52.0,66.0,4,100.0,100.0
3092518,Serena,,AE,Asia/Dubai,AirGradient,Scottyboi,25.03432,55.28811,10833851,pm25 µg/m³,pm25,,µg/m³,2024-10-04,37.922222222222224,43.6,15.6,46.4,9,100.0,100.0
3092518,Serena,,AE,Asia/Dubai,AirGradient,Scottyboi,25.03432,55.28811,10833851,pm25 µg/m³,pm25,,µg/m³,2024-10-05,21.3,19.55,14.2,38.0,20,100.0,100.0
3092518,Serena,,AE,Asia/Dubai,AirGradient,Scottyboi,25.03432,55.28811,10833851,pm25 µg/m³,pm25,,µg/m³,2024-10-06,32.636842105263156,36.4,12.9,46.6,19,100.0,100.0
3092518,Serena,,AE,Asia/Dubai,AirGradient,Scottyboi,25.03432,55.28811,10833851,pm25 µg/m³,pm25,,µg/m³,2024-10-07,28.05125,19.15,7.93,53.6,24,100.0,100.0
3092518,Serena,,AE,Asia/Dubai,AirGradient,Scottyboi,25.03432,55.28811,10833851,pm25 µg/m³,pm25,,µg/m³,2024-10-08,19.754583333333333,21.3,7.1,28.8,24,100.0,100.0
3092518,Serena,,AE,Asia/Dubai,AirGradient,Scottyboi,25.03432,55.28811,10833851,pm25 µg/m³,pm25,,µg/m³,2024-10-09,25.289583333333336,22.85,9.57,90.6,24,100.0,100.0
3092518,Serena,,AE,Asia/Dubai,AirGradient,Scottyboi,25.03432,55.28811,10833851,pm25 µg/m³,pm25,,µg/m³,2024-10-10,46.00833333333333,43.8,20.0,117.0,24,100.0,100.0
3092518,Serena,,AE,Asia/Dubai,AirGradient,Scottyboi,25.03432,55.28811,10833851,pm25 µg/m³,pm25,,µg/m³,2024-10-11,48.225,48.7,35.2,60.7,24,100.0,100.0
3092518,Serena,,AE,Asia/Dubai,AirGradient,Scottyboi,25.03432,55.28811,10833851,pm25 µg/m³,pm25,,µg/m³,2024-10-12,49.975,46.85,29.5,76.2,24,100.0,100.0
3092518,Serena,,AE,Asia/Dubai,AirGradient,Scottyboi,25.03432,55.28811,10833851,pm25 µg/m³,pm25,,µg/m³,2024-10-13,43.770833333333336,45.8,28.9,53.8,24,100.0,100.0
3092518,Serena,,AE,Asia/Dubai,AirGradient,Scottyboi,25.03432,55.28811,10833851,pm25 µg/m³,pm25,,µg/m³,2024-10-14,35.19583333333333,34.25,14.9,60.7,24,100.0,100.0
3092518,Serena,,AE,Asia/Dubai,AirGradient,Scottyboi,25.03432,55.28811,10833851,pm25 µg/m³,pm25,,µg/m³,2024-10-15,28.991666666666664,26.0,19.3,44.1,24,100.0,100.0
3092518,Serena,,AE,Asia/Dubai,AirGradient,Scottyboi,25.03432,55.28811,10833851,pm25 µg/m³,pm25,,µg/m³,2024-10-16,18.40041666666667,20.55,5.35,27.2,24,100.0,100.0
3092518,Serena,,AE,Asia/Dubai,AirGradient,Scottyboi,25.03432,55.28811,10833851,pm25 µg/m³,pm25,,µg/m³,2024-10-17,8.680833333333334,7.03,3.7,21.9,24,100.0,100.0
3092518,Serena,,AE,Asia/Dubai,AirGradient,Scottyboi,25.03432,55.28811,10833851,pm25 µg/m³,pm25,,µg/m³,2024-10-18,18.465416666666666,19.25,4.79,30.5,24,100.0,100.0
3092518,Serena,,AE,Asia/Dubai,AirGradient,Scottyboi,25.03432,55.28811,10833851,pm25 µg/m³,pm25,,µg/m³,2024-10-19,23.920833333333334,24.35,7.75,45.0,24,100.0,100.0
3092518,Serena,,AE,Asia/Dubai,AirGradient,Scottyboi,25.03432,55.28811,10833851,pm25 µg/m³,pm25,,µg/m³,2024-10-20,55.875,49.95,19.9,94.4,24,100.0,100.0
3092518,Serena,,AE,Asia/Dubai,AirGradient,Scottyboi,25.03432,55.28811,10833851,pm25 µg/m³,pm25,,µg/m³,2024-10-21,77.75,81.5,30.1,121.0,24,100.0,100.0
3092518,Serena,,AE,Asia/Dubai,AirGradient,Scottyboi,25.03432,55.28811,10833851,pm25 µg/m³,pm25,,µg/m³,2024-10-22,69.125,47.85,34.2,123.0,24,100.0,100.0
3092518,Serena,,AE,Asia/Dubai,AirGradient,Scottyboi,25.03432,55.28811,10833851,pm25 µg/m³,pm25,,µg/m³,2024-10-23,38.829166666666666,38.4,11.0,65.3,24,100.0,100.0
3092518,Serena,,AE,Asia/Dubai,AirGradient,Scottyboi,25.03432,55.28811,10833851,pm25 µg/m³,pm25,,µg/m³,2024-10-24,28.757499999999997,31.1,9.78,46.6,24,100.0,100.0
3092518,Serena,,AE,Asia/Dubai,AirGradient,Scottyboi,25.03432,55.28811,10833851,pm25 µg/m³,pm25,,µg/m³,2024-10-25,37.21666666666667,36.95,13.3,61.6,24,100.0,100.0
3092518,Serena,,AE,Asia/Dubai,AirGradient,Scottyboi,25.03432,55.28811,10833851,pm25 µg/m³,pm25,,µg/m³,2024-10-26,40.270833333333336,33.650000000000006,17.8,68.6,24,100.0,100.0
3092518,Serena,,AE,Asia/Dubai,AirGradient,Scottyboi,25.03432,55.28811,10833851,pm25 µg/m³,pm25,,µg/m³,2024-10-27,25.139583333333334,23.2,9.45,43.6,24,100.0,100.0
3092518,Serena,,AE,Asia/Dubai,AirGradient,Scottyboi,25.03432,55.28811,10833851,pm25 µg/m³,pm25,,µg/m³,2024-10-28,21.95,22.95,11.9,29.7,24,100.0,100.0
3092518,Serena,,AE,Asia/Dubai,AirGradient,Scottyboi,25.03432,55.28811,10833851,pm25 µg/m³,pm25,,µg/m³,2024-10-29,32.125,30.15,18.2,66.4,24,100.0,100.0
3092518,Serena,,AE,Asia/Dubai,AirGradient,Scottyboi,25.03432,55.28811,10833851,pm25 µg/m³,pm25,,µg/m³,2024-10-30,37.920833333333334,35.0,15.8,63.6,24,100.0,100.0
3092518,Serena,,AE,Asia/Dubai,AirGradient,Scottyboi,25.03432,55.28811,10833851,pm25 µg/m³,pm25,,µg/m³,2024-10-31,48.47083333333333,44.45,33.6,84.3,24,100.0,100.0
3092518,Serena,,AE,Asia/Dubai,AirGradient,Scottyboi,25.03432,55.28811,10833851,pm25 µg/m³,pm25,,µg/m³,2024-11-01,60.145833333333336,51.25,39.1,107.0,24,100.0,100.0
3092518,Serena,,AE,Asia/Dubai,AirGradient,Scottyboi,25.03432,55.28811,10833851,pm25 µg/m³,pm25,,µg/m³,2024-11-02,55.020833333333336,51.0,33.3,109.0,24,100.0,100.0
3092518,Serena,,AE,Asia/Dubai,AirGradient,Scottyboi,25.03432,55.28811,10833851,pm25 µg/m³,pm25,,µg/m³,2024-11-03,79.57916666666667,78.35,38.9,134.0,24,100.0,100.0
3092518,Serena,,AE,Asia/Dubai,AirGradient,Scottyboi,25.03432,55.28811,10833851,pm25 µg/m³,pm25,,µg/m³,2024-11-04,76.0125,45.7,36.8,156.0,24,100.0,100.0
3092518,Serena,,AE,Asia/Dubai,AirGradient,Scottyboi,25.03432,55.28811,10833851,pm25 µg/m³,pm25,,µg/m³,2024-11-05,44.4625,45.15,28.2,64.0,24,100.0,100.0
3092518,Serena,,AE,Asia/Dubai,AirGradient,Scottyboi,25.03432,55.28811,10833851,pm25 µg/m³,pm25,,µg/m³,2024-11-06,46.22083333333333,45.75,25.8,69.4,24,100.0,100.0
3092518,Serena,,AE,Asia/Dubai,AirGradient,Scottyboi,25.03432,55.28811,10833851,pm25 µg/m³,pm25,,µg/m³,2024-11-07,56.81666666666666,59.95,20.8,99.8,24,100.0,100.0
3092518,Serena,,AE,Asia/Dubai,AirGradient,Scottyboi,25.03432,55.28811,10833851,pm25 µg/m³,pm25,,µg/m³,2024-11-08,66.76666666666667,46.0,27.2,119.0,24,100.0,100.0
3092518,Serena,,AE,Asia/Dubai,AirGradient,Scottyboi,25.03432,55.28811,10833851,pm25 µg/m³,pm25,,µg/m³,2024-11-09,51.35833333333333,49.2,34.6,72.5,24,100.0,100.0
3092518,Serena,,AE,Asia/Dubai,AirGradient,Scottyboi,25.03432,55.28811,10833851,pm25 µg/m³,pm25,,µg/m³,2024-11-10,60.92916666666667,54.900000000000006,33.8,114.0,24,100.0,100.0
3092518,Serena,,AE,Asia/Dubai,AirGradient,Scottyboi,25.03432,55.28811,10833851,pm25 µg/m³,pm25,,µg/m³,2024-11-11,54.72083333333333,45.55,34.8,89.5,24,100.0,100.0
3092518,Serena,,AE,Asia/Dubai,AirGradient,Scottyboi,25.03432,55.28811,10833851,pm25 µg/m³,pm25,,µg/m³,2024-11-12,50.68333333333334,49.3,35.0,68.2,24,100.0,100.0
3092518,Serena,,AE,Asia/Dubai,AirGradient,Scottyboi,25.03432,55.28811,10833851,pm25 µg/m³,pm25,,µg/m³,2024-11-13,61.56666666666666,58.25,40.0,90.9,24,100.0,100.0
3092518,Serena,,AE,Asia/Dubai,AirGradient,Scottyboi,25.03432,55.28811,10833851,pm25 µg/m³,pm25,,µg/m³,2024-11-14,73.45,72.9,38.4,117.0,24,100.0,100.0
3092518,Serena,,AE,Asia/Dubai,AirGradient,Scottyboi,25.03432,55.28811,10833851,pm25 µg/m³,pm25,,µg/m³,2024-11-15,45.895833333333336,34.5,10.7,85.9,24,100.0,100.0
3092518,Serena,,AE,Asia/Dubai,AirGradient,Scottyboi,25.03432,55.28811,10833851,pm25 µg/m³,pm25,,µg/m³,2024-11-16,27.027916666666666,28.8,6.55,64.1,24,100.0,100.0
3092518,Serena,,AE,Asia/Dubai,AirGradient,Scottyboi,25.03432,55.28811,10833851,pm25 µg/m³,pm25,,µg/m³,2024-11-17,37.449999999999996,31.4,21.6,63.2,24,100.0,100.0
3092518,Serena,,AE,Asia/Dubai,AirGradient,Scottyboi,25.03432,55.28811,10833851,pm25 µg/m³,pm25,,µg/m³,2024-11-18,56.912499999999994,48.15,33.0,92.9,24,100.0,100.0
3092518,Serena,,AE,Asia/Dubai,AirGradient,Scottyboi,25.03432,55.28811,10833851,pm25 µg/m³,pm25,,µg/m³,2024-11-19,44.24583333333334,42.8,24.4,71.1,24,100.0,100.0
3092518,Serena,,AE,Asia/Dubai,AirGradient,Scottyboi,25.03432,55.28811,10833851,pm25 µg/m³,pm25,,µg/m³,2024-11-20,51.9,45.2,28.7,80.0,24,100.0,100.0
3092518,Serena,,AE,Asia/Dubai,AirGradient,Scottyboi,25.03432,55.28811,10833851,pm25 µg/m³,pm25,,µg/m³,2024-11-21,56.800000000000004,57.2,30.8,84.5,24,100.0,100.0
3092518,Serena,,AE,Asia/Dubai,AirGradient,Scottyboi,25.03432,55.28811,10833851,pm25 µg/m³,pm25,,µg/m³,2024-11-22,78.17916666666666,70.8,46.3,113.0,24,100.0,100.0
3092518,Serena,,AE,Asia/Dubai,AirGradient,Scottyboi,25.03432,55.28811,10833851,pm25 µg/m³,pm25,,µg/m³,2024-11-23,73.71249999999999,44.1,33.5,138.0,24,100.0,100.0
3092518,Serena,,AE,Asia/Dubai,AirGradient,Scottyboi,25.03432,55.28811,10833851,pm25 µg/m³,pm25,,µg/m³,2024-11-24,36.3375,39.0,16.8,44.6,24,100.0,100.0
3092518,Serena,,AE,Asia/Dubai,AirGradient,Scottyboi,25.03432,55.28811,10833851,pm25 µg/m³,pm25,,µg/m³,2024-11-25,41.68333333333333,42.0,25.7,57.4,24,100.0,100.0
3092518,Serena,,AE,Asia/Dubai,AirGradient,Scottyboi,25.03432,55.28811,10833851,pm25 µg/m³,pm25,,µg/m³,2024-11-26,32.875,35.4,20.0,41.5,24,100.0,100.0
3092518,Serena,,AE,Asia/Dubai,AirGradient,Scottyboi,25.03432,55.28811,10833851,pm25 µg/m³,pm25,,µg/m³,2024-11-27,40.92916666666667,42.95,26.0,60.0,24,100.0,100.0
3092518,Serena,,AE,Asia/Dubai,AirGradient,Scottyboi,25.03432,55.28811,10833851,pm25 µg/m³,pm25,,µg/m³,2024-11-28,45.15,40.45,20.2,88.9,24,100.0,100.0
3092518,Serena,,AE,Asia/Dubai,AirGradient,Scottyboi,25.03432,55.28811,10833851,pm25 µg/m³,pm25,,µg/m³,2024-11-29,15.519166666666665,14.350000000000001,7.87,23.1,24,100.0,100.0
3092518,Serena,,AE,Asia/Dubai,AirGradient,Scottyboi,25.03432,55.28811,10833851,pm25 µg/m³,pm25,,µg/m³,2024-11-30,19.166666666666668,18.85,9.9,33.6,24,100.0,100.0
3092518,Serena,,AE,Asia/Dubai,AirGradient,Scottyboi,25.03432,55.28811,10833851,pm25 µg/m³,pm25,,µg/m³,2024-12-01,15.661666666666667,9.11,4.04,43.3,24,100.0,100.0
3092518,Serena,,AE,Asia/Dubai,AirGradient,Scottyboi,25.03432,55.28811,10833851,pm25 µg/m³,pm25,,µg/m³,2024-12-02,30.791666666666668,30.35,15.5,44.2,24,100.0,100.0
3092518,Serena,,AE,Asia/Dubai,AirGradient,Scottyboi,25.03432,55.28811,10833851,pm25 µg/m³,pm25,,µg/m³,2024-12-03,28.290833333333335,18.35,9.48,55.9,24,100.0,100.0
3092518,Serena,,AE,Asia/Dubai,AirGradient,Scottyboi,25.03432,55.28811,10833851,pm25 µg/m³,pm25,,µg/m³,2024-12-04,20.375,20.35,11.8,27.4,24,100.0,100.0
3092518,Serena,,AE,Asia/Dubai,AirGradient,Scottyboi,25.03432,55.28811,10833851,pm25 µg/m³,pm25,,µg/m³,2024-12-05,31.354166666666668,27.2,14.9,50.0,24,100.0,100.0
3092518,Serena,,AE,Asia/Dubai,AirGradient,Scottyboi,25.03432,55.28811,10833851,pm25 µg/m³,pm25,,µg/m³,2024-12-06,77.84166666666667,58.1,38.6,153.0,24,100.0,100.0
3092518,Serena,,AE,Asia/Dubai,AirGradient,Scottyboi,25.03432,55.28811,10833851,pm25 µg/m³,pm25,,µg/m³,2024-12-07,78.82916666666667,65.8,35.0,148.0,24,100.0,100.0
3092518,Serena,,AE,Asia/Dubai,AirGradient,Scottyboi,25.03432,55.28811,10833851,pm25 µg/m³,pm25,,µg/m³,2024-12-08,32.82083333333333,22.5,11.8,69.7,24,100.0,100.0
3092518,Serena,,AE,Asia/Dubai,AirGradient,Scottyboi,25.03432,55.28811,10833851,pm25 µg/m³,pm25,,µg/m³,2024-12-09,16.475833333333334,15.95,9.01,25.4,24,100.0,100.0
3092518,Serena,,AE,Asia/Dubai,AirGradient,Scottyboi,25.03432,55.28811,10833851,pm25 µg/m³,pm25,,µg/m³,2024-12-10,25.416666666666668,27.4,13.0,35.0,24,100.0,100.0
3092518,Serena,,AE,Asia/Dubai,AirGradient,Scottyboi,25.03432,55.28811,10833851,pm25 µg/m³,pm25,,µg/m³,2024-12-11,24.34583333333333,18.5,9.53,43.3,24,100.0,100.0
3092518,Serena,,AE,Asia/Dubai,AirGradient,Scottyboi,25.03432,55.28811,10833851,pm25 µg/m³,pm25,,µg/m³,2024-12-12,17.277916666666666,17.7,9.22,25.9,24,100.0,100.0
3092518,Serena,,AE,Asia/Dubai,AirGradient,Scottyboi,25.03432,55.28811,10833851,pm25 µg/m³,pm25,,µg/m³,2024-12-13,23.291666666666668,20.65,14.2,42.6,24,100.0,100.0
3092518,Serena,,AE,Asia/Dubai,AirGradient,Scottyboi,25.03432,55.28811,10833851,pm25 µg/m³,pm25,,µg/m³,2024-12-14,44.34166666666667,46.95,23.7,52.5,24,100.0,100.0
3092518,Serena,,AE,Asia/Dubai,AirGradient,Scottyboi,25.03432,55.28811,10833851,pm25 µg/m³,pm25,,µg/m³,2024-12-15,41.07083333333333,38.95,20.4,65.6,24,100.0,100.0
3092518,Serena,,AE,Asia/Dubai,AirGradient,Scottyboi,25.03432,55.28811,10833851,pm25 µg/m³,pm25,,µg/m³,2024-12-16,23.94375,23.15,15.9,30.6,16,100.0,100.0
3092518,Serena,,AE,Asia/Dubai,AirGradient,Scottyboi,25.03432,55.28811,10833851,pm25 µg/m³,pm25,,µg/m³,2024-12-17,35.839130434782604,34.2,27.5,47.8,23,100.0,100.0
3092518,Serena,,AE,Asia/Dubai,AirGradient,Scottyboi,25.03432,55.28811,10833851,pm25 µg/m³,pm25,,µg/m³,2024-12-18,34.550000000000004,35.0,28.8,39.5,24,100.0,100.0
3092518,Serena,,AE,Asia/Dubai,AirGradient,Scottyboi,25.03432,55.28811,10833851,pm25 µg/m³,pm25,,µg/m³,2024-12-19,38.94166666666667,39.25,30.2,46.9,24,100.0,100.0
3092518,Serena,,AE,Asia/Dubai,AirGradient,Scottyboi,25.03432,55.28811,10833851,pm25 µg/m³,pm25,,µg/m³,2024-12-20,42.512499999999996,45.15,29.4,50.7,24,100.0,100.0
3092518,Serena,,AE,Asia/Dubai,AirGradient,Scottyboi,25.03432,55.28811,10833851,pm25 µg/m³,pm25,,µg/m³,2024-12-21,43.44166666666666,44.05,21.6,74.9,24,100.0,100.0
3092518,Serena,,AE,Asia/Dubai,AirGradient,Scottyboi,25.03432,55.28811,10833851,pm25 µg/m³,pm25,,µg/m³,2024-12-22,38.34166666666667,40.0,20.8,48.4,24,100.0,100.0
3092518,Serena,,AE,Asia/Dubai,AirGradient,Scottyboi,25.03432,55.28811,10833851,pm25 µg/m³,pm25,,µg/m³,2024-12-23,41.324999999999996,38.5,30.7,59.2,24,100.0,100.0
3092518,Serena,,AE,Asia/Dubai,AirGradient,Scottyboi,25.03432,55.28811,10833851,pm25 µg/m³,pm25,,µg/m³,2024-12-24,52.979166666666664,55.95,30.9,71.5,24,100.0,100.0
3092518,Serena,,AE,Asia/Dubai,AirGradient,Scottyboi,25.03432,55.28811,10833851,pm25 µg/m³,pm25,,µg/m³,2024-12-25,67.49166666666666,63.0,38.5,111.0,24,100.0,100.0
3092518,Serena,,AE,Asia/Dubai,AirGradient,Scottyboi,25.03432,55.28811,10833851,pm25 µg/m³,pm25,,µg/m³,2024-12-26,65.55,53.75,41.7,110.0,24,100.0,100.0
3092518,Serena,,AE,Asia/Dubai,AirGradient,Scottyboi,25.03432,55.28811,10833851,pm25 µg/m³,pm25,,µg/m³,2024-12-27,45.65,35.95,29.2,70.5,24,100.0,100.0
3092518,Serena,,AE,Asia/Dubai,AirGradient,Scottyboi,25.03432,55.28811,10833851,pm25 µg/m³,pm25,,µg/m³,2024-12-28,37.15,37.05,20.5,52.1,24,100.0,100.0
3092518,Serena,,AE,Asia/Dubai,AirGradient,Scottyboi,25.03432,55.28811,10833851,pm25 µg/m³,pm25,,µg/m³,2024-12-29,49.35833333333333,46.2,28.9,169.0,24,100.0,100.0
3092518,Serena,,AE,Asia/Dubai,AirGradient,Scottyboi,25.03432,55.28811,10833851,pm25 µg/m³,pm25,,µg/m³,2024-12-30,66.47727272727273,65.65,32.8,99.1,22,100.0,100.0
3092518,Serena,,AE,Asia/Dubai,AirGradient,Scottyboi,25.03432,55.28811,10833851,pm25 µg/m³,pm25,,µg/m³,2024-12-31,47.978571428571435,43.25,31.3,92.7,14,100.0,100.0
3092518,Serena,,AE,Asia/Dubai,AirGradient,Scottyboi,25.03432,55.28811,10833851,pm25 µg/m³,pm25,,µg/m³,2025-01-01,43.050000000000004,42.8,16.0,76.5,24,100.0,100.0
3092518,Serena,,AE,Asia/Dubai,AirGradient,Scottyboi,25.03432,55.28811,10833851,pm25 µg/m³,pm25,,µg/m³,2025-01-02,14.56875,15.65,8.44,22.1,24,100.0,100.0
3092518,Serena,,AE,Asia/Dubai,AirGradient,Scottyboi,25.03432,55.28811,10833851,pm25 µg/m³,pm25,,µg/m³,2025-01-03,30.933333333333334,32.2,14.0,47.0,24,100.0,100.0
3092518,Serena,,AE,Asia/Dubai,AirGradient,Scottyboi,25.03432,55.28811,10833851,pm25 µg/m³,pm25,,µg/m³,2025-01-04,26.182916666666667,28.05,9.19,39.5,24,100.0,100.0
3092518,Serena,,AE,Asia/Dubai,AirGradient,Scottyboi,25.03432,55.28811,10833851,pm25 µg/m³,pm25,,µg/m³,2025-01-05,39.43333333333333,39.55,26.5,54.4,24,100.0,100.0
3092518,Serena,,AE,Asia/Dubai,AirGradient,Scottyboi,25.03432,55.28811,10833851,pm25 µg/m³,pm25,,µg/m³,2025-01-06,51.95263157894737,45.5,15.7,104.0,19,100.0,100.0
3092518,Serena,,AE,Asia/Dubai,AirGradient,Scottyboi,25.03432,55.28811,10833851,pm25 µg/m³,pm25,,µg/m³,2025-01-07,38.4625,45.650000000000006,16.2,58.9,16,100.0,100.0
3092518,Serena,,AE,Asia/Dubai,AirGradient,Scottyboi,25.03432,55.28811,10833851,pm25 µg/m³,pm25,,µg/m³,2025-01-08,37.02608695652174,42.0,10.5,87.6,23,100.0,100.0
3092518,Serena,,AE,Asia/Dubai,AirGradient,Scottyboi,25.03432,55.28811,10833851,pm25 µg/m³,pm25,,µg/m³,2025-01-09,69.79565217391304,50.8,36.1,114.0,23,100.0,100.0
3092518,Serena,,AE,Asia/Dubai,AirGradient,Scottyboi,25.03432,55.28811,10833851,pm25 µg/m³,pm25,,µg/m³,2025-01-10,47.112500000000004,48.45,23.7,69.5,24,100.0,100.0
3092518,Serena,,AE,Asia/Dubai,AirGradient,Scottyboi,25.03432,55.28811,10833851,pm25 µg/m³,pm25,,µg/m³,2025-01-11,32.11888888888889,35.400000000000006,5.19,69.1,18,100.0,100.0
3092518,Serena,,AE,Asia/Dubai,AirGradient,Scottyboi,25.03432,55.28811,10833851,pm25 µg/m³,pm25,,µg/m³,2025-01-12,32.266666666666666,31.8,28.8,36.2,3,100.0,100.0
3092518,Serena,,AE,Asia/Dubai,AirGradient,Scottyboi,25.03432,55.28811,10833851,pm25 µg/m³,pm25,,µg/m³,2025-01-13,45.76666666666667,43.9,43.6,49.8,3,100.0,100.0
3092518,Serena,,AE,Asia/Dubai,AirGradient,Scottyboi,25.03432,55.28811,10833851,pm25 µg/m³,pm25,,µg/m³,2025-01-14,47.4,46.15,43.5,53.8,4,100.0,100.0
3092518,Serena,,AE,Asia/Dubai,AirGradient,Scottyboi,25.03432,55.28811,10833851,pm25 µg/m³,pm25,,µg/m³,2025-02-11,37.35,37.35,36.2,38.5,2,100.0,100.0
3092518,Serena,,AE,Asia/Dubai,AirGradient,Scottyboi,25.03432,55.28811,10833851,pm25 µg/m³,pm25,,µg/m³,2025-02-12,37.67826086956522,25.0,12.2,80.9,23,100.0,100.0
3092518,Serena,,AE,Asia/Dubai,AirGradient,Scottyboi,25.03432,55.28811,10833851,pm25 µg/m³,pm25,,µg/m³,2025-02-13,15.809583333333334,17.55,6.91,24.9,24,100.0,100.0
3092518,Serena,,AE,Asia/Dubai,AirGradient,Scottyboi,25.03432,55.28811,10833851,pm25 µg/m³,pm25,,µg/m³,2025-02-14,20.239583333333332,19.75,4.11,39.3,24,100.0,100.0
3092518,Serena,,AE,Asia/Dubai,AirGradient,Scottyboi,25.03432,55.28811,10833851,pm25 µg/m³,pm25,,µg/m³,2025-02-15,40.416666666666664,33.8,12.9,84.6,24,100.0,100.0
3092518,Serena,,AE,Asia/Dubai,AirGradient,Scottyboi,25.03432,55.28811,10833851,pm25 µg/m³,pm25,,µg/m³,2025-02-16,43.770833333333336,28.9,15.3,96.9,24,100.0,100.0
3092518,Serena,,AE,Asia/Dubai,AirGradient,Scottyboi,25.03432,55.28811,10833851,pm25 µg/m³,pm25,,µg/m³,2025-02-17,18.558333333333334,18.1,12.0,27.2,24,100.0,100.0
3092518,Serena,,AE,Asia/Dubai,AirGradient,Scottyboi,25.03432,55.28811,10833851,pm25 µg/m³,pm25,,µg/m³,2025-02-18,24.741666666666664,23.95,16.8,33.3,24,100.0,100.0
3092518,Serena,,AE,Asia/Dubai,AirGradient,Scottyboi,25.03432,55.28811,10833851,pm25 µg/m³,pm25,,µg/m³,2025-02-19,33.12916666666667,34.7,12.2,51.7,24,100.0,100.0
3092518,Serena,,AE,Asia/Dubai,AirGradient,Scottyboi,25.03432,55.28811,10833851,pm25 µg/m³,pm25,,µg/m³,2025-02-20,41.55833333333333,39.25,19.6,65.4,24,100.0,100.0
3092518,Serena,,AE,Asia/Dubai,AirGradient,Scottyboi,25.03432,55.28811,10833851,pm25 µg/m³,pm25,,µg/m³,2025-02-21,39.541666666666664,29.1,20.7,75.5,24,100.0,100.0
3092518,Serena,,AE,Asia/Dubai,AirGradient,Scottyboi,25.03432,55.28811,10833851,pm25 µg/m³,pm25,,µg/m³,2025-02-22,33.525,32.5,21.7,48.0,24,100.0,100.0
3092518,Serena,,AE,Asia/Dubai,AirGradient,Scottyboi,25.03432,55.28811,10833851,pm25 µg/m³,pm25,,µg/m³,2025-02-23,31.34583333333333,31.2,18.4,46.2,24,100.0,100.0
3092518,Serena,,AE,Asia/Dubai,AirGradient,Scottyboi,25.03432,55.28811,10833851,pm25 µg/m³,pm25,,µg/m³,2025-02-24,35.229166666666664,33.2,27.6,45.7,24,100.0,100.0
3092518,Serena,,AE,Asia/Dubai,AirGradient,Scottyboi,25.03432,55.28811,10833851,pm25 µg/m³,pm25,,µg/m³,2025-02-25,19.46708333333333,12.1,7.83,52.7,24,100.0,100.0
3092518,Serena,,AE,Asia/Dubai,AirGradient,Scottyboi,25.03432,55.28811,10833851,pm25 µg/m³,pm25,,µg/m³,2025-02-26,12.066666666666668,12.2,7.85,19.7,24,100.0,100.0
3092518,Serena,,AE,Asia/Dubai,AirGradient,Scottyboi,25.03432,55.28811,10833851,pm25 µg/m³,pm25,,µg/m³,2025-02-27,17.5625,17.65,11.4,27.4,24,100.0,100.0
3092518,Serena,,AE,Asia/Dubai,AirGradient,Scottyboi,25.03432,55.28811,10833851,pm25 µg/m³,pm25,,µg/m³,2025-02-28,15.599583333333333,15.25,4.83,26.7,24,100.0,100.0
3092518,Serena,,AE,Asia/Dubai,AirGradient,Scottyboi,25.03432,55.28811,10833851,pm25 µg/m³,pm25,,µg/m³,2025-03-01,21.666666666666668,20.950000000000003,15.3,30.2,24,100.0,100.0
3092518,Serena,,AE,Asia/Dubai,AirGradient,Scottyboi,25.03432,55.28811,10833851,pm25 µg/m³,pm25,,µg/m³,2025-03-02,26.098333333333333,20.6,9.66,45.7,24,100.0,100.0
3092518,Serena,,AE,Asia/Dubai,AirGradient,Scottyboi,25.03432,55.28811,10833851,pm25 µg/m³,pm25,,µg/m³,2025-03-03,26.925,25.95,19.0,34.5,24,100.0,100.0
3092518,Serena,,AE,Asia/Dubai,AirGradient,Scottyboi,25.03432,55.28811,10833851,pm25 µg/m³,pm25,,µg/m³,2025-03-04,28.175,23.2,12.2,47.1,24,100.0,100.0
3092518,Serena,,AE,Asia/Dubai,AirGradient,Scottyboi,25.03432,55.28811,10833851,pm25 µg/m³,pm25,,µg/m³,2025-03-05,24.1125,21.55,15.8,44.6,24,100.0,100.0
3092518,Serena,,AE,Asia/Dubai,AirGradient,Scottyboi,25.03432,55.28811,10833851,pm25 µg/m³,pm25,,µg/m³,2025-03-06,18.145833333333332,14.9,11.8,28.2,24,100.0,100.0
3092518,Serena,,AE,Asia/Dubai,AirGradient,Scottyboi,25.03432,55.28811,10833851,pm25 µg/m³,pm25,,µg/m³,2025-03-07,14.479166666666666,13.95,11.1,19.4,24,100.0,100.0
3092518,Serena,,AE,Asia/Dubai,AirGradient,Scottyboi,25.03432,55.28811,10833851,pm25 µg/m³,pm25,,µg/m³,2025-03-08,9.519583333333333,8.99,5.34,18.4,24,100.0,100.0
3092518,Serena,,AE,Asia/Dubai,AirGradient,Scottyboi,25.03432,55.28811,10833851,pm25 µg/m³,pm25,,µg/m³,2025-03-09,16.791666666666668,16.200000000000003,12.6,25.5,24,100.0,100.0
3092518,Serena,,AE,Asia/Dubai,AirGradient,Scottyboi,25.03432,55.28811,10833851,pm25 µg/m³,pm25,,µg/m³,2025-03-10,20.408333333333335,20.299999999999997,14.7,27.7,24,100.0,100.0
3092518,Serena,,AE,Asia/Dubai,AirGradient,Scottyboi,25.03432,55.28811,10833851,pm25 µg/m³,pm25,,µg/m³,2025-03-11,22.77916666666667,23.5,10.0,27.6,24,100.0,100.0
3092518,Serena,,AE,Asia/Dubai,AirGradient,Scottyboi,25.03432,55.28811,10833851,pm25 µg/m³,pm25,,µg/m³,2025-03-12,39.329166666666666,35.150000000000006,23.0,85.9,24,100.0,100.0
3092518,Serena,,AE,Asia/Dubai,AirGradient,Scottyboi,25.03432,55.28811,10833851,pm25 µg/m³,pm25,,µg/m³,2025-03-13,91.15833333333335,74.3,25.1,248.0,24,100.0,100.0
3092518,Serena,,AE,Asia/Dubai,AirGradient,Scottyboi,25.03432,55.28811,10833851,pm25 µg/m³,pm25,,µg/m³,2025-03-14,71.925,71.4,48.4,98.5,24,100.0,100.0
3092518,Serena,,AE,Asia/Dubai,AirGradient,Scottyboi,25.03432,55.28811,10833851,pm25 µg/m³,pm25,,µg/m³,2025-03-15,75.62083333333334,69.7,25.8,126.0,24,100.0,100.0
3092518,Serena,,AE,Asia/Dubai,AirGradient,Scottyboi,25.03432,55.28811,10833851,pm25 µg/m³,pm25,,µg/m³,2025-03-16,42.99166666666667,42.0,13.0,81.1,24,100.0,100.0
3092518,Serena,,AE,Asia/Dubai,AirGradient,Scottyboi,25.03432,55.28811,10833851,pm25 µg/m³,pm25,,µg/m³,2025-03-17,66.19583333333334,57.15,39.2,106.0,24,100.0,100.0
3092518,Serena,,AE,Asia/Dubai,AirGradient,Scottyboi,25.03432,55.28811,10833851,pm25 µg/m³,pm25,,µg/m³,2025-03-18,78.92083333333333,62.15,34.0,161.0,24,100.0,100.0
3092518,Serena,,AE,Asia/Dubai,AirGradient,Scottyboi,25.03432,55.28811,10833851,pm25 µg/m³,pm25,,µg/m³,2025-03-19,61.03333333333333,54.5,15.7,108.0,24,100.0,100.0
3092518,Serena,,AE,Asia/Dubai,AirGradient,Scottyboi,25.03432,55.28811,10833851,pm25 µg/m³,pm25,,µg/m³,2025-03-20,65.12083333333334,70.2,35.1,91.5,24,100.0,100.0
3092518,Serena,,AE,Asia/Dubai,AirGradient,Scottyboi,25.03432,55.28811,10833851,pm25 µg/m³,pm25,,µg/m³,2025-03-21,44.99583333333334,43.95,24.1,98.3,24,100.0,100.0
3092518,Serena,,AE,Asia/Dubai,AirGradient,Scottyboi,25.03432,55.28811,10833851,pm25 µg/m³,pm25,,µg/m³,2025-03-22,21.787499999999998,18.6,11.1,40.0,24,100.0,100.0
3092518,Serena,,AE,Asia/Dubai,AirGradient,Scottyboi,25.03432,55.28811,10833851,pm25 µg/m³,pm25,,µg/m³,2025-03-23,22.97083333333333,19.45,10.9,48.8,24,100.0,100.0
3092518,Serena,,AE,Asia/Dubai,AirGradient,Scottyboi,25.03432,55.28811,10833851,pm25 µg/m³,pm25,,µg/m³,2025-03-24,24.912499999999998,16.6,10.3,45.0,24,100.0,100.0
3092518,Serena,,AE,Asia/Dubai,AirGradient,Scottyboi,25.03432,55.28811,10833851,pm25 µg/m³,pm25,,µg/m³,2025-03-25,20.983333333333334,21.5,14.6,30.2,24,100.0,100.0
3092518,Serena,,AE,Asia/Dubai,AirGradient,Scottyboi,25.03432,55.28811,10833851,pm25 µg/m³,pm25,,µg/m³,2025-03-26,34.38333333333333,30.55,20.4,63.8,24,100.0,100.0
3092518,Serena,,AE,Asia/Dubai,AirGradient,Scottyboi,25.03432,55.28811,10833851,pm25 µg/m³,pm25,,µg/m³,2025-03-27,59.62916666666666,57.8,32.3,88.3,24,100.0,100.0
3092518,Serena,,AE,Asia/Dubai,AirGradient,Scottyboi,25.03432,55.28811,10833851,pm25 µg/m³,pm25,,µg/m³,2025-03-28,62.6875,39.9,21.6,123.0,24,100.0,100.0
3092518,Serena,,AE,Asia/Dubai,AirGradient,Scottyboi,25.03432,55.28811,10833851,pm25 µg/m³,pm25,,µg/m³,2025-03-29,34.05416666666667,38.4,11.2,49.6,24,100.0,100.0
3092518,Serena,,AE,Asia/Dubai,AirGradient,Scottyboi,25.03432,55.28811,10833851,pm25 µg/m³,pm25,,µg/m³,2025-03-30,29.166666666666668,31.3,15.5,39.0,24,100.0,100.0
3092518,Serena,,AE,Asia/Dubai,AirGradient,Scottyboi,25.03432,55.28811,10833851,pm25 µg/m³,pm25,,µg/m³,2025-03-31,21.943749999999998,22.05,6.0,38.5,24,100.0,100.0
3092518,Serena,,AE,Asia/Dubai,AirGradient,Scottyboi,25.03432,55.28811,10833851,pm25 µg/m³,pm25,,µg/m³,2025-04-01,29.704166666666666,29.1,15.8,52.7,24,100.0,100.0
3092518,Serena,,AE,Asia/Dubai,AirGradient,Scottyboi,25.03432,55.28811,10833851,pm25 µg/m³,pm25,,µg/m³,2025-04-02,51.81666666666666,48.2,33.8,79.9,24,100.0,100.0
3092518,Serena,,AE,Asia/Dubai,AirGradient,Scottyboi,25.03432,55.28811,10833851,pm25 µg/m³,pm25,,µg/m³,2025-04-03,64.88333333333334,71.95,24.6,81.0,24,100.0,100.0
3092518,Serena,,AE,Asia/Dubai,AirGradient,Scottyboi,25.03432,55.28811,10833851,pm25 µg/m³,pm25,,µg/m³,2025-04-04,33.91916666666666,33.8,4.85,85.5,24,100.0,100.0
3092518,Serena,,AE,Asia/Dubai,AirGradient,Scottyboi,25.03432,55.28811,10833851,pm25 µg/m³,pm25,,µg/m³,2025-04-05,17.467916666666667,14.85,8.07,33.4,24,100.0,100.0
3092518,Serena,,AE,Asia/Dubai,AirGradient,Scottyboi,25.03432,55.28811,10833851,pm25 µg/m³,pm25,,µg/m³,2025-04-06,18.3625,18.3,13.5,27.0,24,100.0,100.0
3092518,Serena,,AE,Asia/Dubai,AirGradient,Scottyboi,25.03432,55.28811,10833851,pm25 µg/m³,pm25,,µg/m³,2025-04-07,25.22083333333333,24.200000000000003,12.9,43.6,24,100.0,100.0
3092518,Serena,,AE,Asia/Dubai,AirGradient,Scottyboi,25.03432,55.28811,10833851,pm25 µg/m³,pm25,,µg/m³,2025-04-08,29.4675,30.35,9.72,47.2,24,100.0,100.0
3092518,Serena,,AE,Asia/Dubai,AirGradient,Scottyboi,25.03432,55.28811,10833851,pm25 µg/m³,pm25,,µg/m³,2025-04-09,17.668333333333333,13.0,9.12,31.2,24,100.0,100.0
3092518,Serena,,AE,Asia/Dubai,AirGradient,Scottyboi,25.03432,55.28811,10833851,pm25 µg/m³,pm25,,µg/m³,2025-04-10,33.645833333333336,36.85,15.1,47.1,24,100.0,100.0
3092518,Serena,,AE,Asia/Dubai,AirGradient,Scottyboi,25.03432,55.28811,10833851,pm25 µg/m³,pm25,,µg/m³,2025-04-11,49.1875,46.0,28.8,92.8,24,100.0,100.0
3092518,Serena,,AE,Asia/Dubai,AirGradient,Scottyboi,25.03432,55.28811,10833851,pm25 µg/m³,pm25,,µg/m³,2025-04-12,38.37916666666667,34.3,23.1,52.1,24,100.0,100.0
3092518,Serena,,AE,Asia/Dubai,AirGradient,Scottyboi,25.03432,55.28811,10833851,pm25 µg/m³,pm25,,µg/m³,2025-04-13,25.520833333333332,26.25,15.4,36.3,24,100.0,100.0
3092518,Serena,,AE,Asia/Dubai,AirGradient,Scottyboi,25.03432,55.28811,10833851,pm25 µg/m³,pm25,,µg/m³,2025-04-14,29.795833333333334,28.05,18.6,68.9,24,100.0,100.0
3092518,Serena,,AE,Asia/Dubai,AirGradient,Scottyboi,25.03432,55.28811,10833851,pm25 µg/m³,pm25,,µg/m³,2025-04-15,38.295833333333334,36.15,18.3,66.1,24,100.0,100.0
3092518,Serena,,AE,Asia/Dubai,AirGradient,Scottyboi,25.03432,55.28811,10833851,pm25 µg/m³,pm25,,µg/m³,2025-04-16,43.15,49.400000000000006,10.0,79.0,24,100.0,100.0
3092518,Serena,,AE,Asia/Dubai,AirGradient,Scottyboi,25.03432,55.28811,10833851,pm25 µg/m³,pm25,,µg/m³,2025-04-17,10.847499999999998,9.870000000000001,5.52,18.2,24,100.0,100.0
3092518,Serena,,AE,Asia/Dubai,AirGradient,Scottyboi,25.03432,55.28811,10833851,pm25 µg/m³,pm25,,µg/m³,2025-04-18,16.7275,15.55,8.19,30.8,24,100.0,100.0
3092518,Serena,,AE,Asia/Dubai,AirGradient,Scottyboi,25.03432,55.28811,10833851,pm25 µg/m³,pm25,,µg/m³,2025-04-19,30.15833333333333,31.1,14.5,38.6,24,100.0,100.0
3092518,Serena,,AE,Asia/Dubai,AirGradient,Scottyboi,25.03432,55.28811,10833851,pm25 µg/m³,pm25,,µg/m³,2025-04-20,34.99583333333333,35.75,15.2,51.4,24,100.0,100.0
3092518,Serena,,AE,Asia/Dubai,AirGradient,Scottyboi,25.03432,55.28811,10833851,pm25 µg/m³,pm25,,µg/m³,2025-04-21,36.62375,40.9,9.77,52.4,24,100.0,100.0
3092518,Serena,,AE,Asia/Dubai,AirGradient,Scottyboi,25.03432,55.28811,10833851,pm25 µg/m³,pm25,,µg/m³,2025-04-22,50.50416666666666,50.75,19.8,80.4,24,100.0,100.0
3092518,Serena,,AE,Asia/Dubai,AirGradient,Scottyboi,25.03432,55.28811,10833851,pm25 µg/m³,pm25,,µg/m³,2025-04-23,38.675000000000004,35.45,21.4,60.3,24,100.0,100.0
3092518,Serena,,AE,Asia/Dubai,AirGradient,Scottyboi,25.03432,55.28811,10833851,pm25 µg/m³,pm25,,µg/m³,2025-04-24,51.05416666666667,45.7,37.8,82.7,24,100.0,100.0
3092518,Serena,,AE,Asia/Dubai,AirGradient,Scottyboi,25.03432,55.28811,10833851,pm25 µg/m³,pm25,,µg/m³,2025-04-25,78.96249999999999,80.15,41.1,106.0,24,100.0,100.0
3092518,Serena,,AE,Asia/Dubai,AirGradient,Scottyboi,25.03432,55.28811,10833851,pm25 µg/m³,pm25,,µg/m³,2025-04-26,71.23333333333333,52.5,24.9,140.0,24,100.0,100.0
3092518,Serena,,AE,Asia/Dubai,AirGradient,Scottyboi,25.03432,55.28811,10833851,pm25 µg/m³,pm25,,µg/m³,2025-04-27,32.7875,31.05,15.5,56.8,24,100.0,100.0
3092518,Serena,,AE,Asia/Dubai,AirGradient,Scottyboi,25.03432,55.28811,10833851,pm25 µg/m³,pm25,,µg/m³,2025-04-28,25.933333333333334,27.75,13.1,38.1,24,100.0,100.0
3092518,Serena,,AE,Asia/Dubai,AirGradient,Scottyboi,25.03432,55.28811,10833851,pm25 µg/m³,pm25,,µg/m³,2025-04-29,23.320833333333336,27.75,11.6,32.4,24,100.0,100.0
3092518,Serena,,AE,Asia/Dubai,AirGradient,Scottyboi,25.03432,55.28811,10833851,pm25 µg/m³,pm25,,µg/m³,2025-04-30,26.983333333333334,27.85,13.3,49.7,24,100.0,100.0
3092518,Serena,,AE,Asia/Dubai,AirGradient,Scottyboi,25.03432,55.28811,10833851,pm25 µg/m³,pm25,,µg/m³,2025-05-01,35.545833333333334,35.55,13.9,91.0,24,100.0,100.0
3092518,Serena,,AE,Asia/Dubai,AirGradient,Scottyboi,25.03432,55.28811,10833851,pm25 µg/m³,pm25,,µg/m³,2025-05-02,59.916666666666664,48.25,25.6,200.0,24,100.0,100.0
3092518,Serena,,AE,Asia/Dubai,AirGradient,Scottyboi,25.03432,55.28811,10833851,pm25 µg/m³,pm25,,µg/m³,2025-05-03,41.324999999999996,39.7,23.8,101.0,24,100.0,100.0
3092518,Serena,,AE,Asia/Dubai,AirGradient,Scottyboi,25.03432,55.28811,10833851,pm25 µg/m³,pm25,,µg/m³,2025-05-04,36.30416666666667,35.35,23.1,52.3,24,100.0,100.0
3092518,Serena,,AE,Asia/Dubai,AirGradient,Scottyboi,25.03432,55.28811,10833851,pm25 µg/m³,pm25,,µg/m³,2025-05-05,42.15833333333333,43.8,29.5,51.3,24,100.0,100.0
3092518,Serena,,AE,Asia/Dubai,AirGradient,Scottyboi,25.03432,55.28811,10833851,pm25 µg/m³,pm25,,µg/m³,2025-05-06,32.11125,26.9,8.47,51.3,24,100.0,100.0
3092518,Serena,,AE,Asia/Dubai,AirGradient,Scottyboi,25.03432,55.28811,10833851,pm25 µg/m³,pm25,,µg/m³,2025-05-07,13.989583333333334,14.399999999999999,7.01,23.1,24,100.0,100.0
3092518,Serena,,AE,Asia/Dubai,AirGradient,Scottyboi,25.03432,55.28811,10833851,pm25 µg/m³,pm25,,µg/m³,2025-05-08,21.141666666666666,20.65,13.6,35.8,24,100.0,100.0
3092518,Serena,,AE,Asia/Dubai,AirGradient,Scottyboi,25.03432,55.28811,10833851,pm25 µg/m³,pm25,,µg/m³,2025-05-09,41.829166666666666,37.7,25.0,86.7,24,100.0,100.0
3092518,Serena,,AE,Asia/Dubai,AirGradient,Scottyboi,25.03432,55.28811,10833851,pm25 µg/m³,pm25,,µg/m³,2025-05-10,84.35833333333333,74.65,51.3,136.0,24,100.0,100.0
3092518,Serena,,AE,Asia/Dubai,AirGradient,Scottyboi,25.03432,55.28811,10833851,pm25 µg/m³,pm25,,µg/m³,2025-05-11,51.44583333333333,46.9,33.0,75.8,24,100.0,100.0
3092518,Serena,,AE,Asia/Dubai,AirGradient,Scottyboi,25.03432,55.28811,10833851,pm25 µg/m³,pm25,,µg/m³,2025-05-12,35.2125,37.75,13.9,46.7,24,100.0,100.0
3092518,Serena,,AE,Asia/Dubai,AirGradient,Scottyboi,25.03432,55.28811,10833851,pm25 µg/m³,pm25,,µg/m³,2025-05-13,31.016666666666666,36.0,13.1,46.4,24,100.0,100.0
3092518,Serena,,AE,Asia/Dubai,AirGradient,Scottyboi,25.03432,55.28811,10833851,pm25 µg/m³,pm25,,µg/m³,2025-05-14,23.680833333333336,18.1,8.54,45.1,24,100.0,100.0
3092518,Serena,,AE,Asia/Dubai,AirGradient,Scottyboi,25.03432,55.28811,10833851,pm25 µg/m³,pm25,,µg/m³,2025-05-15,16.820416666666667,18.049999999999997,8.15,26.2,24,100.0,100.0
3092518,Serena,,AE,Asia/Dubai,AirGradient,Scottyboi,25.03432,55.28811,10833851,pm25 µg/m³,pm25,,µg/m³,2025-05-16,34.11666666666667,24.45,15.8,82.5,24,100.0,100.0
3092518,Serena,,AE,Asia/Dubai,AirGradient,Scottyboi,25.03432,55.28811,10833851,pm25 µg/m³,pm25,,µg/m³,2025-05-17,45.64166666666667,29.5,15.5,95.0,24,100.0,100.0
3092518,Serena,,AE,Asia/Dubai,AirGradient,Scottyboi,25.03432,55.28811,10833851,pm25 µg/m³,pm25,,µg/m³,2025-05-18,32.625,31.75,20.9,45.1,24,100.0,100.0
3092518,Serena,,AE,Asia/Dubai,AirGradient,Scottyboi,25.03432,55.28811,10833851,pm25 µg/m³,pm25,,µg/m³,2025-05-19,51.958333333333336,48.95,32.3,87.2,24,100.0,100.0
3092518,Serena,,AE,Asia/Dubai,AirGradient,Scottyboi,25.03432,55.28811,10833851,pm25 µg/m³,pm25,,µg/m³,2025-05-20,86.68333333333334,81.4,46.5,136.0,24,100.0,100.0
3092518,Serena,,AE,Asia/Dubai,AirGradient,Scottyboi,25.03432,55.28811,10833851,pm25 µg/m³,pm25,,µg/m³,2025-05-21,94.97500000000001,98.5,39.2,147.0,24,100.0,100.0
3092518,Serena,,AE,Asia/Dubai,AirGradient,Scottyboi,25.03432,55.28811,10833851,pm25 µg/m³,pm25,,µg/m³,2025-05-22,91.31666666666666,75.05000000000001,26.9,174.0,24,100.0,100.0
3092518,Serena,,AE,Asia/Dubai,AirGradient,Scottyboi,25.03432,55.28811,10833851,pm25 µg/m³,pm25,,µg/m³,2025-05-23,42.80416666666667,41.95,16.6,79.8,24,100.0,100.0
3092518,Serena,,AE,Asia/Dubai,AirGradient,Scottyboi,25.03432,55.28811,10833851,pm25 µg/m³,pm25,,µg/m³,2025-05-24,31.254166666666666,35.05,12.2,48.6,24,100.0,100.0
3092518,Serena,,AE,Asia/Dubai,AirGradient,Scottyboi,25.03432,55.28811,10833851,pm25 µg/m³,pm25,,µg/m³,2025-05-25,38.770833333333336,47.35,14.2,59.7,24,100.0,100.0
3092518,Serena,,AE,Asia/Dubai,AirGradient,Scottyboi,25.03432,55.28811,10833851,pm25 µg/m³,pm25,,µg/m³,2025-05-26,42.05833333333333,33.05,14.6,74.9,24,100.0,100.0
3092518,Serena,,AE,Asia/Dubai,AirGradient,Scottyboi,25.03432,55.28811,10833851,pm25 µg/m³,pm25,,µg/m³,2025-05-27,26.599999999999998,22.35,14.7,41.8,24,100.0,100.0
3092518,Serena,,AE,Asia/Dubai,AirGradient,Scottyboi,25.03432,55.28811,10833851,pm25 µg/m³,pm25,,µg/m³,2025-05-28,43.24583333333334,41.75,29.2,59.2,24,100.0,100.0
3092518,Serena,,AE,Asia/Dubai,AirGradient,Scottyboi,25.03432,55.28811,10833851,pm25 µg/m³,pm25,,µg/m³,2025-05-29,64.69583333333334,67.25,29.7,91.9,24,100.0,100.0
3092518,Serena,,AE,Asia/Dubai,AirGradient,Scottyboi,25.03432,55.28811,10833851,pm25 µg/m³,pm25,,µg/m³,2025-05-30,71.47500000000001,73.9,29.7,105.0,24,100.0,100.0
3092518,Serena,,AE,Asia/Dubai,AirGradient,Scottyboi,25.03432,55.28811,10833851,pm25 µg/m³,pm25,,µg/m³,2025-05-31,40.975,25.7,13.5,95.2,24,100.0,100.0
3092518,Serena,,AE,Asia/Dubai,AirGradient,Scottyboi,25.03432,55.28811,10833851,pm25 µg/m³,pm25,,µg/m³,2025-06-01,21.833333333333332,21.5,15.7,32.8,18,100.0,100.0
3092518,Serena,,AE,Asia/Dubai,AirGradient,Scottyboi,25.03432,55.28811,10833851,pm25 µg/m³,pm25,,µg/m³,2025-06-02,41.825,36.65,27.1,68.8,8,100.0,100.0
3092518,Serena,,AE,Asia/Dubai,AirGradient,Scottyboi,25.03432,55.28811,10833851,pm25 µg/m³,pm25,,µg/m³,2025-06-03,52.7,50.400000000000006,33.7,93.9,18,100.0,100.0
3092518,Serena,,AE,Asia/Dubai,AirGradient,Scottyboi,25.03432,55.28811,10833851,pm25 µg/m³,pm25,,µg/m³,2025-06-04,29.695833333333336,24.65,16.9,82.4,24,100.0,100.0
3092518,Serena,,AE,Asia/Dubai,AirGradient,Scottyboi,25.03432,55.28811,10833851,pm25 µg/m³,pm25,,µg/m³,2025-06-05,29.695833333333336,23.8,15.6,49.9,24,100.0,100.0
3092518,Serena,,AE,Asia/Dubai,AirGradient,Scottyboi,25.03432,55.28811,10833851,pm25 µg/m³,pm25,,µg/m³,2025-06-06,30.204166666666666,28.8,15.2,44.4,24,100.0,100.0
3092518,Serena,,AE,Asia/Dubai,AirGradient,Scottyboi,25.03432,55.28811,10833851,pm25 µg/m³,pm25,,µg/m³,2025-06-07,44.3375,44.7,29.8,50.9,24,100.0,100.0
3092518,Serena,,AE,Asia/Dubai,AirGradient,Scottyboi,25.03432,55.28811,10833851,pm25 µg/m³,pm25,,µg/m³,2025-06-08,44.39166666666667,44.55,18.9,68.4,24,100.0,100.0
3092518,Serena,,AE,Asia/Dubai,AirGradient,Scottyboi,25.03432,55.28811,10833851,pm25 µg/m³,pm25,,µg/m³,2025-06-09,31.141666666666666,24.25,13.5,53.4,24,100.0,100.0
3092518,Serena,,AE,Asia/Dubai,AirGradient,Scottyboi,25.03432,55.28811,10833851,pm25 µg/m³,pm25,,µg/m³,2025-06-10,21.358333333333334,23.700000000000003,10.3,31.1,24,100.0,100.0
3092518,Serena,,AE,Asia/Dubai,AirGradient,Scottyboi,25.03432,55.28811,10833851,pm25 µg/m³,pm25,,µg/m³,2025-06-11,25.504347826086956,23.2,16.2,36.4,23,100.0,100.0
3092518,Serena,,AE,Asia/Dubai,AirGradient,Scottyboi,25.03432,55.28811,10833851,pm25 µg/m³,pm25,,µg/m³,2025-06-12,29.425,30.75,14.7,53.6,24,100.0,100.0
3092518,Serena,,AE,Asia/Dubai,AirGradient,Scottyboi,25.03432,55.28811,10833851,pm25 µg/m³,pm25,,µg/m³,2025-06-13,46.82083333333333,40.25,35.1,78.5,24,100.0,100.0
3092518,Serena,,AE,Asia/Dubai,AirGradient,Scottyboi,25.03432,55.28811,10833851,pm25 µg/m³,pm25,,µg/m³,2025-06-14,58.0625,56.400000000000006,26.1,92.8,24,100.0,100.0
3092518,Serena,,AE,Asia/Dubai,AirGradient,Scottyboi,25.03432,55.28811,10833851,pm25 µg/m³,pm25,,µg/m³,2025-06-15,56.8375,56.4,40.2,79.3,24,100.0,100.0
3092518,Serena,,AE,Asia/Dubai,AirGradient,Scottyboi,25.03432,55.28811,10833851,pm25 µg/m³,pm25,,µg/m³,2025-06-16,76.97916666666667,78.45,61.5,98.9,24,100.0,100.0
3092518,Serena,,AE,Asia/Dubai,AirGradient,Scottyboi,25.03432,55.28811,10833851,pm25 µg/m³,pm25,,µg/m³,2025-06-17,70.72916666666667,53.2,26.5,136.0,24,100.0,100.0
3092518,Serena,,AE,Asia/Dubai,AirGradient,Scottyboi,25.03432,55.28811,10833851,pm25 µg/m³,pm25,,µg/m³,2025-06-18,43.62916666666666,40.45,19.6,79.1,24,100.0,100.0
3092518,Serena,,AE,Asia/Dubai,AirGradient,Scottyboi,25.03432,55.28811,10833851,pm25 µg/m³,pm25,,µg/m³,2025-06-19,38.30833333333333,32.05,24.6,83.3,24,100.0,100.0
3092518,Serena,,AE,Asia/Dubai,AirGradient,Scottyboi,25.03432,55.28811,10833851,pm25 µg/m³,pm25,,µg/m³,2025-06-20,42.041666666666664,43.25,30.3,52.0,24,100.0,100.0
3092518,Serena,,AE,Asia/Dubai,AirGradient,Scottyboi,25.03432,55.28811,10833851,pm25 µg/m³,pm25,,µg/m³,2025-06-21,64.08749999999999,63.3,45.2,85.8,24,100.0,100.0
3092518,Serena,,AE,Asia/Dubai,AirGradient,Scottyboi,25.03432,55.28811,10833851,pm25 µg/m³,pm25,,µg/m³,2025-06-22,72.99130434782609,61.6,44.0,114.0,23,100.0,100.0
3092518,Serena,,AE,Asia/Dubai,AirGradient,Scottyboi,25.03432,55.28811,10833851,pm25 µg/m³,pm25,,µg/m³,2025-06-23,57.9,49.5,26.4,116.0,22,100.0,100.0
3092518,Serena,,AE,Asia/Dubai,AirGradient,Scottyboi,25.03432,55.28811,10833851,pm25 µg/m³,pm25,,µg/m³,2025-06-24,39.27916666666667,38.25,17.5,66.8,24,100.0,100.0
3092518,Serena,,AE,Asia/Dubai,AirGradient,Scottyboi,25.03432,55.28811,10833851,pm25 µg/m³,pm25,,µg/m³,2025-06-25,38.655,38.650000000000006,24.0,59.1,20,100.0,100.0
3092518,Serena,,AE,Asia/Dubai,AirGradient,Scottyboi,25.03432,55.28811,10833851,pm25 µg/m³,pm25,,µg/m³,2025-06-26,56.21666666666667,56.25,34.4,97.6,24,100.0,100.0
3092518,Serena,,AE,Asia/Dubai,AirGradient,Scottyboi,25.03432,55.28811,10833851,pm25 µg/m³,pm25,,µg/m³,2025-06-27,71.25833333333334,54.05,38.9,124.0,24,100.0,100.0
3092518,Serena,,AE,Asia/Dubai,AirGradient,Scottyboi,25.03432,55.28811,10833851,pm25 µg/m³,pm25,,µg/m³,2025-06-28,47.5625,45.099999999999994,28.3,72.4,24,100.0,100.0
3092518,Serena,,AE,Asia/Dubai,AirGradient,Scottyboi,25.03432,55.28811,10833851,pm25 µg/m³,pm25,,µg/m³,2025-06-29,63.72083333333333,61.75,43.5,97.6,24,100.0,100.0
3092518,Serena,,AE,Asia/Dubai,AirGradient,Scottyboi,25.03432,55.28811,10833851,pm25 µg/m³,pm25,,µg/m³,2025-06-30,81.72500000000001,88.44999999999999,53.8,99.3,24,100.0,100.0
3092518,Serena,,AE,Asia/Dubai,AirGradient,Scottyboi,25.03432,55.28811,10833851,pm25 µg/m³,pm25,,µg/m³,2025-07-01,83.46249999999999,82.3,57.2,108.0,24,100.0,100.0
3092518,Serena,,AE,Asia/Dubai,AirGradient,Scottyboi,25.03432,55.28811,10833851,pm25 µg/m³,pm25,,µg/m³,2025-07-02,95.39999999999999,89.4,49.6,165.0,24,100.0,100.0
3092518,Serena,,AE,Asia/Dubai,AirGradient,Scottyboi,25.03432,55.28811,10833851,pm25 µg/m³,pm25,,µg/m³,2025-07-03,36.625,36.15,27.9,52.3,24,100.0,100.0
3092518,Serena,,AE,Asia/Dubai,AirGradient,Scottyboi,25.03432,55.28811,10833851,pm25 µg/m³,pm25,,µg/m³,2025-07-04,52.6625,46.0,30.5,89.7,24,100.0,100.0
3092518,Serena,,AE,Asia/Dubai,AirGradient,Scottyboi,25.03432,55.28811,10833851,pm25 µg/m³,pm25,,µg/m³,2025-07-05,78.02916666666667,63.45,46.2,130.0,24,100.0,100.0
3092518,Serena,,AE,Asia/Dubai,AirGradient,Scottyboi,25.03432,55.28811,10833851,pm25 µg/m³,pm25,,µg/m³,2025-07-06,25.141666666666666,23.15,17.0,43.3,24,100.0,100.0
3092518,Serena,,AE,Asia/Dubai,AirGradient,Scottyboi,25.03432,55.28811,10833851,pm25 µg/m³,pm25,,µg/m³,2025-07-07,25.758333333333336,24.6,14.8,37.9,24,100.0,100.0
3092518,Serena,,AE,Asia/Dubai,AirGradient,Scottyboi,25.03432,55.28811,10833851,pm25 µg/m³,pm25,,µg/m³,2025-07-08,39.045833333333334,37.6,27.0,59.8,24,100.0,100.0
3092518,Serena,,AE,Asia/Dubai,AirGradient,Scottyboi,25.03432,55.28811,10833851,pm25 µg/m³,pm25,,µg/m³,2025-07-09,54.824999999999996,52.95,43.9,69.8,24,100.0,100.0
3092518,Serena,,AE,Asia/Dubai,AirGradient,Scottyboi,25.03432,55.28811,10833851,pm25 µg/m³,pm25,,µg/m³,2025-07-10,46.61666666666667,43.75,33.3,67.3,24,100.0,100.0
3092518,Serena,,AE,Asia/Dubai,AirGradient,Scottyboi,25.03432,55.28811,10833851,pm25 µg/m³,pm25,,µg/m³,2025-07-11,55.99583333333334,48.55,38.7,102.0,24,100.0,100.0
3092518,Serena,,AE,Asia/Dubai,AirGradient,Scottyboi,25.03432,55.28811,10833851,pm25 µg/m³,pm25,,µg/m³,2025-07-12,42.479166666666664,40.5,25.7,60.1,24,100.0,100.0
3092518,Serena,,AE,Asia/Dubai,AirGradient,Scottyboi,25.03432,55.28811,10833851,pm25 µg/m³,pm25,,µg/m³,2025-07-13,27.604166666666668,30.5,16.2,33.9,24,100.0,100.0
3092518,Serena,,AE,Asia/Dubai,AirGradient,Scottyboi,25.03432,55.28811,10833851,pm25 µg/m³,pm25,,µg/m³,2025-07-14,33.387499999999996,35.05,18.0,42.2,24,100.0,100.0
3092518,Serena,,AE,Asia/Dubai,AirGradient,Scottyboi,25.03432,55.28811,10833851,pm25 µg/m³,pm25,,µg/m³,2025-07-15,36.387499999999996,36.1,23.0,45.1,24,100.0,100.0
3092518,Serena,,AE,Asia/Dubai,AirGradient,Scottyboi,25.03432,55.28811,10833851,pm25 µg/m³,pm25,,µg/m³,2025-07-16,54.81666666666666,53.3,28.8,87.0,24,100.0,100.0
3092518,Serena,,AE,Asia/Dubai,AirGradient,Scottyboi,25.03432,55.28811,10833851,pm25 µg/m³,pm25,,µg/m³,2025-07-17,62.87083333333334,53.45,34.9,102.0,24,100.0,100.0
3092518,Serena,,AE,Asia/Dubai,AirGradient,Scottyboi,25.03432,55.28811,10833851,pm25 µg/m³,pm25,,µg/m³,2025-07-18,36.09166666666667,34.25,26.1,46.8,24,100.0,100.0
3092518,Serena,,AE,Asia/Dubai,AirGradient,Scottyboi,25.03432,55.28811,10833851,pm25 µg/m³,pm25,,µg/m³,2025-07-19,30.891666666666666,29.2,23.8,39.1,24,100.0,100.0
3092518,Serena,,AE,Asia/Dubai,AirGradient,Scottyboi,25.03432,55.28811,10833851,pm25 µg/m³,pm25,,µg/m³,2025-07-20,38.00833333333333,37.7,34.4,41.3,24,100.0,100.0
3092518,Serena,,AE,Asia/Dubai,AirGradient,Scottyboi,25.03432,55.28811,10833851,pm25 µg/m³,pm25,,µg/m³,2025-07-21,35.766666666666666,34.349999999999994,22.1,49.1,24,100.0,100.0
3092518,Serena,,AE,Asia/Dubai,AirGradient,Scottyboi,25.03432,55.28811,10833851,pm25 µg/m³,pm25,,µg/m³,2025-07-22,36.37916666666667,32.8,22.4,72.9,24,100.0,100.0
3092518,Serena,,AE,Asia/Dubai,AirGradient,Scottyboi,25.03432,55.28811,10833851,pm25 µg/m³,pm25,,µg/m³,2025-07-23,44.11666666666667,40.45,36.6,61.6,24,100.0,100.0
3092518,Serena,,AE,Asia/Dubai,AirGradient,Scottyboi,25.03432,55.28811,10833851,pm25 µg/m³,pm25,,µg/m³,2025-07-24,76.07083333333334,59.8,43.6,138.0,24,100.0,100.0
3092518,Serena,,AE,Asia/Dubai,AirGradient,Scottyboi,25.03432,55.28811,10833851,pm25 µg/m³,pm25,,µg/m³,2025-07-25,35.541666666666664,32.8,28.9,48.9,24,100.0,100.0
3092518,Serena,,AE,Asia/Dubai,AirGradient,Scottyboi,25.03432,55.28811,10833851,pm25 µg/m³,pm25,,µg/m³,2025-07-26,33.25,33.4,26.9,39.4,24,100.0,100.0
3092518,Serena,,AE,Asia/Dubai,AirGradient,Scottyboi,25.03432,55.28811,10833851,pm25 µg/m³,pm25,,µg/m³,2025-07-27,34.079166666666666,34.7,26.3,40.1,24,100.0,100.0
3092518,Serena,,AE,Asia/Dubai,AirGradient,Scottyboi,25.03432,55.28811,10833851,pm25 µg/m³,pm25,,µg/m³,2025-07-28,31.325,33.95,18.9,37.9,24,100.0,100.0
3092518,Serena,,AE,Asia/Dubai,AirGradient,Scottyboi,25.03432,55.28811,10833851,pm25 µg/m³,pm25,,µg/m³,2025-07-29,43.012499999999996,36.25,18.3,80.7,24,100.0,100.0
3092518,Serena,,AE,Asia/Dubai,AirGradient,Scottyboi,25.03432,55.28811,10833851,pm25 µg/m³,pm25,,µg/m³,2025-07-30,60.69583333333333,58.7,50.8,76.0,24,100.0,100.0
3092518,Serena,,AE,Asia/Dubai,AirGradient,Scottyboi,25.03432,55.28811,10833851,pm25 µg/m³,pm25,,µg/m³,2025-07-31,64.70416666666667,67.75,42.2,84.2,24,100.0,100.0
3092518,Serena,,AE,Asia/Dubai,AirGradient,Scottyboi,25.03432,55.28811,10833851,pm25 µg/m³,pm25,,µg/m³,2025-08-01,49.1,43.05,33.6,77.1,24,100.0,100.0
3092518,Serena,,AE,Asia/Dubai,AirGradient,Scottyboi,25.03432,55.28811,10833851,pm25 µg/m³,pm25,,µg/m³,2025-08-02,33.675000000000004,35.05,21.3,45.5,24,100.0,100.0
3092518,Serena,,AE,Asia/Dubai,AirGradient,Scottyboi,25.03432,55.28811,10833851,pm25 µg/m³,pm25,,µg/m³,2025-08-03,30.650000000000002,31.2,18.4,37.8,24,100.0,100.0
3092518,Serena,,AE,Asia/Dubai,AirGradient,Scottyboi,25.03432,55.28811,10833851,pm25 µg/m³,pm25,,µg/m³,2025-08-04,29.020833333333332,30.75,16.5,40.4,24,100.0,100.0
3092518,Serena,,AE,Asia/Dubai,AirGradient,Scottyboi,25.03432,55.28811,10833851,pm25 µg/m³,pm25,,µg/m³,2025-08-05,22.729166666666668,23.1,18.1,29.2,24,100.0,100.0
3092518,Serena,,AE,Asia/Dubai,AirGradient,Scottyboi,25.03432,55.28811,10833851,pm25 µg/m³,pm25,,µg/m³,2025-08-06,21.9375,22.15,14.6,30.2,24,100.0,100.0
3092518,Serena,,AE,Asia/Dubai,AirGradient,Scottyboi,25.03432,55.28811,10833851,pm25 µg/m³,pm25,,µg/m³,2025-08-07,24.020833333333332,24.25,14.0,39.4,24,100.0,100.0
3092518,Serena,,AE,Asia/Dubai,AirGradient,Scottyboi,25.03432,55.28811,10833851,pm25 µg/m³,pm25,,µg/m³,2025-08-08,24.349999999999998,25.0,13.4,37.4,24,100.0,100.0
3092518,Serena,,AE,Asia/Dubai,AirGradient,Scottyboi,25.03432,55.28811,10833851,pm25 µg/m³,pm25,,µg/m³,2025-08-09,25.879166666666666,25.7,16.8,36.2,24,100.0,100.0
3092518,Serena,,AE,Asia/Dubai,AirGradient,Scottyboi,25.03432,55.28811,10833851,pm25 µg/m³,pm25,,µg/m³,2025-08-10,22.070833333333336,21.6,13.9,31.0,24,100.0,100.0
3092518,Serena,,AE,Asia/Dubai,AirGradient,Scottyboi,25.03432,55.28811,10833851,pm25 µg/m³,pm25,,µg/m³,2025-08-11,19.908333333333335,17.8,12.6,28.8,24,100.0,100.0
3092518,Serena,,AE,Asia/Dubai,AirGradient,Scottyboi,25.03432,55.28811,10833851,pm25 µg/m³,pm25,,µg/m³,2025-08-12,23.34166666666667,20.549999999999997,14.3,47.1,24,100.0,100.0
3092518,Serena,,AE,Asia/Dubai,AirGradient,Scottyboi,25.03432,55.28811,10833851,pm25 µg/m³,pm25,,µg/m³,2025-08-13,41.1875,43.55,27.3,58.7,24,100.0,100.0
3092518,Serena,,AE,Asia/Dubai,AirGradient,Scottyboi,25.03432,55.28811,10833851,pm25 µg/m³,pm25,,µg/m³,2025-08-14,60.31666666666666,56.099999999999994,43.0,86.8,24,100.0,100.0
3092518,Serena,,AE,Asia/Dubai,AirGradient,Scottyboi,25.03432,55.28811,10833851,pm25 µg/m³,pm25,,µg/m³,2025-08-15,49.074999999999996,44.45,28.0,83.3,24,100.0,100.0
3092518,Serena,,AE,Asia/Dubai,AirGradient,Scottyboi,25.03432,55.28811,10833851,pm25 µg/m³,pm25,,µg/m³,2025-08-16,29.84166666666667,29.799999999999997,19.4,38.3,24,100.0,100.0
3092518,Serena,,AE,Asia/Dubai,AirGradient,Scottyboi,25.03432,55.28811,10833851,pm25 µg/m³,pm25,,µg/m³,2025-08-17,22.608333333333334,22.55,14.8,32.4,24,100.0,100.0
3092518,Serena,,AE,Asia/Dubai,AirGradient,Scottyboi,25.03432,55.28811,10833851,pm25 µg/m³,pm25,,µg/m³,2025-08-18,22.729166666666668,23.85,11.7,30.2,24,100.0,100.0
3092518,Serena,,AE,Asia/Dubai,AirGradient,Scottyboi,25.03432,55.28811,10833851,pm25 µg/m³,pm25,,µg/m³,2025-08-19,26.825,27.299999999999997,15.2,42.2,24,100.0,100.0
3092518,Serena,,AE,Asia/Dubai,AirGradient,Scottyboi,25.03432,55.28811,10833851,pm25 µg/m³,pm25,,µg/m³,2025-08-20,27.337500000000002,28.35,13.6,40.7,24,100.0,100.0
3092518,Serena,,AE,Asia/Dubai,AirGradient,Scottyboi,25.03432,55.28811,10833851,pm25 µg/m³,pm25,,µg/m³,2025-08-21,20.575,19.5,12.1,30.6,24,100.0,100.0
3092518,Serena,,AE,Asia/Dubai,AirGradient,Scottyboi,25.03432,55.28811,10833851,pm25 µg/m³,pm25,,µg/m³,2025-08-22,26.462500000000002,26.549999999999997,10.6,43.5,24,100.0,100.0
3092518,Serena,,AE,Asia/Dubai,AirGradient,Scottyboi,25.03432,55.28811,10833851,pm25 µg/m³,pm25,,µg/m³,2025-08-23,38.574999999999996,42.2,22.7,48.1,24,100.0,100.0
3092518,Serena,,AE,Asia/Dubai,AirGradient,Scottyboi,25.03432,55.28811,10833851,pm25 µg/m³,pm25,,µg/m³,2025-08-24,53.145833333333336,50.05,43.6,74.2,24,100.0,100.0
3092518,Serena,,AE,Asia/Dubai,AirGradient,Scottyboi,25.03432,55.28811,10833851,pm25 µg/m³,pm25,,µg/m³,2025-08-25,55.46666666666667,51.150000000000006,37.7,82.4,24,100.0,100.0
3092518,Serena,,AE,Asia/Dubai,AirGradient,Scottyboi,25.03432,55.28811,10833851,pm25 µg/m³,pm25,,µg/m³,2025-08-26,50.61666666666667,50.349999999999994,34.7,66.0,24,100.0,100.0
3092518,Serena,,AE,Asia/Dubai,AirGradient,Scottyboi,25.03432,55.28811,10833851,pm25 µg/m³,pm25,,µg/m³,2025-08-27,41.49166666666667,42.349999999999994,32.0,50.6,24,100.0,100.0
3092518,Serena,,AE,Asia/Dubai,AirGradient,Scottyboi,25.03432,55.28811,10833851,pm25 µg/m³,pm25,,µg/m³,2025-08-28,34.3125,34.55,21.9,44.0,24,100.0,100.0
3092518,Serena,,AE,Asia/Dubai,AirGradient,Scottyboi,25.03432,55.28811,10833851,pm25 µg/m³,pm25,,µg/m³,2025-08-29,30.15833333333333,30.55,18.9,37.4,24,100.0,100.0
3092518,Serena,,AE,Asia/Dubai,AirGradient,Scottyboi,25.03432,55.28811,10833851,pm25 µg/m³,pm25,,µg/m³,2025-08-30,45.074999999999996,42.1,14.3,79.6,24,100.0,100.0
3092518,Serena,,AE,Asia/Dubai,AirGradient,Scottyboi,25.03432,55.28811,10833851,pm25 µg/m³,pm25,,µg/m³,2025-08-31,39.875,30.8,12.7,81.9,24,100.0,100.0
3092518,Serena,,AE,Asia/Dubai,AirGradient,Scottyboi,25.03432,55.28811,10833851,pm25 µg/m³,pm25,,µg/m³,2025-09-01,43.93333333333334,33.8,18.2,96.5,24,100.0,100.0
3092518,Serena,,AE,Asia/Dubai,AirGradient,Scottyboi,25.03432,55.28811,10833851,pm25 µg/m³,pm25,,µg/m³,2025-09-02,70.20416666666667,49.9,31.6,119.0,24,100.0,100.0
3092518,Serena,,AE,Asia/Dubai,AirGradient,Scottyboi,25.03432,55.28811,10833851,pm25 µg/m³,pm25,,µg/m³,2025-09-03,33.958333333333336,36.05,15.9,49.9,24,100.0,100.0
3092518,Serena,,AE,Asia/Dubai,AirGradient,Scottyboi,25.03432,55.28811,10833851,pm25 µg/m³,pm25,,µg/m³,2025-09-04,24.662499999999998,24.6,18.8,29.6,24,100.0,100.0
3092518,Serena,,AE,Asia/Dubai,AirGradient,Scottyboi,25.03432,55.28811,10833851,pm25 µg/m³,pm25,,µg/m³,2025-09-05,21.741666666666664,21.6,16.3,27.8,24,100.0,100.0
3092518,Serena,,AE,Asia/Dubai,AirGradient,Scottyboi,25.03432,55.28811,10833851,pm25 µg/m³,pm25,,µg/m³,2025-09-06,25.8125,24.8,15.8,40.5,24,100.0,100.0
3092518,Serena,,AE,Asia/Dubai,AirGradient,Scottyboi,25.03432,55.28811,10833851,pm25 µg/m³,pm25,,µg/m³,2025-09-07,39.31666666666667,37.35,32.4,58.2,24,100.0,100.0
3092518,Serena,,AE,Asia/Dubai,AirGradient,Scottyboi,25.03432,55.28811,10833851,pm25 µg/m³,pm25,,µg/m³,2025-09-08,60.77894736842105,57.7,36.1,89.3,19,100.0,100.0
3092518,Serena,,AE,Asia/Dubai,AirGradient,Scottyboi,25.03432,55.28811,10833851,pm25 µg/m³,pm25,,µg/m³,2025-09-09,49.98333333333333,52.8,31.6,63.7,24,100.0,100.0
3092518,Serena,,AE,Asia/Dubai,AirGradient,Scottyboi,25.03432,55.28811,10833851,pm25 µg/m³,pm25,,µg/m³,2025-09-10,31.483333333333334,31.450000000000003,21.7,42.9,24,100.0,100.0
3092518,Serena,,AE,Asia/Dubai,AirGradient,Scottyboi,25.03432,55.28811,10833851,pm25 µg/m³,pm25,,µg/m³,2025-09-11,29.191666666666666,31.799999999999997,12.5,41.1,24,100.0,100.0
3092518,Serena,,AE,Asia/Dubai,AirGradient,Scottyboi,25.03432,55.28811,10833851,pm25 µg/m³,pm25,,µg/m³,2025-09-12,19.076249999999998,20.5,8.33,29.4,24,100.0,100.0
3092518,Serena,,AE,Asia/Dubai,AirGradient,Scottyboi,25.03432,55.28811,10833851,pm25 µg/m³,pm25,,µg/m³,2025-09-13,19.779166666666665,17.75,11.8,30.7,24,100.0,100.0
3092518,Serena,,AE,Asia/Dubai,AirGradient,Scottyboi,25.03432,55.28811,10833851,pm25 µg/m³,pm25,,µg/m³,2025-09-14,12.265,11.899999999999999,6.36,22.0,24,100.0,100.0
3092518,Serena,,AE,Asia/Dubai,AirGradient,Scottyboi,25.03432,55.28811,10833851,pm25 µg/m³,pm25,,µg/m³,2025-09-15,10.882916666666667,10.14,6.72,17.2,24,100.0,100.0
3092518,Serena,,AE,Asia/Dubai,AirGradient,Scottyboi,25.03432,55.28811,10833851,pm25 µg/m³,pm25,,µg/m³,2025-09-16,29.239583333333332,22.65,9.15,82.0,24,100.0,100.0
3092518,Serena,,AE,Asia/Dubai,AirGradient,Scottyboi,25.03432,55.28811,10833851,pm25 µg/m³,pm25,,µg/m³,2025-09-17,58.49166666666667,53.9,42.1,101.0,24,100.0,100.0
3092518,Serena,,AE,Asia/Dubai,AirGradient,Scottyboi,25.03432,55.28811,10833851,pm25 µg/m³,pm25,,µg/m³,2025-09-18,56.09166666666667,53.0,25.6,91.7,24,100.0,100.0
3092518,Serena,,AE,Asia/Dubai,AirGradient,Scottyboi,25.03432,55.28811,10833851,pm25 µg/m³,pm25,,µg/m³,2025-09-19,64.4875,67.85,42.8,79.6,24,100.0,100.0
3092518,Serena,,AE,Asia/Dubai,AirGradient,Scottyboi,25.03432,55.28811,10833851,pm25 µg/m³,pm25,,µg/m³,2025-09-20,48.25833333333333,44.05,29.7,74.3,24,100.0,100.0
3092518,Serena,,AE,Asia/Dubai,AirGradient,Scottyboi,25.03432,55.28811,10833851,pm25 µg/m³,pm25,,µg/m³,2025-09-21,27.05,29.35,14.9,36.7,24,100.0,100.0
3092518,Serena,,AE,Asia/Dubai,AirGradient,Scottyboi,25.03432,55.28811,10833851,pm25 µg/m³,pm25,,µg/m³,2025-09-22,32.266666666666666,33.8,13.3,48.2,24,100.0,100.0
3092518,Serena,,AE,Asia/Dubai,AirGradient,Scottyboi,25.03432,55.28811,10833851,pm25 µg/m³,pm25,,µg/m³,2025-09-23,67.3875,51.35,45.6,113.0,24,100.0,100.0
3092518,Serena,,AE,Asia/Dubai,AirGradient,Scottyboi,25.03432,55.28811,10833851,pm25 µg/m³,pm25,,µg/m³,2025-09-24,47.89083333333334,14.149999999999999,8.86,122.0,24,100.0,100.0
3092518,Serena,,AE,Asia/Dubai,AirGradient,Scottyboi,25.03432,55.28811,10833851,pm25 µg/m³,pm25,,µg/m³,2025-09-25,19.8,15.85,10.8,39.6,24,100.0,100.0
3092518,Serena,,AE,Asia/Dubai,AirGradient,Scottyboi,25.03432,55.28811,10833851,pm25 µg/m³,pm25,,µg/m³,2025-09-26,37.012499999999996,35.8,23.3,47.3,24,100.0,100.0
3092518,Serena,,AE,Asia/Dubai,AirGradient,Scottyboi,25.03432,55.28811,10833851,pm25 µg/m³,pm25,,µg/m³,2025-09-27,33.00454545454546,35.05,18.9,39.0,22,100.0,100.0
3092518,Serena,,AE,Asia/Dubai,AirGradient,Scottyboi,25.03432,55.28811,10833851,pm25 µg/m³,pm25,,µg/m³,2025-09-28,37.24285714285715,38.2,21.6,72.8,21,100.0,100.0
3092518,Serena,,AE,Asia/Dubai,AirGradient,Scottyboi,25.03432,55.28811,10833851,pm25 µg/m³,pm25,,µg/m³,2025-09-29,49.98695652173913,49.6,35.2,82.1,23,100.0,100.0
3092518,Serena,,AE,Asia/Dubai,AirGradient,Scottyboi,25.03432,55.28811,10833851,pm25 µg/m³,pm25,,µg/m³,2025-09-30,40.891304347826086,47.4,16.2,54.2,23,100.0,100.0
3092518,Serena,,AE,Asia/Dubai,AirGradient,Scottyboi,25.03432,55.28811,10833851,pm25 µg/m³,pm25,,µg/m³,2025-10-01,53.54583333333333,54.05,34.6,81.2,24,100.0,100.0
3092518,Serena,,AE,Asia/Dubai,AirGradient,Scottyboi,25.03432,55.28811,10833851,pm25 µg/m³,pm25,,µg/m³,2025-10-02,38.85,40.25,29.5,47.6,24,100.0,100.0
3092518,Serena,,AE,Asia/Dubai,AirGradient,Scottyboi,25.03432,55.28811,10833851,pm25 µg/m³,pm25,,µg/m³,2025-10-03,41.55416666666667,41.8,22.8,66.3,24,100.0,100.0
3092518,Serena,,AE,Asia/Dubai,AirGradient,Scottyboi,25.03432,55.28811,10833851,pm25 µg/m³,pm25,,µg/m³,2025-10-04,39.504347826086956,42.2,30.3,45.5,23,100.0,100.0
3092518,Serena,,AE,Asia/Dubai,AirGradient,Scottyboi,25.03432,55.28811,10833851,pm25 µg/m³,pm25,,µg/m³,2025-10-05,43.24166666666667,46.75,27.8,52.3,24,100.0,100.0
3092518,Serena,,AE,Asia/Dubai,AirGradient,Scottyboi,25.03432,55.28811,10833851,pm25 µg/m³,pm25,,µg/m³,2025-10-06,50.625,50.7,21.6,83.8,24,100.0,100.0
3092518,Serena,,AE,Asia/Dubai,AirGradient,Scottyboi,25.03432,55.28811,10833851,pm25 µg/m³,pm25,,µg/m³,2025-10-07,40.420833333333334,45.95,17.4,57.4,24,100.0,100.0
3092518,Serena,,AE,Asia/Dubai,AirGradient,Scottyboi,25.03432,55.28811,10833851,pm25 µg/m³,pm25,,µg/m³,2025-10-08,46.67083333333334,50.35,13.1,84.9,24,100.0,100.0
3092518,Serena,,AE,Asia/Dubai,AirGradient,Scottyboi,25.03432,55.28811,10833851,pm25 µg/m³,pm25,,µg/m³,2025-10-09,31.266666666666666,29.2,11.1,61.3,24,100.0,100.0
3092518,Serena,,AE,Asia/Dubai,AirGradient,Scottyboi,25.03432,55.28811,10833851,pm25 µg/m³,pm25,,µg/m³,2025-10-10,35.641666666666666,32.35,10.9,83.1,24,100.0,100.0
3092518,Serena,,AE,Asia/Dubai,AirGradient,Scottyboi,25.03432,55.28811,10833851,pm25 µg/m³,pm25,,µg/m³,2025-10-11,61.89565217391304,63.1,36.2,86.6,23,100.0,100.0
3092518,Serena,,AE,Asia/Dubai,AirGradient,Scottyboi,25.03432,55.28811,10833851,pm25 µg/m³,pm25,,µg/m³,2025-10-12,42.75,26.4,9.1,89.7,24,100.0,100.0
3092518,Serena,,AE,Asia/Dubai,AirGradient,Scottyboi,25.03432,55.28811,10833851,pm25 µg/m³,pm25,,µg/m³,2025-10-13,23.962500000000002,22.3,13.4,36.8,24,100.0,100.0
3092518,Serena,,AE,Asia/Dubai,AirGradient,Scottyboi,25.03432,55.28811,10833851,pm25 µg/m³,pm25,,µg/m³,2025-10-14,36.833333333333336,33.400000000000006,24.0,66.4,24,100.0,100.0
3092518,Serena,,AE,Asia/Dubai,AirGradient,Scottyboi,25.03432,55.28811,10833851,pm25 µg/m³,pm25,,µg/m³,2025-10-15,55.60833333333333,53.9,45.7,80.1,24,100.0,100.0
3092518,Serena,,AE,Asia/Dubai,AirGradient,Scottyboi,25.03432,55.28811,10833851,pm25 µg/m³,pm25,,µg/m³,2025-10-16,45.05833333333334,31.55,15.4,92.3,24,100.0,100.0
3092518,Serena,,AE,Asia/Dubai,AirGradient,Scottyboi,25.03432,55.28811,10833851,pm25 µg/m³,pm25,,µg/m³,2025-10-17,24.116666666666664,24.5,14.6,37.0,24,100.0,100.0
3092518,Serena,,AE,Asia/Dubai,AirGradient,Scottyboi,25.03432,55.28811,10833851,pm25 µg/m³,pm25,,µg/m³,2025-10-18,27.3875,28.85,15.8,39.6,24,100.0,100.0
3092518,Serena,,AE,Asia/Dubai,AirGradient,Scottyboi,25.03432,55.28811,10833851,pm25 µg/m³,pm25,,µg/m³,2025-10-19,40.858333333333334,34.150000000000006,28.0,73.1,24,100.0,100.0
3092518,Serena,,AE,Asia/Dubai,AirGradient,Scottyboi,25.03432,55.28811,10833851,pm25 µg/m³,pm25,,µg/m³,2025-10-20,51.13809523809524,43.1,27.9,85.0,21,100.0,100.0
3092518,Serena,,AE,Asia/Dubai,AirGradient,Scottyboi,25.03432,55.28811,10833851,pm25 µg/m³,pm25,,µg/m³,2025-10-21,41.38333333333333,44.3,18.7,55.3,24,100.0,100.0
3092518,Serena,,AE,Asia/Dubai,AirGradient,Scottyboi,25.03432,55.28811,10833851,pm25 µg/m³,pm25,,µg/m³,2025-10-22,42.3125,38.4,27.1,70.4,24,100.0,100.0
3092518,Serena,,AE,Asia/Dubai,AirGradient,Scottyboi,25.03432,55.28811,10833851,pm25 µg/m³,pm25,,µg/m³,2025-10-23,42.604166666666664,41.45,36.0,50.9,24,100.0,100.0
3092518,Serena,,AE,Asia/Dubai,AirGradient,Scottyboi,25.03432,55.28811,10833851,pm25 µg/m³,pm25,,µg/m³,2025-10-24,50.25,45.5,29.3,80.3,24,100.0,100.0
3092518,Serena,,AE,Asia/Dubai,AirGradient,Scottyboi,25.03432,55.28811,10833851,pm25 µg/m³,pm25,,µg/m³,2025-10-25,49.35,50.35,37.6,60.4,24,100.0,100.0
3092518,Serena,,AE,Asia/Dubai,AirGradient,Scottyboi,25.03432,55.28811,10833851,pm25 µg/m³,pm25,,µg/m³,2025-10-26,52.573913043478264,51.7,39.2,72.5,23,100.0,100.0
3092518,Serena,,AE,Asia/Dubai,AirGradient,Scottyboi,25.03432,55.28811,10833851,pm25 µg/m³,pm25,,µg/m³,2025-10-27,56.512499999999996,56.55,42.9,71.9,24,100.0,100.0
3092518,Serena,,AE,Asia/Dubai,AirGradient,Scottyboi,25.03432,55.28811,10833851,pm25 µg/m³,pm25,,µg/m³,2025-10-28,61.083333333333336,64.55,41.9,70.9,24,100.0,100.0
3092518,Serena,,AE,Asia/Dubai,AirGradient,Scottyboi,25.03432,55.28811,10833851,pm25 µg/m³,pm25,,µg/m³,2025-10-29,58.99583333333334,48.349999999999994,39.2,85.2,24,100.0,100.0
3092518,Serena,,AE,Asia/Dubai,AirGradient,Scottyboi,25.03432,55.28811,10833851,pm25 µg/m³,pm25,,µg/m³,2025-10-30,49.13333333333333,46.45,40.6,62.5,24,100.0,100.0
3092518,Serena,,AE,Asia/Dubai,AirGradient,Scottyboi,25.03432,55.28811,10833851,pm25 µg/m³,pm25,,µg/m³,2025-10-31,45.30416666666667,44.599999999999994,34.1,56.0,24,100.0,100.0
3092518,Serena,,AE,Asia/Dubai,AirGradient,Scottyboi,25.03432,55.28811,10833851,pm25 µg/m³,pm25,,µg/m³,2025-11-01,40.06666666666667,39.45,29.1,51.0,24,100.0,100.0
3092518,Serena,,AE,Asia/Dubai,AirGradient,Scottyboi,25.03432,55.28811,10833851,pm25 µg/m³,pm25,,µg/m³,2025-11-02,46.020833333333336,42.2,38.2,62.2,24,100.0,100.0
3092518,Serena,,AE,Asia/Dubai,AirGradient,Scottyboi,25.03432,55.28811,10833851,pm25 µg/m³,pm25,,µg/m³,2025-11-03,52.5,45.8,33.2,71.6,24,100.0,100.0
3092518,Serena,,AE,Asia/Dubai,AirGradient,Scottyboi,25.03432,55.28811,10833851,pm25 µg/m³,pm25,,µg/m³,2025-11-04,41.4,40.3,32.8,55.9,24,100.0,100.0
3092518,Serena,,AE,Asia/Dubai,AirGradient,Scottyboi,25.03432,55.28811,10833851,pm25 µg/m³,pm25,,µg/m³,2025-11-05,36.3304347826087,35.1,31.7,43.8,23,100.0,100.0
3092518,Serena,,AE,Asia/Dubai,AirGradient,Scottyboi,25.03432,55.28811,10833851,pm25 µg/m³,pm25,,µg/m³,2025-11-06,37.05416666666667,37.8,29.1,42.6,24,100.0,100.0
3092518,Serena,,AE,Asia/Dubai,AirGradient,Scottyboi,25.03432,55.28811,10833851,pm25 µg/m³,pm25,,µg/m³,2025-11-07,19.708333333333332,20.5,12.2,29.6,24,100.0,100.0
3092518,Serena,,AE,Asia/Dubai,AirGradient,Scottyboi,25.03432,55.28811,10833851,pm25 µg/m³,pm25,,µg/m³,2025-11-08,15.55625,14.2,9.65,25.1,24,100.0,100.0
3092518,Serena,,AE,Asia/Dubai,AirGradient,Scottyboi,25.03432,55.28811,10833851,pm25 µg/m³,pm25,,µg/m³,2025-11-09,24.189166666666665,20.799999999999997,9.84,42.4,24,100.0,100.0
3092518,Serena,,AE,Asia/Dubai,AirGradient,Scottyboi,25.03432,55.28811,10833851,pm25 µg/m³,pm25,,µg/m³,2025-11-10,43.574999999999996,44.150000000000006,35.5,49.9,24,100.0,100.0
3092518,Serena,,AE,Asia/Dubai,AirGradient,Scottyboi,25.03432,55.28811,10833851,pm25 µg/m³,pm25,,µg/m³,2025-11-11,53.074999999999996,50.849999999999994,35.5,79.6,24,100.0,100.0
3092518,Serena,,AE,Asia/Dubai,AirGradient,Scottyboi,25.03432,55.28811,10833851,pm25 µg/m³,pm25,,µg/m³,2025-11-12,52.488888888888894,53.6,28.0,88.5,18,100.0,100.0
3092518,Serena,,AE,Asia/Dubai,AirGradient,Scottyboi,25.03432,55.28811,10833851,pm25 µg/m³,pm25,,µg/m³,2025-11-13,30.221739130434784,31.7,18.7,39.7,23,100.0,100.0
3092518,Serena,,AE,Asia/Dubai,AirGradient,Scottyboi,25.03432,55.28811,10833851,pm25 µg/m³,pm25,,µg/m³,2025-11-14,43.126666666666665,43.2,36.2,48.7,15,100.0,100.0
3092518,Serena,,AE,Asia/Dubai,AirGradient,Scottyboi,25.03432,55.28811,10833851,pm25 µg/m³,pm25,,µg/m³,2025-11-15,46.74583333333334,48.25,36.4,52.5,24,100.0,100.0
3092518,Serena,,AE,Asia/Dubai,AirGradient,Scottyboi,25.03432,55.28811,10833851,pm25 µg/m³,pm25,,µg/m³,2025-11-16,51.60434782608696,53.8,30.9,66.5,23,100.0,100.0
3092518,Serena,,AE,Asia/Dubai,AirGradient,Scottyboi,25.03432,55.28811,10833851,pm25 µg/m³,pm25,,µg/m³,2025-11-17,55.65,48.15,36.0,83.0,22,100.0,100.0
3092518,Serena,,AE,Asia/Dubai,AirGradient,Scottyboi,25.03432,55.28811,10833851,pm25 µg/m³,pm25,,µg/m³,2025-11-18,65.32608695652173,63.5,43.3,101.0,23,100.0,100.0
3092518,Serena,,AE,Asia/Dubai,AirGradient,Scottyboi,25.03432,55.28811,10833851,pm25 µg/m³,pm25,,µg/m³,2025-11-19,95.47083333333335,89.75,33.5,139.0,24,100.0,100.0
3092518,Serena,,AE,Asia/Dubai,AirGradient,Scottyboi,25.03432,55.28811,10833851,pm25 µg/m³,pm25,,µg/m³,2025-11-20,72.875,67.65,45.6,113.0,24,100.0,100.0
3092518,Serena,,AE,Asia/Dubai,AirGradient,Scottyboi,25.03432,55.28811,10833851,pm25 µg/m³,pm25,,µg/m³,2025-11-21,61.262499999999996,52.4,39.1,93.4,24,100.0,100.0
3092518,Serena,,AE,Asia/Dubai,AirGradient,Scottyboi,25.03432,55.28811,10833851,pm25 µg/m³,pm25,,µg/m³,2025-11-22,45.30416666666667,40.25,24.7,78.9,24,100.0,100.0
3092518,Serena,,AE,Asia/Dubai,AirGradient,Scottyboi,25.03432,55.28811,10833851,pm25 µg/m³,pm25,,µg/m³,2025-11-23,37.01904761904762,35.8,21.8,46.1,21,100.0,100.0
3092518,Serena,,AE,Asia/Dubai,AirGradient,Scottyboi,25.03432,55.28811,10833851,pm25 µg/m³,pm25,,µg/m³,2025-11-24,34.56956521739131,32.1,24.2,46.8,23,100.0,100.0
3092518,Serena,,AE,Asia/Dubai,AirGradient,Scottyboi,25.03432,55.28811,10833851,pm25 µg/m³,pm25,,µg/m³,2025-11-25,33.27916666666667,32.2,21.5,47.6,24,100.0,100.0
3092518,Serena,,AE,Asia/Dubai,AirGradient,Scottyboi,25.03432,55.28811,10833851,pm25 µg/m³,pm25,,µg/m³,2025-11-26,43.68333333333334,39.400000000000006,33.4,63.2,24,100.0,100.0
3092518,Serena,,AE,Asia/Dubai,AirGradient,Scottyboi,25.03432,55.28811,10833851,pm25 µg/m³,pm25,,µg/m³,2025-11-27,45.675000000000004,46.75,33.7,62.0,24,100.0,100.0
3092518,Serena,,AE,Asia/Dubai,AirGradient,Scottyboi,25.03432,55.28811,10833851,pm25 µg/m³,pm25,,µg/m³,2025-11-28,48.0,50.55,28.5,67.4,24,100.0,100.0
3092518,Serena,,AE,Asia/Dubai,AirGradient,Scottyboi,25.03432,55.28811,10833851,pm25 µg/m³,pm25,,µg/m³,2025-11-29,52.23333333333333,53.5,35.8,68.8,24,100.0,100.0
3092518,Serena,,AE,Asia/Dubai,AirGradient,Scottyboi,25.03432,55.28811,10833851,pm25 µg/m³,pm25,,µg/m³,2025-11-30,52.4,51.650000000000006,25.2,77.7,24,100.0,100.0
3092518,Serena,,AE,Asia/Dubai,AirGradient,Scottyboi,25.03432,55.28811,10833851,pm25 µg/m³,pm25,,µg/m³,2025-12-01,53.03478260869565,51.8,37.6,79.2,23,100.0,100.0
3092518,Serena,,AE,Asia/Dubai,AirGradient,Scottyboi,25.03432,55.28811,10833851,pm25 µg/m³,pm25,,µg/m³,2025-12-02,88.27499999999999,93.0,55.5,125.0,24,100.0,100.0
3092518,Serena,,AE,Asia/Dubai,AirGradient,Scottyboi,25.03432,55.28811,10833851,pm25 µg/m³,pm25,,µg/m³,2025-12-03,108.29166666666667,102.1,56.6,167.0,24,100.0,100.0
3092518,Serena,,AE,Asia/Dubai,AirGradient,Scottyboi,25.03432,55.28811,10833851,pm25 µg/m³,pm25,,µg/m³,2025-12-04,81.79583333333333,71.25,30.9,140.0,24,100.0,100.0
3092518,Serena,,AE,Asia/Dubai,AirGradient,Scottyboi,25.03432,55.28811,10833851,pm25 µg/m³,pm25,,µg/m³,2025-12-05,56.90416666666667,55.95,37.7,73.8,24,100.0,100.0
3092518,Serena,,AE,Asia/Dubai,AirGradient,Scottyboi,25.03432,55.28811,10833851,pm25 µg/m³,pm25,,µg/m³,2025-12-06,50.4375,47.75,31.2,72.6,24,100.0,100.0
3092518,Serena,,AE,Asia/Dubai,AirGradient,Scottyboi,25.03432,55.28811,10833851,pm25 µg/m³,pm25,,µg/m³,2025-12-07,36.63333333333333,37.5,19.4,51.4,24,100.0,100.0
3092518,Serena,,AE,Asia/Dubai,AirGradient,Scottyboi,25.03432,55.28811,10833851,pm25 µg/m³,pm25,,µg/m³,2025-12-08,27.1125,29.55,13.5,35.9,24,100.0,100.0
3092518,Serena,,AE,Asia/Dubai,AirGradient,Scottyboi,25.03432,55.28811,10833851,pm25 µg/m³,pm25,,µg/m³,2025-12-09,31.683333333333334,31.0,25.7,44.6,24,100.0,100.0
3092518,Serena,,AE,Asia/Dubai,AirGradient,Scottyboi,25.03432,55.28811,10833851,pm25 µg/m³,pm25,,µg/m³,2025-12-10,36.079166666666666,36.0,28.1,41.8,24,100.0,100.0
3092518,Serena,,AE,Asia/Dubai,AirGradient,Scottyboi,25.03432,55.28811,10833851,pm25 µg/m³,pm25,,µg/m³,2025-12-11,35.525,36.8,22.1,43.0,24,100.0,100.0
3092518,Serena,,AE,Asia/Dubai,AirGradient,Scottyboi,25.03432,55.28811,10833851,pm25 µg/m³,pm25,,µg/m³,2025-12-12,33.03333333333333,32.349999999999994,16.0,50.5,24,100.0,100.0
3092518,Serena,,AE,Asia/Dubai,AirGradient,Scottyboi,25.03432,55.28811,10833851,pm25 µg/m³,pm25,,µg/m³,2025-12-13,26.108333333333334,27.0,12.5,37.2,24,100.0,100.0
3092518,Serena,,AE,Asia/Dubai,AirGradient,Scottyboi,25.03432,55.28811,10833851,pm25 µg/m³,pm25,,µg/m³,2025-12-14,24.191666666666666,25.799999999999997,12.3,34.4,24,100.0,100.0
3092518,Serena,,AE,Asia/Dubai,AirGradient,Scottyboi,25.03432,55.28811,10833851,pm25 µg/m³,pm25,,µg/m³,2025-12-15,27.96083333333333,28.85,9.66,39.3,24,100.0,100.0
3092518,Serena,,AE,Asia/Dubai,AirGradient,Scottyboi,25.03432,55.28811,10833851,pm25 µg/m³,pm25,,µg/m³,2025-12-16,17.46125,12.0,7.9,36.2,24,100.0,100.0
3092518,Serena,,AE,Asia/Dubai,AirGradient,Scottyboi,25.03432,55.28811,10833851,pm25 µg/m³,pm25,,µg/m³,2025-12-17,32.5304347826087,33.9,12.0,48.9,23,100.0,100.0
3092518,Serena,,AE,Asia/Dubai,AirGradient,Scottyboi,25.03432,55.28811,10833851,pm25 µg/m³,pm25,,µg/m³,2025-12-18,32.983333333333334,33.25,21.9,39.5,24,100.0,100.0
3092518,Serena,,AE,Asia/Dubai,AirGradient,Scottyboi,25.03432,55.28811,10833851,pm25 µg/m³,pm25,,µg/m³,2025-12-19,25.229166666666668,27.6,10.9,35.1,24,100.0,100.0
3092518,Serena,,AE,Asia/Dubai,AirGradient,Scottyboi,25.03432,55.28811,10833851,pm25 µg/m³,pm25,,µg/m³,2025-12-20,30.204166666666666,31.95,17.3,38.9,24,100.0,100.0
3092518,Serena,,AE,Asia/Dubai,AirGradient,Scottyboi,25.03432,55.28811,10833851,pm25 µg/m³,pm25,,µg/m³,2025-12-21,24.729166666666668,24.95,13.7,37.7,24,100.0,100.0
3092518,Serena,,AE,Asia/Dubai,AirGradient,Scottyboi,25.03432,55.28811,10833851,pm25 µg/m³,pm25,,µg/m³,2025-12-22,25.75,20.45,13.4,40.6,24,100.0,100.0
3092518,Serena,,AE,Asia/Dubai,AirGradient,Scottyboi,25.03432,55.28811,10833851,pm25 µg/m³,pm25,,µg/m³,2025-12-23,24.59166666666667,24.5,10.7,39.5,24,100.0,100.0
3092518,Serena,,AE,Asia/Dubai,AirGradient,Scottyboi,25.03432,55.28811,10833851,pm25 µg/m³,pm25,,µg/m³,2025-12-24,29.02541666666667,34.849999999999994,8.18,43.2,24,100.0,100.0
3092518,Serena,,AE,Asia/Dubai,AirGradient,Scottyboi,25.03432,55.28811,10833851,pm25 µg/m³,pm25,,µg/m³,2025-12-25,51.46666666666667,47.85,34.8,73.3,24,100.0,100.0
3092518,Serena,,AE,Asia/Dubai,AirGradient,Scottyboi,25.03432,55.28811,10833851,pm25 µg/m³,pm25,,µg/m³,2025-12-26,61.48333333333333,60.8,46.0,77.2,24,100.0,100.0
3092518,Serena,,AE,Asia/Dubai,AirGradient,Scottyboi,25.03432,55.28811,10833851,pm25 µg/m³,pm25,,µg/m³,2025-12-27,72.09583333333333,75.8,40.1,103.0,24,100.0,100.0
3092518,Serena,,AE,Asia/Dubai,AirGradient,Scottyboi,25.03432,55.28811,10833851,pm25 µg/m³,pm25,,µg/m³,2025-12-28,62.75882352941177,77.5,22.4,86.2,17,100.0,100.0
3092518,Serena,,AE,Asia/Dubai,AirGradient,Scottyboi,25.03432,55.28811,10833851,pm25 µg/m³,pm25,,µg/m³,2025-12-29,35.31666666666667,35.85,29.3,40.2,6,100.0,100.0
3092518,Serena,,AE,Asia/Dubai,AirGradient,Scottyboi,25.03432,55.28811,10833851,pm25 µg/m³,pm25,,µg/m³,2025-12-30,14.17681818181818,12.8,7.11,39.4,22,100.0,100.0
3092518,Serena,,AE,Asia/Dubai,AirGradient,Scottyboi,25.03432,55.28811,10833851,pm25 µg/m³,pm25,,µg/m³,2025-12-31,17.618333333333332,13.3,6.96,47.3,24,100.0,100.0
3092518,Serena,,AE,Asia/Dubai,AirGradient,Scottyboi,25.03432,55.28811,10833851,pm25 µg/m³,pm25,,µg/m³,2026-01-01,24.248333333333335,19.9,9.56,54.2,24,100.0,100.0
3092518,Serena,,AE,Asia/Dubai,AirGradient,Scottyboi,25.03432,55.28811,10833851,pm25 µg/m³,pm25,,µg/m³,2026-01-02,36.583333333333336,31.35,15.8,119.0,24,100.0,100.0
3092518,Serena,,AE,Asia/Dubai,AirGradient,Scottyboi,25.03432,55.28811,10833851,pm25 µg/m³,pm25,,µg/m³,2026-01-03,67.6875,51.2,21.9,155.0,24,100.0,100.0
3092518,Serena,,AE,Asia/Dubai,AirGradient,Scottyboi,25.03432,55.28811,10833851,pm25 µg/m³,pm25,,µg/m³,2026-01-04,46.522608695652174,38.7,8.12,76.1,23,100.0,100.0
3092518,Serena,,AE,Asia/Dubai,AirGradient,Scottyboi,25.03432,55.28811,10833851,pm25 µg/m³,pm25,,µg/m³,2026-01-05,19.325416666666666,19.8,6.67,29.4,24,100.0,100.0
3092518,Serena,,AE,Asia/Dubai,AirGradient,Scottyboi,25.03432,55.28811,10833851,pm25 µg/m³,pm25,,µg/m³,2026-01-06,25.683333333333334,21.8,11.3,42.9,24,100.0,100.0
3092518,Serena,,AE,Asia/Dubai,AirGradient,Scottyboi,25.03432,55.28811,10833851,pm25 µg/m³,pm25,,µg/m³,2026-01-07,21.795833333333334,22.05,11.9,28.7,24,100.0,100.0
3092518,Serena,,AE,Asia/Dubai,AirGradient,Scottyboi,25.03432,55.28811,10833851,pm25 µg/m³,pm25,,µg/m³,2026-01-08,32.72083333333333,34.650000000000006,17.4,49.1,24,100.0,100.0
3092518,Serena,,AE,Asia/Dubai,AirGradient,Scottyboi,25.03432,55.28811,10833851,pm25 µg/m³,pm25,,µg/m³,2026-01-09,55.07916666666667,55.5,33.2,79.5,24,100.0,100.0
3092518,Serena,,AE,Asia/Dubai,AirGradient,Scottyboi,25.03432,55.28811,10833851,pm25 µg/m³,pm25,,µg/m³,2026-01-10,63.104166666666664,51.8,32.5,112.0,24,100.0,100.0
3092518,Serena,,AE,Asia/Dubai,AirGradient,Scottyboi,25.03432,55.28811,10833851,pm25 µg/m³,pm25,,µg/m³,2026-01-11,64.30833333333334,65.55000000000001,37.8,94.4,24,100.0,100.0
3092518,Serena,,AE,Asia/Dubai,AirGradient,Scottyboi,25.03432,55.28811,10833851,pm25 µg/m³,pm25,,µg/m³,2026-01-12,75.50833333333334,76.75,46.3,110.0,24,100.0,100.0
3092518,Serena,,AE,Asia/Dubai,AirGradient,Scottyboi,25.03432,55.28811,10833851,pm25 µg/m³,pm25,,µg/m³,2026-01-13,81.375,86.15,38.9,125.0,24,100.0,100.0
3092518,Serena,,AE,Asia/Dubai,AirGradient,Scottyboi,25.03432,55.28811,10833851,pm25 µg/m³,pm25,,µg/m³,2026-01-14,66.50416666666666,48.2,34.9,110.0,24,100.0,100.0
3092518,Serena,,AE,Asia/Dubai,AirGradient,Scottyboi,25.03432,55.28811,10833851,pm25 µg/m³,pm25,,µg/m³,2026-01-15,41.8375,44.05,25.9,48.5,24,100.0,100.0
3092518,Serena,,AE,Asia/Dubai,AirGradient,Scottyboi,25.03432,55.28811,10833851,pm25 µg/m³,pm25,,µg/m³,2026-01-16,12.689583333333333,10.95,3.97,28.4,24,100.0,100.0
3092518,Serena,,AE,Asia/Dubai,AirGradient,Scottyboi,25.03432,55.28811,10833851,pm25 µg/m³,pm25,,µg/m³,2026-01-17,26.425,26.5,20.5,33.2,24,100.0,100.0
3092518,Serena,,AE,Asia/Dubai,AirGradient,Scottyboi,25.03432,55.28811,10833851,pm25 µg/m³,pm25,,µg/m³,2026-01-18,33.50833333333333,32.0,14.5,56.6,24,100.0,100.0
3092518,Serena,,AE,Asia/Dubai,AirGradient,Scottyboi,25.03432,55.28811,10833851,pm25 µg/m³,pm25,,µg/m³,2026-01-19,41.06666666666667,43.45,14.9,65.4,24,100.0,100.0
3092518,Serena,,AE,Asia/Dubai,AirGradient,Scottyboi,25.03432,55.28811,10833851,pm25 µg/m³,pm25,,µg/m³,2026-01-20,47.90416666666667,47.45,23.8,83.2,24,100.0,100.0
3092518,Serena,,AE,Asia/Dubai,AirGradient,Scottyboi,25.03432,55.28811,10833851,pm25 µg/m³,pm25,,µg/m³,2026-01-21,52.86291666666667,44.849999999999994,8.51,104.0,24,100.0,100.0
3092518,Serena,,AE,Asia/Dubai,AirGradient,Scottyboi,25.03432,55.28811,10833851,pm25 µg/m³,pm25,,µg/m³,2026-01-22,11.972083333333332,11.15,9.37,16.5,24,100.0,100.0
3092518,Serena,,AE,Asia/Dubai,AirGradient,Scottyboi,25.03432,55.28811,10833851,pm25 µg/m³,pm25,,µg/m³,2026-01-23,16.584166666666665,15.35,7.66,34.9,24,100.0,100.0
3092518,Serena,,AE,Asia/Dubai,AirGradient,Scottyboi,25.03432,55.28811,10833851,pm25 µg/m³,pm25,,µg/m³,2026-01-24,20.1375,21.1,13.1,27.9,24,100.0,100.0
3092518,Serena,,AE,Asia/Dubai,AirGradient,Scottyboi,25.03432,55.28811,10833851,pm25 µg/m³,pm25,,µg/m³,2026-01-25,22.883333333333336,22.85,15.9,33.0,24,100.0,100.0
3092518,Serena,,AE,Asia/Dubai,AirGradient,Scottyboi,25.03432,55.28811,10833851,pm25 µg/m³,pm25,,µg/m³,2026-01-26,32.4,33.1,12.9,47.4,24,100.0,100.0
3092518,Serena,,AE,Asia/Dubai,AirGradient,Scottyboi,25.03432,55.28811,10833851,pm25 µg/m³,pm25,,µg/m³,2026-01-27,28.791666666666668,20.65,12.3,46.7,24,100.0,100.0
3092518,Serena,,AE,Asia/Dubai,AirGradient,Scottyboi,25.03432,55.28811,10833851,pm25 µg/m³,pm25,,µg/m³,2026-01-28,21.75,22.25,13.6,29.0,24,100.0,100.0
3092518,Serena,,AE,Asia/Dubai,AirGradient,Scottyboi,25.03432,55.28811,10833851,pm25 µg/m³,pm25,,µg/m³,2026-01-29,29.004166666666666,29.6,15.8,40.5,24,100.0,100.0
3092518,Serena,,AE,Asia/Dubai,AirGradient,Scottyboi,25.03432,55.28811,10833851,pm25 µg/m³,pm25,,µg/m³,2026-01-30,36.12916666666667,34.6,30.9,44.7,24,100.0,100.0
3092518,Serena,,AE,Asia/Dubai,AirGradient,Scottyboi,25.03432,55.28811,10833851,pm25 µg/m³,pm25,,µg/m³,2026-01-31,33.266666666666666,37.2,14.2,54.4,24,100.0,100.0
3092518,Serena,,AE,Asia/Dubai,AirGradient,Scottyboi,25.03432,55.28811,10833851,pm25 µg/m³,pm25,,µg/m³,2026-02-01,38.55416666666667,43.150000000000006,17.9,52.7,24,100.0,100.0
3092518,Serena,,AE,Asia/Dubai,AirGradient,Scottyboi,25.03432,55.28811,10833851,pm25 µg/m³,pm25,,µg/m³,2026-02-02,41.362500000000004,38.65,18.4,68.2,24,100.0,100.0
3092518,Serena,,AE,Asia/Dubai,AirGradient,Scottyboi,25.03432,55.28811,10833851,pm25 µg/m³,pm25,,µg/m³,2026-02-03,46.12916666666666,44.75,24.9,74.2,24,100.0,100.0
3092518,Serena,,AE,Asia/Dubai,AirGradient,Scottyboi,25.03432,55.28811,10833851,pm25 µg/m³,pm25,,µg/m³,2026-02-04,42.291666666666664,35.599999999999994,23.7,84.9,24,100.0,100.0
3092518,Serena,,AE,Asia/Dubai,AirGradient,Scottyboi,25.03432,55.28811,10833851,pm25 µg/m³,pm25,,µg/m³,2026-02-05,35.425000000000004,36.4,13.6,58.1,24,100.0,100.0
3092518,Serena,,AE,Asia/Dubai,AirGradient,Scottyboi,25.03432,55.28811,10833851,pm25 µg/m³,pm25,,µg/m³,2026-02-06,41.295833333333334,41.65,21.2,58.3,24,100.0,100.0
3092518,Serena,,AE,Asia/Dubai,AirGradient,Scottyboi,25.03432,55.28811,10833851,pm25 µg/m³,pm25,,µg/m³,2026-02-07,48.65,41.0,30.2,77.2,24,100.0,100.0
3092518,Serena,,AE,Asia/Dubai,AirGradient,Scottyboi,25.03432,55.28811,10833851,pm25 µg/m³,pm25,,µg/m³,2026-02-08,38.55416666666667,36.2,30.7,50.3,24,100.0,100.0
3092518,Serena,,AE,Asia/Dubai,AirGradient,Scottyboi,25.03432,55.28811,10833851,pm25 µg/m³,pm25,,µg/m³,2026-02-09,37.59166666666667,39.05,28.9,47.3,24,100.0,100.0
3092518,Serena,,AE,Asia/Dubai,AirGradient,Scottyboi,25.03432,55.28811,10833851,pm25 µg/m³,pm25,,µg/m³,2026-02-10,50.3125,48.650000000000006,29.8,85.6,24,100.0,100.0
3092518,Serena,,AE,Asia/Dubai,AirGradient,Scottyboi,25.03432,55.28811,10833851,pm25 µg/m³,pm25,,µg/m³,2026-02-11,53.17083333333333,46.45,24.2,93.3,24,100.0,100.0
3092518,Serena,,AE,Asia/Dubai,AirGradient,Scottyboi,25.03432,55.28811,10833851,pm25 µg/m³,pm25,,µg/m³,2026-02-12,41.94583333333333,41.75,30.5,50.8,24,100.0,100.0
3092518,Serena,,AE,Asia/Dubai,AirGradient,Scottyboi,25.03432,55.28811,10833851,pm25 µg/m³,pm25,,µg/m³,2026-02-13,41.44166666666667,43.0,19.5,55.1,24,100.0,100.0
3092518,Serena,,AE,Asia/Dubai,AirGradient,Scottyboi,25.03432,55.28811,10833851,pm25 µg/m³,pm25,,µg/m³,2026-02-14,37.32083333333333,40.95,18.6,51.2,24,100.0,100.0
3092518,Serena,,AE,Asia/Dubai,AirGradient,Scottyboi,25.03432,55.28811,10833851,pm25 µg/m³,pm25,,µg/m³,2026-02-15,31.037499999999998,28.95,18.9,44.9,24,100.0,100.0
3092518,Serena,,AE,Asia/Dubai,AirGradient,Scottyboi,25.03432,55.28811,10833851,pm25 µg/m³,pm25,,µg/m³,2026-02-16,31.02916666666667,30.05,24.7,41.8,24,100.0,100.0
3092518,Serena,,AE,Asia/Dubai,AirGradient,Scottyboi,25.03432,55.28811,10833851,pm25 µg/m³,pm25,,µg/m³,2026-02-17,34.324999999999996,33.599999999999994,16.0,53.0,24,100.0,100.0
3092518,Serena,,AE,Asia/Dubai,AirGradient,Scottyboi,25.03432,55.28811,10833851,pm25 µg/m³,pm25,,µg/m³,2026-02-18,17.620416666666667,15.899999999999999,9.15,31.0,24,100.0,100.0
3092518,Serena,,AE,Asia/Dubai,AirGradient,Scottyboi,25.03432,55.28811,10833851,pm25 µg/m³,pm25,,µg/m³,2026-02-19,23.14708333333333,23.2,9.13,39.6,24,100.0,100.0
3092518,Serena,,AE,Asia/Dubai,AirGradient,Scottyboi,25.03432,55.28811,10833851,pm25 µg/m³,pm25,,µg/m³,2026-02-20,20.858333333333334,19.8,13.7,32.5,24,100.0,100.0
3092518,Serena,,AE,Asia/Dubai,AirGradient,Scottyboi,25.03432,55.28811,10833851,pm25 µg/m³,pm25,,µg/m³,2026-02-21,43.95416666666667,38.4,25.8,71.3,24,100.0,100.0
3092518,Serena,,AE,Asia/Dubai,AirGradient,Scottyboi,25.03432,55.28811,10833851,pm25 µg/m³,pm25,,µg/m³,2026-02-22,56.68333333333334,52.8,26.9,89.8,24,100.0,100.0
3092518,Serena,,AE,Asia/Dubai,AirGradient,Scottyboi,25.03432,55.28811,10833851,pm25 µg/m³,pm25,,µg/m³,2026-02-23,75.34583333333333,70.69999999999999,33.1,114.0,24,100.0,100.0
3092518,Serena,,AE,Asia/Dubai,AirGradient,Scottyboi,25.03432,55.28811,10833851,pm25 µg/m³,pm25,,µg/m³,2026-02-24,80.57083333333334,91.1,37.2,127.0,24,100.0,100.0
3092518,Serena,,AE,Asia/Dubai,AirGradient,Scottyboi,25.03432,55.28811,10833851,pm25 µg/m³,pm25,,µg/m³,2026-02-25,64.125,72.55,33.2,102.0,24,100.0,100.0
3092518,Serena,,AE,Asia/Dubai,AirGradient,Scottyboi,25.03432,55.28811,10833851,pm25 µg/m³,pm25,,µg/m³,2026-02-26,50.07083333333333,29.95,8.9,119.0,24,100.0,100.0
3092518,Serena,,AE,Asia/Dubai,AirGradient,Scottyboi,25.03432,55.28811,10833851,pm25 µg/m³,pm25,,µg/m³,2026-02-27,33.8375,34.95,17.2,46.1,24,100.0,100.0
3092518,Serena,,AE,Asia/Dubai,AirGradient,Scottyboi,25.03432,55.28811,10833851,pm25 µg/m³,pm25,,µg/m³,2026-02-28,55.85833333333333,55.25,29.7,82.1,24,100.0,100.0
3092518,Serena,,AE,Asia/Dubai,AirGradient,Scottyboi,25.03432,55.28811,10833851,pm25 µg/m³,pm25,,µg/m³,2026-03-01,42.09166666666667,41.5,27.2,80.9,24,100.0,100.0
3092518,Serena,,AE,Asia/Dubai,AirGradient,Scottyboi,25.03432,55.28811,10833851,pm25 µg/m³,pm25,,µg/m³,2026-03-02,32.09166666666667,30.85,27.5,39.1,24,100.0,100.0
3092518,Serena,,AE,Asia/Dubai,AirGradient,Scottyboi,25.03432,55.28811,10833851,pm25 µg/m³,pm25,,µg/m³,2026-03-03,30.8625,30.7,25.9,36.2,24,100.0,100.0
3092518,Serena,,AE,Asia/Dubai,AirGradient,Scottyboi,25.03432,55.28811,10833851,pm25 µg/m³,pm25,,µg/m³,2026-03-04,28.504166666666666,30.25,21.2,36.2,24,100.0,100.0
3092518,Serena,,AE,Asia/Dubai,AirGradient,Scottyboi,25.03432,55.28811,10833851,pm25 µg/m³,pm25,,µg/m³,2026-03-05,28.308333333333334,28.25,21.4,36.7,24,100.0,100.0
3092518,Serena,,AE,Asia/Dubai,AirGradient,Scottyboi,25.03432,55.28811,10833851,pm25 µg/m³,pm25,,µg/m³,2026-03-06,23.712500000000002,21.6,14.2,37.2,24,100.0,100.0
3092518,Serena,,AE,Asia/Dubai,AirGradient,Scottyboi,25.03432,55.28811,10833851,pm25 µg/m³,pm25,,µg/m³,2026-03-07,32.13333333333333,26.6,17.2,76.4,24,100.0,100.0
3092518,Serena,,AE,Asia/Dubai,AirGradient,Scottyboi,25.03432,55.28811,10833851,pm25 µg/m³,pm25,,µg/m³,2026-03-08,47.125,41.2,27.3,73.5,24,100.0,100.0
3092518,Serena,,AE,Asia/Dubai,AirGradient,Scottyboi,25.03432,55.28811,10833851,pm25 µg/m³,pm25,,µg/m³,2026-03-09,28.6125,26.6,16.0,38.9,24,100.0,100.0
3092518,Serena,,AE,Asia/Dubai,AirGradient,Scottyboi,25.03432,55.28811,10833851,pm25 µg/m³,pm25,,µg/m³,2026-03-10,40.15416666666667,37.2,11.4,70.7,24,100.0,100.0
3092518,Serena,,AE,Asia/Dubai,AirGradient,Scottyboi,25.03432,55.28811,10833851,pm25 µg/m³,pm25,,µg/m³,2026-03-11,14.408333333333333,13.85,7.6,26.7,24,100.0,100.0
3092518,Serena,,AE,Asia/Dubai,AirGradient,Scottyboi,25.03432,55.28811,10833851,pm25 µg/m³,pm25,,µg/m³,2026-03-12,22.620833333333334,23.35,10.9,33.7,24,100.0,100.0
3092518,Serena,,AE,Asia/Dubai,AirGradient,Scottyboi,25.03432,55.28811,10833851,pm25 µg/m³,pm25,,µg/m³,2026-03-13,21.325,20.85,13.7,29.9,24,100.0,100.0
3092518,Serena,,AE,Asia/Dubai,AirGradient,Scottyboi,25.03432,55.28811,10833851,pm25 µg/m³,pm25,,µg/m³,2026-03-14,35.170833333333334,24.55,16.2,83.3,24,100.0,100.0
3092518,Serena,,AE,Asia/Dubai,AirGradient,Scottyboi,25.03432,55.28811,10833851,pm25 µg/m³,pm25,,µg/m³,2026-03-15,43.53333333333333,32.8,14.4,74.8,24,100.0,100.0
3092518,Serena,,AE,Asia/Dubai,AirGradient,Scottyboi,25.03432,55.28811,10833851,pm25 µg/m³,pm25,,µg/m³,2026-03-16,33.020833333333336,33.349999999999994,24.3,37.9,24,100.0,100.0
3092518,Serena,,AE,Asia/Dubai,AirGradient,Scottyboi,25.03432,55.28811,10833851,pm25 µg/m³,pm25,,µg/m³,2026-03-17,37.137499999999996,36.45,31.7,42.9,24,100.0,100.0
3092518,Serena,,AE,Asia/Dubai,AirGradient,Scottyboi,25.03432,55.28811,10833851,pm25 µg/m³,pm25,,µg/m³,2026-03-18,27.34166666666667,23.2,12.6,49.7,24,100.0,100.0
3092518,Serena,,AE,Asia/Dubai,AirGradient,Scottyboi,25.03432,55.28811,10833851,pm25 µg/m³,pm25,,µg/m³,2026-03-19,20.5,20.450000000000003,11.0,31.6,24,100.0,100.0
3092518,Serena,,AE,Asia/Dubai,AirGradient,Scottyboi,25.03432,55.28811,10833851,pm25 µg/m³,pm25,,µg/m³,2026-03-20,22.504166666666666,24.299999999999997,11.3,36.5,24,100.0,100.0
3092518,Serena,,AE,Asia/Dubai,AirGradient,Scottyboi,25.03432,55.28811,10833851,pm25 µg/m³,pm25,,µg/m³,2026-03-21,22.854166666666668,25.45,14.4,31.3,24,100.0,100.0
3092518,Serena,,AE,Asia/Dubai,AirGradient,Scottyboi,25.03432,55.28811,10833851,pm25 µg/m³,pm25,,µg/m³,2026-03-22,14.070833333333333,14.0,5.2,23.9,24,100.0,100.0
3092518,Serena,,AE,Asia/Dubai,AirGradient,Scottyboi,25.03432,55.28811,10833851,pm25 µg/m³,pm25,,µg/m³,2026-03-23,13.720833333333333,13.2,6.6,23.4,24,100.0,100.0
3092518,Serena,,AE,Asia/Dubai,AirGradient,Scottyboi,25.03432,55.28811,10833851,pm25 µg/m³,pm25,,µg/m³,2026-03-24,16.745833333333334,15.3,4.3,36.4,24,100.0,100.0
3092518,Serena,,AE,Asia/Dubai,AirGradient,Scottyboi,25.03432,55.28811,10833851,pm25 µg/m³,pm25,,µg/m³,2026-03-25,9.008333333333333,6.949999999999999,1.8,27.7,24,100.0,100.0
3092518,Serena,,AE,Asia/Dubai,AirGradient,Scottyboi,25.03432,55.28811,10833851,pm25 µg/m³,pm25,,µg/m³,2026-03-26,9.483333333333333,7.949999999999999,3.6,28.6,24,100.0,100.0
3092518,Serena,,AE,Asia/Dubai,AirGradient,Scottyboi,25.03432,55.28811,10833851,pm25 µg/m³,pm25,,µg/m³,2026-03-27,5.870833333333334,5.35,0.1,17.3,24,100.0,100.0
3092518,Serena,,AE,Asia/Dubai,AirGradient,Scottyboi,25.03432,55.28811,10833851,pm25 µg/m³,pm25,,µg/m³,2026-03-28,6.0125,4.95,2.4,12.9,24,100.0,100.0
3092518,Serena,,AE,Asia/Dubai,AirGradient,Scottyboi,25.03432,55.28811,10833851,pm25 µg/m³,pm25,,µg/m³,2026-03-29,8.85,8.75,5.7,12.1,24,100.0,100.0
3092518,Serena,,AE,Asia/Dubai,AirGradient,Scottyboi,25.03432,55.28811,10833851,pm25 µg/m³,pm25,,µg/m³,2026-03-30,15.262500000000001,14.9,8.3,29.1,24,100.0,100.0
3092518,Serena,,AE,Asia/Dubai,AirGradient,Scottyboi,25.03432,55.28811,10833851,pm25 µg/m³,pm25,,µg/m³,2026-03-31,23.2375,21.450000000000003,14.6,34.9,24,100.0,100.0
3092518,Serena,,AE,Asia/Dubai,AirGradient,Scottyboi,25.03432,55.28811,10833851,pm25 µg/m³,pm25,,µg/m³,2026-04-01,21.420833333333334,20.1,8.8,42.3,24,100.0,100.0
3092518,Serena,,AE,Asia/Dubai,AirGradient,Scottyboi,25.03432,55.28811,10833851,pm25 µg/m³,pm25,,µg/m³,2026-04-02,23.133333333333336,22.25,9.5,35.8,24,100.0,100.0
3092518,Serena,,AE,Asia/Dubai,AirGradient,Scottyboi,25.03432,55.28811,10833851,pm25 µg/m³,pm25,,µg/m³,2026-04-03,37.333333333333336,37.85,24.2,48.1,24,100.0,100.0
3092518,Serena,,AE,Asia/Dubai,AirGradient,Scottyboi,25.03432,55.28811,10833851,pm25 µg/m³,pm25,,µg/m³,2026-04-04,44.99583333333334,45.65,31.4,59.9,24,100.0,100.0
3092518,Serena,,AE,Asia/Dubai,AirGradient,Scottyboi,25.03432,55.28811,10833851,pm25 µg/m³,pm25,,µg/m³,2026-04-05,38.13333333333333,32.3,11.0,74.6,24,100.0,100.0
3092518,Serena,,AE,Asia/Dubai,AirGradient,Scottyboi,25.03432,55.28811,10833851,pm25 µg/m³,pm25,,µg/m³,2026-04-06,17.8125,16.9,7.7,31.6,24,100.0,100.0
3092518,Serena,,AE,Asia/Dubai,AirGradient,Scottyboi,25.03432,55.28811,10833851,pm25 µg/m³,pm25,,µg/m³,2026-04-07,16.545833333333334,16.5,10.4,23.6,24,100.0,100.0
3092518,Serena,,AE,Asia/Dubai,AirGradient,Scottyboi,25.03432,55.28811,10833851,pm25 µg/m³,pm25,,µg/m³,2026-04-08,20.5125,19.15,13.5,32.7,24,100.0,100.0
3092518,Serena,,AE,Asia/Dubai,AirGradient,Scottyboi,25.03432,55.28811,10833851,pm25 µg/m³,pm25,,µg/m³,2026-04-09,28.1375,30.9,12.5,34.7,24,100.0,100.0
3092518,Serena,,AE,Asia/Dubai,AirGradient,Scottyboi,25.03432,55.28811,10833851,pm25 µg/m³,pm25,,µg/m³,2026-04-10,18.150000000000002,18.5,10.1,29.9,24,100.0,100.0
3092518,Serena,,AE,Asia/Dubai,AirGradient,Scottyboi,25.03432,55.28811,10833851,pm25 µg/m³,pm25,,µg/m³,2026-04-11,21.166666666666668,22.4,6.4,33.7,24,100.0,100.0
3092518,Serena,,AE,Asia/Dubai,AirGradient,Scottyboi,25.03432,55.28811,10833851,pm25 µg/m³,pm25,,µg/m³,2026-04-12,13.004166666666665,12.2,6.9,20.4,24,100.0,100.0
3092518,Serena,,AE,Asia/Dubai,AirGradient,Scottyboi,25.03432,55.28811,10833851,pm25 µg/m³,pm25,,µg/m³,2026-04-13,15.416666666666666,14.8,8.6,25.5,24,100.0,100.0
3092518,Serena,,AE,Asia/Dubai,AirGradient,Scottyboi,25.03432,55.28811,10833851,pm25 µg/m³,pm25,,µg/m³,2026-04-14,26.15833333333333,28.0,14.2,38.9,24,100.0,100.0
3092518,Serena,,AE,Asia/Dubai,AirGradient,Scottyboi,25.03432,55.28811,10833851,pm25 µg/m³,pm25,,µg/m³,2026-04-15,22.395833333333332,19.8,10.5,36.7,24,100.0,100.0
3092518,Serena,,AE,Asia/Dubai,AirGradient,Scottyboi,25.03432,55.28811,10833851,pm25 µg/m³,pm25,,µg/m³,2026-04-16,17.150000000000002,16.75,11.8,24.9,22,100.0,100.0
3092518,Serena,,AE,Asia/Dubai,AirGradient,Scottyboi,25.03432,55.28811,10833851,pm25 µg/m³,pm25,,µg/m³,2026-04-17,22.22083333333333,19.25,14.3,37.1,24,100.0,100.0
3092518,Serena,,AE,Asia/Dubai,AirGradient,Scottyboi,25.03432,55.28811,10833851,pm25 µg/m³,pm25,,µg/m³,2026-04-18,33.547826086956526,36.3,9.9,50.8,23,100.0,100.0
3092518,Serena,,AE,Asia/Dubai,AirGradient,Scottyboi,25.03432,55.28811,10833851,pm25 µg/m³,pm25,,µg/m³,2026-04-19,30.916666666666668,32.9,14.8,40.2,24,100.0,100.0
3092518,Serena,,AE,Asia/Dubai,AirGradient,Scottyboi,25.03432,55.28811,10833851,pm25 µg/m³,pm25,,µg/m³,2026-04-20,38.03846153846154,40.8,24.9,44.1,13,100.0,100.0
3092518,Serena,,AE,Asia/Dubai,AirGradient,Scottyboi,25.03432,55.28811,10833868,temperature c,temperature,,c,2024-10-04,32.266666666666666,31.9,29.7,35.3,9,100.0,100.0
3092518,Serena,,AE,Asia/Dubai,AirGradient,Scottyboi,25.03432,55.28811,10833868,temperature c,temperature,,c,2024-10-05,31.855,29.5,26.8,42.5,20,100.0,100.0
3092518,Serena,,AE,Asia/Dubai,AirGradient,Scottyboi,25.03432,55.28811,10833868,temperature c,temperature,,c,2024-10-06,32.742105263157896,29.6,25.9,44.7,19,100.0,100.0
3092518,Serena,,AE,Asia/Dubai,AirGradient,Scottyboi,25.03432,55.28811,10833868,temperature c,temperature,,c,2024-10-07,32.99583333333333,31.65,26.8,44.8,24,100.0,100.0
3092518,Serena,,AE,Asia/Dubai,AirGradient,Scottyboi,25.03432,55.28811,10833868,temperature c,temperature,,c,2024-10-08,32.61666666666667,30.7,25.9,44.6,24,100.0,100.0
3092518,Serena,,AE,Asia/Dubai,AirGradient,Scottyboi,25.03432,55.28811,10833868,temperature c,temperature,,c,2024-10-09,32.041666666666664,30.8,25.8,43.8,24,100.0,100.0
3092518,Serena,,AE,Asia/Dubai,AirGradient,Scottyboi,25.03432,55.28811,10833868,temperature c,temperature,,c,2024-10-10,32.354166666666664,30.6,26.3,44.1,24,100.0,100.0
3092518,Serena,,AE,Asia/Dubai,AirGradient,Scottyboi,25.03432,55.28811,10833868,temperature c,temperature,,c,2024-10-11,32.170833333333334,29.75,26.8,43.7,24,100.0,100.0
3092518,Serena,,AE,Asia/Dubai,AirGradient,Scottyboi,25.03432,55.28811,10833868,temperature c,temperature,,c,2024-10-12,31.920833333333334,30.25,25.4,44.3,24,100.0,100.0
3092518,Serena,,AE,Asia/Dubai,AirGradient,Scottyboi,25.03432,55.28811,10833868,temperature c,temperature,,c,2024-10-13,31.6875,29.6,25.2,43.9,24,100.0,100.0
3092518,Serena,,AE,Asia/Dubai,AirGradient,Scottyboi,25.03432,55.28811,10833868,temperature c,temperature,,c,2024-10-14,31.620833333333334,30.5,25.2,42.5,24,100.0,100.0
3092518,Serena,,AE,Asia/Dubai,AirGradient,Scottyboi,25.03432,55.28811,10833868,temperature c,temperature,,c,2024-10-15,31.412499999999998,29.6,26.3,41.1,24,100.0,100.0
3092518,Serena,,AE,Asia/Dubai,AirGradient,Scottyboi,25.03432,55.28811,10833868,temperature c,temperature,,c,2024-10-16,31.03333333333333,29.75,25.8,40.3,24,100.0,100.0
3092518,Serena,,AE,Asia/Dubai,AirGradient,Scottyboi,25.03432,55.28811,10833868,temperature c,temperature,,c,2024-10-17,31.40416666666667,29.6,26.2,42.9,24,100.0,100.0
3092518,Serena,,AE,Asia/Dubai,AirGradient,Scottyboi,25.03432,55.28811,10833868,temperature c,temperature,,c,2024-10-18,32.05833333333333,30.450000000000003,26.3,43.5,24,100.0,100.0
3092518,Serena,,AE,Asia/Dubai,AirGradient,Scottyboi,25.03432,55.28811,10833868,temperature c,temperature,,c,2024-10-19,32.775,30.7,26.7,45.0,24,100.0,100.0
3092518,Serena,,AE,Asia/Dubai,AirGradient,Scottyboi,25.03432,55.28811,10833868,temperature c,temperature,,c,2024-10-20,33.25,30.549999999999997,27.5,45.5,24,100.0,100.0
3092518,Serena,,AE,Asia/Dubai,AirGradient,Scottyboi,25.03432,55.28811,10833868,temperature c,temperature,,c,2024-10-21,32.666666666666664,30.15,26.4,46.0,24,100.0,100.0
3092518,Serena,,AE,Asia/Dubai,AirGradient,Scottyboi,25.03432,55.28811,10833868,temperature c,temperature,,c,2024-10-22,31.7375,29.65,26.2,43.7,24,100.0,100.0
3092518,Serena,,AE,Asia/Dubai,AirGradient,Scottyboi,25.03432,55.28811,10833868,temperature c,temperature,,c,2024-10-23,31.666666666666668,30.35,24.8,43.2,24,100.0,100.0
3092518,Serena,,AE,Asia/Dubai,AirGradient,Scottyboi,25.03432,55.28811,10833868,temperature c,temperature,,c,2024-10-24,32.225,30.2,26.5,43.4,24,100.0,100.0
3092518,Serena,,AE,Asia/Dubai,AirGradient,Scottyboi,25.03432,55.28811,10833868,temperature c,temperature,,c,2024-10-25,31.90416666666667,29.6,26.0,44.0,24,100.0,100.0
3092518,Serena,,AE,Asia/Dubai,AirGradient,Scottyboi,25.03432,55.28811,10833868,temperature c,temperature,,c,2024-10-26,31.712500000000002,28.95,26.5,43.5,24,100.0,100.0
3092518,Serena,,AE,Asia/Dubai,AirGradient,Scottyboi,25.03432,55.28811,10833868,temperature c,temperature,,c,2024-10-27,30.8625,28.9,24.5,42.7,24,100.0,100.0
3092518,Serena,,AE,Asia/Dubai,AirGradient,Scottyboi,25.03432,55.28811,10833868,temperature c,temperature,,c,2024-10-28,30.8625,28.3,25.5,42.3,24,100.0,100.0
3092518,Serena,,AE,Asia/Dubai,AirGradient,Scottyboi,25.03432,55.28811,10833868,temperature c,temperature,,c,2024-10-29,29.754166666666666,27.55,23.6,41.6,24,100.0,100.0
3092518,Serena,,AE,Asia/Dubai,AirGradient,Scottyboi,25.03432,55.28811,10833868,temperature c,temperature,,c,2024-10-30,29.4875,27.45,23.0,41.3,24,100.0,100.0
3092518,Serena,,AE,Asia/Dubai,AirGradient,Scottyboi,25.03432,55.28811,10833868,temperature c,temperature,,c,2024-10-31,29.6875,28.2,22.7,41.6,24,100.0,100.0
3092518,Serena,,AE,Asia/Dubai,AirGradient,Scottyboi,25.03432,55.28811,10833868,temperature c,temperature,,c,2024-11-01,30.066666666666666,28.4,23.7,42.6,24,100.0,100.0
3092518,Serena,,AE,Asia/Dubai,AirGradient,Scottyboi,25.03432,55.28811,10833868,temperature c,temperature,,c,2024-11-02,30.104166666666668,27.8,23.8,42.5,24,100.0,100.0
3092518,Serena,,AE,Asia/Dubai,AirGradient,Scottyboi,25.03432,55.28811,10833868,temperature c,temperature,,c,2024-11-03,29.72083333333333,27.35,22.7,43.2,24,100.0,100.0
3092518,Serena,,AE,Asia/Dubai,AirGradient,Scottyboi,25.03432,55.28811,10833868,temperature c,temperature,,c,2024-11-04,29.304166666666664,27.450000000000003,21.9,42.1,24,100.0,100.0
3092518,Serena,,AE,Asia/Dubai,AirGradient,Scottyboi,25.03432,55.28811,10833868,temperature c,temperature,,c,2024-11-05,29.8625,28.05,22.4,43.6,24,100.0,100.0
3092518,Serena,,AE,Asia/Dubai,AirGradient,Scottyboi,25.03432,55.28811,10833868,temperature c,temperature,,c,2024-11-06,29.90416666666667,28.1,22.8,43.7,24,100.0,100.0
3092518,Serena,,AE,Asia/Dubai,AirGradient,Scottyboi,25.03432,55.28811,10833868,temperature c,temperature,,c,2024-11-07,29.900000000000002,27.45,23.5,42.9,24,100.0,100.0
3092518,Serena,,AE,Asia/Dubai,AirGradient,Scottyboi,25.03432,55.28811,10833868,temperature c,temperature,,c,2024-11-08,28.925,26.7,22.7,41.2,24,100.0,100.0
3092518,Serena,,AE,Asia/Dubai,AirGradient,Scottyboi,25.03432,55.28811,10833868,temperature c,temperature,,c,2024-11-09,28.441666666666666,26.5,21.6,41.3,24,100.0,100.0
3092518,Serena,,AE,Asia/Dubai,AirGradient,Scottyboi,25.03432,55.28811,10833868,temperature c,temperature,,c,2024-11-10,28.90833333333333,27.15,21.9,42.1,24,100.0,100.0
3092518,Serena,,AE,Asia/Dubai,AirGradient,Scottyboi,25.03432,55.28811,10833868,temperature c,temperature,,c,2024-11-11,29.108333333333334,27.450000000000003,22.5,41.7,24,100.0,100.0
3092518,Serena,,AE,Asia/Dubai,AirGradient,Scottyboi,25.03432,55.28811,10833868,temperature c,temperature,,c,2024-11-12,28.974999999999998,27.25,22.6,41.3,24,100.0,100.0
3092518,Serena,,AE,Asia/Dubai,AirGradient,Scottyboi,25.03432,55.28811,10833868,temperature c,temperature,,c,2024-11-13,28.879166666666666,27.0,22.5,40.8,24,100.0,100.0
3092518,Serena,,AE,Asia/Dubai,AirGradient,Scottyboi,25.03432,55.28811,10833868,temperature c,temperature,,c,2024-11-14,28.729166666666668,27.3,22.8,40.5,24,100.0,100.0
3092518,Serena,,AE,Asia/Dubai,AirGradient,Scottyboi,25.03432,55.28811,10833868,temperature c,temperature,,c,2024-11-15,28.25,25.85,22.7,40.3,24,100.0,100.0
3092518,Serena,,AE,Asia/Dubai,AirGradient,Scottyboi,25.03432,55.28811,10833868,temperature c,temperature,,c,2024-11-16,27.09583333333333,25.1,21.3,38.8,24,100.0,100.0
3092518,Serena,,AE,Asia/Dubai,AirGradient,Scottyboi,25.03432,55.28811,10833868,temperature c,temperature,,c,2024-11-17,26.724999999999998,24.55,20.7,39.1,24,100.0,100.0
3092518,Serena,,AE,Asia/Dubai,AirGradient,Scottyboi,25.03432,55.28811,10833868,temperature c,temperature,,c,2024-11-18,26.9875,25.65,19.8,39.6,24,100.0,100.0
3092518,Serena,,AE,Asia/Dubai,AirGradient,Scottyboi,25.03432,55.28811,10833868,temperature c,temperature,,c,2024-11-19,27.099999999999998,25.549999999999997,20.3,39.5,24,100.0,100.0
3092518,Serena,,AE,Asia/Dubai,AirGradient,Scottyboi,25.03432,55.28811,10833868,temperature c,temperature,,c,2024-11-20,27.070833333333336,25.05,20.7,40.5,24,100.0,100.0
3092518,Serena,,AE,Asia/Dubai,AirGradient,Scottyboi,25.03432,55.28811,10833868,temperature c,temperature,,c,2024-11-21,26.683333333333334,25.549999999999997,19.3,39.4,24,100.0,100.0
3092518,Serena,,AE,Asia/Dubai,AirGradient,Scottyboi,25.03432,55.28811,10833868,temperature c,temperature,,c,2024-11-22,27.316666666666666,25.6,21.4,39.5,24,100.0,100.0
3092518,Serena,,AE,Asia/Dubai,AirGradient,Scottyboi,25.03432,55.28811,10833868,temperature c,temperature,,c,2024-11-23,27.45,25.549999999999997,21.4,39.9,24,100.0,100.0
3092518,Serena,,AE,Asia/Dubai,AirGradient,Scottyboi,25.03432,55.28811,10833868,temperature c,temperature,,c,2024-11-24,27.020833333333332,24.9,21.6,38.9,24,100.0,100.0
3092518,Serena,,AE,Asia/Dubai,AirGradient,Scottyboi,25.03432,55.28811,10833868,temperature c,temperature,,c,2024-11-25,26.945833333333336,26.15,20.6,39.5,24,100.0,100.0
3092518,Serena,,AE,Asia/Dubai,AirGradient,Scottyboi,25.03432,55.28811,10833868,temperature c,temperature,,c,2024-11-26,27.633333333333336,25.65,22.1,39.9,24,100.0,100.0
3092518,Serena,,AE,Asia/Dubai,AirGradient,Scottyboi,25.03432,55.28811,10833868,temperature c,temperature,,c,2024-11-27,27.329166666666666,25.6,20.6,41.0,24,100.0,100.0
3092518,Serena,,AE,Asia/Dubai,AirGradient,Scottyboi,25.03432,55.28811,10833868,temperature c,temperature,,c,2024-11-28,27.266666666666666,25.75,21.3,38.8,24,100.0,100.0
3092518,Serena,,AE,Asia/Dubai,AirGradient,Scottyboi,25.03432,55.28811,10833868,temperature c,temperature,,c,2024-11-29,27.079166666666666,25.05,23.6,36.2,24,100.0,100.0
3092518,Serena,,AE,Asia/Dubai,AirGradient,Scottyboi,25.03432,55.28811,10833868,temperature c,temperature,,c,2024-11-30,26.1375,24.549999999999997,20.7,36.3,24,100.0,100.0
3092518,Serena,,AE,Asia/Dubai,AirGradient,Scottyboi,25.03432,55.28811,10833868,temperature c,temperature,,c,2024-12-01,25.75,24.049999999999997,22.0,33.5,24,100.0,100.0
3092518,Serena,,AE,Asia/Dubai,AirGradient,Scottyboi,25.03432,55.28811,10833868,temperature c,temperature,,c,2024-12-02,25.6125,23.450000000000003,19.4,37.8,24,100.0,100.0
3092518,Serena,,AE,Asia/Dubai,AirGradient,Scottyboi,25.03432,55.28811,10833868,temperature c,temperature,,c,2024-12-03,24.516666666666666,22.85,18.0,36.1,24,100.0,100.0
3092518,Serena,,AE,Asia/Dubai,AirGradient,Scottyboi,25.03432,55.28811,10833868,temperature c,temperature,,c,2024-12-04,23.945833333333336,22.0,18.2,36.8,24,100.0,100.0
3092518,Serena,,AE,Asia/Dubai,AirGradient,Scottyboi,25.03432,55.28811,10833868,temperature c,temperature,,c,2024-12-05,23.587500000000002,22.1,16.7,37.0,24,100.0,100.0
3092518,Serena,,AE,Asia/Dubai,AirGradient,Scottyboi,25.03432,55.28811,10833868,temperature c,temperature,,c,2024-12-06,24.366666666666664,22.95,17.7,36.7,24,100.0,100.0
3092518,Serena,,AE,Asia/Dubai,AirGradient,Scottyboi,25.03432,55.28811,10833868,temperature c,temperature,,c,2024-12-07,25.566666666666666,23.85,20.6,37.7,24,100.0,100.0
3092518,Serena,,AE,Asia/Dubai,AirGradient,Scottyboi,25.03432,55.28811,10833868,temperature c,temperature,,c,2024-12-08,24.204166666666666,22.299999999999997,17.7,34.9,24,100.0,100.0
3092518,Serena,,AE,Asia/Dubai,AirGradient,Scottyboi,25.03432,55.28811,10833868,temperature c,temperature,,c,2024-12-09,23.691666666666666,21.9,16.9,36.5,24,100.0,100.0
3092518,Serena,,AE,Asia/Dubai,AirGradient,Scottyboi,25.03432,55.28811,10833868,temperature c,temperature,,c,2024-12-10,23.920833333333334,22.0,17.4,36.8,24,100.0,100.0
3092518,Serena,,AE,Asia/Dubai,AirGradient,Scottyboi,25.03432,55.28811,10833868,temperature c,temperature,,c,2024-12-11,24.129166666666666,22.4,18.4,33.6,24,100.0,100.0
3092518,Serena,,AE,Asia/Dubai,AirGradient,Scottyboi,25.03432,55.28811,10833868,temperature c,temperature,,c,2024-12-12,23.941666666666666,22.3,17.7,35.1,24,100.0,100.0
3092518,Serena,,AE,Asia/Dubai,AirGradient,Scottyboi,25.03432,55.28811,10833868,temperature c,temperature,,c,2024-12-13,23.6875,21.65,16.8,36.4,24,100.0,100.0
3092518,Serena,,AE,Asia/Dubai,AirGradient,Scottyboi,25.03432,55.28811,10833868,temperature c,temperature,,c,2024-12-14,23.679166666666664,21.4,17.7,37.1,24,100.0,100.0
3092518,Serena,,AE,Asia/Dubai,AirGradient,Scottyboi,25.03432,55.28811,10833868,temperature c,temperature,,c,2024-12-15,22.587500000000002,20.7,16.5,34.3,24,100.0,100.0
3092518,Serena,,AE,Asia/Dubai,AirGradient,Scottyboi,25.03432,55.28811,10833868,temperature c,temperature,,c,2024-12-16,22.5625,18.9,16.6,34.1,16,100.0,100.0
3092518,Serena,,AE,Asia/Dubai,AirGradient,Scottyboi,25.03432,55.28811,10833868,temperature c,temperature,,c,2024-12-17,22.256521739130434,20.7,16.2,32.3,23,100.0,100.0
3092518,Serena,,AE,Asia/Dubai,AirGradient,Scottyboi,25.03432,55.28811,10833868,temperature c,temperature,,c,2024-12-18,21.5125,20.15,17.7,29.6,24,100.0,100.0
3092518,Serena,,AE,Asia/Dubai,AirGradient,Scottyboi,25.03432,55.28811,10833868,temperature c,temperature,,c,2024-12-19,21.708333333333332,19.450000000000003,15.8,34.4,24,100.0,100.0
3092518,Serena,,AE,Asia/Dubai,AirGradient,Scottyboi,25.03432,55.28811,10833868,temperature c,temperature,,c,2024-12-20,22.129166666666666,20.7,15.7,34.1,24,100.0,100.0
3092518,Serena,,AE,Asia/Dubai,AirGradient,Scottyboi,25.03432,55.28811,10833868,temperature c,temperature,,c,2024-12-21,21.791666666666668,19.7,15.0,34.5,24,100.0,100.0
3092518,Serena,,AE,Asia/Dubai,AirGradient,Scottyboi,25.03432,55.28811,10833868,temperature c,temperature,,c,2024-12-22,21.883333333333336,19.95,15.7,34.7,24,100.0,100.0
3092518,Serena,,AE,Asia/Dubai,AirGradient,Scottyboi,25.03432,55.28811,10833868,temperature c,temperature,,c,2024-12-23,21.625,20.2,15.4,34.4,24,100.0,100.0
3092518,Serena,,AE,Asia/Dubai,AirGradient,Scottyboi,25.03432,55.28811,10833868,temperature c,temperature,,c,2024-12-24,22.775000000000002,21.4,16.7,34.8,24,100.0,100.0
3092518,Serena,,AE,Asia/Dubai,AirGradient,Scottyboi,25.03432,55.28811,10833868,temperature c,temperature,,c,2024-12-25,23.0125,20.299999999999997,17.0,35.4,24,100.0,100.0
3092518,Serena,,AE,Asia/Dubai,AirGradient,Scottyboi,25.03432,55.28811,10833868,temperature c,temperature,,c,2024-12-26,22.40833333333333,20.8,16.7,33.3,24,100.0,100.0
3092518,Serena,,AE,Asia/Dubai,AirGradient,Scottyboi,25.03432,55.28811,10833868,temperature c,temperature,,c,2024-12-27,23.054166666666664,21.75,16.4,35.2,24,100.0,100.0
3092518,Serena,,AE,Asia/Dubai,AirGradient,Scottyboi,25.03432,55.28811,10833868,temperature c,temperature,,c,2024-12-28,22.983333333333334,20.6,16.1,36.6,24,100.0,100.0
3092518,Serena,,AE,Asia/Dubai,AirGradient,Scottyboi,25.03432,55.28811,10833868,temperature c,temperature,,c,2024-12-29,22.84166666666667,21.200000000000003,16.0,35.9,24,100.0,100.0
3092518,Serena,,AE,Asia/Dubai,AirGradient,Scottyboi,25.03432,55.28811,10833868,temperature c,temperature,,c,2024-12-30,23.568181818181817,22.549999999999997,18.1,34.0,22,100.0,100.0
3092518,Serena,,AE,Asia/Dubai,AirGradient,Scottyboi,25.03432,55.28811,10833868,temperature c,temperature,,c,2024-12-31,26.485714285714288,25.95,21.0,33.2,14,100.0,100.0
3092518,Serena,,AE,Asia/Dubai,AirGradient,Scottyboi,25.03432,55.28811,10833868,temperature c,temperature,,c,2025-01-01,23.09166666666667,21.45,19.0,30.9,24,100.0,100.0
3092518,Serena,,AE,Asia/Dubai,AirGradient,Scottyboi,25.03432,55.28811,10833868,temperature c,temperature,,c,2025-01-02,22.704166666666666,20.450000000000003,19.7,32.3,24,100.0,100.0
3092518,Serena,,AE,Asia/Dubai,AirGradient,Scottyboi,25.03432,55.28811,10833868,temperature c,temperature,,c,2025-01-03,18.670833333333334,18.1,15.6,25.2,24,100.0,100.0
3092518,Serena,,AE,Asia/Dubai,AirGradient,Scottyboi,25.03432,55.28811,10833868,temperature c,temperature,,c,2025-01-04,19.241666666666667,17.3,13.2,32.3,24,100.0,100.0
3092518,Serena,,AE,Asia/Dubai,AirGradient,Scottyboi,25.03432,55.28811,10833868,temperature c,temperature,,c,2025-01-05,19.712500000000002,17.6,13.9,31.5,24,100.0,100.0
3092518,Serena,,AE,Asia/Dubai,AirGradient,Scottyboi,25.03432,55.28811,10833868,temperature c,temperature,,c,2025-01-06,20.936842105263157,20.8,13.8,31.7,19,100.0,100.0
3092518,Serena,,AE,Asia/Dubai,AirGradient,Scottyboi,25.03432,55.28811,10833868,temperature c,temperature,,c,2025-01-07,21.94375,19.8,14.7,35.3,16,100.0,100.0
3092518,Serena,,AE,Asia/Dubai,AirGradient,Scottyboi,25.03432,55.28811,10833868,temperature c,temperature,,c,2025-01-08,20.59565217391304,19.7,14.4,28.9,23,100.0,100.0
3092518,Serena,,AE,Asia/Dubai,AirGradient,Scottyboi,25.03432,55.28811,10833868,temperature c,temperature,,c,2025-01-09,20.721739130434784,19.2,16.5,30.2,23,100.0,100.0
3092518,Serena,,AE,Asia/Dubai,AirGradient,Scottyboi,25.03432,55.28811,10833868,temperature c,temperature,,c,2025-01-10,21.46666666666667,19.299999999999997,15.8,33.6,24,100.0,100.0
3092518,Serena,,AE,Asia/Dubai,AirGradient,Scottyboi,25.03432,55.28811,10833868,temperature c,temperature,,c,2025-01-11,20.005555555555556,17.7,14.1,32.6,18,100.0,100.0
3092518,Serena,,AE,Asia/Dubai,AirGradient,Scottyboi,25.03432,55.28811,10833868,temperature c,temperature,,c,2025-01-12,14.4,14.2,14.1,14.9,3,100.0,100.0
3092518,Serena,,AE,Asia/Dubai,AirGradient,Scottyboi,25.03432,55.28811,10833868,temperature c,temperature,,c,2025-01-13,21.0,20.9,20.5,21.6,3,100.0,100.0
3092518,Serena,,AE,Asia/Dubai,AirGradient,Scottyboi,25.03432,55.28811,10833868,temperature c,temperature,,c,2025-01-14,18.9,18.8,18.0,20.0,4,100.0,100.0
3092518,Serena,,AE,Asia/Dubai,AirGradient,Scottyboi,25.03432,55.28811,10833868,temperature c,temperature,,c,2025-02-11,20.05,20.05,19.8,20.3,2,100.0,100.0
3092518,Serena,,AE,Asia/Dubai,AirGradient,Scottyboi,25.03432,55.28811,10833868,temperature c,temperature,,c,2025-02-12,25.065217391304348,24.0,16.9,38.4,23,100.0,100.0
3092518,Serena,,AE,Asia/Dubai,AirGradient,Scottyboi,25.03432,55.28811,10833868,temperature c,temperature,,c,2025-02-13,26.71666666666667,25.05,20.2,39.6,24,100.0,100.0
3092518,Serena,,AE,Asia/Dubai,AirGradient,Scottyboi,25.03432,55.28811,10833868,temperature c,temperature,,c,2025-02-14,26.216666666666665,23.85,21.8,36.9,24,100.0,100.0
3092518,Serena,,AE,Asia/Dubai,AirGradient,Scottyboi,25.03432,55.28811,10833868,temperature c,temperature,,c,2025-02-15,24.633333333333336,22.85,19.0,36.0,24,100.0,100.0
3092518,Serena,,AE,Asia/Dubai,AirGradient,Scottyboi,25.03432,55.28811,10833868,temperature c,temperature,,c,2025-02-16,25.837500000000002,24.450000000000003,20.8,36.6,24,100.0,100.0
3092518,Serena,,AE,Asia/Dubai,AirGradient,Scottyboi,25.03432,55.28811,10833868,temperature c,temperature,,c,2025-02-17,25.933333333333334,24.95,21.8,33.9,24,100.0,100.0
3092518,Serena,,AE,Asia/Dubai,AirGradient,Scottyboi,25.03432,55.28811,10833868,temperature c,temperature,,c,2025-02-18,23.516666666666666,22.4,20.6,28.1,24,100.0,100.0
3092518,Serena,,AE,Asia/Dubai,AirGradient,Scottyboi,25.03432,55.28811,10833868,temperature c,temperature,,c,2025-02-19,24.71666666666667,21.75,19.2,37.6,24,100.0,100.0
3092518,Serena,,AE,Asia/Dubai,AirGradient,Scottyboi,25.03432,55.28811,10833868,temperature c,temperature,,c,2025-02-20,25.02916666666667,23.85,17.3,38.7,24,100.0,100.0
3092518,Serena,,AE,Asia/Dubai,AirGradient,Scottyboi,25.03432,55.28811,10833868,temperature c,temperature,,c,2025-02-21,27.05,23.65,21.8,39.8,24,100.0,100.0
3092518,Serena,,AE,Asia/Dubai,AirGradient,Scottyboi,25.03432,55.28811,10833868,temperature c,temperature,,c,2025-02-22,25.47083333333333,23.6,18.3,38.8,24,100.0,100.0
3092518,Serena,,AE,Asia/Dubai,AirGradient,Scottyboi,25.03432,55.28811,10833868,temperature c,temperature,,c,2025-02-23,27.545833333333334,26.25,19.5,40.8,24,100.0,100.0
3092518,Serena,,AE,Asia/Dubai,AirGradient,Scottyboi,25.03432,55.28811,10833868,temperature c,temperature,,c,2025-02-24,25.433333333333334,24.3,21.9,31.8,24,100.0,100.0
3092518,Serena,,AE,Asia/Dubai,AirGradient,Scottyboi,25.03432,55.28811,10833868,temperature c,temperature,,c,2025-02-25,22.712500000000002,23.1,19.1,26.3,24,100.0,100.0
3092518,Serena,,AE,Asia/Dubai,AirGradient,Scottyboi,25.03432,55.28811,10833868,temperature c,temperature,,c,2025-02-26,22.104166666666668,20.6,16.2,33.9,24,100.0,100.0
3092518,Serena,,AE,Asia/Dubai,AirGradient,Scottyboi,25.03432,55.28811,10833868,temperature c,temperature,,c,2025-02-27,22.679166666666664,20.8,18.5,30.9,24,100.0,100.0
3092518,Serena,,AE,Asia/Dubai,AirGradient,Scottyboi,25.03432,55.28811,10833868,temperature c,temperature,,c,2025-02-28,22.75,19.9,17.0,35.1,24,100.0,100.0
3092518,Serena,,AE,Asia/Dubai,AirGradient,Scottyboi,25.03432,55.28811,10833868,temperature c,temperature,,c,2025-03-01,22.691666666666666,21.299999999999997,16.1,35.1,24,100.0,100.0
3092518,Serena,,AE,Asia/Dubai,AirGradient,Scottyboi,25.03432,55.28811,10833868,temperature c,temperature,,c,2025-03-02,23.3,20.7,17.6,35.8,24,100.0,100.0
3092518,Serena,,AE,Asia/Dubai,AirGradient,Scottyboi,25.03432,55.28811,10833868,temperature c,temperature,,c,2025-03-03,23.24166666666667,20.1,16.0,37.2,24,100.0,100.0
3092518,Serena,,AE,Asia/Dubai,AirGradient,Scottyboi,25.03432,55.28811,10833868,temperature c,temperature,,c,2025-03-04,23.78333333333333,24.05,14.1,36.6,24,100.0,100.0
3092518,Serena,,AE,Asia/Dubai,AirGradient,Scottyboi,25.03432,55.28811,10833868,temperature c,temperature,,c,2025-03-05,25.308333333333334,24.4,20.3,34.7,24,100.0,100.0
3092518,Serena,,AE,Asia/Dubai,AirGradient,Scottyboi,25.03432,55.28811,10833868,temperature c,temperature,,c,2025-03-06,26.724999999999998,25.35,19.3,39.7,24,100.0,100.0
3092518,Serena,,AE,Asia/Dubai,AirGradient,Scottyboi,25.03432,55.28811,10833868,temperature c,temperature,,c,2025-03-07,29.03333333333333,28.1,20.6,43.4,24,100.0,100.0
3092518,Serena,,AE,Asia/Dubai,AirGradient,Scottyboi,25.03432,55.28811,10833868,temperature c,temperature,,c,2025-03-08,29.212500000000002,27.45,20.8,40.6,24,100.0,100.0
3092518,Serena,,AE,Asia/Dubai,AirGradient,Scottyboi,25.03432,55.28811,10833868,temperature c,temperature,,c,2025-03-09,27.820833333333336,25.2,21.8,39.4,24,100.0,100.0
3092518,Serena,,AE,Asia/Dubai,AirGradient,Scottyboi,25.03432,55.28811,10833868,temperature c,temperature,,c,2025-03-10,26.108333333333334,25.95,21.7,33.1,24,100.0,100.0
3092518,Serena,,AE,Asia/Dubai,AirGradient,Scottyboi,25.03432,55.28811,10833868,temperature c,temperature,,c,2025-03-11,27.829166666666666,26.9,24.1,38.0,24,100.0,100.0
3092518,Serena,,AE,Asia/Dubai,AirGradient,Scottyboi,25.03432,55.28811,10833868,temperature c,temperature,,c,2025-03-12,27.891666666666666,25.549999999999997,24.0,37.7,24,100.0,100.0
3092518,Serena,,AE,Asia/Dubai,AirGradient,Scottyboi,25.03432,55.28811,10833868,temperature c,temperature,,c,2025-03-13,26.65833333333333,23.6,21.2,38.9,24,100.0,100.0
3092518,Serena,,AE,Asia/Dubai,AirGradient,Scottyboi,25.03432,55.28811,10833868,temperature c,temperature,,c,2025-03-14,25.412499999999998,23.200000000000003,18.3,39.1,24,100.0,100.0
3092518,Serena,,AE,Asia/Dubai,AirGradient,Scottyboi,25.03432,55.28811,10833868,temperature c,temperature,,c,2025-03-15,26.083333333333332,23.700000000000003,19.5,41.0,24,100.0,100.0
3092518,Serena,,AE,Asia/Dubai,AirGradient,Scottyboi,25.03432,55.28811,10833868,temperature c,temperature,,c,2025-03-16,27.395833333333332,25.049999999999997,18.4,42.7,24,100.0,100.0
3092518,Serena,,AE,Asia/Dubai,AirGradient,Scottyboi,25.03432,55.28811,10833868,temperature c,temperature,,c,2025-03-17,24.816666666666666,24.1,21.6,29.5,24,100.0,100.0
3092518,Serena,,AE,Asia/Dubai,AirGradient,Scottyboi,25.03432,55.28811,10833868,temperature c,temperature,,c,2025-03-18,25.208333333333332,22.299999999999997,18.9,40.4,24,100.0,100.0
3092518,Serena,,AE,Asia/Dubai,AirGradient,Scottyboi,25.03432,55.28811,10833868,temperature c,temperature,,c,2025-03-19,25.870833333333334,23.4,17.3,41.1,24,100.0,100.0
3092518,Serena,,AE,Asia/Dubai,AirGradient,Scottyboi,25.03432,55.28811,10833868,temperature c,temperature,,c,2025-03-20,27.349999999999998,25.950000000000003,17.2,43.6,24,100.0,100.0
3092518,Serena,,AE,Asia/Dubai,AirGradient,Scottyboi,25.03432,55.28811,10833868,temperature c,temperature,,c,2025-03-21,29.0125,27.7,19.6,42.3,24,100.0,100.0
3092518,Serena,,AE,Asia/Dubai,AirGradient,Scottyboi,25.03432,55.28811,10833868,temperature c,temperature,,c,2025-03-22,29.666666666666668,27.299999999999997,22.4,43.0,24,100.0,100.0
3092518,Serena,,AE,Asia/Dubai,AirGradient,Scottyboi,25.03432,55.28811,10833868,temperature c,temperature,,c,2025-03-23,28.958333333333332,26.200000000000003,23.1,41.4,24,100.0,100.0
3092518,Serena,,AE,Asia/Dubai,AirGradient,Scottyboi,25.03432,55.28811,10833868,temperature c,temperature,,c,2025-03-24,27.058333333333334,24.0,21.7,39.5,24,100.0,100.0
3092518,Serena,,AE,Asia/Dubai,AirGradient,Scottyboi,25.03432,55.28811,10833868,temperature c,temperature,,c,2025-03-25,24.858333333333334,21.6,19.6,37.4,24,100.0,100.0
3092518,Serena,,AE,Asia/Dubai,AirGradient,Scottyboi,25.03432,55.28811,10833868,temperature c,temperature,,c,2025-03-26,24.745833333333334,22.25,16.8,38.4,24,100.0,100.0
3092518,Serena,,AE,Asia/Dubai,AirGradient,Scottyboi,25.03432,55.28811,10833868,temperature c,temperature,,c,2025-03-27,25.3875,23.549999999999997,16.8,38.3,24,100.0,100.0
3092518,Serena,,AE,Asia/Dubai,AirGradient,Scottyboi,25.03432,55.28811,10833868,temperature c,temperature,,c,2025-03-28,26.675,25.05,18.5,39.3,24,100.0,100.0
3092518,Serena,,AE,Asia/Dubai,AirGradient,Scottyboi,25.03432,55.28811,10833868,temperature c,temperature,,c,2025-03-29,27.729166666666668,25.1,19.4,41.7,24,100.0,100.0
3092518,Serena,,AE,Asia/Dubai,AirGradient,Scottyboi,25.03432,55.28811,10833868,temperature c,temperature,,c,2025-03-30,29.55,27.75,19.9,44.5,24,100.0,100.0
3092518,Serena,,AE,Asia/Dubai,AirGradient,Scottyboi,25.03432,55.28811,10833868,temperature c,temperature,,c,2025-03-31,30.695833333333336,27.6,21.8,46.0,24,100.0,100.0
3092518,Serena,,AE,Asia/Dubai,AirGradient,Scottyboi,25.03432,55.28811,10833868,temperature c,temperature,,c,2025-04-01,30.337500000000002,26.9,21.1,46.2,24,100.0,100.0
3092518,Serena,,AE,Asia/Dubai,AirGradient,Scottyboi,25.03432,55.28811,10833868,temperature c,temperature,,c,2025-04-02,30.1125,27.15,20.9,45.4,24,100.0,100.0
3092518,Serena,,AE,Asia/Dubai,AirGradient,Scottyboi,25.03432,55.28811,10833868,temperature c,temperature,,c,2025-04-03,30.933333333333334,28.5,21.5,47.4,24,100.0,100.0
3092518,Serena,,AE,Asia/Dubai,AirGradient,Scottyboi,25.03432,55.28811,10833868,temperature c,temperature,,c,2025-04-04,33.108333333333334,30.549999999999997,24.2,47.9,24,100.0,100.0
3092518,Serena,,AE,Asia/Dubai,AirGradient,Scottyboi,25.03432,55.28811,10833868,temperature c,temperature,,c,2025-04-05,33.07083333333333,30.15,24.4,46.9,24,100.0,100.0
3092518,Serena,,AE,Asia/Dubai,AirGradient,Scottyboi,25.03432,55.28811,10833868,temperature c,temperature,,c,2025-04-06,33.00833333333333,29.950000000000003,23.4,48.6,24,100.0,100.0
3092518,Serena,,AE,Asia/Dubai,AirGradient,Scottyboi,25.03432,55.28811,10833868,temperature c,temperature,,c,2025-04-07,33.1875,30.15,24.0,48.1,24,100.0,100.0
3092518,Serena,,AE,Asia/Dubai,AirGradient,Scottyboi,25.03432,55.28811,10833868,temperature c,temperature,,c,2025-04-08,32.57083333333333,29.9,23.7,46.8,24,100.0,100.0
3092518,Serena,,AE,Asia/Dubai,AirGradient,Scottyboi,25.03432,55.28811,10833868,temperature c,temperature,,c,2025-04-09,31.3125,28.049999999999997,23.6,44.5,24,100.0,100.0
3092518,Serena,,AE,Asia/Dubai,AirGradient,Scottyboi,25.03432,55.28811,10833868,temperature c,temperature,,c,2025-04-10,30.724999999999998,28.25,22.4,45.5,24,100.0,100.0
3092518,Serena,,AE,Asia/Dubai,AirGradient,Scottyboi,25.03432,55.28811,10833868,temperature c,temperature,,c,2025-04-11,31.670833333333334,29.200000000000003,22.3,47.0,24,100.0,100.0
3092518,Serena,,AE,Asia/Dubai,AirGradient,Scottyboi,25.03432,55.28811,10833868,temperature c,temperature,,c,2025-04-12,33.458333333333336,31.549999999999997,24.2,49.0,24,100.0,100.0
3092518,Serena,,AE,Asia/Dubai,AirGradient,Scottyboi,25.03432,55.28811,10833868,temperature c,temperature,,c,2025-04-13,34.9375,32.349999999999994,26.7,48.2,24,100.0,100.0
3092518,Serena,,AE,Asia/Dubai,AirGradient,Scottyboi,25.03432,55.28811,10833868,temperature c,temperature,,c,2025-04-14,35.079166666666666,32.35,26.8,49.9,24,100.0,100.0
3092518,Serena,,AE,Asia/Dubai,AirGradient,Scottyboi,25.03432,55.28811,10833868,temperature c,temperature,,c,2025-04-15,33.525,30.9,26.8,45.4,24,100.0,100.0
3092518,Serena,,AE,Asia/Dubai,AirGradient,Scottyboi,25.03432,55.28811,10833868,temperature c,temperature,,c,2025-04-16,32.516666666666666,29.2,26.4,45.0,24,100.0,100.0
3092518,Serena,,AE,Asia/Dubai,AirGradient,Scottyboi,25.03432,55.28811,10833868,temperature c,temperature,,c,2025-04-17,30.620833333333334,27.75,22.9,42.1,24,100.0,100.0
3092518,Serena,,AE,Asia/Dubai,AirGradient,Scottyboi,25.03432,55.28811,10833868,temperature c,temperature,,c,2025-04-18,30.27916666666667,27.5,24.1,41.5,24,100.0,100.0
3092518,Serena,,AE,Asia/Dubai,AirGradient,Scottyboi,25.03432,55.28811,10833868,temperature c,temperature,,c,2025-04-19,29.929166666666664,26.9,23.1,42.3,24,100.0,100.0
3092518,Serena,,AE,Asia/Dubai,AirGradient,Scottyboi,25.03432,55.28811,10833868,temperature c,temperature,,c,2025-04-20,30.075,27.3,21.7,43.4,24,100.0,100.0
3092518,Serena,,AE,Asia/Dubai,AirGradient,Scottyboi,25.03432,55.28811,10833868,temperature c,temperature,,c,2025-04-21,31.55,28.25,23.3,45.0,24,100.0,100.0
3092518,Serena,,AE,Asia/Dubai,AirGradient,Scottyboi,25.03432,55.28811,10833868,temperature c,temperature,,c,2025-04-22,32.40833333333333,30.7,22.9,46.3,24,100.0,100.0
3092518,Serena,,AE,Asia/Dubai,AirGradient,Scottyboi,25.03432,55.28811,10833868,temperature c,temperature,,c,2025-04-23,34.40416666666667,32.0,25.0,48.7,24,100.0,100.0
3092518,Serena,,AE,Asia/Dubai,AirGradient,Scottyboi,25.03432,55.28811,10833868,temperature c,temperature,,c,2025-04-24,32.7875,29.799999999999997,25.3,45.6,24,100.0,100.0
3092518,Serena,,AE,Asia/Dubai,AirGradient,Scottyboi,25.03432,55.28811,10833868,temperature c,temperature,,c,2025-04-25,32.479166666666664,29.799999999999997,22.7,48.1,24,100.0,100.0
3092518,Serena,,AE,Asia/Dubai,AirGradient,Scottyboi,25.03432,55.28811,10833868,temperature c,temperature,,c,2025-04-26,34.233333333333334,32.6,24.4,48.1,24,100.0,100.0
3092518,Serena,,AE,Asia/Dubai,AirGradient,Scottyboi,25.03432,55.28811,10833868,temperature c,temperature,,c,2025-04-27,35.775,33.3,26.2,50.7,24,100.0,100.0
3092518,Serena,,AE,Asia/Dubai,AirGradient,Scottyboi,25.03432,55.28811,10833868,temperature c,temperature,,c,2025-04-28,36.391666666666666,33.05,27.6,51.0,24,100.0,100.0
3092518,Serena,,AE,Asia/Dubai,AirGradient,Scottyboi,25.03432,55.28811,10833868,temperature c,temperature,,c,2025-04-29,35.875,32.75,26.9,51.4,24,100.0,100.0
3092518,Serena,,AE,Asia/Dubai,AirGradient,Scottyboi,25.03432,55.28811,10833868,temperature c,temperature,,c,2025-04-30,34.520833333333336,31.5,25.1,49.7,24,100.0,100.0
3092518,Serena,,AE,Asia/Dubai,AirGradient,Scottyboi,25.03432,55.28811,10833868,temperature c,temperature,,c,2025-05-01,34.4125,31.7,25.0,49.8,24,100.0,100.0
3092518,Serena,,AE,Asia/Dubai,AirGradient,Scottyboi,25.03432,55.28811,10833868,temperature c,temperature,,c,2025-05-02,34.204166666666666,31.6,24.4,48.0,24,100.0,100.0
3092518,Serena,,AE,Asia/Dubai,AirGradient,Scottyboi,25.03432,55.28811,10833868,temperature c,temperature,,c,2025-05-03,34.36666666666667,31.6,25.4,48.1,24,100.0,100.0
3092518,Serena,,AE,Asia/Dubai,AirGradient,Scottyboi,25.03432,55.28811,10833868,temperature c,temperature,,c,2025-05-04,34.81666666666667,31.950000000000003,26.5,49.2,24,100.0,100.0
3092518,Serena,,AE,Asia/Dubai,AirGradient,Scottyboi,25.03432,55.28811,10833868,temperature c,temperature,,c,2025-05-05,34.74166666666667,32.45,25.5,48.3,24,100.0,100.0
3092518,Serena,,AE,Asia/Dubai,AirGradient,Scottyboi,25.03432,55.28811,10833868,temperature c,temperature,,c,2025-05-06,33.75416666666667,31.6,24.9,46.9,24,100.0,100.0
3092518,Serena,,AE,Asia/Dubai,AirGradient,Scottyboi,25.03432,55.28811,10833868,temperature c,temperature,,c,2025-05-07,32.329166666666666,29.3,26.4,43.1,24,100.0,100.0
3092518,Serena,,AE,Asia/Dubai,AirGradient,Scottyboi,25.03432,55.28811,10833868,temperature c,temperature,,c,2025-05-08,30.337500000000002,27.8,22.5,43.0,24,100.0,100.0
3092518,Serena,,AE,Asia/Dubai,AirGradient,Scottyboi,25.03432,55.28811,10833868,temperature c,temperature,,c,2025-05-09,31.212500000000002,28.6,22.3,44.5,24,100.0,100.0
3092518,Serena,,AE,Asia/Dubai,AirGradient,Scottyboi,25.03432,55.28811,10833868,temperature c,temperature,,c,2025-05-10,31.708333333333332,30.35,23.6,44.1,24,100.0,100.0
3092518,Serena,,AE,Asia/Dubai,AirGradient,Scottyboi,25.03432,55.28811,10833868,temperature c,temperature,,c,2025-05-11,33.324999999999996,30.75,25.5,46.0,24,100.0,100.0
3092518,Serena,,AE,Asia/Dubai,AirGradient,Scottyboi,25.03432,55.28811,10833868,temperature c,temperature,,c,2025-05-12,34.4625,32.150000000000006,25.3,48.1,24,100.0,100.0
3092518,Serena,,AE,Asia/Dubai,AirGradient,Scottyboi,25.03432,55.28811,10833868,temperature c,temperature,,c,2025-05-13,34.74166666666667,31.9,25.5,48.7,24,100.0,100.0
3092518,Serena,,AE,Asia/Dubai,AirGradient,Scottyboi,25.03432,55.28811,10833868,temperature c,temperature,,c,2025-05-14,34.87083333333333,32.95,25.8,48.3,24,100.0,100.0
3092518,Serena,,AE,Asia/Dubai,AirGradient,Scottyboi,25.03432,55.28811,10833868,temperature c,temperature,,c,2025-05-15,34.80833333333333,32.7,26.1,48.3,24,100.0,100.0
3092518,Serena,,AE,Asia/Dubai,AirGradient,Scottyboi,25.03432,55.28811,10833868,temperature c,temperature,,c,2025-05-16,33.84583333333333,31.55,24.9,47.4,24,100.0,100.0
3092518,Serena,,AE,Asia/Dubai,AirGradient,Scottyboi,25.03432,55.28811,10833868,temperature c,temperature,,c,2025-05-17,32.84166666666667,30.1,25.6,44.5,24,100.0,100.0
3092518,Serena,,AE,Asia/Dubai,AirGradient,Scottyboi,25.03432,55.28811,10833868,temperature c,temperature,,c,2025-05-18,32.37916666666667,29.9,24.1,44.8,24,100.0,100.0
3092518,Serena,,AE,Asia/Dubai,AirGradient,Scottyboi,25.03432,55.28811,10833868,temperature c,temperature,,c,2025-05-19,32.699999999999996,30.35,24.9,46.0,24,100.0,100.0
3092518,Serena,,AE,Asia/Dubai,AirGradient,Scottyboi,25.03432,55.28811,10833868,temperature c,temperature,,c,2025-05-20,34.012499999999996,31.95,26.3,47.0,24,100.0,100.0
3092518,Serena,,AE,Asia/Dubai,AirGradient,Scottyboi,25.03432,55.28811,10833868,temperature c,temperature,,c,2025-05-21,34.770833333333336,31.65,25.2,49.7,24,100.0,100.0
3092518,Serena,,AE,Asia/Dubai,AirGradient,Scottyboi,25.03432,55.28811,10833868,temperature c,temperature,,c,2025-05-22,35.583333333333336,33.25,25.2,49.8,24,100.0,100.0
3092518,Serena,,AE,Asia/Dubai,AirGradient,Scottyboi,25.03432,55.28811,10833868,temperature c,temperature,,c,2025-05-23,36.550000000000004,33.599999999999994,26.6,51.7,24,100.0,100.0
3092518,Serena,,AE,Asia/Dubai,AirGradient,Scottyboi,25.03432,55.28811,10833868,temperature c,temperature,,c,2025-05-24,36.87083333333333,34.1,26.6,52.2,24,100.0,100.0
3092518,Serena,,AE,Asia/Dubai,AirGradient,Scottyboi,25.03432,55.28811,10833868,temperature c,temperature,,c,2025-05-25,36.170833333333334,33.75,26.6,51.5,24,100.0,100.0
3092518,Serena,,AE,Asia/Dubai,AirGradient,Scottyboi,25.03432,55.28811,10833868,temperature c,temperature,,c,2025-05-26,36.07083333333333,33.85,26.9,49.4,24,100.0,100.0
3092518,Serena,,AE,Asia/Dubai,AirGradient,Scottyboi,25.03432,55.28811,10833868,temperature c,temperature,,c,2025-05-27,34.604166666666664,32.4,26.2,46.0,24,100.0,100.0
3092518,Serena,,AE,Asia/Dubai,AirGradient,Scottyboi,25.03432,55.28811,10833868,temperature c,temperature,,c,2025-05-28,34.175,31.75,25.9,46.8,24,100.0,100.0
3092518,Serena,,AE,Asia/Dubai,AirGradient,Scottyboi,25.03432,55.28811,10833868,temperature c,temperature,,c,2025-05-29,35.362500000000004,32.2,26.5,50.0,24,100.0,100.0
3092518,Serena,,AE,Asia/Dubai,AirGradient,Scottyboi,25.03432,55.28811,10833868,temperature c,temperature,,c,2025-05-30,35.43333333333333,33.3,26.0,49.3,24,100.0,100.0
3092518,Serena,,AE,Asia/Dubai,AirGradient,Scottyboi,25.03432,55.28811,10833868,temperature c,temperature,,c,2025-05-31,34.520833333333336,32.0,27.2,46.6,24,100.0,100.0
3092518,Serena,,AE,Asia/Dubai,AirGradient,Scottyboi,25.03432,55.28811,10833868,temperature c,temperature,,c,2025-06-01,32.894444444444446,30.450000000000003,25.1,45.5,18,100.0,100.0
3092518,Serena,,AE,Asia/Dubai,AirGradient,Scottyboi,25.03432,55.28811,10833868,temperature c,temperature,,c,2025-06-02,39.7625,41.099999999999994,30.0,48.4,8,100.0,100.0
3092518,Serena,,AE,Asia/Dubai,AirGradient,Scottyboi,25.03432,55.28811,10833868,temperature c,temperature,,c,2025-06-03,32.97222222222222,30.9,25.7,47.4,18,100.0,100.0
3092518,Serena,,AE,Asia/Dubai,AirGradient,Scottyboi,25.03432,55.28811,10833868,temperature c,temperature,,c,2025-06-04,33.4625,30.6,26.3,45.2,24,100.0,100.0
3092518,Serena,,AE,Asia/Dubai,AirGradient,Scottyboi,25.03432,55.28811,10833868,temperature c,temperature,,c,2025-06-05,33.15,30.75,25.3,45.2,24,100.0,100.0
3092518,Serena,,AE,Asia/Dubai,AirGradient,Scottyboi,25.03432,55.28811,10833868,temperature c,temperature,,c,2025-06-06,32.57083333333333,30.25,24.1,44.1,24,100.0,100.0
3092518,Serena,,AE,Asia/Dubai,AirGradient,Scottyboi,25.03432,55.28811,10833868,temperature c,temperature,,c,2025-06-07,32.737500000000004,30.9,24.4,44.2,24,100.0,100.0
3092518,Serena,,AE,Asia/Dubai,AirGradient,Scottyboi,25.03432,55.28811,10833868,temperature c,temperature,,c,2025-06-08,34.145833333333336,31.9,27.6,45.1,24,100.0,100.0
3092518,Serena,,AE,Asia/Dubai,AirGradient,Scottyboi,25.03432,55.28811,10833868,temperature c,temperature,,c,2025-06-09,35.59166666666667,34.4,28.1,46.6,24,100.0,100.0
3092518,Serena,,AE,Asia/Dubai,AirGradient,Scottyboi,25.03432,55.28811,10833868,temperature c,temperature,,c,2025-06-10,36.43333333333333,34.25,28.0,48.5,24,100.0,100.0
3092518,Serena,,AE,Asia/Dubai,AirGradient,Scottyboi,25.03432,55.28811,10833868,temperature c,temperature,,c,2025-06-11,35.97826086956522,34.2,27.5,48.7,23,100.0,100.0
3092518,Serena,,AE,Asia/Dubai,AirGradient,Scottyboi,25.03432,55.28811,10833868,temperature c,temperature,,c,2025-06-12,36.387499999999996,33.5,28.1,49.1,24,100.0,100.0
3092518,Serena,,AE,Asia/Dubai,AirGradient,Scottyboi,25.03432,55.28811,10833868,temperature c,temperature,,c,2025-06-13,36.704166666666666,33.75,28.0,50.4,24,100.0,100.0
3092518,Serena,,AE,Asia/Dubai,AirGradient,Scottyboi,25.03432,55.28811,10833868,temperature c,temperature,,c,2025-06-14,36.19583333333333,33.55,27.6,50.1,24,100.0,100.0
3092518,Serena,,AE,Asia/Dubai,AirGradient,Scottyboi,25.03432,55.28811,10833868,temperature c,temperature,,c,2025-06-15,35.55833333333333,33.3,27.4,47.7,24,100.0,100.0
3092518,Serena,,AE,Asia/Dubai,AirGradient,Scottyboi,25.03432,55.28811,10833868,temperature c,temperature,,c,2025-06-16,35.75833333333333,33.95,27.9,46.6,24,100.0,100.0
3092518,Serena,,AE,Asia/Dubai,AirGradient,Scottyboi,25.03432,55.28811,10833868,temperature c,temperature,,c,2025-06-17,36.65,34.75,27.4,50.5,24,100.0,100.0
3092518,Serena,,AE,Asia/Dubai,AirGradient,Scottyboi,25.03432,55.28811,10833868,temperature c,temperature,,c,2025-06-18,35.775,33.3,28.5,48.1,24,100.0,100.0
3092518,Serena,,AE,Asia/Dubai,AirGradient,Scottyboi,25.03432,55.28811,10833868,temperature c,temperature,,c,2025-06-19,35.65416666666667,33.25,28.5,47.7,24,100.0,100.0
3092518,Serena,,AE,Asia/Dubai,AirGradient,Scottyboi,25.03432,55.28811,10833868,temperature c,temperature,,c,2025-06-20,35.68333333333333,33.05,29.3,48.2,24,100.0,100.0
3092518,Serena,,AE,Asia/Dubai,AirGradient,Scottyboi,25.03432,55.28811,10833868,temperature c,temperature,,c,2025-06-21,35.09583333333333,33.6,27.8,45.8,24,100.0,100.0
3092518,Serena,,AE,Asia/Dubai,AirGradient,Scottyboi,25.03432,55.28811,10833868,temperature c,temperature,,c,2025-06-22,34.76521739130435,32.5,27.2,47.0,23,100.0,100.0
3092518,Serena,,AE,Asia/Dubai,AirGradient,Scottyboi,25.03432,55.28811,10833868,temperature c,temperature,,c,2025-06-23,35.02272727272727,32.8,27.3,46.9,22,100.0,100.0
3092518,Serena,,AE,Asia/Dubai,AirGradient,Scottyboi,25.03432,55.28811,10833868,temperature c,temperature,,c,2025-06-24,35.175000000000004,32.650000000000006,27.0,47.4,24,100.0,100.0
3092518,Serena,,AE,Asia/Dubai,AirGradient,Scottyboi,25.03432,55.28811,10833868,temperature c,temperature,,c,2025-06-25,35.525,33.900000000000006,26.8,47.3,20,100.0,100.0
3092518,Serena,,AE,Asia/Dubai,AirGradient,Scottyboi,25.03432,55.28811,10833868,temperature c,temperature,,c,2025-06-26,35.42916666666667,33.3,28.6,47.1,24,100.0,100.0
3092518,Serena,,AE,Asia/Dubai,AirGradient,Scottyboi,25.03432,55.28811,10833868,temperature c,temperature,,c,2025-06-27,35.74166666666667,33.599999999999994,28.3,47.6,24,100.0,100.0
3092518,Serena,,AE,Asia/Dubai,AirGradient,Scottyboi,25.03432,55.28811,10833868,temperature c,temperature,,c,2025-06-28,36.170833333333334,33.55,29.5,48.4,24,100.0,100.0
3092518,Serena,,AE,Asia/Dubai,AirGradient,Scottyboi,25.03432,55.28811,10833868,temperature c,temperature,,c,2025-06-29,35.25833333333333,32.9,29.9,45.4,24,100.0,100.0
3092518,Serena,,AE,Asia/Dubai,AirGradient,Scottyboi,25.03432,55.28811,10833868,temperature c,temperature,,c,2025-06-30,34.579166666666666,33.05,27.9,44.3,24,100.0,100.0
3092518,Serena,,AE,Asia/Dubai,AirGradient,Scottyboi,25.03432,55.28811,10833868,temperature c,temperature,,c,2025-07-01,35.9375,33.8,27.4,48.0,24,100.0,100.0
3092518,Serena,,AE,Asia/Dubai,AirGradient,Scottyboi,25.03432,55.28811,10833868,temperature c,temperature,,c,2025-07-02,35.608333333333334,33.15,27.2,46.7,24,100.0,100.0
3092518,Serena,,AE,Asia/Dubai,AirGradient,Scottyboi,25.03432,55.28811,10833868,temperature c,temperature,,c,2025-07-03,35.53333333333333,32.8,29.0,47.2,24,100.0,100.0
3092518,Serena,,AE,Asia/Dubai,AirGradient,Scottyboi,25.03432,55.28811,10833868,temperature c,temperature,,c,2025-07-04,35.62916666666667,33.6,28.4,47.2,24,100.0,100.0
3092518,Serena,,AE,Asia/Dubai,AirGradient,Scottyboi,25.03432,55.28811,10833868,temperature c,temperature,,c,2025-07-05,35.925000000000004,33.5,30.2,46.5,24,100.0,100.0
3092518,Serena,,AE,Asia/Dubai,AirGradient,Scottyboi,25.03432,55.28811,10833868,temperature c,temperature,,c,2025-07-06,34.949999999999996,31.95,28.9,45.8,24,100.0,100.0
3092518,Serena,,AE,Asia/Dubai,AirGradient,Scottyboi,25.03432,55.28811,10833868,temperature c,temperature,,c,2025-07-07,34.36666666666667,32.0,27.3,45.0,24,100.0,100.0
3092518,Serena,,AE,Asia/Dubai,AirGradient,Scottyboi,25.03432,55.28811,10833868,temperature c,temperature,,c,2025-07-08,34.80833333333333,32.5,27.7,45.8,24,100.0,100.0
3092518,Serena,,AE,Asia/Dubai,AirGradient,Scottyboi,25.03432,55.28811,10833868,temperature c,temperature,,c,2025-07-09,34.62083333333333,32.75,26.6,45.7,24,100.0,100.0
3092518,Serena,,AE,Asia/Dubai,AirGradient,Scottyboi,25.03432,55.28811,10833868,temperature c,temperature,,c,2025-07-10,35.0625,33.15,26.9,46.4,24,100.0,100.0
3092518,Serena,,AE,Asia/Dubai,AirGradient,Scottyboi,25.03432,55.28811,10833868,temperature c,temperature,,c,2025-07-11,35.625,33.55,28.4,47.4,24,100.0,100.0
3092518,Serena,,AE,Asia/Dubai,AirGradient,Scottyboi,25.03432,55.28811,10833868,temperature c,temperature,,c,2025-07-12,37.1,35.45,30.0,48.3,24,100.0,100.0
3092518,Serena,,AE,Asia/Dubai,AirGradient,Scottyboi,25.03432,55.28811,10833868,temperature c,temperature,,c,2025-07-13,37.737500000000004,35.75,30.4,49.1,24,100.0,100.0
3092518,Serena,,AE,Asia/Dubai,AirGradient,Scottyboi,25.03432,55.28811,10833868,temperature c,temperature,,c,2025-07-14,38.329166666666666,35.5,30.7,51.3,24,100.0,100.0
3092518,Serena,,AE,Asia/Dubai,AirGradient,Scottyboi,25.03432,55.28811,10833868,temperature c,temperature,,c,2025-07-15,38.99583333333333,36.7,31.7,50.9,24,100.0,100.0
3092518,Serena,,AE,Asia/Dubai,AirGradient,Scottyboi,25.03432,55.28811,10833868,temperature c,temperature,,c,2025-07-16,38.3125,35.5,32.6,50.3,24,100.0,100.0
3092518,Serena,,AE,Asia/Dubai,AirGradient,Scottyboi,25.03432,55.28811,10833868,temperature c,temperature,,c,2025-07-17,37.699999999999996,35.2,30.1,50.6,24,100.0,100.0
3092518,Serena,,AE,Asia/Dubai,AirGradient,Scottyboi,25.03432,55.28811,10833868,temperature c,temperature,,c,2025-07-18,38.483333333333334,37.599999999999994,30.6,50.6,24,100.0,100.0
3092518,Serena,,AE,Asia/Dubai,AirGradient,Scottyboi,25.03432,55.28811,10833868,temperature c,temperature,,c,2025-07-19,38.65416666666667,35.55,31.9,50.6,24,100.0,100.0
3092518,Serena,,AE,Asia/Dubai,AirGradient,Scottyboi,25.03432,55.28811,10833868,temperature c,temperature,,c,2025-07-20,37.65416666666667,36.05,31.0,49.1,24,100.0,100.0
3092518,Serena,,AE,Asia/Dubai,AirGradient,Scottyboi,25.03432,55.28811,10833868,temperature c,temperature,,c,2025-07-21,39.108333333333334,37.8,31.9,51.3,24,100.0,100.0
3092518,Serena,,AE,Asia/Dubai,AirGradient,Scottyboi,25.03432,55.28811,10833868,temperature c,temperature,,c,2025-07-22,39.079166666666666,36.5,31.9,52.0,24,100.0,100.0
3092518,Serena,,AE,Asia/Dubai,AirGradient,Scottyboi,25.03432,55.28811,10833868,temperature c,temperature,,c,2025-07-23,37.137499999999996,34.7,31.0,47.5,24,100.0,100.0
3092518,Serena,,AE,Asia/Dubai,AirGradient,Scottyboi,25.03432,55.28811,10833868,temperature c,temperature,,c,2025-07-24,36.90833333333333,35.099999999999994,29.9,47.4,24,100.0,100.0
3092518,Serena,,AE,Asia/Dubai,AirGradient,Scottyboi,25.03432,55.28811,10833868,temperature c,temperature,,c,2025-07-25,38.46666666666667,37.400000000000006,31.4,49.4,24,100.0,100.0
3092518,Serena,,AE,Asia/Dubai,AirGradient,Scottyboi,25.03432,55.28811,10833868,temperature c,temperature,,c,2025-07-26,38.875,37.45,31.2,51.1,24,100.0,100.0
3092518,Serena,,AE,Asia/Dubai,AirGradient,Scottyboi,25.03432,55.28811,10833868,temperature c,temperature,,c,2025-07-27,39.199999999999996,36.95,31.7,51.8,24,100.0,100.0
3092518,Serena,,AE,Asia/Dubai,AirGradient,Scottyboi,25.03432,55.28811,10833868,temperature c,temperature,,c,2025-07-28,39.44583333333333,38.4,31.7,51.9,24,100.0,100.0
3092518,Serena,,AE,Asia/Dubai,AirGradient,Scottyboi,25.03432,55.28811,10833868,temperature c,temperature,,c,2025-07-29,38.791666666666664,35.349999999999994,32.3,52.0,24,100.0,100.0
3092518,Serena,,AE,Asia/Dubai,AirGradient,Scottyboi,25.03432,55.28811,10833868,temperature c,temperature,,c,2025-07-30,37.62916666666667,35.05,30.6,49.2,24,100.0,100.0
3092518,Serena,,AE,Asia/Dubai,AirGradient,Scottyboi,25.03432,55.28811,10833868,temperature c,temperature,,c,2025-07-31,38.8375,37.25,31.2,51.0,24,100.0,100.0
3092518,Serena,,AE,Asia/Dubai,AirGradient,Scottyboi,25.03432,55.28811,10833868,temperature c,temperature,,c,2025-08-01,38.85,36.45,32.1,50.0,24,100.0,100.0
3092518,Serena,,AE,Asia/Dubai,AirGradient,Scottyboi,25.03432,55.28811,10833868,temperature c,temperature,,c,2025-08-02,38.55833333333333,37.05,31.1,51.0,24,100.0,100.0
3092518,Serena,,AE,Asia/Dubai,AirGradient,Scottyboi,25.03432,55.28811,10833868,temperature c,temperature,,c,2025-08-03,38.81666666666667,36.5,31.9,50.9,24,100.0,100.0
3092518,Serena,,AE,Asia/Dubai,AirGradient,Scottyboi,25.03432,55.28811,10833868,temperature c,temperature,,c,2025-08-04,38.40833333333333,36.35,31.5,49.9,24,100.0,100.0
3092518,Serena,,AE,Asia/Dubai,AirGradient,Scottyboi,25.03432,55.28811,10833868,temperature c,temperature,,c,2025-08-05,38.262499999999996,35.65,32.1,49.9,24,100.0,100.0
3092518,Serena,,AE,Asia/Dubai,AirGradient,Scottyboi,25.03432,55.28811,10833868,temperature c,temperature,,c,2025-08-06,38.416666666666664,35.8,31.3,50.2,24,100.0,100.0
3092518,Serena,,AE,Asia/Dubai,AirGradient,Scottyboi,25.03432,55.28811,10833868,temperature c,temperature,,c,2025-08-07,38.208333333333336,36.099999999999994,31.5,50.8,24,100.0,100.0
3092518,Serena,,AE,Asia/Dubai,AirGradient,Scottyboi,25.03432,55.28811,10833868,temperature c,temperature,,c,2025-08-08,37.858333333333334,35.35,31.3,49.6,24,100.0,100.0
3092518,Serena,,AE,Asia/Dubai,AirGradient,Scottyboi,25.03432,55.28811,10833868,temperature c,temperature,,c,2025-08-09,38.15,35.55,32.0,49.7,24,100.0,100.0
3092518,Serena,,AE,Asia/Dubai,AirGradient,Scottyboi,25.03432,55.28811,10833868,temperature c,temperature,,c,2025-08-10,38.020833333333336,35.75,31.5,49.9,24,100.0,100.0
3092518,Serena,,AE,Asia/Dubai,AirGradient,Scottyboi,25.03432,55.28811,10833868,temperature c,temperature,,c,2025-08-11,37.88333333333333,35.2,31.4,49.9,24,100.0,100.0
3092518,Serena,,AE,Asia/Dubai,AirGradient,Scottyboi,25.03432,55.28811,10833868,temperature c,temperature,,c,2025-08-12,37.5625,34.85,30.7,49.9,24,100.0,100.0
3092518,Serena,,AE,Asia/Dubai,AirGradient,Scottyboi,25.03432,55.28811,10833868,temperature c,temperature,,c,2025-08-13,37.13333333333333,34.65,30.1,48.8,24,100.0,100.0
3092518,Serena,,AE,Asia/Dubai,AirGradient,Scottyboi,25.03432,55.28811,10833868,temperature c,temperature,,c,2025-08-14,37.145833333333336,35.55,29.5,48.4,24,100.0,100.0
3092518,Serena,,AE,Asia/Dubai,AirGradient,Scottyboi,25.03432,55.28811,10833868,temperature c,temperature,,c,2025-08-15,36.458333333333336,34.55,31.4,44.4,24,100.0,100.0
3092518,Serena,,AE,Asia/Dubai,AirGradient,Scottyboi,25.03432,55.28811,10833868,temperature c,temperature,,c,2025-08-16,36.958333333333336,35.2,30.1,48.5,24,100.0,100.0
3092518,Serena,,AE,Asia/Dubai,AirGradient,Scottyboi,25.03432,55.28811,10833868,temperature c,temperature,,c,2025-08-17,37.75,34.7,31.5,49.4,24,100.0,100.0
3092518,Serena,,AE,Asia/Dubai,AirGradient,Scottyboi,25.03432,55.28811,10833868,temperature c,temperature,,c,2025-08-18,37.36666666666667,35.400000000000006,30.4,49.0,24,100.0,100.0
3092518,Serena,,AE,Asia/Dubai,AirGradient,Scottyboi,25.03432,55.28811,10833868,temperature c,temperature,,c,2025-08-19,36.795833333333334,34.25,31.7,47.2,24,100.0,100.0
3092518,Serena,,AE,Asia/Dubai,AirGradient,Scottyboi,25.03432,55.28811,10833868,temperature c,temperature,,c,2025-08-20,36.766666666666666,35.25,31.4,47.5,24,100.0,100.0
3092518,Serena,,AE,Asia/Dubai,AirGradient,Scottyboi,25.03432,55.28811,10833868,temperature c,temperature,,c,2025-08-21,36.86666666666667,34.099999999999994,31.1,48.2,24,100.0,100.0
3092518,Serena,,AE,Asia/Dubai,AirGradient,Scottyboi,25.03432,55.28811,10833868,temperature c,temperature,,c,2025-08-22,36.475,34.2,30.7,47.4,24,100.0,100.0
3092518,Serena,,AE,Asia/Dubai,AirGradient,Scottyboi,25.03432,55.28811,10833868,temperature c,temperature,,c,2025-08-23,36.78333333333333,34.0,30.7,48.7,24,100.0,100.0
3092518,Serena,,AE,Asia/Dubai,AirGradient,Scottyboi,25.03432,55.28811,10833868,temperature c,temperature,,c,2025-08-24,36.225,33.55,30.8,47.1,24,100.0,100.0
3092518,Serena,,AE,Asia/Dubai,AirGradient,Scottyboi,25.03432,55.28811,10833868,temperature c,temperature,,c,2025-08-25,35.108333333333334,33.2,29.1,47.7,24,100.0,100.0
3092518,Serena,,AE,Asia/Dubai,AirGradient,Scottyboi,25.03432,55.28811,10833868,temperature c,temperature,,c,2025-08-26,36.704166666666666,34.95,28.2,50.0,24,100.0,100.0
3092518,Serena,,AE,Asia/Dubai,AirGradient,Scottyboi,25.03432,55.28811,10833868,temperature c,temperature,,c,2025-08-27,37.25833333333333,35.85,29.9,49.5,24,100.0,100.0
3092518,Serena,,AE,Asia/Dubai,AirGradient,Scottyboi,25.03432,55.28811,10833868,temperature c,temperature,,c,2025-08-28,37.770833333333336,35.900000000000006,30.9,49.8,24,100.0,100.0
3092518,Serena,,AE,Asia/Dubai,AirGradient,Scottyboi,25.03432,55.28811,10833868,temperature c,temperature,,c,2025-08-29,37.699999999999996,34.85,30.3,50.7,24,100.0,100.0
3092518,Serena,,AE,Asia/Dubai,AirGradient,Scottyboi,25.03432,55.28811,10833868,temperature c,temperature,,c,2025-08-30,37.545833333333334,34.900000000000006,30.2,50.4,24,100.0,100.0
3092518,Serena,,AE,Asia/Dubai,AirGradient,Scottyboi,25.03432,55.28811,10833868,temperature c,temperature,,c,2025-08-31,37.112500000000004,34.7,29.6,49.6,24,100.0,100.0
3092518,Serena,,AE,Asia/Dubai,AirGradient,Scottyboi,25.03432,55.28811,10833868,temperature c,temperature,,c,2025-09-01,36.44583333333333,33.2,29.2,50.3,24,100.0,100.0
3092518,Serena,,AE,Asia/Dubai,AirGradient,Scottyboi,25.03432,55.28811,10833868,temperature c,temperature,,c,2025-09-02,35.958333333333336,33.15,29.5,48.6,24,100.0,100.0
3092518,Serena,,AE,Asia/Dubai,AirGradient,Scottyboi,25.03432,55.28811,10833868,temperature c,temperature,,c,2025-09-03,36.25416666666667,34.35,28.5,49.7,24,100.0,100.0
3092518,Serena,,AE,Asia/Dubai,AirGradient,Scottyboi,25.03432,55.28811,10833868,temperature c,temperature,,c,2025-09-04,35.9375,34.75,28.2,45.7,24,100.0,100.0
3092518,Serena,,AE,Asia/Dubai,AirGradient,Scottyboi,25.03432,55.28811,10833868,temperature c,temperature,,c,2025-09-05,37.0625,35.0,29.8,50.6,24,100.0,100.0
3092518,Serena,,AE,Asia/Dubai,AirGradient,Scottyboi,25.03432,55.28811,10833868,temperature c,temperature,,c,2025-09-06,37.02916666666667,33.95,30.3,50.0,24,100.0,100.0
3092518,Serena,,AE,Asia/Dubai,AirGradient,Scottyboi,25.03432,55.28811,10833868,temperature c,temperature,,c,2025-09-07,34.69583333333333,33.05,28.8,46.6,24,100.0,100.0
3092518,Serena,,AE,Asia/Dubai,AirGradient,Scottyboi,25.03432,55.28811,10833868,temperature c,temperature,,c,2025-09-08,34.77894736842105,32.0,28.5,47.8,19,100.0,100.0
3092518,Serena,,AE,Asia/Dubai,AirGradient,Scottyboi,25.03432,55.28811,10833868,temperature c,temperature,,c,2025-09-09,36.074999999999996,33.900000000000006,29.3,48.4,24,100.0,100.0
3092518,Serena,,AE,Asia/Dubai,AirGradient,Scottyboi,25.03432,55.28811,10833868,temperature c,temperature,,c,2025-09-10,35.104166666666664,33.05,27.9,48.2,24,100.0,100.0
3092518,Serena,,AE,Asia/Dubai,AirGradient,Scottyboi,25.03432,55.28811,10833868,temperature c,temperature,,c,2025-09-11,35.775,34.099999999999994,28.5,48.3,24,100.0,100.0
3092518,Serena,,AE,Asia/Dubai,AirGradient,Scottyboi,25.03432,55.28811,10833868,temperature c,temperature,,c,2025-09-12,34.770833333333336,32.85,30.1,46.8,24,100.0,100.0
3092518,Serena,,AE,Asia/Dubai,AirGradient,Scottyboi,25.03432,55.28811,10833868,temperature c,temperature,,c,2025-09-13,34.94583333333333,32.4,29.4,45.9,24,100.0,100.0
3092518,Serena,,AE,Asia/Dubai,AirGradient,Scottyboi,25.03432,55.28811,10833868,temperature c,temperature,,c,2025-09-14,34.28333333333333,32.25,28.7,45.8,24,100.0,100.0
3092518,Serena,,AE,Asia/Dubai,AirGradient,Scottyboi,25.03432,55.28811,10833868,temperature c,temperature,,c,2025-09-15,34.44166666666667,32.05,28.6,46.2,24,100.0,100.0
3092518,Serena,,AE,Asia/Dubai,AirGradient,Scottyboi,25.03432,55.28811,10833868,temperature c,temperature,,c,2025-09-16,35.22083333333334,32.5,28.8,47.1,24,100.0,100.0
3092518,Serena,,AE,Asia/Dubai,AirGradient,Scottyboi,25.03432,55.28811,10833868,temperature c,temperature,,c,2025-09-17,35.645833333333336,32.35,29.7,48.3,24,100.0,100.0
3092518,Serena,,AE,Asia/Dubai,AirGradient,Scottyboi,25.03432,55.28811,10833868,temperature c,temperature,,c,2025-09-18,34.87083333333333,32.1,27.9,48.2,24,100.0,100.0
3092518,Serena,,AE,Asia/Dubai,AirGradient,Scottyboi,25.03432,55.28811,10833868,temperature c,temperature,,c,2025-09-19,34.37083333333333,31.950000000000003,26.6,48.0,24,100.0,100.0
3092518,Serena,,AE,Asia/Dubai,AirGradient,Scottyboi,25.03432,55.28811,10833868,temperature c,temperature,,c,2025-09-20,35.32083333333333,32.4,28.9,47.5,24,100.0,100.0
3092518,Serena,,AE,Asia/Dubai,AirGradient,Scottyboi,25.03432,55.28811,10833868,temperature c,temperature,,c,2025-09-21,35.44166666666667,33.0,28.4,48.5,24,100.0,100.0
3092518,Serena,,AE,Asia/Dubai,AirGradient,Scottyboi,25.03432,55.28811,10833868,temperature c,temperature,,c,2025-09-22,34.9125,32.45,28.0,47.9,24,100.0,100.0
3092518,Serena,,AE,Asia/Dubai,AirGradient,Scottyboi,25.03432,55.28811,10833868,temperature c,temperature,,c,2025-09-23,34.449999999999996,31.6,28.1,46.7,24,100.0,100.0
3092518,Serena,,AE,Asia/Dubai,AirGradient,Scottyboi,25.03432,55.28811,10833868,temperature c,temperature,,c,2025-09-24,33.920833333333334,30.85,28.4,47.1,24,100.0,100.0
3092518,Serena,,AE,Asia/Dubai,AirGradient,Scottyboi,25.03432,55.28811,10833868,temperature c,temperature,,c,2025-09-25,33.5875,31.299999999999997,27.0,46.6,24,100.0,100.0
3092518,Serena,,AE,Asia/Dubai,AirGradient,Scottyboi,25.03432,55.28811,10833868,temperature c,temperature,,c,2025-09-26,34.266666666666666,32.05,27.3,47.3,24,100.0,100.0
3092518,Serena,,AE,Asia/Dubai,AirGradient,Scottyboi,25.03432,55.28811,10833868,temperature c,temperature,,c,2025-09-27,33.97272727272727,32.1,27.7,48.0,22,100.0,100.0
3092518,Serena,,AE,Asia/Dubai,AirGradient,Scottyboi,25.03432,55.28811,10833868,temperature c,temperature,,c,2025-09-28,32.976190476190474,30.7,27.0,48.2,21,100.0,100.0
3092518,Serena,,AE,Asia/Dubai,AirGradient,Scottyboi,25.03432,55.28811,10833868,temperature c,temperature,,c,2025-09-29,33.8,30.9,26.8,48.5,23,100.0,100.0
3092518,Serena,,AE,Asia/Dubai,AirGradient,Scottyboi,25.03432,55.28811,10833868,temperature c,temperature,,c,2025-09-30,33.582608695652176,30.7,26.8,47.7,23,100.0,100.0
3092518,Serena,,AE,Asia/Dubai,AirGradient,Scottyboi,25.03432,55.28811,10833868,temperature c,temperature,,c,2025-10-01,32.791666666666664,30.4,26.9,46.9,24,100.0,100.0
3092518,Serena,,AE,Asia/Dubai,AirGradient,Scottyboi,25.03432,55.28811,10833868,temperature c,temperature,,c,2025-10-02,33.1,30.700000000000003,26.2,46.5,24,100.0,100.0
3092518,Serena,,AE,Asia/Dubai,AirGradient,Scottyboi,25.03432,55.28811,10833868,temperature c,temperature,,c,2025-10-03,33.108333333333334,30.5,25.9,47.8,24,100.0,100.0
3092518,Serena,,AE,Asia/Dubai,AirGradient,Scottyboi,25.03432,55.28811,10833868,temperature c,temperature,,c,2025-10-04,32.12173913043478,30.1,25.8,46.7,23,100.0,100.0
3092518,Serena,,AE,Asia/Dubai,AirGradient,Scottyboi,25.03432,55.28811,10833868,temperature c,temperature,,c,2025-10-05,32.43333333333333,30.0,25.9,46.2,24,100.0,100.0
3092518,Serena,,AE,Asia/Dubai,AirGradient,Scottyboi,25.03432,55.28811,10833868,temperature c,temperature,,c,2025-10-06,32.47083333333333,30.5,25.0,46.6,24,100.0,100.0
3092518,Serena,,AE,Asia/Dubai,AirGradient,Scottyboi,25.03432,55.28811,10833868,temperature c,temperature,,c,2025-10-07,32.80833333333333,30.1,25.6,47.5,24,100.0,100.0
3092518,Serena,,AE,Asia/Dubai,AirGradient,Scottyboi,25.03432,55.28811,10833868,temperature c,temperature,,c,2025-10-08,32.479166666666664,30.1,25.4,46.5,24,100.0,100.0
3092518,Serena,,AE,Asia/Dubai,AirGradient,Scottyboi,25.03432,55.28811,10833868,temperature c,temperature,,c,2025-10-09,32.291666666666664,29.9,25.0,46.0,24,100.0,100.0
3092518,Serena,,AE,Asia/Dubai,AirGradient,Scottyboi,25.03432,55.28811,10833868,temperature c,temperature,,c,2025-10-10,32.233333333333334,30.3,24.6,46.1,24,100.0,100.0
3092518,Serena,,AE,Asia/Dubai,AirGradient,Scottyboi,25.03432,55.28811,10833868,temperature c,temperature,,c,2025-10-11,31.86521739130435,30.0,24.9,45.3,23,100.0,100.0
3092518,Serena,,AE,Asia/Dubai,AirGradient,Scottyboi,25.03432,55.28811,10833868,temperature c,temperature,,c,2025-10-12,32.42916666666667,29.15,25.9,44.9,24,100.0,100.0
3092518,Serena,,AE,Asia/Dubai,AirGradient,Scottyboi,25.03432,55.28811,10833868,temperature c,temperature,,c,2025-10-13,31.691666666666666,29.75,27.6,41.7,24,100.0,100.0
3092518,Serena,,AE,Asia/Dubai,AirGradient,Scottyboi,25.03432,55.28811,10833868,temperature c,temperature,,c,2025-10-14,32.275,30.0,25.7,45.3,24,100.0,100.0
3092518,Serena,,AE,Asia/Dubai,AirGradient,Scottyboi,25.03432,55.28811,10833868,temperature c,temperature,,c,2025-10-15,31.933333333333334,29.799999999999997,25.4,44.7,24,100.0,100.0
3092518,Serena,,AE,Asia/Dubai,AirGradient,Scottyboi,25.03432,55.28811,10833868,temperature c,temperature,,c,2025-10-16,31.441666666666666,29.9,25.2,43.2,24,100.0,100.0
3092518,Serena,,AE,Asia/Dubai,AirGradient,Scottyboi,25.03432,55.28811,10833868,temperature c,temperature,,c,2025-10-17,31.454166666666666,29.35,25.5,43.4,24,100.0,100.0
3092518,Serena,,AE,Asia/Dubai,AirGradient,Scottyboi,25.03432,55.28811,10833868,temperature c,temperature,,c,2025-10-18,31.333333333333332,29.35,24.9,45.0,24,100.0,100.0
3092518,Serena,,AE,Asia/Dubai,AirGradient,Scottyboi,25.03432,55.28811,10833868,temperature c,temperature,,c,2025-10-19,31.329166666666666,29.200000000000003,24.7,44.5,24,100.0,100.0
3092518,Serena,,AE,Asia/Dubai,AirGradient,Scottyboi,25.03432,55.28811,10833868,temperature c,temperature,,c,2025-10-20,29.571428571428573,28.4,24.5,44.8,21,100.0,100.0
3092518,Serena,,AE,Asia/Dubai,AirGradient,Scottyboi,25.03432,55.28811,10833868,temperature c,temperature,,c,2025-10-21,31.316666666666666,29.4,24.6,45.2,24,100.0,100.0
3092518,Serena,,AE,Asia/Dubai,AirGradient,Scottyboi,25.03432,55.28811,10833868,temperature c,temperature,,c,2025-10-22,31.354166666666668,29.450000000000003,24.8,44.5,24,100.0,100.0
3092518,Serena,,AE,Asia/Dubai,AirGradient,Scottyboi,25.03432,55.28811,10833868,temperature c,temperature,,c,2025-10-23,30.837500000000002,28.85,24.4,44.4,24,100.0,100.0
3092518,Serena,,AE,Asia/Dubai,AirGradient,Scottyboi,25.03432,55.28811,10833868,temperature c,temperature,,c,2025-10-24,30.570833333333336,28.1,24.2,44.4,24,100.0,100.0
3092518,Serena,,AE,Asia/Dubai,AirGradient,Scottyboi,25.03432,55.28811,10833868,temperature c,temperature,,c,2025-10-25,30.27916666666667,28.4,23.3,43.9,24,100.0,100.0
3092518,Serena,,AE,Asia/Dubai,AirGradient,Scottyboi,25.03432,55.28811,10833868,temperature c,temperature,,c,2025-10-26,30.52173913043478,28.5,23.6,44.0,23,100.0,100.0
3092518,Serena,,AE,Asia/Dubai,AirGradient,Scottyboi,25.03432,55.28811,10833868,temperature c,temperature,,c,2025-10-27,29.858333333333334,28.549999999999997,23.3,42.8,24,100.0,100.0
3092518,Serena,,AE,Asia/Dubai,AirGradient,Scottyboi,25.03432,55.28811,10833868,temperature c,temperature,,c,2025-10-28,30.416666666666668,28.85,24.1,43.7,24,100.0,100.0
3092518,Serena,,AE,Asia/Dubai,AirGradient,Scottyboi,25.03432,55.28811,10833868,temperature c,temperature,,c,2025-10-29,30.370833333333334,28.9,24.0,43.5,24,100.0,100.0
3092518,Serena,,AE,Asia/Dubai,AirGradient,Scottyboi,25.03432,55.28811,10833868,temperature c,temperature,,c,2025-10-30,30.212500000000002,28.6,23.9,42.9,24,100.0,100.0
3092518,Serena,,AE,Asia/Dubai,AirGradient,Scottyboi,25.03432,55.28811,10833868,temperature c,temperature,,c,2025-10-31,30.129166666666666,28.4,24.3,43.3,24,100.0,100.0
3092518,Serena,,AE,Asia/Dubai,AirGradient,Scottyboi,25.03432,55.28811,10833868,temperature c,temperature,,c,2025-11-01,29.754166666666666,27.95,23.4,43.0,24,100.0,100.0
3092518,Serena,,AE,Asia/Dubai,AirGradient,Scottyboi,25.03432,55.28811,10833868,temperature c,temperature,,c,2025-11-02,29.2,26.9,23.1,43.0,24,100.0,100.0
3092518,Serena,,AE,Asia/Dubai,AirGradient,Scottyboi,25.03432,55.28811,10833868,temperature c,temperature,,c,2025-11-03,28.724999999999998,27.5,22.2,41.3,24,100.0,100.0
3092518,Serena,,AE,Asia/Dubai,AirGradient,Scottyboi,25.03432,55.28811,10833868,temperature c,temperature,,c,2025-11-04,29.370833333333334,27.9,22.5,41.9,24,100.0,100.0
3092518,Serena,,AE,Asia/Dubai,AirGradient,Scottyboi,25.03432,55.28811,10833868,temperature c,temperature,,c,2025-11-05,28.717391304347824,26.9,23.1,40.6,23,100.0,100.0
3092518,Serena,,AE,Asia/Dubai,AirGradient,Scottyboi,25.03432,55.28811,10833868,temperature c,temperature,,c,2025-11-06,27.979166666666668,26.6,21.5,39.2,24,100.0,100.0
3092518,Serena,,AE,Asia/Dubai,AirGradient,Scottyboi,25.03432,55.28811,10833868,temperature c,temperature,,c,2025-11-07,26.97083333333333,25.75,18.5,40.2,24,100.0,100.0
3092518,Serena,,AE,Asia/Dubai,AirGradient,Scottyboi,25.03432,55.28811,10833868,temperature c,temperature,,c,2025-11-08,26.729166666666668,24.75,19.4,40.2,24,100.0,100.0
3092518,Serena,,AE,Asia/Dubai,AirGradient,Scottyboi,25.03432,55.28811,10833868,temperature c,temperature,,c,2025-11-09,26.733333333333334,24.85,19.6,40.7,24,100.0,100.0
3092518,Serena,,AE,Asia/Dubai,AirGradient,Scottyboi,25.03432,55.28811,10833868,temperature c,temperature,,c,2025-11-10,27.037499999999998,25.55,20.5,40.0,24,100.0,100.0
3092518,Serena,,AE,Asia/Dubai,AirGradient,Scottyboi,25.03432,55.28811,10833868,temperature c,temperature,,c,2025-11-11,27.129166666666666,25.8,20.9,40.1,24,100.0,100.0
3092518,Serena,,AE,Asia/Dubai,AirGradient,Scottyboi,25.03432,55.28811,10833868,temperature c,temperature,,c,2025-11-12,23.9,23.45,20.1,33.4,18,100.0,100.0
3092518,Serena,,AE,Asia/Dubai,AirGradient,Scottyboi,25.03432,55.28811,10833868,temperature c,temperature,,c,2025-11-13,26.182608695652174,23.8,20.1,40.1,23,100.0,100.0
3092518,Serena,,AE,Asia/Dubai,AirGradient,Scottyboi,25.03432,55.28811,10833868,temperature c,temperature,,c,2025-11-14,22.553333333333335,22.3,19.2,27.3,15,100.0,100.0
3092518,Serena,,AE,Asia/Dubai,AirGradient,Scottyboi,25.03432,55.28811,10833868,temperature c,temperature,,c,2025-11-15,26.733333333333334,25.7,20.0,40.0,24,100.0,100.0
3092518,Serena,,AE,Asia/Dubai,AirGradient,Scottyboi,25.03432,55.28811,10833868,temperature c,temperature,,c,2025-11-16,28.01304347826087,26.6,21.1,41.3,23,100.0,100.0
3092518,Serena,,AE,Asia/Dubai,AirGradient,Scottyboi,25.03432,55.28811,10833868,temperature c,temperature,,c,2025-11-17,26.663636363636364,25.35,21.6,38.8,22,100.0,100.0
3092518,Serena,,AE,Asia/Dubai,AirGradient,Scottyboi,25.03432,55.28811,10833868,temperature c,temperature,,c,2025-11-18,27.460869565217394,25.9,20.9,41.0,23,100.0,100.0
3092518,Serena,,AE,Asia/Dubai,AirGradient,Scottyboi,25.03432,55.28811,10833868,temperature c,temperature,,c,2025-11-19,27.754166666666666,25.85,21.4,41.9,24,100.0,100.0
3092518,Serena,,AE,Asia/Dubai,AirGradient,Scottyboi,25.03432,55.28811,10833868,temperature c,temperature,,c,2025-11-20,26.6375,25.299999999999997,20.9,40.8,24,100.0,100.0
3092518,Serena,,AE,Asia/Dubai,AirGradient,Scottyboi,25.03432,55.28811,10833868,temperature c,temperature,,c,2025-11-21,27.34583333333333,25.25,21.2,40.7,24,100.0,100.0
3092518,Serena,,AE,Asia/Dubai,AirGradient,Scottyboi,25.03432,55.28811,10833868,temperature c,temperature,,c,2025-11-22,26.704166666666666,24.9,19.7,40.7,24,100.0,100.0
3092518,Serena,,AE,Asia/Dubai,AirGradient,Scottyboi,25.03432,55.28811,10833868,temperature c,temperature,,c,2025-11-23,25.804761904761904,23.7,18.8,40.6,21,100.0,100.0
3092518,Serena,,AE,Asia/Dubai,AirGradient,Scottyboi,25.03432,55.28811,10833868,temperature c,temperature,,c,2025-11-24,26.769565217391307,24.0,20.3,40.4,23,100.0,100.0
3092518,Serena,,AE,Asia/Dubai,AirGradient,Scottyboi,25.03432,55.28811,10833868,temperature c,temperature,,c,2025-11-25,25.483333333333334,23.05,18.8,40.0,24,100.0,100.0
3092518,Serena,,AE,Asia/Dubai,AirGradient,Scottyboi,25.03432,55.28811,10833868,temperature c,temperature,,c,2025-11-26,25.3875,23.35,18.9,39.3,24,100.0,100.0
3092518,Serena,,AE,Asia/Dubai,AirGradient,Scottyboi,25.03432,55.28811,10833868,temperature c,temperature,,c,2025-11-27,25.9875,23.95,20.0,39.5,24,100.0,100.0
3092518,Serena,,AE,Asia/Dubai,AirGradient,Scottyboi,25.03432,55.28811,10833868,temperature c,temperature,,c,2025-11-28,25.666666666666668,24.299999999999997,19.6,38.3,24,100.0,100.0
3092518,Serena,,AE,Asia/Dubai,AirGradient,Scottyboi,25.03432,55.28811,10833868,temperature c,temperature,,c,2025-11-29,25.916666666666668,23.6,20.1,38.6,24,100.0,100.0
3092518,Serena,,AE,Asia/Dubai,AirGradient,Scottyboi,25.03432,55.28811,10833868,temperature c,temperature,,c,2025-11-30,25.295833333333334,23.4,18.7,39.0,24,100.0,100.0
3092518,Serena,,AE,Asia/Dubai,AirGradient,Scottyboi,25.03432,55.28811,10833868,temperature c,temperature,,c,2025-12-01,24.934782608695652,23.4,20.0,36.1,23,100.0,100.0
3092518,Serena,,AE,Asia/Dubai,AirGradient,Scottyboi,25.03432,55.28811,10833868,temperature c,temperature,,c,2025-12-02,25.5125,23.9,19.3,38.3,24,100.0,100.0
3092518,Serena,,AE,Asia/Dubai,AirGradient,Scottyboi,25.03432,55.28811,10833868,temperature c,temperature,,c,2025-12-03,25.958333333333332,24.45,19.8,38.8,24,100.0,100.0
3092518,Serena,,AE,Asia/Dubai,AirGradient,Scottyboi,25.03432,55.28811,10833868,temperature c,temperature,,c,2025-12-04,26.212500000000002,25.45,20.5,37.5,24,100.0,100.0
3092518,Serena,,AE,Asia/Dubai,AirGradient,Scottyboi,25.03432,55.28811,10833868,temperature c,temperature,,c,2025-12-05,25.704166666666666,24.25,22.4,32.4,24,100.0,100.0
3092518,Serena,,AE,Asia/Dubai,AirGradient,Scottyboi,25.03432,55.28811,10833868,temperature c,temperature,,c,2025-12-06,26.191666666666666,25.0,20.4,38.7,24,100.0,100.0
3092518,Serena,,AE,Asia/Dubai,AirGradient,Scottyboi,25.03432,55.28811,10833868,temperature c,temperature,,c,2025-12-07,26.46666666666667,24.35,20.9,38.0,24,100.0,100.0
3092518,Serena,,AE,Asia/Dubai,AirGradient,Scottyboi,25.03432,55.28811,10833868,temperature c,temperature,,c,2025-12-08,25.59583333333333,24.25,18.2,39.7,24,100.0,100.0
3092518,Serena,,AE,Asia/Dubai,AirGradient,Scottyboi,25.03432,55.28811,10833868,temperature c,temperature,,c,2025-12-09,25.47083333333333,23.75,18.5,39.9,24,100.0,100.0
3092518,Serena,,AE,Asia/Dubai,AirGradient,Scottyboi,25.03432,55.28811,10833868,temperature c,temperature,,c,2025-12-10,24.791666666666668,23.15,17.9,37.7,24,100.0,100.0
3092518,Serena,,AE,Asia/Dubai,AirGradient,Scottyboi,25.03432,55.28811,10833868,temperature c,temperature,,c,2025-12-11,25.483333333333334,24.15,19.3,36.9,24,100.0,100.0
3092518,Serena,,AE,Asia/Dubai,AirGradient,Scottyboi,25.03432,55.28811,10833868,temperature c,temperature,,c,2025-12-12,26.070833333333336,23.9,20.4,39.2,24,100.0,100.0
3092518,Serena,,AE,Asia/Dubai,AirGradient,Scottyboi,25.03432,55.28811,10833868,temperature c,temperature,,c,2025-12-13,26.116666666666664,24.049999999999997,20.2,39.4,24,100.0,100.0
3092518,Serena,,AE,Asia/Dubai,AirGradient,Scottyboi,25.03432,55.28811,10833868,temperature c,temperature,,c,2025-12-14,24.395833333333332,23.1,21.1,32.5,24,100.0,100.0
3092518,Serena,,AE,Asia/Dubai,AirGradient,Scottyboi,25.03432,55.28811,10833868,temperature c,temperature,,c,2025-12-15,25.354166666666668,24.85,19.2,36.5,24,100.0,100.0
3092518,Serena,,AE,Asia/Dubai,AirGradient,Scottyboi,25.03432,55.28811,10833868,temperature c,temperature,,c,2025-12-16,25.224999999999998,23.75,22.2,30.8,24,100.0,100.0
3092518,Serena,,AE,Asia/Dubai,AirGradient,Scottyboi,25.03432,55.28811,10833868,temperature c,temperature,,c,2025-12-17,25.76521739130435,25.9,21.3,31.8,23,100.0,100.0
3092518,Serena,,AE,Asia/Dubai,AirGradient,Scottyboi,25.03432,55.28811,10833868,temperature c,temperature,,c,2025-12-18,25.495833333333334,24.7,23.2,30.3,24,100.0,100.0
3092518,Serena,,AE,Asia/Dubai,AirGradient,Scottyboi,25.03432,55.28811,10833868,temperature c,temperature,,c,2025-12-19,21.858333333333334,21.700000000000003,18.1,25.5,24,100.0,100.0
3092518,Serena,,AE,Asia/Dubai,AirGradient,Scottyboi,25.03432,55.28811,10833868,temperature c,temperature,,c,2025-12-20,20.345833333333335,18.7,16.1,30.9,24,100.0,100.0
3092518,Serena,,AE,Asia/Dubai,AirGradient,Scottyboi,25.03432,55.28811,10833868,temperature c,temperature,,c,2025-12-21,20.883333333333333,20.3,15.0,32.9,24,100.0,100.0
3092518,Serena,,AE,Asia/Dubai,AirGradient,Scottyboi,25.03432,55.28811,10833868,temperature c,temperature,,c,2025-12-22,21.741666666666664,20.35,16.4,33.0,24,100.0,100.0
3092518,Serena,,AE,Asia/Dubai,AirGradient,Scottyboi,25.03432,55.28811,10833868,temperature c,temperature,,c,2025-12-23,21.78333333333333,20.3,16.3,34.1,24,100.0,100.0
3092518,Serena,,AE,Asia/Dubai,AirGradient,Scottyboi,25.03432,55.28811,10833868,temperature c,temperature,,c,2025-12-24,22.245833333333334,21.25,16.4,34.7,24,100.0,100.0
3092518,Serena,,AE,Asia/Dubai,AirGradient,Scottyboi,25.03432,55.28811,10833868,temperature c,temperature,,c,2025-12-25,23.395833333333332,23.05,18.3,34.5,24,100.0,100.0
3092518,Serena,,AE,Asia/Dubai,AirGradient,Scottyboi,25.03432,55.28811,10833868,temperature c,temperature,,c,2025-12-26,23.90416666666667,21.95,19.4,34.2,24,100.0,100.0
3092518,Serena,,AE,Asia/Dubai,AirGradient,Scottyboi,25.03432,55.28811,10833868,temperature c,temperature,,c,2025-12-27,23.766666666666666,22.65,18.5,35.0,24,100.0,100.0
3092518,Serena,,AE,Asia/Dubai,AirGradient,Scottyboi,25.03432,55.28811,10833868,temperature c,temperature,,c,2025-12-28,24.294117647058822,21.3,19.4,35.3,17,100.0,100.0
3092518,Serena,,AE,Asia/Dubai,AirGradient,Scottyboi,25.03432,55.28811,10833868,temperature c,temperature,,c,2025-12-29,26.0,25.4,21.0,33.3,6,100.0,100.0
3092518,Serena,,AE,Asia/Dubai,AirGradient,Scottyboi,25.03432,55.28811,10833868,temperature c,temperature,,c,2025-12-30,22.895454545454545,21.75,20.5,28.9,22,100.0,100.0
3092518,Serena,,AE,Asia/Dubai,AirGradient,Scottyboi,25.03432,55.28811,10833868,temperature c,temperature,,c,2025-12-31,21.337500000000002,21.0,18.1,26.5,24,100.0,100.0
3092518,Serena,,AE,Asia/Dubai,AirGradient,Scottyboi,25.03432,55.28811,10833868,temperature c,temperature,,c,2026-01-01,19.454166666666666,18.0,15.0,29.8,24,100.0,100.0
3092518,Serena,,AE,Asia/Dubai,AirGradient,Scottyboi,25.03432,55.28811,10833868,temperature c,temperature,,c,2026-01-02,19.654166666666665,18.9,14.6,30.7,24,100.0,100.0
3092518,Serena,,AE,Asia/Dubai,AirGradient,Scottyboi,25.03432,55.28811,10833868,temperature c,temperature,,c,2026-01-03,20.683333333333334,19.6,16.4,30.8,24,100.0,100.0
3092518,Serena,,AE,Asia/Dubai,AirGradient,Scottyboi,25.03432,55.28811,10833868,temperature c,temperature,,c,2026-01-04,21.38695652173913,20.7,17.1,32.3,23,100.0,100.0
3092518,Serena,,AE,Asia/Dubai,AirGradient,Scottyboi,25.03432,55.28811,10833868,temperature c,temperature,,c,2026-01-05,21.40416666666667,20.65,16.7,31.0,24,100.0,100.0
3092518,Serena,,AE,Asia/Dubai,AirGradient,Scottyboi,25.03432,55.28811,10833868,temperature c,temperature,,c,2026-01-06,20.724999999999998,20.4,15.7,29.0,24,100.0,100.0
3092518,Serena,,AE,Asia/Dubai,AirGradient,Scottyboi,25.03432,55.28811,10833868,temperature c,temperature,,c,2026-01-07,20.55,19.450000000000003,15.8,31.3,24,100.0,100.0
3092518,Serena,,AE,Asia/Dubai,AirGradient,Scottyboi,25.03432,55.28811,10833868,temperature c,temperature,,c,2026-01-08,19.945833333333333,19.049999999999997,15.0,30.2,24,100.0,100.0
3092518,Serena,,AE,Asia/Dubai,AirGradient,Scottyboi,25.03432,55.28811,10833868,temperature c,temperature,,c,2026-01-09,20.058333333333334,19.5,15.3,30.1,24,100.0,100.0
3092518,Serena,,AE,Asia/Dubai,AirGradient,Scottyboi,25.03432,55.28811,10833868,temperature c,temperature,,c,2026-01-10,20.870833333333334,19.85,15.7,31.7,24,100.0,100.0
3092518,Serena,,AE,Asia/Dubai,AirGradient,Scottyboi,25.03432,55.28811,10833868,temperature c,temperature,,c,2026-01-11,21.008333333333333,19.85,16.3,32.4,24,100.0,100.0
3092518,Serena,,AE,Asia/Dubai,AirGradient,Scottyboi,25.03432,55.28811,10833868,temperature c,temperature,,c,2026-01-12,20.504166666666666,19.6,15.8,30.4,24,100.0,100.0
3092518,Serena,,AE,Asia/Dubai,AirGradient,Scottyboi,25.03432,55.28811,10833868,temperature c,temperature,,c,2026-01-13,20.383333333333333,19.35,15.5,31.1,24,100.0,100.0
3092518,Serena,,AE,Asia/Dubai,AirGradient,Scottyboi,25.03432,55.28811,10833868,temperature c,temperature,,c,2026-01-14,20.675,19.200000000000003,15.1,33.0,24,100.0,100.0
3092518,Serena,,AE,Asia/Dubai,AirGradient,Scottyboi,25.03432,55.28811,10833868,temperature c,temperature,,c,2026-01-15,21.3875,21.1,15.9,32.3,24,100.0,100.0
3092518,Serena,,AE,Asia/Dubai,AirGradient,Scottyboi,25.03432,55.28811,10833868,temperature c,temperature,,c,2026-01-16,21.145833333333332,19.9,18.1,29.8,24,100.0,100.0
3092518,Serena,,AE,Asia/Dubai,AirGradient,Scottyboi,25.03432,55.28811,10833868,temperature c,temperature,,c,2026-01-17,20.808333333333334,19.65,17.9,28.0,24,100.0,100.0
3092518,Serena,,AE,Asia/Dubai,AirGradient,Scottyboi,25.03432,55.28811,10833868,temperature c,temperature,,c,2026-01-18,19.650000000000002,18.25,15.2,31.3,24,100.0,100.0
3092518,Serena,,AE,Asia/Dubai,AirGradient,Scottyboi,25.03432,55.28811,10833868,temperature c,temperature,,c,2026-01-19,20.0,19.15,15.3,29.8,24,100.0,100.0
3092518,Serena,,AE,Asia/Dubai,AirGradient,Scottyboi,25.03432,55.28811,10833868,temperature c,temperature,,c,2026-01-20,20.916666666666668,19.65,15.7,33.2,24,100.0,100.0
3092518,Serena,,AE,Asia/Dubai,AirGradient,Scottyboi,25.03432,55.28811,10833868,temperature c,temperature,,c,2026-01-21,20.191666666666666,19.0,16.6,28.9,24,100.0,100.0
3092518,Serena,,AE,Asia/Dubai,AirGradient,Scottyboi,25.03432,55.28811,10833868,temperature c,temperature,,c,2026-01-22,18.9375,17.6,16.1,27.1,24,100.0,100.0
3092518,Serena,,AE,Asia/Dubai,AirGradient,Scottyboi,25.03432,55.28811,10833868,temperature c,temperature,,c,2026-01-23,18.162499999999998,18.0,13.2,26.7,24,100.0,100.0
3092518,Serena,,AE,Asia/Dubai,AirGradient,Scottyboi,25.03432,55.28811,10833868,temperature c,temperature,,c,2026-01-24,19.337500000000002,19.4,13.4,30.0,24,100.0,100.0
3092518,Serena,,AE,Asia/Dubai,AirGradient,Scottyboi,25.03432,55.28811,10833868,temperature c,temperature,,c,2026-01-25,20.441666666666666,20.35,16.1,28.0,24,100.0,100.0
3092518,Serena,,AE,Asia/Dubai,AirGradient,Scottyboi,25.03432,55.28811,10833868,temperature c,temperature,,c,2026-01-26,21.5625,19.95,18.2,31.0,24,100.0,100.0
3092518,Serena,,AE,Asia/Dubai,AirGradient,Scottyboi,25.03432,55.28811,10833868,temperature c,temperature,,c,2026-01-27,20.158333333333335,19.55,15.4,28.4,24,100.0,100.0
3092518,Serena,,AE,Asia/Dubai,AirGradient,Scottyboi,25.03432,55.28811,10833868,temperature c,temperature,,c,2026-01-28,21.2375,20.2,16.0,32.3,24,100.0,100.0
3092518,Serena,,AE,Asia/Dubai,AirGradient,Scottyboi,25.03432,55.28811,10833868,temperature c,temperature,,c,2026-01-29,21.52916666666667,20.1,17.3,29.6,24,100.0,100.0
3092518,Serena,,AE,Asia/Dubai,AirGradient,Scottyboi,25.03432,55.28811,10833868,temperature c,temperature,,c,2026-01-30,20.716666666666665,19.25,15.8,31.8,24,100.0,100.0
3092518,Serena,,AE,Asia/Dubai,AirGradient,Scottyboi,25.03432,55.28811,10833868,temperature c,temperature,,c,2026-01-31,20.179166666666667,18.65,15.6,31.5,24,100.0,100.0
3092518,Serena,,AE,Asia/Dubai,AirGradient,Scottyboi,25.03432,55.28811,10833868,temperature c,temperature,,c,2026-02-01,20.591666666666665,19.75,15.5,31.1,24,100.0,100.0
3092518,Serena,,AE,Asia/Dubai,AirGradient,Scottyboi,25.03432,55.28811,10833868,temperature c,temperature,,c,2026-02-02,20.870833333333334,19.1,15.5,33.3,24,100.0,100.0
3092518,Serena,,AE,Asia/Dubai,AirGradient,Scottyboi,25.03432,55.28811,10833868,temperature c,temperature,,c,2026-02-03,20.933333333333334,19.85,14.7,33.9,24,100.0,100.0
3092518,Serena,,AE,Asia/Dubai,AirGradient,Scottyboi,25.03432,55.28811,10833868,temperature c,temperature,,c,2026-02-04,22.879166666666666,21.55,17.5,34.1,24,100.0,100.0
3092518,Serena,,AE,Asia/Dubai,AirGradient,Scottyboi,25.03432,55.28811,10833868,temperature c,temperature,,c,2026-02-05,22.208333333333332,20.6,17.1,33.3,24,100.0,100.0
3092518,Serena,,AE,Asia/Dubai,AirGradient,Scottyboi,25.03432,55.28811,10833868,temperature c,temperature,,c,2026-02-06,21.925,21.55,17.5,29.8,24,100.0,100.0
3092518,Serena,,AE,Asia/Dubai,AirGradient,Scottyboi,25.03432,55.28811,10833868,temperature c,temperature,,c,2026-02-07,23.0,21.95,17.3,34.3,24,100.0,100.0
3092518,Serena,,AE,Asia/Dubai,AirGradient,Scottyboi,25.03432,55.28811,10833868,temperature c,temperature,,c,2026-02-08,24.025000000000002,22.200000000000003,20.1,34.0,24,100.0,100.0
3092518,Serena,,AE,Asia/Dubai,AirGradient,Scottyboi,25.03432,55.28811,10833868,temperature c,temperature,,c,2026-02-09,23.0625,21.35,17.8,35.2,24,100.0,100.0
3092518,Serena,,AE,Asia/Dubai,AirGradient,Scottyboi,25.03432,55.28811,10833868,temperature c,temperature,,c,2026-02-10,22.808333333333334,21.2,18.3,33.1,24,100.0,100.0
3092518,Serena,,AE,Asia/Dubai,AirGradient,Scottyboi,25.03432,55.28811,10833868,temperature c,temperature,,c,2026-02-11,22.983333333333334,22.3,17.3,33.3,24,100.0,100.0
3092518,Serena,,AE,Asia/Dubai,AirGradient,Scottyboi,25.03432,55.28811,10833868,temperature c,temperature,,c,2026-02-12,24.570833333333336,23.1,19.0,37.4,24,100.0,100.0
3092518,Serena,,AE,Asia/Dubai,AirGradient,Scottyboi,25.03432,55.28811,10833868,temperature c,temperature,,c,2026-02-13,24.295833333333334,22.2,18.7,37.3,24,100.0,100.0
3092518,Serena,,AE,Asia/Dubai,AirGradient,Scottyboi,25.03432,55.28811,10833868,temperature c,temperature,,c,2026-02-14,23.683333333333334,22.35,17.2,37.2,24,100.0,100.0
3092518,Serena,,AE,Asia/Dubai,AirGradient,Scottyboi,25.03432,55.28811,10833868,temperature c,temperature,,c,2026-02-15,23.8125,22.6,17.2,37.3,24,100.0,100.0
3092518,Serena,,AE,Asia/Dubai,AirGradient,Scottyboi,25.03432,55.28811,10833868,temperature c,temperature,,c,2026-02-16,23.75,22.15,20.8,31.7,24,100.0,100.0
3092518,Serena,,AE,Asia/Dubai,AirGradient,Scottyboi,25.03432,55.28811,10833868,temperature c,temperature,,c,2026-02-17,23.270833333333332,22.65,17.8,33.9,24,100.0,100.0
3092518,Serena,,AE,Asia/Dubai,AirGradient,Scottyboi,25.03432,55.28811,10833868,temperature c,temperature,,c,2026-02-18,23.537499999999998,22.55,17.9,34.7,24,100.0,100.0
3092518,Serena,,AE,Asia/Dubai,AirGradient,Scottyboi,25.03432,55.28811,10833868,temperature c,temperature,,c,2026-02-19,23.474999999999998,22.35,17.3,36.3,24,100.0,100.0
3092518,Serena,,AE,Asia/Dubai,AirGradient,Scottyboi,25.03432,55.28811,10833868,temperature c,temperature,,c,2026-02-20,23.46666666666667,22.7,17.6,35.9,24,100.0,100.0
3092518,Serena,,AE,Asia/Dubai,AirGradient,Scottyboi,25.03432,55.28811,10833868,temperature c,temperature,,c,2026-02-21,24.104166666666668,23.05,17.6,37.0,24,100.0,100.0
3092518,Serena,,AE,Asia/Dubai,AirGradient,Scottyboi,25.03432,55.28811,10833868,temperature c,temperature,,c,2026-02-22,23.570833333333336,22.049999999999997,17.6,35.4,24,100.0,100.0
3092518,Serena,,AE,Asia/Dubai,AirGradient,Scottyboi,25.03432,55.28811,10833868,temperature c,temperature,,c,2026-02-23,24.254166666666666,22.35,19.8,35.5,24,100.0,100.0
3092518,Serena,,AE,Asia/Dubai,AirGradient,Scottyboi,25.03432,55.28811,10833868,temperature c,temperature,,c,2026-02-24,23.912499999999998,22.8,17.2,36.7,24,100.0,100.0
3092518,Serena,,AE,Asia/Dubai,AirGradient,Scottyboi,25.03432,55.28811,10833868,temperature c,temperature,,c,2026-02-25,24.28333333333333,22.9,17.5,37.5,24,100.0,100.0
3092518,Serena,,AE,Asia/Dubai,AirGradient,Scottyboi,25.03432,55.28811,10833868,temperature c,temperature,,c,2026-02-26,23.55,21.6,19.2,35.0,24,100.0,100.0
3092518,Serena,,AE,Asia/Dubai,AirGradient,Scottyboi,25.03432,55.28811,10833868,temperature c,temperature,,c,2026-02-27,22.670833333333334,21.05,17.8,33.8,24,100.0,100.0
3092518,Serena,,AE,Asia/Dubai,AirGradient,Scottyboi,25.03432,55.28811,10833868,temperature c,temperature,,c,2026-02-28,23.041666666666668,22.4,17.3,33.5,24,100.0,100.0
3092518,Serena,,AE,Asia/Dubai,AirGradient,Scottyboi,25.03432,55.28811,10833868,temperature c,temperature,,c,2026-03-01,25.058333333333334,24.1,17.5,38.1,24,100.0,100.0
3092518,Serena,,AE,Asia/Dubai,AirGradient,Scottyboi,25.03432,55.28811,10833868,temperature c,temperature,,c,2026-03-02,27.175,26.0,20.7,38.4,24,100.0,100.0
3092518,Serena,,AE,Asia/Dubai,AirGradient,Scottyboi,25.03432,55.28811,10833868,temperature c,temperature,,c,2026-03-03,27.587500000000002,26.0,21.5,38.1,24,100.0,100.0
3092518,Serena,,AE,Asia/Dubai,AirGradient,Scottyboi,25.03432,55.28811,10833868,temperature c,temperature,,c,2026-03-04,26.2625,24.299999999999997,21.5,37.1,24,100.0,100.0
3092518,Serena,,AE,Asia/Dubai,AirGradient,Scottyboi,25.03432,55.28811,10833868,temperature c,temperature,,c,2026-03-05,25.075,23.25,21.7,33.6,24,100.0,100.0
3092518,Serena,,AE,Asia/Dubai,AirGradient,Scottyboi,25.03432,55.28811,10833868,temperature c,temperature,,c,2026-03-06,23.433333333333334,22.05,18.9,31.8,24,100.0,100.0
3092518,Serena,,AE,Asia/Dubai,AirGradient,Scottyboi,25.03432,55.28811,10833868,temperature c,temperature,,c,2026-03-07,23.291666666666668,22.05,17.7,34.2,24,100.0,100.0
3092518,Serena,,AE,Asia/Dubai,AirGradient,Scottyboi,25.03432,55.28811,10833868,temperature c,temperature,,c,2026-03-08,23.854166666666668,23.85,18.9,32.2,24,100.0,100.0
3092518,Serena,,AE,Asia/Dubai,AirGradient,Scottyboi,25.03432,55.28811,10833868,temperature c,temperature,,c,2026-03-09,25.395833333333332,24.8,21.4,31.0,24,100.0,100.0
3092518,Serena,,AE,Asia/Dubai,AirGradient,Scottyboi,25.03432,55.28811,10833868,temperature c,temperature,,c,2026-03-10,25.083333333333332,23.8,22.2,31.8,24,100.0,100.0
3092518,Serena,,AE,Asia/Dubai,AirGradient,Scottyboi,25.03432,55.28811,10833868,temperature c,temperature,,c,2026-03-11,25.099999999999998,23.75,21.3,31.4,24,100.0,100.0
3092518,Serena,,AE,Asia/Dubai,AirGradient,Scottyboi,25.03432,55.28811,10833868,temperature c,temperature,,c,2026-03-12,23.849999999999998,23.450000000000003,20.4,28.1,24,100.0,100.0
3092518,Serena,,AE,Asia/Dubai,AirGradient,Scottyboi,25.03432,55.28811,10833868,temperature c,temperature,,c,2026-03-13,26.379166666666666,25.0,21.5,36.5,24,100.0,100.0
3092518,Serena,,AE,Asia/Dubai,AirGradient,Scottyboi,25.03432,55.28811,10833868,temperature c,temperature,,c,2026-03-14,26.566666666666666,25.4,20.7,37.7,24,100.0,100.0
3092518,Serena,,AE,Asia/Dubai,AirGradient,Scottyboi,25.03432,55.28811,10833868,temperature c,temperature,,c,2026-03-15,27.266666666666666,25.75,20.9,39.0,24,100.0,100.0
3092518,Serena,,AE,Asia/Dubai,AirGradient,Scottyboi,25.03432,55.28811,10833868,temperature c,temperature,,c,2026-03-16,27.900000000000002,26.55,21.4,40.5,24,100.0,100.0
3092518,Serena,,AE,Asia/Dubai,AirGradient,Scottyboi,25.03432,55.28811,10833868,temperature c,temperature,,c,2026-03-17,28.3,27.299999999999997,22.6,39.4,24,100.0,100.0
3092518,Serena,,AE,Asia/Dubai,AirGradient,Scottyboi,25.03432,55.28811,10833868,temperature c,temperature,,c,2026-03-18,26.84583333333333,25.85,23.4,34.3,24,100.0,100.0
3092518,Serena,,AE,Asia/Dubai,AirGradient,Scottyboi,25.03432,55.28811,10833868,temperature c,temperature,,c,2026-03-19,25.900000000000002,24.200000000000003,20.2,37.5,24,100.0,100.0
3092518,Serena,,AE,Asia/Dubai,AirGradient,Scottyboi,25.03432,55.28811,10833868,temperature c,temperature,,c,2026-03-20,26.25,25.8,22.8,31.2,24,100.0,100.0
3092518,Serena,,AE,Asia/Dubai,AirGradient,Scottyboi,25.03432,55.28811,10833868,temperature c,temperature,,c,2026-03-21,25.258333333333336,24.85,22.8,27.9,24,100.0,100.0
3092518,Serena,,AE,Asia/Dubai,AirGradient,Scottyboi,25.03432,55.28811,10833868,temperature c,temperature,,c,2026-03-22,26.650000000000002,25.0,21.9,38.0,24,100.0,100.0
3092518,Serena,,AE,Asia/Dubai,AirGradient,Scottyboi,25.03432,55.28811,10833868,temperature c,temperature,,c,2026-03-23,22.229166666666668,22.2,20.2,25.1,24,100.0,100.0
3092518,Serena,,AE,Asia/Dubai,AirGradient,Scottyboi,25.03432,55.28811,10833868,temperature c,temperature,,c,2026-03-24,21.695833333333336,20.299999999999997,19.8,28.4,24,100.0,100.0
3092518,Serena,,AE,Asia/Dubai,AirGradient,Scottyboi,25.03432,55.28811,10833868,temperature c,temperature,,c,2026-03-25,22.78333333333333,22.549999999999997,20.0,30.7,24,100.0,100.0
3092518,Serena,,AE,Asia/Dubai,AirGradient,Scottyboi,25.03432,55.28811,10833868,temperature c,temperature,,c,2026-03-26,24.108333333333334,23.700000000000003,21.0,30.7,24,100.0,100.0
3092518,Serena,,AE,Asia/Dubai,AirGradient,Scottyboi,25.03432,55.28811,10833868,temperature c,temperature,,c,2026-03-27,22.150000000000002,21.85,19.5,26.3,24,100.0,100.0
3092518,Serena,,AE,Asia/Dubai,AirGradient,Scottyboi,25.03432,55.28811,10833868,temperature c,temperature,,c,2026-03-28,22.708333333333332,21.4,17.6,33.4,24,100.0,100.0
3092518,Serena,,AE,Asia/Dubai,AirGradient,Scottyboi,25.03432,55.28811,10833868,temperature c,temperature,,c,2026-03-29,23.175,22.049999999999997,18.0,32.7,24,100.0,100.0
3092518,Serena,,AE,Asia/Dubai,AirGradient,Scottyboi,25.03432,55.28811,10833868,temperature c,temperature,,c,2026-03-30,22.9375,22.15,18.0,29.9,24,100.0,100.0
3092518,Serena,,AE,Asia/Dubai,AirGradient,Scottyboi,25.03432,55.28811,10833868,temperature c,temperature,,c,2026-03-31,21.204166666666666,20.65,19.7,23.9,24,100.0,100.0
3092518,Serena,,AE,Asia/Dubai,AirGradient,Scottyboi,25.03432,55.28811,10833868,temperature c,temperature,,c,2026-04-01,23.900000000000002,22.6,18.7,34.7,24,100.0,100.0
3092518,Serena,,AE,Asia/Dubai,AirGradient,Scottyboi,25.03432,55.28811,10833868,temperature c,temperature,,c,2026-04-02,24.483333333333334,22.8,19.9,33.9,24,100.0,100.0
3092518,Serena,,AE,Asia/Dubai,AirGradient,Scottyboi,25.03432,55.28811,10833868,temperature c,temperature,,c,2026-04-03,24.3,22.8,18.9,35.6,24,100.0,100.0
3092518,Serena,,AE,Asia/Dubai,AirGradient,Scottyboi,25.03432,55.28811,10833868,temperature c,temperature,,c,2026-04-04,24.912499999999998,24.25,19.9,34.2,24,100.0,100.0
3092518,Serena,,AE,Asia/Dubai,AirGradient,Scottyboi,25.03432,55.28811,10833868,temperature c,temperature,,c,2026-04-05,26.724999999999998,25.55,21.8,34.8,24,100.0,100.0
3092518,Serena,,AE,Asia/Dubai,AirGradient,Scottyboi,25.03432,55.28811,10833868,temperature c,temperature,,c,2026-04-06,26.795833333333334,24.95,23.5,33.8,24,100.0,100.0
3092518,Serena,,AE,Asia/Dubai,AirGradient,Scottyboi,25.03432,55.28811,10833868,temperature c,temperature,,c,2026-04-07,25.366666666666664,23.65,21.9,34.3,24,100.0,100.0
3092518,Serena,,AE,Asia/Dubai,AirGradient,Scottyboi,25.03432,55.28811,10833868,temperature c,temperature,,c,2026-04-08,24.741666666666664,23.1,19.2,35.3,24,100.0,100.0
3092518,Serena,,AE,Asia/Dubai,AirGradient,Scottyboi,25.03432,55.28811,10833868,temperature c,temperature,,c,2026-04-09,23.962500000000002,24.15,19.7,30.3,24,100.0,100.0
3092518,Serena,,AE,Asia/Dubai,AirGradient,Scottyboi,25.03432,55.28811,10833868,temperature c,temperature,,c,2026-04-10,25.941666666666666,25.0,21.3,33.3,24,100.0,100.0
3092518,Serena,,AE,Asia/Dubai,AirGradient,Scottyboi,25.03432,55.28811,10833868,temperature c,temperature,,c,2026-04-11,23.8125,23.299999999999997,22.1,26.3,24,100.0,100.0
3092518,Serena,,AE,Asia/Dubai,AirGradient,Scottyboi,25.03432,55.28811,10833868,temperature c,temperature,,c,2026-04-12,23.695833333333336,22.8,21.3,27.4,24,100.0,100.0
3092518,Serena,,AE,Asia/Dubai,AirGradient,Scottyboi,25.03432,55.28811,10833868,temperature c,temperature,,c,2026-04-13,26.179166666666664,24.95,20.7,36.6,24,100.0,100.0
3092518,Serena,,AE,Asia/Dubai,AirGradient,Scottyboi,25.03432,55.28811,10833868,temperature c,temperature,,c,2026-04-14,26.379166666666666,24.75,20.9,36.5,24,100.0,100.0
3092518,Serena,,AE,Asia/Dubai,AirGradient,Scottyboi,25.03432,55.28811,10833868,temperature c,temperature,,c,2026-04-15,25.34166666666667,24.0,20.7,35.1,24,100.0,100.0
3092518,Serena,,AE,Asia/Dubai,AirGradient,Scottyboi,25.03432,55.28811,10833868,temperature c,temperature,,c,2026-04-16,24.7,23.700000000000003,20.2,35.4,22,100.0,100.0
3092518,Serena,,AE,Asia/Dubai,AirGradient,Scottyboi,25.03432,55.28811,10833868,temperature c,temperature,,c,2026-04-17,25.40833333333333,24.35,19.3,35.6,24,100.0,100.0
3092518,Serena,,AE,Asia/Dubai,AirGradient,Scottyboi,25.03432,55.28811,10833868,temperature c,temperature,,c,2026-04-18,26.05652173913043,24.5,20.5,37.5,23,100.0,100.0
3092518,Serena,,AE,Asia/Dubai,AirGradient,Scottyboi,25.03432,55.28811,10833868,temperature c,temperature,,c,2026-04-19,26.645833333333332,25.450000000000003,18.9,39.3,24,100.0,100.0
3092518,Serena,,AE,Asia/Dubai,AirGradient,Scottyboi,25.03432,55.28811,10833868,temperature c,temperature,,c,2026-04-20,25.799999999999997,23.5,21.8,38.6,13,100.0,100.0
2981155,The Views,,AE,Asia/Dubai,AirGradient,Cheeseman,25.092213,55.168125,10071467,pm10 µg/m³,pm10,,µg/m³,2024-07-25,58.166666666666664,57.5,54.9,62.1,3,100.0,100.0
2981155,The Views,,AE,Asia/Dubai,AirGradient,Cheeseman,25.092213,55.168125,10071467,pm10 µg/m³,pm10,,µg/m³,2024-07-26,53.425000000000004,55.2,28.5,73.6,24,100.0,100.0
2981155,The Views,,AE,Asia/Dubai,AirGradient,Cheeseman,25.092213,55.168125,10071467,pm10 µg/m³,pm10,,µg/m³,2024-07-27,56.98333333333333,54.55,36.5,81.1,24,100.0,100.0
2981155,The Views,,AE,Asia/Dubai,AirGradient,Cheeseman,25.092213,55.168125,10071467,pm10 µg/m³,pm10,,µg/m³,2024-07-28,31.213043478260868,28.2,22.4,49.7,23,100.0,100.0
2981155,The Views,,AE,Asia/Dubai,AirGradient,Cheeseman,25.092213,55.168125,10071467,pm10 µg/m³,pm10,,µg/m³,2024-07-29,37.025,36.0,24.2,52.4,24,100.0,100.0
2981155,The Views,,AE,Asia/Dubai,AirGradient,Cheeseman,25.092213,55.168125,10071467,pm10 µg/m³,pm10,,µg/m³,2024-07-30,48.32916666666667,48.5,38.5,57.0,24,100.0,100.0
2981155,The Views,,AE,Asia/Dubai,AirGradient,Cheeseman,25.092213,55.168125,10071467,pm10 µg/m³,pm10,,µg/m³,2024-07-31,38.608333333333334,38.0,30.6,45.2,24,100.0,100.0
2981155,The Views,,AE,Asia/Dubai,AirGradient,Cheeseman,25.092213,55.168125,10071467,pm10 µg/m³,pm10,,µg/m³,2024-08-01,33.4375,31.4,19.1,54.3,24,100.0,100.0
2981155,The Views,,AE,Asia/Dubai,AirGradient,Cheeseman,25.092213,55.168125,10071467,pm10 µg/m³,pm10,,µg/m³,2024-08-02,73.03750000000001,70.5,49.0,96.7,24,100.0,100.0
2981155,The Views,,AE,Asia/Dubai,AirGradient,Cheeseman,25.092213,55.168125,10071467,pm10 µg/m³,pm10,,µg/m³,2024-08-03,64.10833333333333,64.05,56.8,74.0,24,100.0,100.0
2981155,The Views,,AE,Asia/Dubai,AirGradient,Cheeseman,25.092213,55.168125,10071467,pm10 µg/m³,pm10,,µg/m³,2024-08-04,48.160869565217396,44.7,34.3,79.1,23,100.0,100.0
2981155,The Views,,AE,Asia/Dubai,AirGradient,Cheeseman,25.092213,55.168125,10071467,pm10 µg/m³,pm10,,µg/m³,2024-08-05,43.362500000000004,45.75,29.8,53.4,24,100.0,100.0
2981155,The Views,,AE,Asia/Dubai,AirGradient,Cheeseman,25.092213,55.168125,10071467,pm10 µg/m³,pm10,,µg/m³,2024-08-06,27.133333333333336,22.75,18.9,45.1,24,100.0,100.0
2981155,The Views,,AE,Asia/Dubai,AirGradient,Cheeseman,25.092213,55.168125,10071467,pm10 µg/m³,pm10,,µg/m³,2024-08-07,35.541666666666664,32.35,22.5,63.1,24,100.0,100.0
2981155,The Views,,AE,Asia/Dubai,AirGradient,Cheeseman,25.092213,55.168125,10071467,pm10 µg/m³,pm10,,µg/m³,2024-08-08,28.11666666666667,25.65,15.7,63.2,24,100.0,100.0
2981155,The Views,,AE,Asia/Dubai,AirGradient,Cheeseman,25.092213,55.168125,10071467,pm10 µg/m³,pm10,,µg/m³,2024-08-09,20.599999999999998,19.200000000000003,11.5,30.6,24,100.0,100.0
2981155,The Views,,AE,Asia/Dubai,AirGradient,Cheeseman,25.092213,55.168125,10071467,pm10 µg/m³,pm10,,µg/m³,2024-08-10,17.425833333333333,17.45,9.62,28.5,24,100.0,100.0
2981155,The Views,,AE,Asia/Dubai,AirGradient,Cheeseman,25.092213,55.168125,10071467,pm10 µg/m³,pm10,,µg/m³,2024-08-11,20.833333333333332,21.5,11.5,26.5,24,100.0,100.0
2981155,The Views,,AE,Asia/Dubai,AirGradient,Cheeseman,25.092213,55.168125,10071467,pm10 µg/m³,pm10,,µg/m³,2024-08-12,27.458333333333332,26.950000000000003,22.2,35.1,24,100.0,100.0
2981155,The Views,,AE,Asia/Dubai,AirGradient,Cheeseman,25.092213,55.168125,10071467,pm10 µg/m³,pm10,,µg/m³,2024-08-13,24.712500000000002,23.85,17.8,34.8,24,100.0,100.0
2981155,The Views,,AE,Asia/Dubai,AirGradient,Cheeseman,25.092213,55.168125,10071467,pm10 µg/m³,pm10,,µg/m³,2024-08-14,25.278260869565216,25.4,20.1,33.9,23,100.0,100.0
2981155,The Views,,AE,Asia/Dubai,AirGradient,Cheeseman,25.092213,55.168125,10071467,pm10 µg/m³,pm10,,µg/m³,2024-08-15,26.995833333333334,28.6,19.3,33.3,24,100.0,100.0
2981155,The Views,,AE,Asia/Dubai,AirGradient,Cheeseman,25.092213,55.168125,10071467,pm10 µg/m³,pm10,,µg/m³,2024-08-16,45.762499999999996,46.75,35.2,52.6,24,100.0,100.0
2981155,The Views,,AE,Asia/Dubai,AirGradient,Cheeseman,25.092213,55.168125,10071467,pm10 µg/m³,pm10,,µg/m³,2024-08-17,27.983333333333334,23.75,15.1,55.4,24,100.0,100.0
2981155,The Views,,AE,Asia/Dubai,AirGradient,Cheeseman,25.092213,55.168125,10071467,pm10 µg/m³,pm10,,µg/m³,2024-08-18,26.458333333333332,25.95,21.4,35.4,24,100.0,100.0
2981155,The Views,,AE,Asia/Dubai,AirGradient,Cheeseman,25.092213,55.168125,10071467,pm10 µg/m³,pm10,,µg/m³,2024-08-19,26.866666666666664,25.7,19.2,38.7,24,100.0,100.0
2981155,The Views,,AE,Asia/Dubai,AirGradient,Cheeseman,25.092213,55.168125,10071467,pm10 µg/m³,pm10,,µg/m³,2024-08-20,19.8125,20.6,11.8,25.2,24,100.0,100.0
2981155,The Views,,AE,Asia/Dubai,AirGradient,Cheeseman,25.092213,55.168125,10071467,pm10 µg/m³,pm10,,µg/m³,2024-08-21,17.306250000000002,18.4,7.7,31.1,24,100.0,100.0
2981155,The Views,,AE,Asia/Dubai,AirGradient,Cheeseman,25.092213,55.168125,10071467,pm10 µg/m³,pm10,,µg/m³,2024-08-22,17.69625,19.45,6.41,27.8,24,100.0,100.0
2981155,The Views,,AE,Asia/Dubai,AirGradient,Cheeseman,25.092213,55.168125,10071467,pm10 µg/m³,pm10,,µg/m³,2024-08-23,26.241666666666664,25.4,17.2,35.3,24,100.0,100.0
2981155,The Views,,AE,Asia/Dubai,AirGradient,Cheeseman,25.092213,55.168125,10071467,pm10 µg/m³,pm10,,µg/m³,2024-08-24,27.695833333333336,27.5,16.9,41.6,24,100.0,100.0
2981155,The Views,,AE,Asia/Dubai,AirGradient,Cheeseman,25.092213,55.168125,10071467,pm10 µg/m³,pm10,,µg/m³,2024-08-25,27.766666666666666,26.7,12.2,39.8,24,100.0,100.0
2981155,The Views,,AE,Asia/Dubai,AirGradient,Cheeseman,25.092213,55.168125,10071467,pm10 µg/m³,pm10,,µg/m³,2024-08-26,53.62916666666666,44.849999999999994,37.1,74.1,24,100.0,100.0
2981155,The Views,,AE,Asia/Dubai,AirGradient,Cheeseman,25.092213,55.168125,10071467,pm10 µg/m³,pm10,,µg/m³,2024-08-27,94.81363636363636,87.6,52.8,135.0,22,100.0,100.0
2981155,The Views,,AE,Asia/Dubai,AirGradient,Cheeseman,25.092213,55.168125,10071467,pm10 µg/m³,pm10,,µg/m³,2024-08-28,128.88888888888889,131.0,117.0,136.0,9,100.0,100.0
2981155,The Views,,AE,Asia/Dubai,AirGradient,Cheeseman,25.092213,55.168125,10071467,pm10 µg/m³,pm10,,µg/m³,2024-08-29,100.02083333333333,102.5,65.2,130.0,24,100.0,100.0
2981155,The Views,,AE,Asia/Dubai,AirGradient,Cheeseman,25.092213,55.168125,10071467,pm10 µg/m³,pm10,,µg/m³,2024-08-30,89.55,78.6,49.7,136.0,24,100.0,100.0
2981155,The Views,,AE,Asia/Dubai,AirGradient,Cheeseman,25.092213,55.168125,10071467,pm10 µg/m³,pm10,,µg/m³,2024-08-31,37.82083333333333,29.9,12.8,71.7,24,100.0,100.0
2981155,The Views,,AE,Asia/Dubai,AirGradient,Cheeseman,25.092213,55.168125,10071467,pm10 µg/m³,pm10,,µg/m³,2024-09-01,22.895833333333332,23.1,18.6,27.3,24,100.0,100.0
2981155,The Views,,AE,Asia/Dubai,AirGradient,Cheeseman,25.092213,55.168125,10071467,pm10 µg/m³,pm10,,µg/m³,2024-09-02,18.008333333333333,16.85,12.2,26.1,24,100.0,100.0
2981155,The Views,,AE,Asia/Dubai,AirGradient,Cheeseman,25.092213,55.168125,10071467,pm10 µg/m³,pm10,,µg/m³,2024-09-03,19.25625,19.4,9.35,23.7,24,100.0,100.0
2981155,The Views,,AE,Asia/Dubai,AirGradient,Cheeseman,25.092213,55.168125,10071467,pm10 µg/m³,pm10,,µg/m³,2024-09-04,14.088095238095239,14.0,5.02,24.5,21,100.0,100.0
2981155,The Views,,AE,Asia/Dubai,AirGradient,Cheeseman,25.092213,55.168125,10071467,pm10 µg/m³,pm10,,µg/m³,2024-09-05,18.645833333333332,22.45,6.4,33.5,24,100.0,100.0
2981155,The Views,,AE,Asia/Dubai,AirGradient,Cheeseman,25.092213,55.168125,10071467,pm10 µg/m³,pm10,,µg/m³,2024-09-06,46.78,39.3,26.0,70.2,15,100.0,100.0
2981155,The Views,,AE,Asia/Dubai,AirGradient,Cheeseman,25.092213,55.168125,10071467,pm10 µg/m³,pm10,,µg/m³,2024-09-07,66.02083333333333,69.1,47.4,78.4,24,100.0,100.0
2981155,The Views,,AE,Asia/Dubai,AirGradient,Cheeseman,25.092213,55.168125,10071467,pm10 µg/m³,pm10,,µg/m³,2024-09-08,50.51666666666667,54.9,24.3,68.3,24,100.0,100.0
2981155,The Views,,AE,Asia/Dubai,AirGradient,Cheeseman,25.092213,55.168125,10071467,pm10 µg/m³,pm10,,µg/m³,2024-09-09,51.5875,45.5,38.1,84.0,24,100.0,100.0
2981155,The Views,,AE,Asia/Dubai,AirGradient,Cheeseman,25.092213,55.168125,10071467,pm10 µg/m³,pm10,,µg/m³,2024-09-10,97.29523809523809,91.9,65.4,156.0,21,100.0,100.0
2981155,The Views,,AE,Asia/Dubai,AirGradient,Cheeseman,25.092213,55.168125,10071467,pm10 µg/m³,pm10,,µg/m³,2024-09-11,80.35909090909091,78.05,71.7,92.1,22,100.0,100.0
2981155,The Views,,AE,Asia/Dubai,AirGradient,Cheeseman,25.092213,55.168125,10071467,pm10 µg/m³,pm10,,µg/m³,2024-09-12,33.62083333333333,32.05,21.0,62.2,24,100.0,100.0
2981155,The Views,,AE,Asia/Dubai,AirGradient,Cheeseman,25.092213,55.168125,10071467,pm10 µg/m³,pm10,,µg/m³,2024-09-13,33.15294117647059,34.0,17.2,46.9,17,100.0,100.0
2981155,The Views,,AE,Asia/Dubai,AirGradient,Cheeseman,25.092213,55.168125,10071467,pm10 µg/m³,pm10,,µg/m³,2024-09-14,48.354166666666664,49.900000000000006,19.1,87.1,24,100.0,100.0
2981155,The Views,,AE,Asia/Dubai,AirGradient,Cheeseman,25.092213,55.168125,10071467,pm10 µg/m³,pm10,,µg/m³,2024-09-15,67.55416666666666,65.6,36.3,95.7,24,100.0,100.0
2981155,The Views,,AE,Asia/Dubai,AirGradient,Cheeseman,25.092213,55.168125,10071467,pm10 µg/m³,pm10,,µg/m³,2024-09-16,61.75416666666667,63.7,36.3,73.1,24,100.0,100.0
2981155,The Views,,AE,Asia/Dubai,AirGradient,Cheeseman,25.092213,55.168125,10071467,pm10 µg/m³,pm10,,µg/m³,2024-09-17,53.17083333333333,51.45,31.7,66.2,24,100.0,100.0
2981155,The Views,,AE,Asia/Dubai,AirGradient,Cheeseman,25.092213,55.168125,10071467,pm10 µg/m³,pm10,,µg/m³,2024-09-18,50.4375,47.5,32.7,76.1,24,100.0,100.0
2981155,The Views,,AE,Asia/Dubai,AirGradient,Cheeseman,25.092213,55.168125,10071467,pm10 µg/m³,pm10,,µg/m³,2024-09-19,65.25833333333334,68.25,46.0,76.7,24,100.0,100.0
2981155,The Views,,AE,Asia/Dubai,AirGradient,Cheeseman,25.092213,55.168125,10071467,pm10 µg/m³,pm10,,µg/m³,2024-09-20,55.291666666666664,60.3,36.5,67.6,24,100.0,100.0
2981155,The Views,,AE,Asia/Dubai,AirGradient,Cheeseman,25.092213,55.168125,10071467,pm10 µg/m³,pm10,,µg/m³,2024-09-21,47.458333333333336,47.55,35.1,70.4,24,100.0,100.0
2981155,The Views,,AE,Asia/Dubai,AirGradient,Cheeseman,25.092213,55.168125,10071467,pm10 µg/m³,pm10,,µg/m³,2024-09-22,38.62916666666667,39.55,27.1,48.3,24,100.0,100.0
2981155,The Views,,AE,Asia/Dubai,AirGradient,Cheeseman,25.092213,55.168125,10071467,pm10 µg/m³,pm10,,µg/m³,2024-09-23,44.89166666666667,39.95,29.7,75.3,24,100.0,100.0
2981155,The Views,,AE,Asia/Dubai,AirGradient,Cheeseman,25.092213,55.168125,10071467,pm10 µg/m³,pm10,,µg/m³,2024-09-24,88.20416666666667,80.85,57.1,157.0,24,100.0,100.0
2981155,The Views,,AE,Asia/Dubai,AirGradient,Cheeseman,25.092213,55.168125,10071467,pm10 µg/m³,pm10,,µg/m³,2024-09-25,76.31666666666666,76.1,58.5,93.5,24,100.0,100.0
2981155,The Views,,AE,Asia/Dubai,AirGradient,Cheeseman,25.092213,55.168125,10071467,pm10 µg/m³,pm10,,µg/m³,2024-09-26,95.9375,94.6,73.9,122.0,24,100.0,100.0
2981155,The Views,,AE,Asia/Dubai,AirGradient,Cheeseman,25.092213,55.168125,10071467,pm10 µg/m³,pm10,,µg/m³,2024-09-27,86.19583333333333,87.6,68.4,103.0,24,100.0,100.0
2981155,The Views,,AE,Asia/Dubai,AirGradient,Cheeseman,25.092213,55.168125,10071467,pm10 µg/m³,pm10,,µg/m³,2024-09-28,75.96666666666667,69.45,63.5,116.0,24,100.0,100.0
2981155,The Views,,AE,Asia/Dubai,AirGradient,Cheeseman,25.092213,55.168125,10071467,pm10 µg/m³,pm10,,µg/m³,2024-09-29,42.75,25.1,14.3,87.5,24,100.0,100.0
2981155,The Views,,AE,Asia/Dubai,AirGradient,Cheeseman,25.092213,55.168125,10071467,pm10 µg/m³,pm10,,µg/m³,2024-09-30,22.90833333333333,24.2,11.0,34.5,24,100.0,100.0
2981155,The Views,,AE,Asia/Dubai,AirGradient,Cheeseman,25.092213,55.168125,10071467,pm10 µg/m³,pm10,,µg/m³,2024-10-01,20.315,20.85,6.3,34.2,24,100.0,100.0
2981155,The Views,,AE,Asia/Dubai,AirGradient,Cheeseman,25.092213,55.168125,10071467,pm10 µg/m³,pm10,,µg/m³,2024-10-02,25.333333333333332,28.65,8.5,37.6,24,100.0,100.0
2981155,The Views,,AE,Asia/Dubai,AirGradient,Cheeseman,25.092213,55.168125,10071467,pm10 µg/m³,pm10,,µg/m³,2024-10-03,35.229166666666664,33.2,27.7,46.0,24,100.0,100.0
2981155,The Views,,AE,Asia/Dubai,AirGradient,Cheeseman,25.092213,55.168125,10071467,pm10 µg/m³,pm10,,µg/m³,2024-10-04,41.334583333333335,46.55,5.2,53.5,24,100.0,100.0
2981155,The Views,,AE,Asia/Dubai,AirGradient,Cheeseman,25.092213,55.168125,10071467,pm10 µg/m³,pm10,,µg/m³,2024-10-05,15.024000000000001,16.200000000000003,2.88,33.8,20,100.0,100.0
2981155,The Views,,AE,Asia/Dubai,AirGradient,Cheeseman,25.092213,55.168125,10071467,pm10 µg/m³,pm10,,µg/m³,2024-10-06,31.50526315789474,32.2,24.6,39.7,19,100.0,100.0
2981155,The Views,,AE,Asia/Dubai,AirGradient,Cheeseman,25.092213,55.168125,10071467,pm10 µg/m³,pm10,,µg/m³,2024-10-07,26.820833333333336,23.05,6.2,55.8,24,100.0,100.0
2981155,The Views,,AE,Asia/Dubai,AirGradient,Cheeseman,25.092213,55.168125,10071467,pm10 µg/m³,pm10,,µg/m³,2024-10-08,20.364583333333332,21.85,6.65,30.2,24,100.0,100.0
2981155,The Views,,AE,Asia/Dubai,AirGradient,Cheeseman,25.092213,55.168125,10071467,pm10 µg/m³,pm10,,µg/m³,2024-10-09,29.385416666666668,19.5,9.65,97.6,24,100.0,100.0
2981155,The Views,,AE,Asia/Dubai,AirGradient,Cheeseman,25.092213,55.168125,10071467,pm10 µg/m³,pm10,,µg/m³,2024-10-10,58.1875,58.8,44.1,70.8,24,100.0,100.0
2981155,The Views,,AE,Asia/Dubai,AirGradient,Cheeseman,25.092213,55.168125,10071467,pm10 µg/m³,pm10,,µg/m³,2024-10-11,61.9375,61.6,50.2,72.2,24,100.0,100.0
2981155,The Views,,AE,Asia/Dubai,AirGradient,Cheeseman,25.092213,55.168125,10071467,pm10 µg/m³,pm10,,µg/m³,2024-10-12,56.270833333333336,52.15,40.9,72.0,24,100.0,100.0
2981155,The Views,,AE,Asia/Dubai,AirGradient,Cheeseman,25.092213,55.168125,10071467,pm10 µg/m³,pm10,,µg/m³,2024-10-13,53.92916666666667,54.5,43.7,66.8,24,100.0,100.0
2981155,The Views,,AE,Asia/Dubai,AirGradient,Cheeseman,25.092213,55.168125,10071467,pm10 µg/m³,pm10,,µg/m³,2024-10-14,48.9125,44.7,23.8,74.3,24,100.0,100.0
2981155,The Views,,AE,Asia/Dubai,AirGradient,Cheeseman,25.092213,55.168125,10071467,pm10 µg/m³,pm10,,µg/m³,2024-10-15,33.199999999999996,34.849999999999994,20.4,47.7,24,100.0,100.0
2981155,The Views,,AE,Asia/Dubai,AirGradient,Cheeseman,25.092213,55.168125,10071467,pm10 µg/m³,pm10,,µg/m³,2024-10-16,20.794999999999998,23.35,4.78,32.0,24,100.0,100.0
2981155,The Views,,AE,Asia/Dubai,AirGradient,Cheeseman,25.092213,55.168125,10071467,pm10 µg/m³,pm10,,µg/m³,2024-10-17,4.239583333333333,3.2800000000000002,1.27,15.4,24,100.0,100.0
2981155,The Views,,AE,Asia/Dubai,AirGradient,Cheeseman,25.092213,55.168125,10071467,pm10 µg/m³,pm10,,µg/m³,2024-10-18,16.77875,18.7,4.51,30.9,24,100.0,100.0
2981155,The Views,,AE,Asia/Dubai,AirGradient,Cheeseman,25.092213,55.168125,10071467,pm10 µg/m³,pm10,,µg/m³,2024-10-19,28.686666666666667,24.2,8.88,76.9,24,100.0,100.0
2981155,The Views,,AE,Asia/Dubai,AirGradient,Cheeseman,25.092213,55.168125,10071467,pm10 µg/m³,pm10,,µg/m³,2024-10-20,80.54583333333333,76.05,35.5,119.0,24,100.0,100.0
2981155,The Views,,AE,Asia/Dubai,AirGradient,Cheeseman,25.092213,55.168125,10071467,pm10 µg/m³,pm10,,µg/m³,2024-10-21,81.79166666666667,78.05000000000001,71.8,103.0,24,100.0,100.0
2981155,The Views,,AE,Asia/Dubai,AirGradient,Cheeseman,25.092213,55.168125,10071467,pm10 µg/m³,pm10,,µg/m³,2024-10-22,64.83749999999999,58.6,35.8,98.2,24,100.0,100.0
2981155,The Views,,AE,Asia/Dubai,AirGradient,Cheeseman,25.092213,55.168125,10071467,pm10 µg/m³,pm10,,µg/m³,2024-10-23,44.84166666666667,49.5,13.0,66.4,24,100.0,100.0
2981155,The Views,,AE,Asia/Dubai,AirGradient,Cheeseman,25.092213,55.168125,10071467,pm10 µg/m³,pm10,,µg/m³,2024-10-24,31.97083333333333,36.5,10.6,49.6,24,100.0,100.0
2981155,The Views,,AE,Asia/Dubai,AirGradient,Cheeseman,25.092213,55.168125,10071467,pm10 µg/m³,pm10,,µg/m³,2024-10-25,43.56666666666666,39.7,23.9,64.6,24,100.0,100.0
2981155,The Views,,AE,Asia/Dubai,AirGradient,Cheeseman,25.092213,55.168125,10071467,pm10 µg/m³,pm10,,µg/m³,2024-10-26,42.337916666666665,46.599999999999994,9.07,67.5,24,100.0,100.0
2981155,The Views,,AE,Asia/Dubai,AirGradient,Cheeseman,25.092213,55.168125,10071467,pm10 µg/m³,pm10,,µg/m³,2024-10-27,20.23375,20.6,6.6,49.1,24,100.0,100.0
2981155,The Views,,AE,Asia/Dubai,AirGradient,Cheeseman,25.092213,55.168125,10071467,pm10 µg/m³,pm10,,µg/m³,2024-10-28,19.568749999999998,20.35,5.67,28.8,24,100.0,100.0
2981155,The Views,,AE,Asia/Dubai,AirGradient,Cheeseman,25.092213,55.168125,10071467,pm10 µg/m³,pm10,,µg/m³,2024-10-29,31.95,28.700000000000003,19.9,62.6,24,100.0,100.0
2981155,The Views,,AE,Asia/Dubai,AirGradient,Cheeseman,25.092213,55.168125,10071467,pm10 µg/m³,pm10,,µg/m³,2024-10-30,35.30833333333333,35.25,12.3,62.5,24,100.0,100.0
2981155,The Views,,AE,Asia/Dubai,AirGradient,Cheeseman,25.092213,55.168125,10071467,pm10 µg/m³,pm10,,µg/m³,2024-10-31,52.31666666666666,48.95,40.1,73.1,24,100.0,100.0
2981155,The Views,,AE,Asia/Dubai,AirGradient,Cheeseman,25.092213,55.168125,10071467,pm10 µg/m³,pm10,,µg/m³,2024-11-01,64.52916666666667,64.4,54.1,78.6,24,100.0,100.0
2981155,The Views,,AE,Asia/Dubai,AirGradient,Cheeseman,25.092213,55.168125,10071467,pm10 µg/m³,pm10,,µg/m³,2024-11-02,62.57083333333333,57.0,50.6,101.0,24,100.0,100.0
2981155,The Views,,AE,Asia/Dubai,AirGradient,Cheeseman,25.092213,55.168125,10071467,pm10 µg/m³,pm10,,µg/m³,2024-11-03,82.37083333333334,85.65,23.3,133.0,24,100.0,100.0
2981155,The Views,,AE,Asia/Dubai,AirGradient,Cheeseman,25.092213,55.168125,10071467,pm10 µg/m³,pm10,,µg/m³,2024-11-04,59.1875,52.6,27.5,104.0,24,100.0,100.0
2981155,The Views,,AE,Asia/Dubai,AirGradient,Cheeseman,25.092213,55.168125,10071467,pm10 µg/m³,pm10,,µg/m³,2024-11-05,53.65833333333333,55.349999999999994,35.2,66.4,24,100.0,100.0
2981155,The Views,,AE,Asia/Dubai,AirGradient,Cheeseman,25.092213,55.168125,10071467,pm10 µg/m³,pm10,,µg/m³,2024-11-06,59.62916666666666,60.7,42.1,70.1,24,100.0,100.0
2981155,The Views,,AE,Asia/Dubai,AirGradient,Cheeseman,25.092213,55.168125,10071467,pm10 µg/m³,pm10,,µg/m³,2024-11-07,60.61666666666667,60.3,27.4,91.0,24,100.0,100.0
2981155,The Views,,AE,Asia/Dubai,AirGradient,Cheeseman,25.092213,55.168125,10071467,pm10 µg/m³,pm10,,µg/m³,2024-11-08,68.45416666666667,61.849999999999994,30.4,119.0,24,100.0,100.0
2981155,The Views,,AE,Asia/Dubai,AirGradient,Cheeseman,25.092213,55.168125,10071467,pm10 µg/m³,pm10,,µg/m³,2024-11-09,60.19166666666666,58.45,53.1,73.2,24,100.0,100.0
2981155,The Views,,AE,Asia/Dubai,AirGradient,Cheeseman,25.092213,55.168125,10071467,pm10 µg/m³,pm10,,µg/m³,2024-11-10,63.17916666666667,61.7,48.1,82.6,24,100.0,100.0
2981155,The Views,,AE,Asia/Dubai,AirGradient,Cheeseman,25.092213,55.168125,10071467,pm10 µg/m³,pm10,,µg/m³,2024-11-11,57.67916666666667,57.5,46.4,71.5,24,100.0,100.0
2981155,The Views,,AE,Asia/Dubai,AirGradient,Cheeseman,25.092213,55.168125,10071467,pm10 µg/m³,pm10,,µg/m³,2024-11-12,55.52916666666667,54.6,50.8,60.1,24,100.0,100.0
2981155,The Views,,AE,Asia/Dubai,AirGradient,Cheeseman,25.092213,55.168125,10071467,pm10 µg/m³,pm10,,µg/m³,2024-11-13,64.74583333333334,65.55000000000001,51.9,77.8,24,100.0,100.0
2981155,The Views,,AE,Asia/Dubai,AirGradient,Cheeseman,25.092213,55.168125,10071467,pm10 µg/m³,pm10,,µg/m³,2024-11-14,73.66666666666667,71.05,49.2,105.0,24,100.0,100.0
2981155,The Views,,AE,Asia/Dubai,AirGradient,Cheeseman,25.092213,55.168125,10071467,pm10 µg/m³,pm10,,µg/m³,2024-11-15,35.31041666666667,34.75,5.35,60.4,24,100.0,100.0
2981155,The Views,,AE,Asia/Dubai,AirGradient,Cheeseman,25.092213,55.168125,10071467,pm10 µg/m³,pm10,,µg/m³,2024-11-16,19.292916666666667,18.25,4.95,36.9,24,100.0,100.0
2981155,The Views,,AE,Asia/Dubai,AirGradient,Cheeseman,25.092213,55.168125,10071467,pm10 µg/m³,pm10,,µg/m³,2024-11-17,37.550000000000004,36.05,14.9,62.6,24,100.0,100.0
2981155,The Views,,AE,Asia/Dubai,AirGradient,Cheeseman,25.092213,55.168125,10071467,pm10 µg/m³,pm10,,µg/m³,2024-11-18,57.583333333333336,56.95,42.2,69.8,24,100.0,100.0
2981155,The Views,,AE,Asia/Dubai,AirGradient,Cheeseman,25.092213,55.168125,10071467,pm10 µg/m³,pm10,,µg/m³,2024-11-19,49.520833333333336,49.65,34.9,61.0,24,100.0,100.0
2981155,The Views,,AE,Asia/Dubai,AirGradient,Cheeseman,25.092213,55.168125,10071467,pm10 µg/m³,pm10,,µg/m³,2024-11-20,59.875,58.650000000000006,47.5,76.7,24,100.0,100.0
2981155,The Views,,AE,Asia/Dubai,AirGradient,Cheeseman,25.092213,55.168125,10071467,pm10 µg/m³,pm10,,µg/m³,2024-11-21,61.0375,62.15,48.5,71.2,24,100.0,100.0
2981155,The Views,,AE,Asia/Dubai,AirGradient,Cheeseman,25.092213,55.168125,10071467,pm10 µg/m³,pm10,,µg/m³,2024-11-22,74.95,69.69999999999999,60.1,97.0,24,100.0,100.0
2981155,The Views,,AE,Asia/Dubai,AirGradient,Cheeseman,25.092213,55.168125,10071467,pm10 µg/m³,pm10,,µg/m³,2024-11-23,69.375,62.1,28.7,120.0,24,100.0,100.0
2981155,The Views,,AE,Asia/Dubai,AirGradient,Cheeseman,25.092213,55.168125,10071467,pm10 µg/m³,pm10,,µg/m³,2024-11-24,39.89833333333333,46.25,7.81,58.1,24,100.0,100.0
2981155,The Views,,AE,Asia/Dubai,AirGradient,Cheeseman,25.092213,55.168125,10071467,pm10 µg/m³,pm10,,µg/m³,2024-11-25,39.50416666666667,33.45,19.0,64.6,24,100.0,100.0
2981155,The Views,,AE,Asia/Dubai,AirGradient,Cheeseman,25.092213,55.168125,10071467,pm10 µg/m³,pm10,,µg/m³,2024-11-26,33.80416666666667,32.7,25.9,47.6,24,100.0,100.0
2981155,The Views,,AE,Asia/Dubai,AirGradient,Cheeseman,25.092213,55.168125,10071467,pm10 µg/m³,pm10,,µg/m³,2024-11-27,46.49166666666667,48.1,34.2,60.8,24,100.0,100.0
2981155,The Views,,AE,Asia/Dubai,AirGradient,Cheeseman,25.092213,55.168125,10071467,pm10 µg/m³,pm10,,µg/m³,2024-11-28,47.75833333333333,54.0,19.4,73.8,24,100.0,100.0
2981155,The Views,,AE,Asia/Dubai,AirGradient,Cheeseman,25.092213,55.168125,10071467,pm10 µg/m³,pm10,,µg/m³,2024-11-29,11.9625,8.55,4.98,22.9,24,100.0,100.0
2981155,The Views,,AE,Asia/Dubai,AirGradient,Cheeseman,25.092213,55.168125,10071467,pm10 µg/m³,pm10,,µg/m³,2024-11-30,12.738750000000001,8.254999999999999,6.23,30.7,24,100.0,100.0
2981155,The Views,,AE,Asia/Dubai,AirGradient,Cheeseman,25.092213,55.168125,10071467,pm10 µg/m³,pm10,,µg/m³,2024-12-01,9.24025,5.55,0.976,29.2,24,100.0,100.0
2981155,The Views,,AE,Asia/Dubai,AirGradient,Cheeseman,25.092213,55.168125,10071467,pm10 µg/m³,pm10,,µg/m³,2024-12-02,30.09583333333333,28.0,20.8,48.6,24,100.0,100.0
2981155,The Views,,AE,Asia/Dubai,AirGradient,Cheeseman,25.092213,55.168125,10071467,pm10 µg/m³,pm10,,µg/m³,2024-12-03,25.39,13.95,3.92,52.6,24,100.0,100.0
2981155,The Views,,AE,Asia/Dubai,AirGradient,Cheeseman,25.092213,55.168125,10071467,pm10 µg/m³,pm10,,µg/m³,2024-12-04,17.99416666666667,20.950000000000003,6.72,25.7,24,100.0,100.0
2981155,The Views,,AE,Asia/Dubai,AirGradient,Cheeseman,25.092213,55.168125,10071467,pm10 µg/m³,pm10,,µg/m³,2024-12-05,33.75416666666667,31.549999999999997,17.5,51.5,24,100.0,100.0
2981155,The Views,,AE,Asia/Dubai,AirGradient,Cheeseman,25.092213,55.168125,10071467,pm10 µg/m³,pm10,,µg/m³,2024-12-06,71.87083333333334,62.9,51.2,112.0,24,100.0,100.0
2981155,The Views,,AE,Asia/Dubai,AirGradient,Cheeseman,25.092213,55.168125,10071467,pm10 µg/m³,pm10,,µg/m³,2024-12-07,52.48333333333333,52.599999999999994,29.8,76.1,24,100.0,100.0
2981155,The Views,,AE,Asia/Dubai,AirGradient,Cheeseman,25.092213,55.168125,10071467,pm10 µg/m³,pm10,,µg/m³,2024-12-08,31.980416666666667,26.7,9.73,60.0,24,100.0,100.0
2981155,The Views,,AE,Asia/Dubai,AirGradient,Cheeseman,25.092213,55.168125,10071467,pm10 µg/m³,pm10,,µg/m³,2024-12-09,11.648333333333333,10.4,6.89,22.0,24,100.0,100.0
2981155,The Views,,AE,Asia/Dubai,AirGradient,Cheeseman,25.092213,55.168125,10071467,pm10 µg/m³,pm10,,µg/m³,2024-12-10,27.662499999999998,24.799999999999997,20.5,74.5,24,100.0,100.0
2981155,The Views,,AE,Asia/Dubai,AirGradient,Cheeseman,25.092213,55.168125,10071467,pm10 µg/m³,pm10,,µg/m³,2024-12-11,25.493750000000002,25.1,7.9,70.0,24,100.0,100.0
2981155,The Views,,AE,Asia/Dubai,AirGradient,Cheeseman,25.092213,55.168125,10071467,pm10 µg/m³,pm10,,µg/m³,2024-12-12,13.373333333333333,11.600000000000001,7.51,24.5,24,100.0,100.0
2981155,The Views,,AE,Asia/Dubai,AirGradient,Cheeseman,25.092213,55.168125,10071467,pm10 µg/m³,pm10,,µg/m³,2024-12-13,22.612916666666667,22.15,8.13,46.1,24,100.0,100.0
2981155,The Views,,AE,Asia/Dubai,AirGradient,Cheeseman,25.092213,55.168125,10071467,pm10 µg/m³,pm10,,µg/m³,2024-12-14,46.04583333333333,45.849999999999994,39.3,53.2,24,100.0,100.0
2981155,The Views,,AE,Asia/Dubai,AirGradient,Cheeseman,25.092213,55.168125,10071467,pm10 µg/m³,pm10,,µg/m³,2024-12-15,40.71666666666667,46.9,17.3,60.6,24,100.0,100.0
2981155,The Views,,AE,Asia/Dubai,AirGradient,Cheeseman,25.092213,55.168125,10071467,pm10 µg/m³,pm10,,µg/m³,2024-12-16,24.43875,25.3,5.86,44.0,16,100.0,100.0
2981155,The Views,,AE,Asia/Dubai,AirGradient,Cheeseman,25.092213,55.168125,10071467,pm10 µg/m³,pm10,,µg/m³,2024-12-17,36.68260869565218,36.7,32.8,40.9,23,100.0,100.0
2981155,The Views,,AE,Asia/Dubai,AirGradient,Cheeseman,25.092213,55.168125,10071467,pm10 µg/m³,pm10,,µg/m³,2024-12-18,35.487500000000004,35.7,25.8,44.1,24,100.0,100.0
2981155,The Views,,AE,Asia/Dubai,AirGradient,Cheeseman,25.092213,55.168125,10071467,pm10 µg/m³,pm10,,µg/m³,2024-12-19,46.645833333333336,43.35,30.0,74.6,24,100.0,100.0
2981155,The Views,,AE,Asia/Dubai,AirGradient,Cheeseman,25.092213,55.168125,10071467,pm10 µg/m³,pm10,,µg/m³,2024-12-20,49.887499999999996,45.4,36.8,78.9,24,100.0,100.0
2981155,The Views,,AE,Asia/Dubai,AirGradient,Cheeseman,25.092213,55.168125,10071467,pm10 µg/m³,pm10,,µg/m³,2024-12-21,42.04833333333333,42.95,6.15,86.0,24,100.0,100.0
2981155,The Views,,AE,Asia/Dubai,AirGradient,Cheeseman,25.092213,55.168125,10071467,pm10 µg/m³,pm10,,µg/m³,2024-12-22,33.79958333333334,31.9,6.67,51.5,24,100.0,100.0
2981155,The Views,,AE,Asia/Dubai,AirGradient,Cheeseman,25.092213,55.168125,10071467,pm10 µg/m³,pm10,,µg/m³,2024-12-23,43.23333333333333,44.8,26.6,59.5,24,100.0,100.0
2981155,The Views,,AE,Asia/Dubai,AirGradient,Cheeseman,25.092213,55.168125,10071467,pm10 µg/m³,pm10,,µg/m³,2024-12-24,58.52916666666667,60.25,42.9,68.8,24,100.0,100.0
2981155,The Views,,AE,Asia/Dubai,AirGradient,Cheeseman,25.092213,55.168125,10071467,pm10 µg/m³,pm10,,µg/m³,2024-12-25,65.15416666666667,67.19999999999999,45.2,81.7,24,100.0,100.0
2981155,The Views,,AE,Asia/Dubai,AirGradient,Cheeseman,25.092213,55.168125,10071467,pm10 µg/m³,pm10,,µg/m³,2024-12-26,71.71666666666667,67.0,57.7,97.3,24,100.0,100.0
2981155,The Views,,AE,Asia/Dubai,AirGradient,Cheeseman,25.092213,55.168125,10071467,pm10 µg/m³,pm10,,µg/m³,2024-12-27,47.96666666666667,49.4,25.0,66.8,24,100.0,100.0
2981155,The Views,,AE,Asia/Dubai,AirGradient,Cheeseman,25.092213,55.168125,10071467,pm10 µg/m³,pm10,,µg/m³,2024-12-28,39.80416666666667,40.5,27.9,52.1,24,100.0,100.0
2981155,The Views,,AE,Asia/Dubai,AirGradient,Cheeseman,25.092213,55.168125,10071467,pm10 µg/m³,pm10,,µg/m³,2024-12-29,52.92916666666667,51.85,38.4,70.4,24,100.0,100.0
2981155,The Views,,AE,Asia/Dubai,AirGradient,Cheeseman,25.092213,55.168125,10071467,pm10 µg/m³,pm10,,µg/m³,2024-12-30,68.52083333333333,70.8,48.3,86.7,24,100.0,100.0
2981155,The Views,,AE,Asia/Dubai,AirGradient,Cheeseman,25.092213,55.168125,10071467,pm10 µg/m³,pm10,,µg/m³,2024-12-31,73.99166666666666,79.0,44.3,111.0,24,100.0,100.0
2981155,The Views,,AE,Asia/Dubai,AirGradient,Cheeseman,25.092213,55.168125,10071467,pm10 µg/m³,pm10,,µg/m³,2025-01-01,48.77,51.25,6.08,77.3,24,100.0,100.0
2981155,The Views,,AE,Asia/Dubai,AirGradient,Cheeseman,25.092213,55.168125,10071467,pm10 µg/m³,pm10,,µg/m³,2025-01-02,9.817083333333334,9.63,2.78,18.3,24,100.0,100.0
2981155,The Views,,AE,Asia/Dubai,AirGradient,Cheeseman,25.092213,55.168125,10071467,pm10 µg/m³,pm10,,µg/m³,2025-01-03,24.868333333333336,20.15,7.68,46.7,24,100.0,100.0
2981155,The Views,,AE,Asia/Dubai,AirGradient,Cheeseman,25.092213,55.168125,10071467,pm10 µg/m³,pm10,,µg/m³,2025-01-04,21.368750000000002,21.6,8.25,32.3,24,100.0,100.0
2981155,The Views,,AE,Asia/Dubai,AirGradient,Cheeseman,25.092213,55.168125,10071467,pm10 µg/m³,pm10,,µg/m³,2025-01-05,32.17916666666667,32.3,15.8,47.0,24,100.0,100.0
2981155,The Views,,AE,Asia/Dubai,AirGradient,Cheeseman,25.092213,55.168125,10071467,pm10 µg/m³,pm10,,µg/m³,2025-01-06,45.21578947368421,37.7,20.8,72.8,19,100.0,100.0
2981155,The Views,,AE,Asia/Dubai,AirGradient,Cheeseman,25.092213,55.168125,10071467,pm10 µg/m³,pm10,,µg/m³,2025-01-07,38.05625,38.05,20.5,53.9,16,100.0,100.0
2981155,The Views,,AE,Asia/Dubai,AirGradient,Cheeseman,25.092213,55.168125,10071467,pm10 µg/m³,pm10,,µg/m³,2025-01-08,37.25695652173913,40.1,8.61,64.7,23,100.0,100.0
2981155,The Views,,AE,Asia/Dubai,AirGradient,Cheeseman,25.092213,55.168125,10071467,pm10 µg/m³,pm10,,µg/m³,2025-01-09,59.51739130434783,54.7,42.0,87.1,23,100.0,100.0
2981155,The Views,,AE,Asia/Dubai,AirGradient,Cheeseman,25.092213,55.168125,10071467,pm10 µg/m³,pm10,,µg/m³,2025-01-10,52.637499999999996,51.15,20.1,74.1,24,100.0,100.0
2981155,The Views,,AE,Asia/Dubai,AirGradient,Cheeseman,25.092213,55.168125,10071467,pm10 µg/m³,pm10,,µg/m³,2025-01-11,27.727777777777778,25.4,13.6,42.5,18,100.0,100.0
2981155,The Views,,AE,Asia/Dubai,AirGradient,Cheeseman,25.092213,55.168125,10071467,pm10 µg/m³,pm10,,µg/m³,2025-01-12,24.8,23.8,21.4,29.2,3,100.0,100.0
2981155,The Views,,AE,Asia/Dubai,AirGradient,Cheeseman,25.092213,55.168125,10071467,pm10 µg/m³,pm10,,µg/m³,2025-01-13,47.26666666666667,44.9,44.7,52.2,3,100.0,100.0
2981155,The Views,,AE,Asia/Dubai,AirGradient,Cheeseman,25.092213,55.168125,10071467,pm10 µg/m³,pm10,,µg/m³,2025-01-14,55.05,56.1,43.0,65.0,4,100.0,100.0
2981155,The Views,,AE,Asia/Dubai,AirGradient,Cheeseman,25.092213,55.168125,10071461,pm25 µg/m³,pm25,,µg/m³,2024-07-25,48.43333333333334,47.1,45.3,52.9,3,100.0,100.0
2981155,The Views,,AE,Asia/Dubai,AirGradient,Cheeseman,25.092213,55.168125,10071461,pm25 µg/m³,pm25,,µg/m³,2024-07-26,45.541666666666664,45.35,27.6,65.8,24,100.0,100.0
2981155,The Views,,AE,Asia/Dubai,AirGradient,Cheeseman,25.092213,55.168125,10071461,pm25 µg/m³,pm25,,µg/m³,2024-07-27,49.70416666666667,45.599999999999994,31.2,78.1,24,100.0,100.0
2981155,The Views,,AE,Asia/Dubai,AirGradient,Cheeseman,25.092213,55.168125,10071461,pm25 µg/m³,pm25,,µg/m³,2024-07-28,28.282608695652176,26.7,21.1,41.1,23,100.0,100.0
2981155,The Views,,AE,Asia/Dubai,AirGradient,Cheeseman,25.092213,55.168125,10071461,pm25 µg/m³,pm25,,µg/m³,2024-07-29,31.545833333333334,31.25,22.9,41.1,24,100.0,100.0
2981155,The Views,,AE,Asia/Dubai,AirGradient,Cheeseman,25.092213,55.168125,10071461,pm25 µg/m³,pm25,,µg/m³,2024-07-30,38.9375,39.05,32.3,46.0,24,100.0,100.0
2981155,The Views,,AE,Asia/Dubai,AirGradient,Cheeseman,25.092213,55.168125,10071461,pm25 µg/m³,pm25,,µg/m³,2024-07-31,31.325,31.25,26.5,36.9,24,100.0,100.0
2981155,The Views,,AE,Asia/Dubai,AirGradient,Cheeseman,25.092213,55.168125,10071461,pm25 µg/m³,pm25,,µg/m³,2024-08-01,27.47083333333333,27.15,15.0,43.4,24,100.0,100.0
2981155,The Views,,AE,Asia/Dubai,AirGradient,Cheeseman,25.092213,55.168125,10071461,pm25 µg/m³,pm25,,µg/m³,2024-08-02,66.07916666666667,63.25,41.3,93.1,24,100.0,100.0
2981155,The Views,,AE,Asia/Dubai,AirGradient,Cheeseman,25.092213,55.168125,10071461,pm25 µg/m³,pm25,,µg/m³,2024-08-03,53.12083333333334,52.400000000000006,46.5,66.8,24,100.0,100.0
2981155,The Views,,AE,Asia/Dubai,AirGradient,Cheeseman,25.092213,55.168125,10071461,pm25 µg/m³,pm25,,µg/m³,2024-08-04,41.39565217391304,37.7,31.1,75.2,23,100.0,100.0
2981155,The Views,,AE,Asia/Dubai,AirGradient,Cheeseman,25.092213,55.168125,10071461,pm25 µg/m³,pm25,,µg/m³,2024-08-05,36.30833333333333,38.1,26.4,43.5,24,100.0,100.0
2981155,The Views,,AE,Asia/Dubai,AirGradient,Cheeseman,25.092213,55.168125,10071461,pm25 µg/m³,pm25,,µg/m³,2024-08-06,23.59166666666667,20.799999999999997,15.9,36.4,24,100.0,100.0
2981155,The Views,,AE,Asia/Dubai,AirGradient,Cheeseman,25.092213,55.168125,10071461,pm25 µg/m³,pm25,,µg/m³,2024-08-07,30.670833333333334,28.9,20.1,50.8,24,100.0,100.0
2981155,The Views,,AE,Asia/Dubai,AirGradient,Cheeseman,25.092213,55.168125,10071461,pm25 µg/m³,pm25,,µg/m³,2024-08-08,24.079166666666666,23.200000000000003,11.8,50.8,24,100.0,100.0
2981155,The Views,,AE,Asia/Dubai,AirGradient,Cheeseman,25.092213,55.168125,10071461,pm25 µg/m³,pm25,,µg/m³,2024-08-09,17.340416666666666,15.85,9.0,25.8,24,100.0,100.0
2981155,The Views,,AE,Asia/Dubai,AirGradient,Cheeseman,25.092213,55.168125,10071461,pm25 µg/m³,pm25,,µg/m³,2024-08-10,14.681666666666667,14.05,7.69,26.7,24,100.0,100.0
2981155,The Views,,AE,Asia/Dubai,AirGradient,Cheeseman,25.092213,55.168125,10071461,pm25 µg/m³,pm25,,µg/m³,2024-08-11,17.765416666666667,19.25,8.97,23.9,24,100.0,100.0
2981155,The Views,,AE,Asia/Dubai,AirGradient,Cheeseman,25.092213,55.168125,10071461,pm25 µg/m³,pm25,,µg/m³,2024-08-12,24.212500000000002,23.95,19.6,29.0,24,100.0,100.0
2981155,The Views,,AE,Asia/Dubai,AirGradient,Cheeseman,25.092213,55.168125,10071461,pm25 µg/m³,pm25,,µg/m³,2024-08-13,21.558333333333334,21.65,13.0,30.8,24,100.0,100.0
2981155,The Views,,AE,Asia/Dubai,AirGradient,Cheeseman,25.092213,55.168125,10071461,pm25 µg/m³,pm25,,µg/m³,2024-08-14,22.395652173913046,22.6,17.4,30.1,23,100.0,100.0
2981155,The Views,,AE,Asia/Dubai,AirGradient,Cheeseman,25.092213,55.168125,10071461,pm25 µg/m³,pm25,,µg/m³,2024-08-15,24.008333333333336,25.75,14.7,29.6,24,100.0,100.0
2981155,The Views,,AE,Asia/Dubai,AirGradient,Cheeseman,25.092213,55.168125,10071461,pm25 µg/m³,pm25,,µg/m³,2024-08-16,38.0625,38.599999999999994,31.1,43.3,24,100.0,100.0
2981155,The Views,,AE,Asia/Dubai,AirGradient,Cheeseman,25.092213,55.168125,10071461,pm25 µg/m³,pm25,,µg/m³,2024-08-17,23.933333333333334,21.1,11.4,45.1,24,100.0,100.0
2981155,The Views,,AE,Asia/Dubai,AirGradient,Cheeseman,25.092213,55.168125,10071461,pm25 µg/m³,pm25,,µg/m³,2024-08-18,23.079166666666666,22.799999999999997,18.9,30.0,24,100.0,100.0
2981155,The Views,,AE,Asia/Dubai,AirGradient,Cheeseman,25.092213,55.168125,10071461,pm25 µg/m³,pm25,,µg/m³,2024-08-19,24.004166666666666,23.6,16.3,30.9,24,100.0,100.0
2981155,The Views,,AE,Asia/Dubai,AirGradient,Cheeseman,25.092213,55.168125,10071461,pm25 µg/m³,pm25,,µg/m³,2024-08-20,17.13375,18.15,8.53,23.2,24,100.0,100.0
2981155,The Views,,AE,Asia/Dubai,AirGradient,Cheeseman,25.092213,55.168125,10071461,pm25 µg/m³,pm25,,µg/m³,2024-08-21,13.239166666666668,14.3,5.7,23.5,24,100.0,100.0
2981155,The Views,,AE,Asia/Dubai,AirGradient,Cheeseman,25.092213,55.168125,10071461,pm25 µg/m³,pm25,,µg/m³,2024-08-22,15.11125,16.049999999999997,5.32,25.8,24,100.0,100.0
2981155,The Views,,AE,Asia/Dubai,AirGradient,Cheeseman,25.092213,55.168125,10071461,pm25 µg/m³,pm25,,µg/m³,2024-08-23,23.400000000000002,23.200000000000003,12.4,31.4,24,100.0,100.0
2981155,The Views,,AE,Asia/Dubai,AirGradient,Cheeseman,25.092213,55.168125,10071461,pm25 µg/m³,pm25,,µg/m³,2024-08-24,24.6125,25.4,11.9,31.0,24,100.0,100.0
2981155,The Views,,AE,Asia/Dubai,AirGradient,Cheeseman,25.092213,55.168125,10071461,pm25 µg/m³,pm25,,µg/m³,2024-08-25,24.530416666666667,24.65,9.13,34.0,24,100.0,100.0
2981155,The Views,,AE,Asia/Dubai,AirGradient,Cheeseman,25.092213,55.168125,10071461,pm25 µg/m³,pm25,,µg/m³,2024-08-26,45.50833333333333,37.0,31.8,66.7,24,100.0,100.0
2981155,The Views,,AE,Asia/Dubai,AirGradient,Cheeseman,25.092213,55.168125,10071461,pm25 µg/m³,pm25,,µg/m³,2024-08-27,89.55909090909091,83.75,43.3,129.0,22,100.0,100.0
2981155,The Views,,AE,Asia/Dubai,AirGradient,Cheeseman,25.092213,55.168125,10071461,pm25 µg/m³,pm25,,µg/m³,2024-08-28,122.66666666666667,124.0,112.0,129.0,9,100.0,100.0
2981155,The Views,,AE,Asia/Dubai,AirGradient,Cheeseman,25.092213,55.168125,10071461,pm25 µg/m³,pm25,,µg/m³,2024-08-29,94.175,96.7,53.9,123.0,24,100.0,100.0
2981155,The Views,,AE,Asia/Dubai,AirGradient,Cheeseman,25.092213,55.168125,10071461,pm25 µg/m³,pm25,,µg/m³,2024-08-30,81.66666666666667,72.65,41.3,128.0,24,100.0,100.0
2981155,The Views,,AE,Asia/Dubai,AirGradient,Cheeseman,25.092213,55.168125,10071461,pm25 µg/m³,pm25,,µg/m³,2024-08-31,30.877916666666668,24.1,8.97,62.7,24,100.0,100.0
2981155,The Views,,AE,Asia/Dubai,AirGradient,Cheeseman,25.092213,55.168125,10071461,pm25 µg/m³,pm25,,µg/m³,2024-09-01,18.8875,19.15,12.7,23.6,24,100.0,100.0
2981155,The Views,,AE,Asia/Dubai,AirGradient,Cheeseman,25.092213,55.168125,10071461,pm25 µg/m³,pm25,,µg/m³,2024-09-02,13.66125,11.850000000000001,7.53,22.3,24,100.0,100.0
2981155,The Views,,AE,Asia/Dubai,AirGradient,Cheeseman,25.092213,55.168125,10071461,pm25 µg/m³,pm25,,µg/m³,2024-09-03,15.008750000000001,14.899999999999999,6.44,21.1,24,100.0,100.0
2981155,The Views,,AE,Asia/Dubai,AirGradient,Cheeseman,25.092213,55.168125,10071461,pm25 µg/m³,pm25,,µg/m³,2024-09-04,10.75095238095238,9.27,3.18,21.4,21,100.0,100.0
2981155,The Views,,AE,Asia/Dubai,AirGradient,Cheeseman,25.092213,55.168125,10071461,pm25 µg/m³,pm25,,µg/m³,2024-09-05,15.649583333333332,19.35,4.28,29.9,24,100.0,100.0
2981155,The Views,,AE,Asia/Dubai,AirGradient,Cheeseman,25.092213,55.168125,10071461,pm25 µg/m³,pm25,,µg/m³,2024-09-06,40.04,33.4,24.1,60.3,15,100.0,100.0
2981155,The Views,,AE,Asia/Dubai,AirGradient,Cheeseman,25.092213,55.168125,10071461,pm25 µg/m³,pm25,,µg/m³,2024-09-07,56.37916666666666,58.3,39.1,73.2,24,100.0,100.0
2981155,The Views,,AE,Asia/Dubai,AirGradient,Cheeseman,25.092213,55.168125,10071461,pm25 µg/m³,pm25,,µg/m³,2024-09-08,41.62083333333333,44.0,21.6,56.8,24,100.0,100.0
2981155,The Views,,AE,Asia/Dubai,AirGradient,Cheeseman,25.092213,55.168125,10071461,pm25 µg/m³,pm25,,µg/m³,2024-09-09,43.68333333333334,35.55,31.4,80.4,24,100.0,100.0
2981155,The Views,,AE,Asia/Dubai,AirGradient,Cheeseman,25.092213,55.168125,10071461,pm25 µg/m³,pm25,,µg/m³,2024-09-10,89.7,88.1,53.9,147.0,21,100.0,100.0
2981155,The Views,,AE,Asia/Dubai,AirGradient,Cheeseman,25.092213,55.168125,10071461,pm25 µg/m³,pm25,,µg/m³,2024-09-11,76.08181818181818,74.55,62.3,89.0,22,100.0,100.0
2981155,The Views,,AE,Asia/Dubai,AirGradient,Cheeseman,25.092213,55.168125,10071461,pm25 µg/m³,pm25,,µg/m³,2024-09-12,29.083333333333332,28.5,18.1,50.1,24,100.0,100.0
2981155,The Views,,AE,Asia/Dubai,AirGradient,Cheeseman,25.092213,55.168125,10071461,pm25 µg/m³,pm25,,µg/m³,2024-09-13,27.623529411764707,30.0,11.8,38.9,17,100.0,100.0
2981155,The Views,,AE,Asia/Dubai,AirGradient,Cheeseman,25.092213,55.168125,10071461,pm25 µg/m³,pm25,,µg/m³,2024-09-14,41.24583333333333,41.05,15.4,83.5,24,100.0,100.0
2981155,The Views,,AE,Asia/Dubai,AirGradient,Cheeseman,25.092213,55.168125,10071461,pm25 µg/m³,pm25,,µg/m³,2024-09-15,58.61666666666667,53.5,31.6,90.8,24,100.0,100.0
2981155,The Views,,AE,Asia/Dubai,AirGradient,Cheeseman,25.092213,55.168125,10071461,pm25 µg/m³,pm25,,µg/m³,2024-09-16,50.85,51.45,31.9,65.1,24,100.0,100.0
2981155,The Views,,AE,Asia/Dubai,AirGradient,Cheeseman,25.092213,55.168125,10071461,pm25 µg/m³,pm25,,µg/m³,2024-09-17,43.824999999999996,42.6,28.7,54.3,24,100.0,100.0
2981155,The Views,,AE,Asia/Dubai,AirGradient,Cheeseman,25.092213,55.168125,10071461,pm25 µg/m³,pm25,,µg/m³,2024-09-18,43.15833333333333,39.849999999999994,29.9,70.9,24,100.0,100.0
2981155,The Views,,AE,Asia/Dubai,AirGradient,Cheeseman,25.092213,55.168125,10071461,pm25 µg/m³,pm25,,µg/m³,2024-09-19,57.13333333333333,57.25,39.2,72.5,24,100.0,100.0
2981155,The Views,,AE,Asia/Dubai,AirGradient,Cheeseman,25.092213,55.168125,10071461,pm25 µg/m³,pm25,,µg/m³,2024-09-20,45.949999999999996,49.2,32.9,56.9,24,100.0,100.0
2981155,The Views,,AE,Asia/Dubai,AirGradient,Cheeseman,25.092213,55.168125,10071461,pm25 µg/m³,pm25,,µg/m³,2024-09-21,40.56666666666667,40.25,32.1,60.8,24,100.0,100.0
2981155,The Views,,AE,Asia/Dubai,AirGradient,Cheeseman,25.092213,55.168125,10071461,pm25 µg/m³,pm25,,µg/m³,2024-09-22,34.18333333333333,34.8,26.1,40.6,24,100.0,100.0
2981155,The Views,,AE,Asia/Dubai,AirGradient,Cheeseman,25.092213,55.168125,10071461,pm25 µg/m³,pm25,,µg/m³,2024-09-23,38.8125,34.8,27.3,69.1,24,100.0,100.0
2981155,The Views,,AE,Asia/Dubai,AirGradient,Cheeseman,25.092213,55.168125,10071461,pm25 µg/m³,pm25,,µg/m³,2024-09-24,82.27499999999999,77.55000000000001,47.0,151.0,24,100.0,100.0
2981155,The Views,,AE,Asia/Dubai,AirGradient,Cheeseman,25.092213,55.168125,10071461,pm25 µg/m³,pm25,,µg/m³,2024-09-25,69.88333333333334,70.9,47.9,89.5,24,100.0,100.0
2981155,The Views,,AE,Asia/Dubai,AirGradient,Cheeseman,25.092213,55.168125,10071461,pm25 µg/m³,pm25,,µg/m³,2024-09-26,91.4875,91.6,66.7,119.0,24,100.0,100.0
2981155,The Views,,AE,Asia/Dubai,AirGradient,Cheeseman,25.092213,55.168125,10071461,pm25 µg/m³,pm25,,µg/m³,2024-09-27,81.26666666666667,83.95,56.8,98.4,24,100.0,100.0
2981155,The Views,,AE,Asia/Dubai,AirGradient,Cheeseman,25.092213,55.168125,10071461,pm25 µg/m³,pm25,,µg/m³,2024-09-28,67.12916666666666,58.900000000000006,51.3,109.0,24,100.0,100.0
2981155,The Views,,AE,Asia/Dubai,AirGradient,Cheeseman,25.092213,55.168125,10071461,pm25 µg/m³,pm25,,µg/m³,2024-09-29,37.62208333333333,23.25,9.83,83.0,24,100.0,100.0
2981155,The Views,,AE,Asia/Dubai,AirGradient,Cheeseman,25.092213,55.168125,10071461,pm25 µg/m³,pm25,,µg/m³,2024-09-30,20.424166666666668,22.45,7.6,30.9,24,100.0,100.0
2981155,The Views,,AE,Asia/Dubai,AirGradient,Cheeseman,25.092213,55.168125,10071461,pm25 µg/m³,pm25,,µg/m³,2024-10-01,18.529166666666665,19.15,5.45,30.8,24,100.0,100.0
2981155,The Views,,AE,Asia/Dubai,AirGradient,Cheeseman,25.092213,55.168125,10071461,pm25 µg/m³,pm25,,µg/m³,2024-10-02,23.09875,27.15,7.17,32.9,24,100.0,100.0
2981155,The Views,,AE,Asia/Dubai,AirGradient,Cheeseman,25.092213,55.168125,10071461,pm25 µg/m³,pm25,,µg/m³,2024-10-03,31.5625,30.549999999999997,26.3,38.8,24,100.0,100.0
2981155,The Views,,AE,Asia/Dubai,AirGradient,Cheeseman,25.092213,55.168125,10071461,pm25 µg/m³,pm25,,µg/m³,2024-10-04,34.962916666666665,39.150000000000006,4.43,44.2,24,100.0,100.0
2981155,The Views,,AE,Asia/Dubai,AirGradient,Cheeseman,25.092213,55.168125,10071461,pm25 µg/m³,pm25,,µg/m³,2024-10-05,12.0425,10.8,2.42,31.2,20,100.0,100.0
2981155,The Views,,AE,Asia/Dubai,AirGradient,Cheeseman,25.092213,55.168125,10071461,pm25 µg/m³,pm25,,µg/m³,2024-10-06,29.342105263157894,30.2,23.7,34.8,19,100.0,100.0
2981155,The Views,,AE,Asia/Dubai,AirGradient,Cheeseman,25.092213,55.168125,10071461,pm25 µg/m³,pm25,,µg/m³,2024-10-07,23.069999999999997,21.3,5.3,45.7,24,100.0,100.0
2981155,The Views,,AE,Asia/Dubai,AirGradient,Cheeseman,25.092213,55.168125,10071461,pm25 µg/m³,pm25,,µg/m³,2024-10-08,18.923750000000002,20.15,5.57,28.4,24,100.0,100.0
2981155,The Views,,AE,Asia/Dubai,AirGradient,Cheeseman,25.092213,55.168125,10071461,pm25 µg/m³,pm25,,µg/m³,2024-10-09,26.687083333333334,18.3,7.87,95.5,24,100.0,100.0
2981155,The Views,,AE,Asia/Dubai,AirGradient,Cheeseman,25.092213,55.168125,10071461,pm25 µg/m³,pm25,,µg/m³,2024-10-10,48.31666666666666,48.3,37.4,62.3,24,100.0,100.0
2981155,The Views,,AE,Asia/Dubai,AirGradient,Cheeseman,25.092213,55.168125,10071461,pm25 µg/m³,pm25,,µg/m³,2024-10-11,51.75,50.2,41.8,63.5,24,100.0,100.0
2981155,The Views,,AE,Asia/Dubai,AirGradient,Cheeseman,25.092213,55.168125,10071461,pm25 µg/m³,pm25,,µg/m³,2024-10-12,47.199999999999996,43.45,35.4,62.8,24,100.0,100.0
2981155,The Views,,AE,Asia/Dubai,AirGradient,Cheeseman,25.092213,55.168125,10071461,pm25 µg/m³,pm25,,µg/m³,2024-10-13,44.5375,44.9,37.1,55.4,24,100.0,100.0
2981155,The Views,,AE,Asia/Dubai,AirGradient,Cheeseman,25.092213,55.168125,10071461,pm25 µg/m³,pm25,,µg/m³,2024-10-14,42.262499999999996,37.55,22.1,67.0,24,100.0,100.0
2981155,The Views,,AE,Asia/Dubai,AirGradient,Cheeseman,25.092213,55.168125,10071461,pm25 µg/m³,pm25,,µg/m³,2024-10-15,29.474999999999998,31.2,19.0,39.7,24,100.0,100.0
2981155,The Views,,AE,Asia/Dubai,AirGradient,Cheeseman,25.092213,55.168125,10071461,pm25 µg/m³,pm25,,µg/m³,2024-10-16,19.559166666666666,22.35,4.4,29.8,24,100.0,100.0
2981155,The Views,,AE,Asia/Dubai,AirGradient,Cheeseman,25.092213,55.168125,10071461,pm25 µg/m³,pm25,,µg/m³,2024-10-17,3.737916666666667,2.795,1.1,13.3,24,100.0,100.0
2981155,The Views,,AE,Asia/Dubai,AirGradient,Cheeseman,25.092213,55.168125,10071461,pm25 µg/m³,pm25,,µg/m³,2024-10-18,15.664583333333333,17.450000000000003,4.14,28.6,24,100.0,100.0
2981155,The Views,,AE,Asia/Dubai,AirGradient,Cheeseman,25.092213,55.168125,10071461,pm25 µg/m³,pm25,,µg/m³,2024-10-19,26.0725,23.15,7.7,70.5,24,100.0,100.0
2981155,The Views,,AE,Asia/Dubai,AirGradient,Cheeseman,25.092213,55.168125,10071461,pm25 µg/m³,pm25,,µg/m³,2024-10-20,73.15833333333333,69.4,31.4,113.0,24,100.0,100.0
2981155,The Views,,AE,Asia/Dubai,AirGradient,Cheeseman,25.092213,55.168125,10071461,pm25 µg/m³,pm25,,µg/m³,2024-10-21,75.64583333333333,72.65,61.6,98.3,24,100.0,100.0
2981155,The Views,,AE,Asia/Dubai,AirGradient,Cheeseman,25.092213,55.168125,10071461,pm25 µg/m³,pm25,,µg/m³,2024-10-22,57.8125,47.5,31.3,93.0,24,100.0,100.0
2981155,The Views,,AE,Asia/Dubai,AirGradient,Cheeseman,25.092213,55.168125,10071461,pm25 µg/m³,pm25,,µg/m³,2024-10-23,36.80041666666667,40.8,9.61,53.2,24,100.0,100.0
2981155,The Views,,AE,Asia/Dubai,AirGradient,Cheeseman,25.092213,55.168125,10071461,pm25 µg/m³,pm25,,µg/m³,2024-10-24,26.905833333333334,32.1,7.63,40.6,24,100.0,100.0
2981155,The Views,,AE,Asia/Dubai,AirGradient,Cheeseman,25.092213,55.168125,10071461,pm25 µg/m³,pm25,,µg/m³,2024-10-25,36.800000000000004,33.8,22.1,52.6,24,100.0,100.0
2981155,The Views,,AE,Asia/Dubai,AirGradient,Cheeseman,25.092213,55.168125,10071461,pm25 µg/m³,pm25,,µg/m³,2024-10-26,35.13625,38.8,8.18,54.8,24,100.0,100.0
2981155,The Views,,AE,Asia/Dubai,AirGradient,Cheeseman,25.092213,55.168125,10071461,pm25 µg/m³,pm25,,µg/m³,2024-10-27,18.844166666666666,19.0,5.97,44.9,24,100.0,100.0
2981155,The Views,,AE,Asia/Dubai,AirGradient,Cheeseman,25.092213,55.168125,10071461,pm25 µg/m³,pm25,,µg/m³,2024-10-28,18.387083333333333,19.299999999999997,5.22,27.5,24,100.0,100.0
2981155,The Views,,AE,Asia/Dubai,AirGradient,Cheeseman,25.092213,55.168125,10071461,pm25 µg/m³,pm25,,µg/m³,2024-10-29,29.212500000000002,27.05,18.7,52.3,24,100.0,100.0
2981155,The Views,,AE,Asia/Dubai,AirGradient,Cheeseman,25.092213,55.168125,10071461,pm25 µg/m³,pm25,,µg/m³,2024-10-30,30.825,32.0,10.8,51.1,24,100.0,100.0
2981155,The Views,,AE,Asia/Dubai,AirGradient,Cheeseman,25.092213,55.168125,10071461,pm25 µg/m³,pm25,,µg/m³,2024-10-31,43.90416666666667,41.0,34.8,64.0,24,100.0,100.0
2981155,The Views,,AE,Asia/Dubai,AirGradient,Cheeseman,25.092213,55.168125,10071461,pm25 µg/m³,pm25,,µg/m³,2024-11-01,54.05833333333334,52.25,44.8,74.7,24,100.0,100.0
2981155,The Views,,AE,Asia/Dubai,AirGradient,Cheeseman,25.092213,55.168125,10071461,pm25 µg/m³,pm25,,µg/m³,2024-11-02,53.40833333333333,46.65,42.1,98.1,24,100.0,100.0
2981155,The Views,,AE,Asia/Dubai,AirGradient,Cheeseman,25.092213,55.168125,10071461,pm25 µg/m³,pm25,,µg/m³,2024-11-03,77.72500000000001,82.80000000000001,22.2,129.0,24,100.0,100.0
2981155,The Views,,AE,Asia/Dubai,AirGradient,Cheeseman,25.092213,55.168125,10071461,pm25 µg/m³,pm25,,µg/m³,2024-11-04,51.50833333333333,43.45,26.3,98.6,24,100.0,100.0
2981155,The Views,,AE,Asia/Dubai,AirGradient,Cheeseman,25.092213,55.168125,10071461,pm25 µg/m³,pm25,,µg/m³,2024-11-05,44.362500000000004,45.3,31.7,54.5,24,100.0,100.0
2981155,The Views,,AE,Asia/Dubai,AirGradient,Cheeseman,25.092213,55.168125,10071461,pm25 µg/m³,pm25,,µg/m³,2024-11-06,48.67916666666667,48.9,35.4,60.3,24,100.0,100.0
2981155,The Views,,AE,Asia/Dubai,AirGradient,Cheeseman,25.092213,55.168125,10071461,pm25 µg/m³,pm25,,µg/m³,2024-11-07,52.137499999999996,48.65,25.7,86.1,24,100.0,100.0
2981155,The Views,,AE,Asia/Dubai,AirGradient,Cheeseman,25.092213,55.168125,10071461,pm25 µg/m³,pm25,,µg/m³,2024-11-08,61.525,49.85,28.8,109.0,24,100.0,100.0
2981155,The Views,,AE,Asia/Dubai,AirGradient,Cheeseman,25.092213,55.168125,10071461,pm25 µg/m³,pm25,,µg/m³,2024-11-09,49.979166666666664,47.3,43.5,65.4,24,100.0,100.0
2981155,The Views,,AE,Asia/Dubai,AirGradient,Cheeseman,25.092213,55.168125,10071461,pm25 µg/m³,pm25,,µg/m³,2024-11-10,54.34166666666667,50.9,40.1,77.6,24,100.0,100.0
2981155,The Views,,AE,Asia/Dubai,AirGradient,Cheeseman,25.092213,55.168125,10071461,pm25 µg/m³,pm25,,µg/m³,2024-11-11,47.637499999999996,46.900000000000006,39.2,60.9,24,100.0,100.0
2981155,The Views,,AE,Asia/Dubai,AirGradient,Cheeseman,25.092213,55.168125,10071461,pm25 µg/m³,pm25,,µg/m³,2024-11-12,45.22083333333333,44.7,41.9,48.2,24,100.0,100.0
2981155,The Views,,AE,Asia/Dubai,AirGradient,Cheeseman,25.092213,55.168125,10071461,pm25 µg/m³,pm25,,µg/m³,2024-11-13,53.57916666666667,52.599999999999994,42.8,72.7,24,100.0,100.0
2981155,The Views,,AE,Asia/Dubai,AirGradient,Cheeseman,25.092213,55.168125,10071461,pm25 µg/m³,pm25,,µg/m³,2024-11-14,65.6375,60.900000000000006,40.9,99.8,24,100.0,100.0
2981155,The Views,,AE,Asia/Dubai,AirGradient,Cheeseman,25.092213,55.168125,10071461,pm25 µg/m³,pm25,,µg/m³,2024-11-15,30.27541666666667,31.349999999999998,4.88,48.6,24,100.0,100.0
2981155,The Views,,AE,Asia/Dubai,AirGradient,Cheeseman,25.092213,55.168125,10071461,pm25 µg/m³,pm25,,µg/m³,2024-11-16,17.59625,16.5,4.47,32.5,24,100.0,100.0
2981155,The Views,,AE,Asia/Dubai,AirGradient,Cheeseman,25.092213,55.168125,10071461,pm25 µg/m³,pm25,,µg/m³,2024-11-17,32.7125,31.75,12.9,51.2,24,100.0,100.0
2981155,The Views,,AE,Asia/Dubai,AirGradient,Cheeseman,25.092213,55.168125,10071461,pm25 µg/m³,pm25,,µg/m³,2024-11-18,47.699999999999996,46.45,35.8,59.1,24,100.0,100.0
2981155,The Views,,AE,Asia/Dubai,AirGradient,Cheeseman,25.092213,55.168125,10071461,pm25 µg/m³,pm25,,µg/m³,2024-11-19,41.016666666666666,41.2,31.1,49.0,24,100.0,100.0
2981155,The Views,,AE,Asia/Dubai,AirGradient,Cheeseman,25.092213,55.168125,10071461,pm25 µg/m³,pm25,,µg/m³,2024-11-20,49.725,47.400000000000006,39.7,69.2,24,100.0,100.0
2981155,The Views,,AE,Asia/Dubai,AirGradient,Cheeseman,25.092213,55.168125,10071461,pm25 µg/m³,pm25,,µg/m³,2024-11-21,49.583333333333336,50.05,40.5,61.1,24,100.0,100.0
2981155,The Views,,AE,Asia/Dubai,AirGradient,Cheeseman,25.092213,55.168125,10071461,pm25 µg/m³,pm25,,µg/m³,2024-11-22,65.26666666666667,58.85,48.6,89.8,24,100.0,100.0
2981155,The Views,,AE,Asia/Dubai,AirGradient,Cheeseman,25.092213,55.168125,10071461,pm25 µg/m³,pm25,,µg/m³,2024-11-23,61.15416666666667,49.900000000000006,27.0,110.0,24,100.0,100.0
2981155,The Views,,AE,Asia/Dubai,AirGradient,Cheeseman,25.092213,55.168125,10071461,pm25 µg/m³,pm25,,µg/m³,2024-11-24,33.21583333333333,38.35,7.0,47.0,24,100.0,100.0
2981155,The Views,,AE,Asia/Dubai,AirGradient,Cheeseman,25.092213,55.168125,10071461,pm25 µg/m³,pm25,,µg/m³,2024-11-25,33.920833333333334,30.65,17.7,52.8,24,100.0,100.0
2981155,The Views,,AE,Asia/Dubai,AirGradient,Cheeseman,25.092213,55.168125,10071461,pm25 µg/m³,pm25,,µg/m³,2024-11-26,30.245833333333334,29.85,24.5,39.3,24,100.0,100.0
2981155,The Views,,AE,Asia/Dubai,AirGradient,Cheeseman,25.092213,55.168125,10071461,pm25 µg/m³,pm25,,µg/m³,2024-11-27,38.770833333333336,39.650000000000006,31.0,48.7,24,100.0,100.0
2981155,The Views,,AE,Asia/Dubai,AirGradient,Cheeseman,25.092213,55.168125,10071461,pm25 µg/m³,pm25,,µg/m³,2024-11-28,39.550000000000004,44.1,17.7,62.6,24,100.0,100.0
2981155,The Views,,AE,Asia/Dubai,AirGradient,Cheeseman,25.092213,55.168125,10071461,pm25 µg/m³,pm25,,µg/m³,2024-11-29,10.770833333333334,7.345,4.35,21.9,24,100.0,100.0
2981155,The Views,,AE,Asia/Dubai,AirGradient,Cheeseman,25.092213,55.168125,10071461,pm25 µg/m³,pm25,,µg/m³,2024-11-30,11.774583333333332,7.41,5.61,28.9,24,100.0,100.0
2981155,The Views,,AE,Asia/Dubai,AirGradient,Cheeseman,25.092213,55.168125,10071461,pm25 µg/m³,pm25,,µg/m³,2024-12-01,8.351,4.995,0.6,27.7,24,100.0,100.0
2981155,The Views,,AE,Asia/Dubai,AirGradient,Cheeseman,25.092213,55.168125,10071461,pm25 µg/m³,pm25,,µg/m³,2024-12-02,27.991666666666664,26.950000000000003,19.8,41.6,24,100.0,100.0
2981155,The Views,,AE,Asia/Dubai,AirGradient,Cheeseman,25.092213,55.168125,10071461,pm25 µg/m³,pm25,,µg/m³,2024-12-03,21.31083333333333,12.2,3.34,43.4,24,100.0,100.0
2981155,The Views,,AE,Asia/Dubai,AirGradient,Cheeseman,25.092213,55.168125,10071461,pm25 µg/m³,pm25,,µg/m³,2024-12-04,16.60375,18.85,6.11,24.1,24,100.0,100.0
2981155,The Views,,AE,Asia/Dubai,AirGradient,Cheeseman,25.092213,55.168125,10071461,pm25 µg/m³,pm25,,µg/m³,2024-12-05,29.604166666666668,29.25,14.8,42.7,24,100.0,100.0
2981155,The Views,,AE,Asia/Dubai,AirGradient,Cheeseman,25.092213,55.168125,10071461,pm25 µg/m³,pm25,,µg/m³,2024-12-06,64.95833333333333,52.85,42.3,108.0,24,100.0,100.0
2981155,The Views,,AE,Asia/Dubai,AirGradient,Cheeseman,25.092213,55.168125,10071461,pm25 µg/m³,pm25,,µg/m³,2024-12-07,44.2875,43.45,27.9,70.0,24,100.0,100.0
2981155,The Views,,AE,Asia/Dubai,AirGradient,Cheeseman,25.092213,55.168125,10071461,pm25 µg/m³,pm25,,µg/m³,2024-12-08,27.014583333333334,24.1,8.19,48.2,24,100.0,100.0
2981155,The Views,,AE,Asia/Dubai,AirGradient,Cheeseman,25.092213,55.168125,10071461,pm25 µg/m³,pm25,,µg/m³,2024-12-09,9.785833333333334,8.649999999999999,5.9,20.2,24,100.0,100.0
2981155,The Views,,AE,Asia/Dubai,AirGradient,Cheeseman,25.092213,55.168125,10071461,pm25 µg/m³,pm25,,µg/m³,2024-12-10,25.366666666666664,23.45,18.6,63.0,24,100.0,100.0
2981155,The Views,,AE,Asia/Dubai,AirGradient,Cheeseman,25.092213,55.168125,10071461,pm25 µg/m³,pm25,,µg/m³,2024-12-11,22.22666666666667,23.35,6.81,60.1,24,100.0,100.0
2981155,The Views,,AE,Asia/Dubai,AirGradient,Cheeseman,25.092213,55.168125,10071461,pm25 µg/m³,pm25,,µg/m³,2024-12-12,11.554583333333333,9.735,6.31,23.0,24,100.0,100.0
2981155,The Views,,AE,Asia/Dubai,AirGradient,Cheeseman,25.092213,55.168125,10071461,pm25 µg/m³,pm25,,µg/m³,2024-12-13,20.180833333333332,20.5,6.83,38.3,24,100.0,100.0
2981155,The Views,,AE,Asia/Dubai,AirGradient,Cheeseman,25.092213,55.168125,10071461,pm25 µg/m³,pm25,,µg/m³,2024-12-14,38.3125,38.2,33.6,43.6,24,100.0,100.0
2981155,The Views,,AE,Asia/Dubai,AirGradient,Cheeseman,25.092213,55.168125,10071461,pm25 µg/m³,pm25,,µg/m³,2024-12-15,33.97083333333333,38.8,15.0,48.3,24,100.0,100.0
2981155,The Views,,AE,Asia/Dubai,AirGradient,Cheeseman,25.092213,55.168125,10071461,pm25 µg/m³,pm25,,µg/m³,2024-12-16,19.751875,21.55,4.13,36.8,16,100.0,100.0
2981155,The Views,,AE,Asia/Dubai,AirGradient,Cheeseman,25.092213,55.168125,10071461,pm25 µg/m³,pm25,,µg/m³,2024-12-17,29.73913043478261,30.2,26.7,32.6,23,100.0,100.0
2981155,The Views,,AE,Asia/Dubai,AirGradient,Cheeseman,25.092213,55.168125,10071461,pm25 µg/m³,pm25,,µg/m³,2024-12-18,31.0,31.799999999999997,24.5,36.4,24,100.0,100.0
2981155,The Views,,AE,Asia/Dubai,AirGradient,Cheeseman,25.092213,55.168125,10071461,pm25 µg/m³,pm25,,µg/m³,2024-12-19,39.44583333333333,36.599999999999994,28.5,64.0,24,100.0,100.0
2981155,The Views,,AE,Asia/Dubai,AirGradient,Cheeseman,25.092213,55.168125,10071461,pm25 µg/m³,pm25,,µg/m³,2024-12-20,42.045833333333334,38.0,32.4,69.2,24,100.0,100.0
2981155,The Views,,AE,Asia/Dubai,AirGradient,Cheeseman,25.092213,55.168125,10071461,pm25 µg/m³,pm25,,µg/m³,2024-12-21,35.72,36.45,5.64,76.0,24,100.0,100.0
2981155,The Views,,AE,Asia/Dubai,AirGradient,Cheeseman,25.092213,55.168125,10071461,pm25 µg/m³,pm25,,µg/m³,2024-12-22,30.10083333333333,29.700000000000003,6.36,42.6,24,100.0,100.0
2981155,The Views,,AE,Asia/Dubai,AirGradient,Cheeseman,25.092213,55.168125,10071461,pm25 µg/m³,pm25,,µg/m³,2024-12-23,36.75416666666667,37.25,25.8,48.1,24,100.0,100.0
2981155,The Views,,AE,Asia/Dubai,AirGradient,Cheeseman,25.092213,55.168125,10071461,pm25 µg/m³,pm25,,µg/m³,2024-12-24,47.5625,48.65,36.0,56.9,24,100.0,100.0
2981155,The Views,,AE,Asia/Dubai,AirGradient,Cheeseman,25.092213,55.168125,10071461,pm25 µg/m³,pm25,,µg/m³,2024-12-25,55.4,54.4,37.8,75.9,24,100.0,100.0
2981155,The Views,,AE,Asia/Dubai,AirGradient,Cheeseman,25.092213,55.168125,10071461,pm25 µg/m³,pm25,,µg/m³,2024-12-26,61.4,54.5,46.6,89.0,24,100.0,100.0
2981155,The Views,,AE,Asia/Dubai,AirGradient,Cheeseman,25.092213,55.168125,10071461,pm25 µg/m³,pm25,,µg/m³,2024-12-27,39.9625,40.650000000000006,23.9,53.4,24,100.0,100.0
2981155,The Views,,AE,Asia/Dubai,AirGradient,Cheeseman,25.092213,55.168125,10071461,pm25 µg/m³,pm25,,µg/m³,2024-12-28,34.18333333333333,34.45,26.3,42.5,24,100.0,100.0
2981155,The Views,,AE,Asia/Dubai,AirGradient,Cheeseman,25.092213,55.168125,10071461,pm25 µg/m³,pm25,,µg/m³,2024-12-29,43.208333333333336,42.3,33.4,58.7,24,100.0,100.0
2981155,The Views,,AE,Asia/Dubai,AirGradient,Cheeseman,25.092213,55.168125,10071461,pm25 µg/m³,pm25,,µg/m³,2024-12-30,58.03333333333333,58.4,39.9,77.0,24,100.0,100.0
2981155,The Views,,AE,Asia/Dubai,AirGradient,Cheeseman,25.092213,55.168125,10071461,pm25 µg/m³,pm25,,µg/m³,2024-12-31,65.31666666666668,71.25,36.6,101.0,24,100.0,100.0
2981155,The Views,,AE,Asia/Dubai,AirGradient,Cheeseman,25.092213,55.168125,10071461,pm25 µg/m³,pm25,,µg/m³,2025-01-01,41.406666666666666,41.95,5.36,68.8,24,100.0,100.0
2981155,The Views,,AE,Asia/Dubai,AirGradient,Cheeseman,25.092213,55.168125,10071461,pm25 µg/m³,pm25,,µg/m³,2025-01-02,8.481666666666667,8.245,2.31,16.6,24,100.0,100.0
2981155,The Views,,AE,Asia/Dubai,AirGradient,Cheeseman,25.092213,55.168125,10071461,pm25 µg/m³,pm25,,µg/m³,2025-01-03,21.769583333333333,18.7,6.67,39.0,24,100.0,100.0
2981155,The Views,,AE,Asia/Dubai,AirGradient,Cheeseman,25.092213,55.168125,10071461,pm25 µg/m³,pm25,,µg/m³,2025-01-04,19.855416666666667,20.35,7.59,29.5,24,100.0,100.0
2981155,The Views,,AE,Asia/Dubai,AirGradient,Cheeseman,25.092213,55.168125,10071461,pm25 µg/m³,pm25,,µg/m³,2025-01-05,28.875,30.05,13.6,39.1,24,100.0,100.0
2981155,The Views,,AE,Asia/Dubai,AirGradient,Cheeseman,25.092213,55.168125,10071461,pm25 µg/m³,pm25,,µg/m³,2025-01-06,39.52105263157895,33.4,19.9,63.7,19,100.0,100.0
2981155,The Views,,AE,Asia/Dubai,AirGradient,Cheeseman,25.092213,55.168125,10071461,pm25 µg/m³,pm25,,µg/m³,2025-01-07,33.23125,33.55,19.3,44.4,16,100.0,100.0
2981155,The Views,,AE,Asia/Dubai,AirGradient,Cheeseman,25.092213,55.168125,10071461,pm25 µg/m³,pm25,,µg/m³,2025-01-08,31.76,34.6,8.08,52.1,23,100.0,100.0
2981155,The Views,,AE,Asia/Dubai,AirGradient,Cheeseman,25.092213,55.168125,10071461,pm25 µg/m³,pm25,,µg/m³,2025-01-09,51.2304347826087,45.1,36.0,81.8,23,100.0,100.0
2981155,The Views,,AE,Asia/Dubai,AirGradient,Cheeseman,25.092213,55.168125,10071461,pm25 µg/m³,pm25,,µg/m³,2025-01-10,44.525,42.35,18.3,64.0,24,100.0,100.0
2981155,The Views,,AE,Asia/Dubai,AirGradient,Cheeseman,25.092213,55.168125,10071461,pm25 µg/m³,pm25,,µg/m³,2025-01-11,25.133333333333333,24.1,12.0,36.2,18,100.0,100.0
2981155,The Views,,AE,Asia/Dubai,AirGradient,Cheeseman,25.092213,55.168125,10071461,pm25 µg/m³,pm25,,µg/m³,2025-01-12,23.03333333333333,22.3,19.7,27.1,3,100.0,100.0
2981155,The Views,,AE,Asia/Dubai,AirGradient,Cheeseman,25.092213,55.168125,10071461,pm25 µg/m³,pm25,,µg/m³,2025-01-13,39.46666666666667,37.6,37.5,43.3,3,100.0,100.0
2981155,The Views,,AE,Asia/Dubai,AirGradient,Cheeseman,25.092213,55.168125,10071461,pm25 µg/m³,pm25,,µg/m³,2025-01-14,45.025,45.7,36.4,52.3,4,100.0,100.0
2981155,The Views,,AE,Asia/Dubai,AirGradient,Cheeseman,25.092213,55.168125,10071461,pm25 µg/m³,pm25,,µg/m³,2025-02-11,37.400000000000006,37.400000000000006,36.7,38.1,2,100.0,100.0
2981155,The Views,,AE,Asia/Dubai,AirGradient,Cheeseman,25.092213,55.168125,10071461,pm25 µg/m³,pm25,,µg/m³,2025-02-12,26.83782608695652,26.0,9.38,42.3,23,100.0,100.0
2981155,The Views,,AE,Asia/Dubai,AirGradient,Cheeseman,25.092213,55.168125,10071461,pm25 µg/m³,pm25,,µg/m³,2025-02-13,11.937083333333334,13.1,2.07,20.1,24,100.0,100.0
2981155,The Views,,AE,Asia/Dubai,AirGradient,Cheeseman,25.092213,55.168125,10071461,pm25 µg/m³,pm25,,µg/m³,2025-02-14,15.194166666666668,13.8,0.98,29.0,24,100.0,100.0
2981155,The Views,,AE,Asia/Dubai,AirGradient,Cheeseman,25.092213,55.168125,10071461,pm25 µg/m³,pm25,,µg/m³,2025-02-15,32.88916666666667,35.900000000000006,3.67,55.1,24,100.0,100.0
2981155,The Views,,AE,Asia/Dubai,AirGradient,Cheeseman,25.092213,55.168125,10071461,pm25 µg/m³,pm25,,µg/m³,2025-02-16,27.69333333333333,26.7,5.84,57.5,24,100.0,100.0
2981155,The Views,,AE,Asia/Dubai,AirGradient,Cheeseman,25.092213,55.168125,10071461,pm25 µg/m³,pm25,,µg/m³,2025-02-17,11.313333333333333,10.25,5.05,18.7,24,100.0,100.0
2981155,The Views,,AE,Asia/Dubai,AirGradient,Cheeseman,25.092213,55.168125,10071461,pm25 µg/m³,pm25,,µg/m³,2025-02-18,23.804166666666664,23.5,11.4,42.8,24,100.0,100.0
2981155,The Views,,AE,Asia/Dubai,AirGradient,Cheeseman,25.092213,55.168125,10071461,pm25 µg/m³,pm25,,µg/m³,2025-02-19,30.208333333333332,30.45,23.2,39.7,24,100.0,100.0
2981155,The Views,,AE,Asia/Dubai,AirGradient,Cheeseman,25.092213,55.168125,10071461,pm25 µg/m³,pm25,,µg/m³,2025-02-20,43.395833333333336,41.0,30.3,65.7,24,100.0,100.0
2981155,The Views,,AE,Asia/Dubai,AirGradient,Cheeseman,25.092213,55.168125,10071461,pm25 µg/m³,pm25,,µg/m³,2025-02-21,34.112500000000004,34.2,20.6,55.6,24,100.0,100.0
2981155,The Views,,AE,Asia/Dubai,AirGradient,Cheeseman,25.092213,55.168125,10071461,pm25 µg/m³,pm25,,µg/m³,2025-02-22,36.1,32.75,26.2,65.5,24,100.0,100.0
2981155,The Views,,AE,Asia/Dubai,AirGradient,Cheeseman,25.092213,55.168125,10071461,pm25 µg/m³,pm25,,µg/m³,2025-02-23,30.183333333333334,29.75,24.4,41.6,24,100.0,100.0
2981155,The Views,,AE,Asia/Dubai,AirGradient,Cheeseman,25.092213,55.168125,10071461,pm25 µg/m³,pm25,,µg/m³,2025-02-24,34.6625,34.05,30.3,41.8,24,100.0,100.0
2981155,The Views,,AE,Asia/Dubai,AirGradient,Cheeseman,25.092213,55.168125,10071461,pm25 µg/m³,pm25,,µg/m³,2025-02-25,11.811250000000001,6.525,2.44,42.2,24,100.0,100.0
2981155,The Views,,AE,Asia/Dubai,AirGradient,Cheeseman,25.092213,55.168125,10071461,pm25 µg/m³,pm25,,µg/m³,2025-02-26,4.93875,5.095000000000001,2.48,6.61,24,100.0,100.0
2981155,The Views,,AE,Asia/Dubai,AirGradient,Cheeseman,25.092213,55.168125,10071461,pm25 µg/m³,pm25,,µg/m³,2025-02-27,12.090833333333334,8.48,4.83,23.5,24,100.0,100.0
2981155,The Views,,AE,Asia/Dubai,AirGradient,Cheeseman,25.092213,55.168125,10071461,pm25 µg/m³,pm25,,µg/m³,2025-02-28,10.66375,9.165,3.05,34.1,24,100.0,100.0
2981155,The Views,,AE,Asia/Dubai,AirGradient,Cheeseman,25.092213,55.168125,10071461,pm25 µg/m³,pm25,,µg/m³,2025-03-01,16.898333333333333,20.299999999999997,2.2,24.4,24,100.0,100.0
2981155,The Views,,AE,Asia/Dubai,AirGradient,Cheeseman,25.092213,55.168125,10071461,pm25 µg/m³,pm25,,µg/m³,2025-03-02,19.47875,21.75,4.86,38.5,24,100.0,100.0
2981155,The Views,,AE,Asia/Dubai,AirGradient,Cheeseman,25.092213,55.168125,10071461,pm25 µg/m³,pm25,,µg/m³,2025-03-03,24.195833333333336,21.85,13.2,41.1,24,100.0,100.0
2981155,The Views,,AE,Asia/Dubai,AirGradient,Cheeseman,25.092213,55.168125,10071461,pm25 µg/m³,pm25,,µg/m³,2025-03-04,23.9175,20.0,7.62,39.2,24,100.0,100.0
2981155,The Views,,AE,Asia/Dubai,AirGradient,Cheeseman,25.092213,55.168125,10071461,pm25 µg/m³,pm25,,µg/m³,2025-03-05,18.458333333333332,18.05,13.0,26.4,24,100.0,100.0
2981155,The Views,,AE,Asia/Dubai,AirGradient,Cheeseman,25.092213,55.168125,10071461,pm25 µg/m³,pm25,,µg/m³,2025-03-06,13.766666666666666,12.0,6.0,21.9,24,100.0,100.0
2981155,The Views,,AE,Asia/Dubai,AirGradient,Cheeseman,25.092213,55.168125,10071461,pm25 µg/m³,pm25,,µg/m³,2025-03-07,13.262500000000001,10.015,5.05,32.7,24,100.0,100.0
2981155,The Views,,AE,Asia/Dubai,AirGradient,Cheeseman,25.092213,55.168125,10071461,pm25 µg/m³,pm25,,µg/m³,2025-03-08,7.055,5.75,1.68,20.7,24,100.0,100.0
2981155,The Views,,AE,Asia/Dubai,AirGradient,Cheeseman,25.092213,55.168125,10071461,pm25 µg/m³,pm25,,µg/m³,2025-03-09,11.0375,9.524999999999999,6.27,20.8,24,100.0,100.0
2981155,The Views,,AE,Asia/Dubai,AirGradient,Cheeseman,25.092213,55.168125,10071461,pm25 µg/m³,pm25,,µg/m³,2025-03-10,17.741666666666667,18.4,11.6,22.9,24,100.0,100.0
2981155,The Views,,AE,Asia/Dubai,AirGradient,Cheeseman,25.092213,55.168125,10071461,pm25 µg/m³,pm25,,µg/m³,2025-03-11,22.066666666666666,23.45,11.9,27.4,24,100.0,100.0
2981155,The Views,,AE,Asia/Dubai,AirGradient,Cheeseman,25.092213,55.168125,10071461,pm25 µg/m³,pm25,,µg/m³,2025-03-12,34.9125,27.2,18.4,71.4,24,100.0,100.0
2981155,The Views,,AE,Asia/Dubai,AirGradient,Cheeseman,25.092213,55.168125,10071461,pm25 µg/m³,pm25,,µg/m³,2025-03-13,39.795833333333334,40.85,26.6,52.3,24,100.0,100.0
2981155,The Views,,AE,Asia/Dubai,AirGradient,Cheeseman,25.092213,55.168125,10071461,pm25 µg/m³,pm25,,µg/m³,2025-03-14,57.137499999999996,56.6,46.2,67.9,24,100.0,100.0
2981155,The Views,,AE,Asia/Dubai,AirGradient,Cheeseman,25.092213,55.168125,10071461,pm25 µg/m³,pm25,,µg/m³,2025-03-15,69.33749999999999,73.80000000000001,30.4,96.2,24,100.0,100.0
2981155,The Views,,AE,Asia/Dubai,AirGradient,Cheeseman,25.092213,55.168125,10071461,pm25 µg/m³,pm25,,µg/m³,2025-03-16,58.0625,46.2,27.7,101.0,24,100.0,100.0
2981155,The Views,,AE,Asia/Dubai,AirGradient,Cheeseman,25.092213,55.168125,10071461,pm25 µg/m³,pm25,,µg/m³,2025-03-17,56.0375,55.8,41.3,76.7,24,100.0,100.0
2981155,The Views,,AE,Asia/Dubai,AirGradient,Cheeseman,25.092213,55.168125,10071461,pm25 µg/m³,pm25,,µg/m³,2025-03-18,65.7375,55.8,41.6,118.0,24,100.0,100.0
2981155,The Views,,AE,Asia/Dubai,AirGradient,Cheeseman,25.092213,55.168125,10071461,pm25 µg/m³,pm25,,µg/m³,2025-03-19,45.958333333333336,44.2,21.7,69.6,24,100.0,100.0
2981155,The Views,,AE,Asia/Dubai,AirGradient,Cheeseman,25.092213,55.168125,10071461,pm25 µg/m³,pm25,,µg/m³,2025-03-20,66.12083333333334,67.9,49.4,78.2,24,100.0,100.0
2981155,The Views,,AE,Asia/Dubai,AirGradient,Cheeseman,25.092213,55.168125,10071461,pm25 µg/m³,pm25,,µg/m³,2025-03-21,42.84166666666667,40.7,24.5,82.9,24,100.0,100.0
2981155,The Views,,AE,Asia/Dubai,AirGradient,Cheeseman,25.092213,55.168125,10071461,pm25 µg/m³,pm25,,µg/m³,2025-03-22,22.5125,20.85,5.86,54.5,24,100.0,100.0
2981155,The Views,,AE,Asia/Dubai,AirGradient,Cheeseman,25.092213,55.168125,10071461,pm25 µg/m³,pm25,,µg/m³,2025-03-23,19.804166666666667,17.55,11.3,39.4,24,100.0,100.0
2981155,The Views,,AE,Asia/Dubai,AirGradient,Cheeseman,25.092213,55.168125,10071461,pm25 µg/m³,pm25,,µg/m³,2025-03-24,16.2425,9.675,5.2,31.3,24,100.0,100.0
2981155,The Views,,AE,Asia/Dubai,AirGradient,Cheeseman,25.092213,55.168125,10071461,pm25 µg/m³,pm25,,µg/m³,2025-03-25,16.176666666666666,15.85,6.59,28.7,24,100.0,100.0
2981155,The Views,,AE,Asia/Dubai,AirGradient,Cheeseman,25.092213,55.168125,10071461,pm25 µg/m³,pm25,,µg/m³,2025-03-26,29.2,26.8,19.9,44.5,24,100.0,100.0
2981155,The Views,,AE,Asia/Dubai,AirGradient,Cheeseman,25.092213,55.168125,10071461,pm25 µg/m³,pm25,,µg/m³,2025-03-27,47.800000000000004,47.55,38.7,55.5,24,100.0,100.0
2981155,The Views,,AE,Asia/Dubai,AirGradient,Cheeseman,25.092213,55.168125,10071461,pm25 µg/m³,pm25,,µg/m³,2025-03-28,48.6,46.85,32.0,87.6,24,100.0,100.0
2981155,The Views,,AE,Asia/Dubai,AirGradient,Cheeseman,25.092213,55.168125,10071461,pm25 µg/m³,pm25,,µg/m³,2025-03-29,32.80416666666667,34.55,11.5,47.3,24,100.0,100.0
2981155,The Views,,AE,Asia/Dubai,AirGradient,Cheeseman,25.092213,55.168125,10071461,pm25 µg/m³,pm25,,µg/m³,2025-03-30,32.975,31.6,22.5,44.7,24,100.0,100.0
2981155,The Views,,AE,Asia/Dubai,AirGradient,Cheeseman,25.092213,55.168125,10071461,pm25 µg/m³,pm25,,µg/m³,2025-03-31,20.433333333333334,22.549999999999997,2.61,39.2,24,100.0,100.0
2981155,The Views,,AE,Asia/Dubai,AirGradient,Cheeseman,25.092213,55.168125,10071461,pm25 µg/m³,pm25,,µg/m³,2025-04-01,34.05416666666667,30.35,20.7,84.2,24,100.0,100.0
2981155,The Views,,AE,Asia/Dubai,AirGradient,Cheeseman,25.092213,55.168125,10071461,pm25 µg/m³,pm25,,µg/m³,2025-04-02,56.70416666666667,46.95,39.9,103.0,24,100.0,100.0
2981155,The Views,,AE,Asia/Dubai,AirGradient,Cheeseman,25.092213,55.168125,10071461,pm25 µg/m³,pm25,,µg/m³,2025-04-03,80.60833333333333,85.5,45.0,107.0,24,100.0,100.0
2981155,The Views,,AE,Asia/Dubai,AirGradient,Cheeseman,25.092213,55.168125,10071461,pm25 µg/m³,pm25,,µg/m³,2025-04-04,42.5725,48.75,5.1,78.9,24,100.0,100.0
2981155,The Views,,AE,Asia/Dubai,AirGradient,Cheeseman,25.092213,55.168125,10071461,pm25 µg/m³,pm25,,µg/m³,2025-04-05,17.164166666666667,12.100000000000001,4.89,54.5,24,100.0,100.0
2981155,The Views,,AE,Asia/Dubai,AirGradient,Cheeseman,25.092213,55.168125,10071461,pm25 µg/m³,pm25,,µg/m³,2025-04-06,20.354166666666668,19.2,11.1,35.6,24,100.0,100.0
2981155,The Views,,AE,Asia/Dubai,AirGradient,Cheeseman,25.092213,55.168125,10071461,pm25 µg/m³,pm25,,µg/m³,2025-04-07,29.599999999999998,28.95,23.6,42.4,24,100.0,100.0
2981155,The Views,,AE,Asia/Dubai,AirGradient,Cheeseman,25.092213,55.168125,10071461,pm25 µg/m³,pm25,,µg/m³,2025-04-08,26.332083333333333,29.1,3.39,41.5,24,100.0,100.0
2981155,The Views,,AE,Asia/Dubai,AirGradient,Cheeseman,25.092213,55.168125,10071461,pm25 µg/m³,pm25,,µg/m³,2025-04-09,12.842083333333333,10.135,3.35,27.6,24,100.0,100.0
2981155,The Views,,AE,Asia/Dubai,AirGradient,Cheeseman,25.092213,55.168125,10071461,pm25 µg/m³,pm25,,µg/m³,2025-04-10,40.28333333333333,35.2,29.6,90.4,24,100.0,100.0
2981155,The Views,,AE,Asia/Dubai,AirGradient,Cheeseman,25.092213,55.168125,10071461,pm25 µg/m³,pm25,,µg/m³,2025-04-11,52.708333333333336,47.1,35.5,77.9,24,100.0,100.0
2981155,The Views,,AE,Asia/Dubai,AirGradient,Cheeseman,25.092213,55.168125,10071461,pm25 µg/m³,pm25,,µg/m³,2025-04-12,40.854166666666664,40.650000000000006,30.3,48.3,24,100.0,100.0
2981155,The Views,,AE,Asia/Dubai,AirGradient,Cheeseman,25.092213,55.168125,10071461,pm25 µg/m³,pm25,,µg/m³,2025-04-13,27.645833333333332,26.25,23.0,36.1,24,100.0,100.0
2981155,The Views,,AE,Asia/Dubai,AirGradient,Cheeseman,25.092213,55.168125,10071461,pm25 µg/m³,pm25,,µg/m³,2025-04-14,29.758333333333336,28.7,25.6,38.1,24,100.0,100.0
2981155,The Views,,AE,Asia/Dubai,AirGradient,Cheeseman,25.092213,55.168125,10071461,pm25 µg/m³,pm25,,µg/m³,2025-04-15,43.51666666666667,35.8,26.0,74.4,24,100.0,100.0
2981155,The Views,,AE,Asia/Dubai,AirGradient,Cheeseman,25.092213,55.168125,10071461,pm25 µg/m³,pm25,,µg/m³,2025-04-16,39.848333333333336,36.75,8.46,74.5,24,100.0,100.0
2981155,The Views,,AE,Asia/Dubai,AirGradient,Cheeseman,25.092213,55.168125,10071461,pm25 µg/m³,pm25,,µg/m³,2025-04-17,6.53625,4.8100000000000005,2.18,34.9,24,100.0,100.0
2981155,The Views,,AE,Asia/Dubai,AirGradient,Cheeseman,25.092213,55.168125,10071461,pm25 µg/m³,pm25,,µg/m³,2025-04-18,11.9525,11.05,4.38,23.1,24,100.0,100.0
2981155,The Views,,AE,Asia/Dubai,AirGradient,Cheeseman,25.092213,55.168125,10071461,pm25 µg/m³,pm25,,µg/m³,2025-04-19,29.7,30.85,20.5,34.9,24,100.0,100.0
2981155,The Views,,AE,Asia/Dubai,AirGradient,Cheeseman,25.092213,55.168125,10071461,pm25 µg/m³,pm25,,µg/m³,2025-04-20,29.47083333333333,29.049999999999997,20.7,35.7,24,100.0,100.0
2981155,The Views,,AE,Asia/Dubai,AirGradient,Cheeseman,25.092213,55.168125,10071461,pm25 µg/m³,pm25,,µg/m³,2025-04-21,35.00416666666667,33.849999999999994,22.8,45.5,24,100.0,100.0
2981155,The Views,,AE,Asia/Dubai,AirGradient,Cheeseman,25.092213,55.168125,10071461,pm25 µg/m³,pm25,,µg/m³,2025-04-22,40.05416666666667,38.35,28.5,51.5,24,100.0,100.0
2981155,The Views,,AE,Asia/Dubai,AirGradient,Cheeseman,25.092213,55.168125,10071461,pm25 µg/m³,pm25,,µg/m³,2025-04-23,42.00833333333333,41.349999999999994,30.7,53.7,24,100.0,100.0
2981155,The Views,,AE,Asia/Dubai,AirGradient,Cheeseman,25.092213,55.168125,10071461,pm25 µg/m³,pm25,,µg/m³,2025-04-24,52.145833333333336,49.349999999999994,32.8,73.5,24,100.0,100.0
2981155,The Views,,AE,Asia/Dubai,AirGradient,Cheeseman,25.092213,55.168125,10071461,pm25 µg/m³,pm25,,µg/m³,2025-04-25,82.58749999999999,82.69999999999999,64.8,100.0,24,100.0,100.0
2981155,The Views,,AE,Asia/Dubai,AirGradient,Cheeseman,25.092213,55.168125,10071461,pm25 µg/m³,pm25,,µg/m³,2025-04-26,65.02499999999999,53.45,38.8,102.0,24,100.0,100.0
2981155,The Views,,AE,Asia/Dubai,AirGradient,Cheeseman,25.092213,55.168125,10071461,pm25 µg/m³,pm25,,µg/m³,2025-04-27,32.59166666666666,28.65,18.7,47.8,24,100.0,100.0
2981155,The Views,,AE,Asia/Dubai,AirGradient,Cheeseman,25.092213,55.168125,10071461,pm25 µg/m³,pm25,,µg/m³,2025-04-28,26.625,27.299999999999997,15.0,34.0,24,100.0,100.0
2981155,The Views,,AE,Asia/Dubai,AirGradient,Cheeseman,25.092213,55.168125,10071461,pm25 µg/m³,pm25,,µg/m³,2025-04-29,23.1375,27.0,10.3,30.8,24,100.0,100.0
2981155,The Views,,AE,Asia/Dubai,AirGradient,Cheeseman,25.092213,55.168125,10071461,pm25 µg/m³,pm25,,µg/m³,2025-04-30,26.391666666666666,26.75,13.2,38.8,24,100.0,100.0
2981155,The Views,,AE,Asia/Dubai,AirGradient,Cheeseman,25.092213,55.168125,10071461,pm25 µg/m³,pm25,,µg/m³,2025-05-01,37.52916666666667,35.05,22.7,64.4,24,100.0,100.0
2981155,The Views,,AE,Asia/Dubai,AirGradient,Cheeseman,25.092213,55.168125,10071461,pm25 µg/m³,pm25,,µg/m³,2025-05-02,43.35833333333333,43.2,27.3,62.9,24,100.0,100.0
2981155,The Views,,AE,Asia/Dubai,AirGradient,Cheeseman,25.092213,55.168125,10071461,pm25 µg/m³,pm25,,µg/m³,2025-05-03,35.645833333333336,34.349999999999994,21.5,49.0,24,100.0,100.0
2981155,The Views,,AE,Asia/Dubai,AirGradient,Cheeseman,25.092213,55.168125,10071461,pm25 µg/m³,pm25,,µg/m³,2025-05-04,36.92916666666667,34.5,25.3,52.8,24,100.0,100.0
2981155,The Views,,AE,Asia/Dubai,AirGradient,Cheeseman,25.092213,55.168125,10071461,pm25 µg/m³,pm25,,µg/m³,2025-05-05,40.516666666666666,40.7,32.9,50.4,24,100.0,100.0
2981155,The Views,,AE,Asia/Dubai,AirGradient,Cheeseman,25.092213,55.168125,10071461,pm25 µg/m³,pm25,,µg/m³,2025-05-06,28.420833333333334,26.55,3.97,47.8,24,100.0,100.0
2981155,The Views,,AE,Asia/Dubai,AirGradient,Cheeseman,25.092213,55.168125,10071461,pm25 µg/m³,pm25,,µg/m³,2025-05-07,9.543333333333333,10.399999999999999,2.62,17.4,24,100.0,100.0
2981155,The Views,,AE,Asia/Dubai,AirGradient,Cheeseman,25.092213,55.168125,10071461,pm25 µg/m³,pm25,,µg/m³,2025-05-08,20.548750000000002,20.5,5.59,45.4,24,100.0,100.0
2981155,The Views,,AE,Asia/Dubai,AirGradient,Cheeseman,25.092213,55.168125,10071461,pm25 µg/m³,pm25,,µg/m³,2025-05-09,35.166666666666664,32.9,24.0,58.3,24,100.0,100.0
2981155,The Views,,AE,Asia/Dubai,AirGradient,Cheeseman,25.092213,55.168125,10071461,pm25 µg/m³,pm25,,µg/m³,2025-05-10,67.07083333333334,61.95,48.5,99.4,24,100.0,100.0
2981155,The Views,,AE,Asia/Dubai,AirGradient,Cheeseman,25.092213,55.168125,10071461,pm25 µg/m³,pm25,,µg/m³,2025-05-11,50.4625,50.650000000000006,39.2,62.4,24,100.0,100.0
2981155,The Views,,AE,Asia/Dubai,AirGradient,Cheeseman,25.092213,55.168125,10071461,pm25 µg/m³,pm25,,µg/m³,2025-05-12,36.25416666666667,37.0,26.9,43.9,24,100.0,100.0
2981155,The Views,,AE,Asia/Dubai,AirGradient,Cheeseman,25.092213,55.168125,10071461,pm25 µg/m³,pm25,,µg/m³,2025-05-13,30.45,35.4,14.1,42.5,24,100.0,100.0
2981155,The Views,,AE,Asia/Dubai,AirGradient,Cheeseman,25.092213,55.168125,10071461,pm25 µg/m³,pm25,,µg/m³,2025-05-14,21.320416666666667,14.4,9.49,41.8,24,100.0,100.0
2981155,The Views,,AE,Asia/Dubai,AirGradient,Cheeseman,25.092213,55.168125,10071461,pm25 µg/m³,pm25,,µg/m³,2025-05-15,14.15375,15.9,5.51,20.9,24,100.0,100.0
2981155,The Views,,AE,Asia/Dubai,AirGradient,Cheeseman,25.092213,55.168125,10071461,pm25 µg/m³,pm25,,µg/m³,2025-05-16,33.300000000000004,26.1,12.3,58.7,24,100.0,100.0
2981155,The Views,,AE,Asia/Dubai,AirGradient,Cheeseman,25.092213,55.168125,10071461,pm25 µg/m³,pm25,,µg/m³,2025-05-17,29.030833333333334,20.3,8.78,66.9,24,100.0,100.0
2981155,The Views,,AE,Asia/Dubai,AirGradient,Cheeseman,25.092213,55.168125,10071461,pm25 µg/m³,pm25,,µg/m³,2025-05-18,32.42916666666667,30.85,18.7,44.2,24,100.0,100.0
2981155,The Views,,AE,Asia/Dubai,AirGradient,Cheeseman,25.092213,55.168125,10071461,pm25 µg/m³,pm25,,µg/m³,2025-05-19,45.76666666666667,47.25,35.0,55.4,24,100.0,100.0
2981155,The Views,,AE,Asia/Dubai,AirGradient,Cheeseman,25.092213,55.168125,10071461,pm25 µg/m³,pm25,,µg/m³,2025-05-20,73.7,68.75,55.2,102.0,24,100.0,100.0
2981155,The Views,,AE,Asia/Dubai,AirGradient,Cheeseman,25.092213,55.168125,10071461,pm25 µg/m³,pm25,,µg/m³,2025-05-21,87.47083333333335,88.0,66.7,111.0,24,100.0,100.0
2981155,The Views,,AE,Asia/Dubai,AirGradient,Cheeseman,25.092213,55.168125,10071461,pm25 µg/m³,pm25,,µg/m³,2025-05-22,71.82916666666667,61.099999999999994,42.8,106.0,24,100.0,100.0
2981155,The Views,,AE,Asia/Dubai,AirGradient,Cheeseman,25.092213,55.168125,10071461,pm25 µg/m³,pm25,,µg/m³,2025-05-23,40.84583333333333,41.099999999999994,22.5,54.4,24,100.0,100.0
2981155,The Views,,AE,Asia/Dubai,AirGradient,Cheeseman,25.092213,55.168125,10071461,pm25 µg/m³,pm25,,µg/m³,2025-05-24,31.0625,32.7,12.0,44.0,24,100.0,100.0
2981155,The Views,,AE,Asia/Dubai,AirGradient,Cheeseman,25.092213,55.168125,10071461,pm25 µg/m³,pm25,,µg/m³,2025-05-25,37.525,43.25,13.5,50.5,24,100.0,100.0
2981155,The Views,,AE,Asia/Dubai,AirGradient,Cheeseman,25.092213,55.168125,10071461,pm25 µg/m³,pm25,,µg/m³,2025-05-26,47.949999999999996,50.3,27.1,57.9,14,100.0,100.0
2981155,The Views,,AE,Asia/Dubai,AirGradient,Cheeseman,25.092213,55.168125,10071461,pm25 µg/m³,pm25,,µg/m³,2025-05-27,25.792307692307695,30.4,12.7,32.7,13,100.0,100.0
2981155,The Views,,AE,Asia/Dubai,AirGradient,Cheeseman,25.092213,55.168125,10071461,pm25 µg/m³,pm25,,µg/m³,2025-05-28,39.979166666666664,39.5,32.4,47.4,24,100.0,100.0
2981155,The Views,,AE,Asia/Dubai,AirGradient,Cheeseman,25.092213,55.168125,10071461,pm25 µg/m³,pm25,,µg/m³,2025-05-29,49.625,50.099999999999994,31.2,61.3,24,100.0,100.0
2981155,The Views,,AE,Asia/Dubai,AirGradient,Cheeseman,25.092213,55.168125,10071461,pm25 µg/m³,pm25,,µg/m³,2025-05-30,59.775,58.3,46.9,76.6,24,100.0,100.0
2981155,The Views,,AE,Asia/Dubai,AirGradient,Cheeseman,25.092213,55.168125,10071461,pm25 µg/m³,pm25,,µg/m³,2025-05-31,25.960416666666664,15.25,4.54,55.5,24,100.0,100.0
2981155,The Views,,AE,Asia/Dubai,AirGradient,Cheeseman,25.092213,55.168125,10071461,pm25 µg/m³,pm25,,µg/m³,2025-06-01,14.291666666666666,16.05,4.28,21.7,18,100.0,100.0
2981155,The Views,,AE,Asia/Dubai,AirGradient,Cheeseman,25.092213,55.168125,10071461,pm25 µg/m³,pm25,,µg/m³,2025-06-02,35.925,33.7,30.1,48.2,8,100.0,100.0
2981155,The Views,,AE,Asia/Dubai,AirGradient,Cheeseman,25.092213,55.168125,10071461,pm25 µg/m³,pm25,,µg/m³,2025-06-03,42.01111111111111,39.650000000000006,29.2,70.8,18,100.0,100.0
2981155,The Views,,AE,Asia/Dubai,AirGradient,Cheeseman,25.092213,55.168125,10071461,pm25 µg/m³,pm25,,µg/m³,2025-06-04,20.22,14.700000000000001,6.69,47.5,24,100.0,100.0
2981155,The Views,,AE,Asia/Dubai,AirGradient,Cheeseman,25.092213,55.168125,10071461,pm25 µg/m³,pm25,,µg/m³,2025-06-05,20.92625,20.4,6.36,38.1,24,100.0,100.0
2981155,The Views,,AE,Asia/Dubai,AirGradient,Cheeseman,25.092213,55.168125,10071461,pm25 µg/m³,pm25,,µg/m³,2025-06-06,20.542083333333334,21.05,8.6,31.1,24,100.0,100.0
2981155,The Views,,AE,Asia/Dubai,AirGradient,Cheeseman,25.092213,55.168125,10071461,pm25 µg/m³,pm25,,µg/m³,2025-06-07,40.262499999999996,39.05,32.6,47.7,24,100.0,100.0
2981155,The Views,,AE,Asia/Dubai,AirGradient,Cheeseman,25.092213,55.168125,10071461,pm25 µg/m³,pm25,,µg/m³,2025-06-08,40.59166666666667,42.45,26.0,45.9,24,100.0,100.0
2981155,The Views,,AE,Asia/Dubai,AirGradient,Cheeseman,25.092213,55.168125,10071461,pm25 µg/m³,pm25,,µg/m³,2025-06-09,28.354166666666668,27.299999999999997,12.9,41.8,24,100.0,100.0
2981155,The Views,,AE,Asia/Dubai,AirGradient,Cheeseman,25.092213,55.168125,10071461,pm25 µg/m³,pm25,,µg/m³,2025-06-10,21.184583333333332,22.15,8.13,27.0,24,100.0,100.0
2981155,The Views,,AE,Asia/Dubai,AirGradient,Cheeseman,25.092213,55.168125,10071461,pm25 µg/m³,pm25,,µg/m³,2025-06-11,23.030434782608697,22.6,17.4,29.8,23,100.0,100.0
2981155,The Views,,AE,Asia/Dubai,AirGradient,Cheeseman,25.092213,55.168125,10071461,pm25 µg/m³,pm25,,µg/m³,2025-06-12,24.8875,25.15,10.7,54.4,24,100.0,100.0
2981155,The Views,,AE,Asia/Dubai,AirGradient,Cheeseman,25.092213,55.168125,10071461,pm25 µg/m³,pm25,,µg/m³,2025-06-13,42.25,41.8,33.6,50.2,24,100.0,100.0
2981155,The Views,,AE,Asia/Dubai,AirGradient,Cheeseman,25.092213,55.168125,10071461,pm25 µg/m³,pm25,,µg/m³,2025-06-14,42.199999999999996,44.3,30.6,48.7,24,100.0,100.0
2981155,The Views,,AE,Asia/Dubai,AirGradient,Cheeseman,25.092213,55.168125,10071461,pm25 µg/m³,pm25,,µg/m³,2025-06-15,48.80416666666667,49.55,40.1,57.9,24,100.0,100.0
2981155,The Views,,AE,Asia/Dubai,AirGradient,Cheeseman,25.092213,55.168125,10071461,pm25 µg/m³,pm25,,µg/m³,2025-06-16,64.42916666666666,62.75,54.5,73.4,24,100.0,100.0
2981155,The Views,,AE,Asia/Dubai,AirGradient,Cheeseman,25.092213,55.168125,10071461,pm25 µg/m³,pm25,,µg/m³,2025-06-17,57.37916666666666,59.95,31.0,79.2,24,100.0,100.0
2981155,The Views,,AE,Asia/Dubai,AirGradient,Cheeseman,25.092213,55.168125,10071461,pm25 µg/m³,pm25,,µg/m³,2025-06-18,31.108333333333334,25.85,10.2,73.4,24,100.0,100.0
2981155,The Views,,AE,Asia/Dubai,AirGradient,Cheeseman,25.092213,55.168125,10071461,pm25 µg/m³,pm25,,µg/m³,2025-06-19,30.82083333333333,31.349999999999998,17.7,48.0,24,100.0,100.0
2981155,The Views,,AE,Asia/Dubai,AirGradient,Cheeseman,25.092213,55.168125,10071461,pm25 µg/m³,pm25,,µg/m³,2025-06-20,34.762499999999996,35.4,21.8,45.2,24,100.0,100.0
2981155,The Views,,AE,Asia/Dubai,AirGradient,Cheeseman,25.092213,55.168125,10071461,pm25 µg/m³,pm25,,µg/m³,2025-06-21,47.67083333333333,47.1,39.7,54.1,24,100.0,100.0
2981155,The Views,,AE,Asia/Dubai,AirGradient,Cheeseman,25.092213,55.168125,10071461,pm25 µg/m³,pm25,,µg/m³,2025-06-22,50.13913043478261,48.5,37.4,76.7,23,100.0,100.0
2981155,The Views,,AE,Asia/Dubai,AirGradient,Cheeseman,25.092213,55.168125,10071461,pm25 µg/m³,pm25,,µg/m³,2025-06-23,42.71363636363636,38.75,29.4,62.8,22,100.0,100.0
2981155,The Views,,AE,Asia/Dubai,AirGradient,Cheeseman,25.092213,55.168125,10071461,pm25 µg/m³,pm25,,µg/m³,2025-06-24,34.34583333333333,31.95,21.9,50.6,24,100.0,100.0
2981155,The Views,,AE,Asia/Dubai,AirGradient,Cheeseman,25.092213,55.168125,10071461,pm25 µg/m³,pm25,,µg/m³,2025-06-25,34.155,33.650000000000006,23.7,47.1,20,100.0,100.0
2981155,The Views,,AE,Asia/Dubai,AirGradient,Cheeseman,25.092213,55.168125,10071461,pm25 µg/m³,pm25,,µg/m³,2025-06-26,41.862500000000004,41.0,34.5,49.9,24,100.0,100.0
2981155,The Views,,AE,Asia/Dubai,AirGradient,Cheeseman,25.092213,55.168125,10071461,pm25 µg/m³,pm25,,µg/m³,2025-06-27,51.612500000000004,49.75,39.9,68.1,24,100.0,100.0
2981155,The Views,,AE,Asia/Dubai,AirGradient,Cheeseman,25.092213,55.168125,10071461,pm25 µg/m³,pm25,,µg/m³,2025-06-28,38.324999999999996,38.3,29.1,46.3,24,100.0,100.0
2981155,The Views,,AE,Asia/Dubai,AirGradient,Cheeseman,25.092213,55.168125,10071461,pm25 µg/m³,pm25,,µg/m³,2025-06-29,49.291666666666664,49.599999999999994,39.9,62.1,24,100.0,100.0
2981155,The Views,,AE,Asia/Dubai,AirGradient,Cheeseman,25.092213,55.168125,10071461,pm25 µg/m³,pm25,,µg/m³,2025-06-30,55.00833333333333,55.5,42.6,70.4,24,100.0,100.0
2981155,The Views,,AE,Asia/Dubai,AirGradient,Cheeseman,25.092213,55.168125,10071461,pm25 µg/m³,pm25,,µg/m³,2025-07-01,59.854166666666664,59.75,49.1,74.6,24,100.0,100.0
2981155,The Views,,AE,Asia/Dubai,AirGradient,Cheeseman,25.092213,55.168125,10071461,pm25 µg/m³,pm25,,µg/m³,2025-07-02,72.81666666666666,77.25,37.9,92.7,24,100.0,100.0
2981155,The Views,,AE,Asia/Dubai,AirGradient,Cheeseman,25.092213,55.168125,10071461,pm25 µg/m³,pm25,,µg/m³,2025-07-03,27.9875,26.7,22.1,43.2,24,100.0,100.0
2981155,The Views,,AE,Asia/Dubai,AirGradient,Cheeseman,25.092213,55.168125,10071461,pm25 µg/m³,pm25,,µg/m³,2025-07-04,43.824999999999996,41.900000000000006,31.5,66.3,24,100.0,100.0
2981155,The Views,,AE,Asia/Dubai,AirGradient,Cheeseman,25.092213,55.168125,10071461,pm25 µg/m³,pm25,,µg/m³,2025-07-05,39.199999999999996,41.75,15.1,64.6,24,100.0,100.0
2981155,The Views,,AE,Asia/Dubai,AirGradient,Cheeseman,25.092213,55.168125,10071461,pm25 µg/m³,pm25,,µg/m³,2025-07-06,18.576666666666664,18.45,9.54,31.1,24,100.0,100.0
2981155,The Views,,AE,Asia/Dubai,AirGradient,Cheeseman,25.092213,55.168125,10071461,pm25 µg/m³,pm25,,µg/m³,2025-07-07,18.866666666666667,18.0,12.1,29.4,24,100.0,100.0
2981155,The Views,,AE,Asia/Dubai,AirGradient,Cheeseman,25.092213,55.168125,10071461,pm25 µg/m³,pm25,,µg/m³,2025-07-08,36.625,34.4,28.7,49.7,24,100.0,100.0
2981155,The Views,,AE,Asia/Dubai,AirGradient,Cheeseman,25.092213,55.168125,10071461,pm25 µg/m³,pm25,,µg/m³,2025-07-09,46.4,47.15,38.9,50.7,24,100.0,100.0
2981155,The Views,,AE,Asia/Dubai,AirGradient,Cheeseman,25.092213,55.168125,10071461,pm25 µg/m³,pm25,,µg/m³,2025-07-10,43.520833333333336,43.85,36.0,49.5,24,100.0,100.0
2981155,The Views,,AE,Asia/Dubai,AirGradient,Cheeseman,25.092213,55.168125,10071461,pm25 µg/m³,pm25,,µg/m³,2025-07-11,42.7125,41.7,36.2,60.5,24,100.0,100.0
2981155,The Views,,AE,Asia/Dubai,AirGradient,Cheeseman,25.092213,55.168125,10071461,pm25 µg/m³,pm25,,µg/m³,2025-07-12,31.991666666666664,30.9,24.4,41.0,24,100.0,100.0
2981155,The Views,,AE,Asia/Dubai,AirGradient,Cheeseman,25.092213,55.168125,10071461,pm25 µg/m³,pm25,,µg/m³,2025-07-13,23.116666666666664,24.45,12.8,27.8,24,100.0,100.0
2981155,The Views,,AE,Asia/Dubai,AirGradient,Cheeseman,25.092213,55.168125,10071461,pm25 µg/m³,pm25,,µg/m³,2025-07-14,28.616666666666664,30.7,18.7,32.5,24,100.0,100.0
2981155,The Views,,AE,Asia/Dubai,AirGradient,Cheeseman,25.092213,55.168125,10071461,pm25 µg/m³,pm25,,µg/m³,2025-07-15,30.4875,30.950000000000003,22.3,34.8,24,100.0,100.0
2981155,The Views,,AE,Asia/Dubai,AirGradient,Cheeseman,25.092213,55.168125,10071461,pm25 µg/m³,pm25,,µg/m³,2025-07-16,50.62083333333334,48.099999999999994,32.9,67.8,24,100.0,100.0
2981155,The Views,,AE,Asia/Dubai,AirGradient,Cheeseman,25.092213,55.168125,10071461,pm25 µg/m³,pm25,,µg/m³,2025-07-17,57.76666666666667,59.25,37.0,70.8,24,100.0,100.0
2981155,The Views,,AE,Asia/Dubai,AirGradient,Cheeseman,25.092213,55.168125,10071461,pm25 µg/m³,pm25,,µg/m³,2025-07-18,32.81666666666667,31.4,26.5,42.0,24,100.0,100.0
2981155,The Views,,AE,Asia/Dubai,AirGradient,Cheeseman,25.092213,55.168125,10071461,pm25 µg/m³,pm25,,µg/m³,2025-07-19,26.266666666666666,28.1,19.3,30.0,24,100.0,100.0
2981155,The Views,,AE,Asia/Dubai,AirGradient,Cheeseman,25.092213,55.168125,10071461,pm25 µg/m³,pm25,,µg/m³,2025-07-20,32.895833333333336,31.9,28.7,38.7,24,100.0,100.0
2981155,The Views,,AE,Asia/Dubai,AirGradient,Cheeseman,25.092213,55.168125,10071461,pm25 µg/m³,pm25,,µg/m³,2025-07-21,33.012499999999996,32.3,22.0,39.8,24,100.0,100.0
2981155,The Views,,AE,Asia/Dubai,AirGradient,Cheeseman,25.092213,55.168125,10071461,pm25 µg/m³,pm25,,µg/m³,2025-07-22,26.537499999999998,26.700000000000003,19.4,31.8,24,100.0,100.0
2981155,The Views,,AE,Asia/Dubai,AirGradient,Cheeseman,25.092213,55.168125,10071461,pm25 µg/m³,pm25,,µg/m³,2025-07-23,36.275,33.75,28.3,65.6,24,100.0,100.0
2981155,The Views,,AE,Asia/Dubai,AirGradient,Cheeseman,25.092213,55.168125,10071461,pm25 µg/m³,pm25,,µg/m³,2025-07-24,66.25,75.05,39.7,92.9,24,100.0,100.0
2981155,The Views,,AE,Asia/Dubai,AirGradient,Cheeseman,25.092213,55.168125,10071461,pm25 µg/m³,pm25,,µg/m³,2025-07-25,30.45,29.95,24.5,38.8,24,100.0,100.0
2981155,The Views,,AE,Asia/Dubai,AirGradient,Cheeseman,25.092213,55.168125,10071461,pm25 µg/m³,pm25,,µg/m³,2025-07-26,27.1375,27.3,22.9,30.3,24,100.0,100.0
2981155,The Views,,AE,Asia/Dubai,AirGradient,Cheeseman,25.092213,55.168125,10071461,pm25 µg/m³,pm25,,µg/m³,2025-07-27,27.724999999999998,27.85,24.6,31.7,24,100.0,100.0
2981155,The Views,,AE,Asia/Dubai,AirGradient,Cheeseman,25.092213,55.168125,10071461,pm25 µg/m³,pm25,,µg/m³,2025-07-28,25.241666666666664,26.2,17.0,29.5,24,100.0,100.0
2981155,The Views,,AE,Asia/Dubai,AirGradient,Cheeseman,25.092213,55.168125,10071461,pm25 µg/m³,pm25,,µg/m³,2025-07-29,38.82083333333333,28.9,16.7,72.9,24,100.0,100.0
2981155,The Views,,AE,Asia/Dubai,AirGradient,Cheeseman,25.092213,55.168125,10071461,pm25 µg/m³,pm25,,µg/m³,2025-07-30,56.958333333333336,51.9,44.6,83.2,24,100.0,100.0
2981155,The Views,,AE,Asia/Dubai,AirGradient,Cheeseman,25.092213,55.168125,10071461,pm25 µg/m³,pm25,,µg/m³,2025-07-31,51.84583333333333,52.05,43.0,60.5,24,100.0,100.0
2981155,The Views,,AE,Asia/Dubai,AirGradient,Cheeseman,25.092213,55.168125,10071461,pm25 µg/m³,pm25,,µg/m³,2025-08-01,39.645833333333336,39.8,27.7,52.4,24,100.0,100.0
2981155,The Views,,AE,Asia/Dubai,AirGradient,Cheeseman,25.092213,55.168125,10071461,pm25 µg/m³,pm25,,µg/m³,2025-08-02,28.71666666666667,28.5,20.8,35.5,24,100.0,100.0
2981155,The Views,,AE,Asia/Dubai,AirGradient,Cheeseman,25.092213,55.168125,10071461,pm25 µg/m³,pm25,,µg/m³,2025-08-03,26.400000000000002,27.1,19.5,30.4,24,100.0,100.0
2981155,The Views,,AE,Asia/Dubai,AirGradient,Cheeseman,25.092213,55.168125,10071461,pm25 µg/m³,pm25,,µg/m³,2025-08-04,23.708333333333332,23.25,16.4,31.2,24,100.0,100.0
2981155,The Views,,AE,Asia/Dubai,AirGradient,Cheeseman,25.092213,55.168125,10071461,pm25 µg/m³,pm25,,µg/m³,2025-08-05,18.662499999999998,18.35,16.6,22.4,24,100.0,100.0
2981155,The Views,,AE,Asia/Dubai,AirGradient,Cheeseman,25.092213,55.168125,10071461,pm25 µg/m³,pm25,,µg/m³,2025-08-06,17.466666666666665,17.55,11.7,22.5,24,100.0,100.0
2981155,The Views,,AE,Asia/Dubai,AirGradient,Cheeseman,25.092213,55.168125,10071461,pm25 µg/m³,pm25,,µg/m³,2025-08-07,18.729166666666668,19.85,10.7,24.2,24,100.0,100.0
2981155,The Views,,AE,Asia/Dubai,AirGradient,Cheeseman,25.092213,55.168125,10071461,pm25 µg/m³,pm25,,µg/m³,2025-08-08,18.645833333333332,19.700000000000003,8.3,25.6,24,100.0,100.0
2981155,The Views,,AE,Asia/Dubai,AirGradient,Cheeseman,25.092213,55.168125,10071461,pm25 µg/m³,pm25,,µg/m³,2025-08-09,19.925,19.45,15.0,25.3,24,100.0,100.0
2981155,The Views,,AE,Asia/Dubai,AirGradient,Cheeseman,25.092213,55.168125,10071461,pm25 µg/m³,pm25,,µg/m³,2025-08-10,17.045833333333334,17.95,10.8,23.4,24,100.0,100.0
2981155,The Views,,AE,Asia/Dubai,AirGradient,Cheeseman,25.092213,55.168125,10071461,pm25 µg/m³,pm25,,µg/m³,2025-08-11,12.970416666666667,10.5,7.75,21.0,24,100.0,100.0
2981155,The Views,,AE,Asia/Dubai,AirGradient,Cheeseman,25.092213,55.168125,10071461,pm25 µg/m³,pm25,,µg/m³,2025-08-12,16.132083333333334,16.35,7.38,25.2,24,100.0,100.0
2981155,The Views,,AE,Asia/Dubai,AirGradient,Cheeseman,25.092213,55.168125,10071461,pm25 µg/m³,pm25,,µg/m³,2025-08-13,30.474999999999998,31.3,20.6,40.0,24,100.0,100.0
2981155,The Views,,AE,Asia/Dubai,AirGradient,Cheeseman,25.092213,55.168125,10071461,pm25 µg/m³,pm25,,µg/m³,2025-08-14,46.449999999999996,47.95,38.3,57.5,24,100.0,100.0
2981155,The Views,,AE,Asia/Dubai,AirGradient,Cheeseman,25.092213,55.168125,10071461,pm25 µg/m³,pm25,,µg/m³,2025-08-15,32.125,27.75,17.7,53.2,24,100.0,100.0
2981155,The Views,,AE,Asia/Dubai,AirGradient,Cheeseman,25.092213,55.168125,10071461,pm25 µg/m³,pm25,,µg/m³,2025-08-16,22.55,22.15,16.6,28.5,24,100.0,100.0
2981155,The Views,,AE,Asia/Dubai,AirGradient,Cheeseman,25.092213,55.168125,10071461,pm25 µg/m³,pm25,,µg/m³,2025-08-17,17.297083333333333,18.65,9.93,23.0,24,100.0,100.0
2981155,The Views,,AE,Asia/Dubai,AirGradient,Cheeseman,25.092213,55.168125,10071461,pm25 µg/m³,pm25,,µg/m³,2025-08-18,16.3025,17.7,7.41,22.7,24,100.0,100.0
2981155,The Views,,AE,Asia/Dubai,AirGradient,Cheeseman,25.092213,55.168125,10071461,pm25 µg/m³,pm25,,µg/m³,2025-08-19,22.000416666666666,23.4,7.38,45.3,24,100.0,100.0
2981155,The Views,,AE,Asia/Dubai,AirGradient,Cheeseman,25.092213,55.168125,10071461,pm25 µg/m³,pm25,,µg/m³,2025-08-20,23.415263157894735,24.0,7.69,31.9,19,100.0,100.0
2981155,The Views,,AE,Asia/Dubai,AirGradient,Cheeseman,25.092213,55.168125,10071461,pm25 µg/m³,pm25,,µg/m³,2025-08-21,13.068636363636363,12.100000000000001,5.35,22.5,22,100.0,100.0
2981155,The Views,,AE,Asia/Dubai,AirGradient,Cheeseman,25.092213,55.168125,10071461,pm25 µg/m³,pm25,,µg/m³,2025-08-22,20.58875,21.9,4.91,32.8,24,100.0,100.0
2981155,The Views,,AE,Asia/Dubai,AirGradient,Cheeseman,25.092213,55.168125,10071461,pm25 µg/m³,pm25,,µg/m³,2025-08-23,31.304166666666664,30.1,23.1,41.0,24,100.0,100.0
2981155,The Views,,AE,Asia/Dubai,AirGradient,Cheeseman,25.092213,55.168125,10071461,pm25 µg/m³,pm25,,µg/m³,2025-08-24,46.53333333333333,46.1,37.9,55.3,24,100.0,100.0
2981155,The Views,,AE,Asia/Dubai,AirGradient,Cheeseman,25.092213,55.168125,10071461,pm25 µg/m³,pm25,,µg/m³,2025-08-25,48.84583333333333,46.55,38.5,60.0,24,100.0,100.0
2981155,The Views,,AE,Asia/Dubai,AirGradient,Cheeseman,25.092213,55.168125,10071461,pm25 µg/m³,pm25,,µg/m³,2025-08-26,48.4125,48.150000000000006,43.5,57.4,24,100.0,100.0
2981155,The Views,,AE,Asia/Dubai,AirGradient,Cheeseman,25.092213,55.168125,10071461,pm25 µg/m³,pm25,,µg/m³,2025-08-27,38.49583333333333,38.849999999999994,32.7,45.6,24,100.0,100.0
2981155,The Views,,AE,Asia/Dubai,AirGradient,Cheeseman,25.092213,55.168125,10071461,pm25 µg/m³,pm25,,µg/m³,2025-08-28,31.041666666666668,31.5,22.4,42.3,24,100.0,100.0
2981155,The Views,,AE,Asia/Dubai,AirGradient,Cheeseman,25.092213,55.168125,10071461,pm25 µg/m³,pm25,,µg/m³,2025-08-29,26.7375,27.25,20.7,30.7,24,100.0,100.0
2981155,The Views,,AE,Asia/Dubai,AirGradient,Cheeseman,25.092213,55.168125,10071461,pm25 µg/m³,pm25,,µg/m³,2025-08-30,42.395833333333336,42.6,12.6,65.4,24,100.0,100.0
2981155,The Views,,AE,Asia/Dubai,AirGradient,Cheeseman,25.092213,55.168125,10071461,pm25 µg/m³,pm25,,µg/m³,2025-08-31,38.050000000000004,28.9,8.5,78.2,24,100.0,100.0
2981155,The Views,,AE,Asia/Dubai,AirGradient,Cheeseman,25.092213,55.168125,10071461,pm25 µg/m³,pm25,,µg/m³,2025-09-01,41.862500000000004,31.5,23.2,82.9,24,100.0,100.0
2981155,The Views,,AE,Asia/Dubai,AirGradient,Cheeseman,25.092213,55.168125,10071461,pm25 µg/m³,pm25,,µg/m³,2025-09-02,57.81666666666666,50.4,25.2,90.6,24,100.0,100.0
2981155,The Views,,AE,Asia/Dubai,AirGradient,Cheeseman,25.092213,55.168125,10071461,pm25 µg/m³,pm25,,µg/m³,2025-09-03,33.9625,34.35,24.5,44.6,24,100.0,100.0
2981155,The Views,,AE,Asia/Dubai,AirGradient,Cheeseman,25.092213,55.168125,10071461,pm25 µg/m³,pm25,,µg/m³,2025-09-04,19.495833333333334,19.1,10.8,26.0,24,100.0,100.0
2981155,The Views,,AE,Asia/Dubai,AirGradient,Cheeseman,25.092213,55.168125,10071461,pm25 µg/m³,pm25,,µg/m³,2025-09-05,17.841666666666665,18.15,11.0,29.0,24,100.0,100.0
2981155,The Views,,AE,Asia/Dubai,AirGradient,Cheeseman,25.092213,55.168125,10071461,pm25 µg/m³,pm25,,µg/m³,2025-09-06,21.96666666666667,20.450000000000003,16.2,33.6,24,100.0,100.0
2981155,The Views,,AE,Asia/Dubai,AirGradient,Cheeseman,25.092213,55.168125,10071461,pm25 µg/m³,pm25,,µg/m³,2025-09-07,38.541666666666664,38.25,31.9,49.5,24,100.0,100.0
2981155,The Views,,AE,Asia/Dubai,AirGradient,Cheeseman,25.092213,55.168125,10071461,pm25 µg/m³,pm25,,µg/m³,2025-09-08,46.00526315789474,52.8,26.7,61.0,19,100.0,100.0
2981155,The Views,,AE,Asia/Dubai,AirGradient,Cheeseman,25.092213,55.168125,10071461,pm25 µg/m³,pm25,,µg/m³,2025-09-09,43.375,43.7,35.0,56.1,24,100.0,100.0
2981155,The Views,,AE,Asia/Dubai,AirGradient,Cheeseman,25.092213,55.168125,10071461,pm25 µg/m³,pm25,,µg/m³,2025-09-10,27.104166666666668,25.55,17.6,45.5,24,100.0,100.0
2981155,The Views,,AE,Asia/Dubai,AirGradient,Cheeseman,25.092213,55.168125,10071461,pm25 µg/m³,pm25,,µg/m³,2025-09-11,20.898333333333333,27.15,7.96,29.2,24,100.0,100.0
2981155,The Views,,AE,Asia/Dubai,AirGradient,Cheeseman,25.092213,55.168125,10071461,pm25 µg/m³,pm25,,µg/m³,2025-09-12,10.448333333333332,9.504999999999999,3.57,23.8,24,100.0,100.0
2981155,The Views,,AE,Asia/Dubai,AirGradient,Cheeseman,25.092213,55.168125,10071461,pm25 µg/m³,pm25,,µg/m³,2025-09-13,11.573749999999999,10.225,4.99,19.4,24,100.0,100.0
2981155,The Views,,AE,Asia/Dubai,AirGradient,Cheeseman,25.092213,55.168125,10071461,pm25 µg/m³,pm25,,µg/m³,2025-09-14,5.137083333333334,4.779999999999999,2.43,9.16,24,100.0,100.0
2981155,The Views,,AE,Asia/Dubai,AirGradient,Cheeseman,25.092213,55.168125,10071461,pm25 µg/m³,pm25,,µg/m³,2025-09-15,4.453333333333333,4.49,2.06,8.75,24,100.0,100.0
2981155,The Views,,AE,Asia/Dubai,AirGradient,Cheeseman,25.092213,55.168125,10071461,pm25 µg/m³,pm25,,µg/m³,2025-09-16,22.763333333333335,15.7,7.15,68.2,24,100.0,100.0
2981155,The Views,,AE,Asia/Dubai,AirGradient,Cheeseman,25.092213,55.168125,10071461,pm25 µg/m³,pm25,,µg/m³,2025-09-17,50.06666666666666,48.2,34.3,68.8,24,100.0,100.0
2981155,The Views,,AE,Asia/Dubai,AirGradient,Cheeseman,25.092213,55.168125,10071461,pm25 µg/m³,pm25,,µg/m³,2025-09-18,42.99583333333334,42.35,34.2,57.6,24,100.0,100.0
2981155,The Views,,AE,Asia/Dubai,AirGradient,Cheeseman,25.092213,55.168125,10071461,pm25 µg/m³,pm25,,µg/m³,2025-09-19,49.729166666666664,49.75,45.7,52.9,24,100.0,100.0
2981155,The Views,,AE,Asia/Dubai,AirGradient,Cheeseman,25.092213,55.168125,10071461,pm25 µg/m³,pm25,,µg/m³,2025-09-20,37.6875,38.45,22.5,48.6,24,100.0,100.0
2981155,The Views,,AE,Asia/Dubai,AirGradient,Cheeseman,25.092213,55.168125,10071461,pm25 µg/m³,pm25,,µg/m³,2025-09-21,20.333333333333332,20.5,12.5,28.7,24,100.0,100.0
2981155,The Views,,AE,Asia/Dubai,AirGradient,Cheeseman,25.092213,55.168125,10071461,pm25 µg/m³,pm25,,µg/m³,2025-09-22,27.650000000000002,27.950000000000003,13.7,36.2,24,100.0,100.0
2981155,The Views,,AE,Asia/Dubai,AirGradient,Cheeseman,25.092213,55.168125,10071461,pm25 µg/m³,pm25,,µg/m³,2025-09-23,57.362500000000004,58.45,37.6,77.6,24,100.0,100.0
2981155,The Views,,AE,Asia/Dubai,AirGradient,Cheeseman,25.092213,55.168125,10071461,pm25 µg/m³,pm25,,µg/m³,2025-09-24,24.900000000000002,6.73,2.74,70.1,24,100.0,100.0
2981155,The Views,,AE,Asia/Dubai,AirGradient,Cheeseman,25.092213,55.168125,10071461,pm25 µg/m³,pm25,,µg/m³,2025-09-25,10.137083333333333,10.149999999999999,4.59,18.1,24,100.0,100.0
2981155,The Views,,AE,Asia/Dubai,AirGradient,Cheeseman,25.092213,55.168125,10071461,pm25 µg/m³,pm25,,µg/m³,2025-09-26,29.09166666666667,28.7,23.9,34.2,24,100.0,100.0
2981155,The Views,,AE,Asia/Dubai,AirGradient,Cheeseman,25.092213,55.168125,10071461,pm25 µg/m³,pm25,,µg/m³,2025-09-27,25.181818181818183,25.9,19.5,28.2,22,100.0,100.0
2981155,The Views,,AE,Asia/Dubai,AirGradient,Cheeseman,25.092213,55.168125,10071461,pm25 µg/m³,pm25,,µg/m³,2025-09-28,31.166666666666668,28.2,23.7,60.0,21,100.0,100.0
2981155,The Views,,AE,Asia/Dubai,AirGradient,Cheeseman,25.092213,55.168125,10071461,pm25 µg/m³,pm25,,µg/m³,2025-09-29,43.59130434782609,35.8,31.7,62.0,23,100.0,100.0
2981155,The Views,,AE,Asia/Dubai,AirGradient,Cheeseman,25.092213,55.168125,10071461,pm25 µg/m³,pm25,,µg/m³,2025-09-30,31.02173913043478,32.1,19.6,38.6,23,100.0,100.0
2981155,The Views,,AE,Asia/Dubai,AirGradient,Cheeseman,25.092213,55.168125,10071461,pm25 µg/m³,pm25,,µg/m³,2025-10-01,41.44166666666667,41.2,22.1,78.4,24,100.0,100.0
2981155,The Views,,AE,Asia/Dubai,AirGradient,Cheeseman,25.092213,55.168125,10071461,pm25 µg/m³,pm25,,µg/m³,2025-10-02,26.766666666666666,26.6,20.8,34.0,24,100.0,100.0
2981155,The Views,,AE,Asia/Dubai,AirGradient,Cheeseman,25.092213,55.168125,10071461,pm25 µg/m³,pm25,,µg/m³,2025-10-03,30.483333333333334,31.700000000000003,22.1,44.8,24,100.0,100.0
2981155,The Views,,AE,Asia/Dubai,AirGradient,Cheeseman,25.092213,55.168125,10071461,pm25 µg/m³,pm25,,µg/m³,2025-10-04,31.082608695652173,31.8,22.7,40.9,23,100.0,100.0
2981155,The Views,,AE,Asia/Dubai,AirGradient,Cheeseman,25.092213,55.168125,10071461,pm25 µg/m³,pm25,,µg/m³,2025-10-05,29.4375,30.700000000000003,19.2,36.3,24,100.0,100.0
2981155,The Views,,AE,Asia/Dubai,AirGradient,Cheeseman,25.092213,55.168125,10071461,pm25 µg/m³,pm25,,µg/m³,2025-10-06,36.104166666666664,37.2,22.1,43.5,24,100.0,100.0
2981155,The Views,,AE,Asia/Dubai,AirGradient,Cheeseman,25.092213,55.168125,10071461,pm25 µg/m³,pm25,,µg/m³,2025-10-07,30.25,32.45,15.8,44.7,24,100.0,100.0
2981155,The Views,,AE,Asia/Dubai,AirGradient,Cheeseman,25.092213,55.168125,10071461,pm25 µg/m³,pm25,,µg/m³,2025-10-08,38.50833333333333,37.6,16.7,67.3,24,100.0,100.0
2981155,The Views,,AE,Asia/Dubai,AirGradient,Cheeseman,25.092213,55.168125,10071461,pm25 µg/m³,pm25,,µg/m³,2025-10-09,24.112083333333334,21.200000000000003,6.44,49.8,24,100.0,100.0
2981155,The Views,,AE,Asia/Dubai,AirGradient,Cheeseman,25.092213,55.168125,10071461,pm25 µg/m³,pm25,,µg/m³,2025-10-10,28.3275,27.799999999999997,7.16,59.8,24,100.0,100.0
2981155,The Views,,AE,Asia/Dubai,AirGradient,Cheeseman,25.092213,55.168125,10071461,pm25 µg/m³,pm25,,µg/m³,2025-10-11,49.53478260869565,49.1,44.2,60.5,23,100.0,100.0
2981155,The Views,,AE,Asia/Dubai,AirGradient,Cheeseman,25.092213,55.168125,10071461,pm25 µg/m³,pm25,,µg/m³,2025-10-12,25.999166666666667,23.75,5.13,49.3,24,100.0,100.0
2981155,The Views,,AE,Asia/Dubai,AirGradient,Cheeseman,25.092213,55.168125,10071461,pm25 µg/m³,pm25,,µg/m³,2025-10-13,14.884583333333333,15.4,8.97,21.7,24,100.0,100.0
2981155,The Views,,AE,Asia/Dubai,AirGradient,Cheeseman,25.092213,55.168125,10071461,pm25 µg/m³,pm25,,µg/m³,2025-10-14,31.40833333333333,35.8,12.3,61.4,24,100.0,100.0
2981155,The Views,,AE,Asia/Dubai,AirGradient,Cheeseman,25.092213,55.168125,10071461,pm25 µg/m³,pm25,,µg/m³,2025-10-15,43.51666666666667,43.3,35.8,52.4,24,100.0,100.0
2981155,The Views,,AE,Asia/Dubai,AirGradient,Cheeseman,25.092213,55.168125,10071461,pm25 µg/m³,pm25,,µg/m³,2025-10-16,28.383333333333336,26.45,10.0,51.9,24,100.0,100.0
2981155,The Views,,AE,Asia/Dubai,AirGradient,Cheeseman,25.092213,55.168125,10071461,pm25 µg/m³,pm25,,µg/m³,2025-10-17,15.33,13.8,8.05,32.5,24,100.0,100.0
2981155,The Views,,AE,Asia/Dubai,AirGradient,Cheeseman,25.092213,55.168125,10071461,pm25 µg/m³,pm25,,µg/m³,2025-10-18,19.204583333333332,18.450000000000003,8.97,37.6,24,100.0,100.0
2981155,The Views,,AE,Asia/Dubai,AirGradient,Cheeseman,25.092213,55.168125,10071461,pm25 µg/m³,pm25,,µg/m³,2025-10-19,33.44166666666667,30.95,22.2,50.3,24,100.0,100.0
2981155,The Views,,AE,Asia/Dubai,AirGradient,Cheeseman,25.092213,55.168125,10071461,pm25 µg/m³,pm25,,µg/m³,2025-10-20,32.15714285714286,30.0,25.1,44.8,21,100.0,100.0
2981155,The Views,,AE,Asia/Dubai,AirGradient,Cheeseman,25.092213,55.168125,10071461,pm25 µg/m³,pm25,,µg/m³,2025-10-21,30.883333333333336,32.5,19.3,36.3,24,100.0,100.0
2981155,The Views,,AE,Asia/Dubai,AirGradient,Cheeseman,25.092213,55.168125,10071461,pm25 µg/m³,pm25,,µg/m³,2025-10-22,33.775,33.9,26.4,43.3,24,100.0,100.0
2981155,The Views,,AE,Asia/Dubai,AirGradient,Cheeseman,25.092213,55.168125,10071461,pm25 µg/m³,pm25,,µg/m³,2025-10-23,38.25416666666667,38.400000000000006,27.5,43.2,24,100.0,100.0
2981155,The Views,,AE,Asia/Dubai,AirGradient,Cheeseman,25.092213,55.168125,10071461,pm25 µg/m³,pm25,,µg/m³,2025-10-24,36.362500000000004,36.0,28.4,46.1,24,100.0,100.0
2981155,The Views,,AE,Asia/Dubai,AirGradient,Cheeseman,25.092213,55.168125,10071461,pm25 µg/m³,pm25,,µg/m³,2025-10-25,39.24583333333333,39.1,34.0,44.1,24,100.0,100.0
2981155,The Views,,AE,Asia/Dubai,AirGradient,Cheeseman,25.092213,55.168125,10071461,pm25 µg/m³,pm25,,µg/m³,2025-10-26,41.93913043478261,42.7,38.1,44.1,23,100.0,100.0
2981155,The Views,,AE,Asia/Dubai,AirGradient,Cheeseman,25.092213,55.168125,10071461,pm25 µg/m³,pm25,,µg/m³,2025-10-27,43.729166666666664,43.6,40.9,47.3,24,100.0,100.0
2981155,The Views,,AE,Asia/Dubai,AirGradient,Cheeseman,25.092213,55.168125,10071461,pm25 µg/m³,pm25,,µg/m³,2025-10-28,46.512499999999996,46.0,40.7,51.8,24,100.0,100.0
2981155,The Views,,AE,Asia/Dubai,AirGradient,Cheeseman,25.092213,55.168125,10071461,pm25 µg/m³,pm25,,µg/m³,2025-10-29,41.916666666666664,42.05,32.6,53.2,24,100.0,100.0
2981155,The Views,,AE,Asia/Dubai,AirGradient,Cheeseman,25.092213,55.168125,10071461,pm25 µg/m³,pm25,,µg/m³,2025-10-30,39.34090909090909,39.2,32.8,57.0,22,100.0,100.0
2981155,The Views,,AE,Asia/Dubai,AirGradient,Cheeseman,25.092213,55.168125,10071461,pm25 µg/m³,pm25,,µg/m³,2025-10-31,36.300000000000004,35.0,31.0,42.0,24,100.0,100.0
2981155,The Views,,AE,Asia/Dubai,AirGradient,Cheeseman,25.092213,55.168125,10071461,pm25 µg/m³,pm25,,µg/m³,2025-11-01,32.324999999999996,31.75,27.9,38.9,24,100.0,100.0
2981155,The Views,,AE,Asia/Dubai,AirGradient,Cheeseman,25.092213,55.168125,10071461,pm25 µg/m³,pm25,,µg/m³,2025-11-02,40.016666666666666,43.599999999999994,27.9,48.9,24,100.0,100.0
2981155,The Views,,AE,Asia/Dubai,AirGradient,Cheeseman,25.092213,55.168125,10071461,pm25 µg/m³,pm25,,µg/m³,2025-11-03,40.65,41.0,25.3,51.9,24,100.0,100.0
2981155,The Views,,AE,Asia/Dubai,AirGradient,Cheeseman,25.092213,55.168125,10071461,pm25 µg/m³,pm25,,µg/m³,2025-11-04,37.262499999999996,35.8,28.9,46.5,24,100.0,100.0
2981155,The Views,,AE,Asia/Dubai,AirGradient,Cheeseman,25.092213,55.168125,10071461,pm25 µg/m³,pm25,,µg/m³,2025-11-05,28.539130434782606,29.9,20.7,32.6,23,100.0,100.0
2981155,The Views,,AE,Asia/Dubai,AirGradient,Cheeseman,25.092213,55.168125,10071461,pm25 µg/m³,pm25,,µg/m³,2025-11-06,27.787499999999998,28.75,20.6,34.3,24,100.0,100.0
2981155,The Views,,AE,Asia/Dubai,AirGradient,Cheeseman,25.092213,55.168125,10071461,pm25 µg/m³,pm25,,µg/m³,2025-11-07,9.187916666666666,7.9399999999999995,4.01,19.7,24,100.0,100.0
2981155,The Views,,AE,Asia/Dubai,AirGradient,Cheeseman,25.092213,55.168125,10071461,pm25 µg/m³,pm25,,µg/m³,2025-11-08,5.545000000000001,5.895,2.5,8.71,24,100.0,100.0
2981155,The Views,,AE,Asia/Dubai,AirGradient,Cheeseman,25.092213,55.168125,10071461,pm25 µg/m³,pm25,,µg/m³,2025-11-09,16.585,12.6,4.3,35.8,24,100.0,100.0
2981155,The Views,,AE,Asia/Dubai,AirGradient,Cheeseman,25.092213,55.168125,10071461,pm25 µg/m³,pm25,,µg/m³,2025-11-10,37.020833333333336,36.9,33.8,39.3,24,100.0,100.0
2981155,The Views,,AE,Asia/Dubai,AirGradient,Cheeseman,25.092213,55.168125,10071461,pm25 µg/m³,pm25,,µg/m³,2025-11-11,40.7875,39.8,36.4,46.3,24,100.0,100.0
2981155,The Views,,AE,Asia/Dubai,AirGradient,Cheeseman,25.092213,55.168125,10071461,pm25 µg/m³,pm25,,µg/m³,2025-11-12,33.01111111111111,37.65,14.3,47.6,18,100.0,100.0
2981155,The Views,,AE,Asia/Dubai,AirGradient,Cheeseman,25.092213,55.168125,10071461,pm25 µg/m³,pm25,,µg/m³,2025-11-13,19.47391304347826,18.7,12.5,30.2,23,100.0,100.0
2981155,The Views,,AE,Asia/Dubai,AirGradient,Cheeseman,25.092213,55.168125,10071461,pm25 µg/m³,pm25,,µg/m³,2025-11-14,27.686666666666667,27.2,13.7,35.8,15,100.0,100.0
2981155,The Views,,AE,Asia/Dubai,AirGradient,Cheeseman,25.092213,55.168125,10071461,pm25 µg/m³,pm25,,µg/m³,2025-11-15,37.92916666666667,38.0,33.4,42.9,24,100.0,100.0
2981155,The Views,,AE,Asia/Dubai,AirGradient,Cheeseman,25.092213,55.168125,10071461,pm25 µg/m³,pm25,,µg/m³,2025-11-16,41.2,42.1,32.9,45.6,23,100.0,100.0
2981155,The Views,,AE,Asia/Dubai,AirGradient,Cheeseman,25.092213,55.168125,10071461,pm25 µg/m³,pm25,,µg/m³,2025-11-17,41.25454545454546,39.3,35.4,47.9,22,100.0,100.0
2981155,The Views,,AE,Asia/Dubai,AirGradient,Cheeseman,25.092213,55.168125,10071461,pm25 µg/m³,pm25,,µg/m³,2025-11-18,46.87826086956522,47.1,38.3,58.2,23,100.0,100.0
2981155,The Views,,AE,Asia/Dubai,AirGradient,Cheeseman,25.092213,55.168125,10071461,pm25 µg/m³,pm25,,µg/m³,2025-11-19,62.19583333333333,57.45,51.2,78.4,24,100.0,100.0
2981155,The Views,,AE,Asia/Dubai,AirGradient,Cheeseman,25.092213,55.168125,10071461,pm25 µg/m³,pm25,,µg/m³,2025-11-20,56.0875,57.75,38.1,77.6,24,100.0,100.0
2981155,The Views,,AE,Asia/Dubai,AirGradient,Cheeseman,25.092213,55.168125,10071461,pm25 µg/m³,pm25,,µg/m³,2025-11-21,44.1625,45.2,29.0,61.7,24,100.0,100.0
2981155,The Views,,AE,Asia/Dubai,AirGradient,Cheeseman,25.092213,55.168125,10071461,pm25 µg/m³,pm25,,µg/m³,2025-11-22,28.333333333333332,26.3,12.7,50.2,24,100.0,100.0
2981155,The Views,,AE,Asia/Dubai,AirGradient,Cheeseman,25.092213,55.168125,10071461,pm25 µg/m³,pm25,,µg/m³,2025-11-23,26.64761904761905,29.4,15.1,33.9,21,100.0,100.0
2981155,The Views,,AE,Asia/Dubai,AirGradient,Cheeseman,25.092213,55.168125,10071461,pm25 µg/m³,pm25,,µg/m³,2025-11-24,22.991304347826084,21.0,13.2,34.5,23,100.0,100.0
2981155,The Views,,AE,Asia/Dubai,AirGradient,Cheeseman,25.092213,55.168125,10071461,pm25 µg/m³,pm25,,µg/m³,2025-11-25,21.395833333333332,22.0,14.5,26.2,24,100.0,100.0
2981155,The Views,,AE,Asia/Dubai,AirGradient,Cheeseman,25.092213,55.168125,10071461,pm25 µg/m³,pm25,,µg/m³,2025-11-26,30.175,29.4,25.1,37.0,24,100.0,100.0
2981155,The Views,,AE,Asia/Dubai,AirGradient,Cheeseman,25.092213,55.168125,10071461,pm25 µg/m³,pm25,,µg/m³,2025-11-27,36.1,38.349999999999994,26.8,40.4,24,100.0,100.0
2981155,The Views,,AE,Asia/Dubai,AirGradient,Cheeseman,25.092213,55.168125,10071461,pm25 µg/m³,pm25,,µg/m³,2025-11-28,39.19166666666667,40.55,32.5,45.0,24,100.0,100.0
2981155,The Views,,AE,Asia/Dubai,AirGradient,Cheeseman,25.092213,55.168125,10071461,pm25 µg/m³,pm25,,µg/m³,2025-11-29,39.68333333333333,39.8,30.4,50.5,24,100.0,100.0
2981155,The Views,,AE,Asia/Dubai,AirGradient,Cheeseman,25.092213,55.168125,10071461,pm25 µg/m³,pm25,,µg/m³,2025-11-30,43.22083333333333,45.849999999999994,27.7,50.6,24,100.0,100.0
2981155,The Views,,AE,Asia/Dubai,AirGradient,Cheeseman,25.092213,55.168125,10071461,pm25 µg/m³,pm25,,µg/m³,2025-12-01,43.72608695652174,44.1,36.3,53.8,23,100.0,100.0
2981155,The Views,,AE,Asia/Dubai,AirGradient,Cheeseman,25.092213,55.168125,10071461,pm25 µg/m³,pm25,,µg/m³,2025-12-02,60.574999999999996,57.400000000000006,47.8,72.4,24,100.0,100.0
2981155,The Views,,AE,Asia/Dubai,AirGradient,Cheeseman,25.092213,55.168125,10071461,pm25 µg/m³,pm25,,µg/m³,2025-12-03,71.45416666666667,64.9,46.8,102.0,24,100.0,100.0
2981155,The Views,,AE,Asia/Dubai,AirGradient,Cheeseman,25.092213,55.168125,10071461,pm25 µg/m³,pm25,,µg/m³,2025-12-04,53.9625,47.150000000000006,30.4,80.1,24,100.0,100.0
2981155,The Views,,AE,Asia/Dubai,AirGradient,Cheeseman,25.092213,55.168125,10071461,pm25 µg/m³,pm25,,µg/m³,2025-12-05,43.84166666666667,46.05,22.5,59.4,24,100.0,100.0
2981155,The Views,,AE,Asia/Dubai,AirGradient,Cheeseman,25.092213,55.168125,10071461,pm25 µg/m³,pm25,,µg/m³,2025-12-06,40.94166666666667,36.4,31.5,60.5,24,100.0,100.0
2981155,The Views,,AE,Asia/Dubai,AirGradient,Cheeseman,25.092213,55.168125,10071461,pm25 µg/m³,pm25,,µg/m³,2025-12-07,27.6375,25.75,15.4,38.4,24,100.0,100.0
2981155,The Views,,AE,Asia/Dubai,AirGradient,Cheeseman,25.092213,55.168125,10071461,pm25 µg/m³,pm25,,µg/m³,2025-12-08,18.017916666666668,20.55,7.75,23.5,24,100.0,100.0
2981155,The Views,,AE,Asia/Dubai,AirGradient,Cheeseman,25.092213,55.168125,10071461,pm25 µg/m³,pm25,,µg/m³,2025-12-09,23.070833333333336,22.75,20.8,25.0,24,100.0,100.0
2981155,The Views,,AE,Asia/Dubai,AirGradient,Cheeseman,25.092213,55.168125,10071461,pm25 µg/m³,pm25,,µg/m³,2025-12-10,24.462500000000002,23.25,20.2,31.8,24,100.0,100.0
2981155,The Views,,AE,Asia/Dubai,AirGradient,Cheeseman,25.092213,55.168125,10071461,pm25 µg/m³,pm25,,µg/m³,2025-12-11,24.329166666666666,23.85,15.6,31.2,24,100.0,100.0
2981155,The Views,,AE,Asia/Dubai,AirGradient,Cheeseman,25.092213,55.168125,10071461,pm25 µg/m³,pm25,,µg/m³,2025-12-12,21.043333333333333,21.5,8.24,32.3,24,100.0,100.0
2981155,The Views,,AE,Asia/Dubai,AirGradient,Cheeseman,25.092213,55.168125,10071461,pm25 µg/m³,pm25,,µg/m³,2025-12-13,15.462083333333332,17.55,5.03,26.1,24,100.0,100.0
2981155,The Views,,AE,Asia/Dubai,AirGradient,Cheeseman,25.092213,55.168125,10071461,pm25 µg/m³,pm25,,µg/m³,2025-12-14,13.16375,13.9,2.45,20.6,24,100.0,100.0
2981155,The Views,,AE,Asia/Dubai,AirGradient,Cheeseman,25.092213,55.168125,10071461,pm25 µg/m³,pm25,,µg/m³,2025-12-15,17.800833333333333,14.75,5.66,102.0,24,100.0,100.0
2981155,The Views,,AE,Asia/Dubai,AirGradient,Cheeseman,25.092213,55.168125,10071461,pm25 µg/m³,pm25,,µg/m³,2025-12-16,22.247083333333332,4.29,1.67,293.0,24,100.0,100.0
2981155,The Views,,AE,Asia/Dubai,AirGradient,Cheeseman,25.092213,55.168125,10071461,pm25 µg/m³,pm25,,µg/m³,2025-12-17,20.234347826086957,20.0,5.45,33.9,23,100.0,100.0
2981155,The Views,,AE,Asia/Dubai,AirGradient,Cheeseman,25.092213,55.168125,10071461,pm25 µg/m³,pm25,,µg/m³,2025-12-18,21.4875,21.35,10.8,32.6,24,100.0,100.0
2981155,The Views,,AE,Asia/Dubai,AirGradient,Cheeseman,25.092213,55.168125,10071461,pm25 µg/m³,pm25,,µg/m³,2025-12-19,10.60375,9.52,4.36,23.0,24,100.0,100.0
2981155,The Views,,AE,Asia/Dubai,AirGradient,Cheeseman,25.092213,55.168125,10071461,pm25 µg/m³,pm25,,µg/m³,2025-12-20,18.042916666666667,22.55,4.59,28.9,24,100.0,100.0
2981155,The Views,,AE,Asia/Dubai,AirGradient,Cheeseman,25.092213,55.168125,10071461,pm25 µg/m³,pm25,,µg/m³,2025-12-21,12.530833333333334,10.395,6.0,21.6,24,100.0,100.0
2981155,The Views,,AE,Asia/Dubai,AirGradient,Cheeseman,25.092213,55.168125,10071461,pm25 µg/m³,pm25,,µg/m³,2025-12-22,9.029166666666667,6.29,2.99,22.0,24,100.0,100.0
2981155,The Views,,AE,Asia/Dubai,AirGradient,Cheeseman,25.092213,55.168125,10071461,pm25 µg/m³,pm25,,µg/m³,2025-12-23,7.920000000000001,6.62,1.64,21.5,24,100.0,100.0
2981155,The Views,,AE,Asia/Dubai,AirGradient,Cheeseman,25.092213,55.168125,10071461,pm25 µg/m³,pm25,,µg/m³,2025-12-24,8.666666666666666,6.58,2.79,21.9,24,100.0,100.0
2981155,The Views,,AE,Asia/Dubai,AirGradient,Cheeseman,25.092213,55.168125,10071461,pm25 µg/m³,pm25,,µg/m³,2025-12-25,34.025,33.65,18.2,46.0,24,100.0,100.0
2981155,The Views,,AE,Asia/Dubai,AirGradient,Cheeseman,25.092213,55.168125,10071461,pm25 µg/m³,pm25,,µg/m³,2025-12-26,43.0,42.900000000000006,37.6,48.0,24,100.0,100.0
2981155,The Views,,AE,Asia/Dubai,AirGradient,Cheeseman,25.092213,55.168125,10071461,pm25 µg/m³,pm25,,µg/m³,2025-12-27,45.37083333333334,45.650000000000006,36.2,54.3,24,100.0,100.0
2981155,The Views,,AE,Asia/Dubai,AirGradient,Cheeseman,25.092213,55.168125,10071461,pm25 µg/m³,pm25,,µg/m³,2025-12-28,33.520833333333336,37.5,13.2,48.7,24,100.0,100.0
2981155,The Views,,AE,Asia/Dubai,AirGradient,Cheeseman,25.092213,55.168125,10071461,pm25 µg/m³,pm25,,µg/m³,2025-12-29,22.628,22.9,9.46,28.7,20,100.0,100.0
2981155,The Views,,AE,Asia/Dubai,AirGradient,Cheeseman,25.092213,55.168125,10071461,pm25 µg/m³,pm25,,µg/m³,2025-12-30,4.123090909090909,2.3150000000000004,0.806,23.0,22,100.0,100.0
2981155,The Views,,AE,Asia/Dubai,AirGradient,Cheeseman,25.092213,55.168125,10071461,pm25 µg/m³,pm25,,µg/m³,2025-12-31,4.917291666666666,2.66,0.634,34.3,24,100.0,100.0
2981155,The Views,,AE,Asia/Dubai,AirGradient,Cheeseman,25.092213,55.168125,10071461,pm25 µg/m³,pm25,,µg/m³,2026-01-01,15.639583333333334,7.195,1.66,63.5,24,100.0,100.0
2981155,The Views,,AE,Asia/Dubai,AirGradient,Cheeseman,25.092213,55.168125,10071461,pm25 µg/m³,pm25,,µg/m³,2026-01-02,12.544166666666667,9.625,4.0,30.5,24,100.0,100.0
2981155,The Views,,AE,Asia/Dubai,AirGradient,Cheeseman,25.092213,55.168125,10071461,pm25 µg/m³,pm25,,µg/m³,2026-01-03,37.800000000000004,29.75,17.2,74.1,24,100.0,100.0
2981155,The Views,,AE,Asia/Dubai,AirGradient,Cheeseman,25.092213,55.168125,10071461,pm25 µg/m³,pm25,,µg/m³,2026-01-04,25.461304347826086,24.9,0.77,44.3,23,100.0,100.0
2981155,The Views,,AE,Asia/Dubai,AirGradient,Cheeseman,25.092213,55.168125,10071461,pm25 µg/m³,pm25,,µg/m³,2026-01-05,8.4855,8.68,0.762,17.8,24,100.0,100.0
2981155,The Views,,AE,Asia/Dubai,AirGradient,Cheeseman,25.092213,55.168125,10071461,pm25 µg/m³,pm25,,µg/m³,2026-01-06,13.904166666666667,12.3,2.4,25.3,24,100.0,100.0
2981155,The Views,,AE,Asia/Dubai,AirGradient,Cheeseman,25.092213,55.168125,10071461,pm25 µg/m³,pm25,,µg/m³,2026-01-07,17.14875,12.25,5.31,37.7,24,100.0,100.0
2981155,The Views,,AE,Asia/Dubai,AirGradient,Cheeseman,25.092213,55.168125,10071461,pm25 µg/m³,pm25,,µg/m³,2026-01-08,21.7925,22.799999999999997,5.92,39.8,24,100.0,100.0
2981155,The Views,,AE,Asia/Dubai,AirGradient,Cheeseman,25.092213,55.168125,10071461,pm25 µg/m³,pm25,,µg/m³,2026-01-09,40.24583333333333,41.599999999999994,30.0,49.0,24,100.0,100.0
2981155,The Views,,AE,Asia/Dubai,AirGradient,Cheeseman,25.092213,55.168125,10071461,pm25 µg/m³,pm25,,µg/m³,2026-01-10,39.65,39.150000000000006,26.4,52.6,24,100.0,100.0
2981155,The Views,,AE,Asia/Dubai,AirGradient,Cheeseman,25.092213,55.168125,10071461,pm25 µg/m³,pm25,,µg/m³,2026-01-11,40.1875,42.2,28.6,46.6,24,100.0,100.0
2981155,The Views,,AE,Asia/Dubai,AirGradient,Cheeseman,25.092213,55.168125,10071461,pm25 µg/m³,pm25,,µg/m³,2026-01-12,50.28333333333333,47.75,40.4,69.2,24,100.0,100.0
2981155,The Views,,AE,Asia/Dubai,AirGradient,Cheeseman,25.092213,55.168125,10071461,pm25 µg/m³,pm25,,µg/m³,2026-01-13,51.99583333333334,53.6,32.2,70.9,24,100.0,100.0
2981155,The Views,,AE,Asia/Dubai,AirGradient,Cheeseman,25.092213,55.168125,10071461,pm25 µg/m³,pm25,,µg/m³,2026-01-14,43.57916666666667,42.099999999999994,30.6,59.8,24,100.0,100.0
2981155,The Views,,AE,Asia/Dubai,AirGradient,Cheeseman,25.092213,55.168125,10071461,pm25 µg/m³,pm25,,µg/m³,2026-01-15,31.88208333333333,32.9,4.77,40.5,24,100.0,100.0
2981155,The Views,,AE,Asia/Dubai,AirGradient,Cheeseman,25.092213,55.168125,10071461,pm25 µg/m³,pm25,,µg/m³,2026-01-16,4.5837916666666665,2.425,0.192,16.5,24,100.0,100.0
2981155,The Views,,AE,Asia/Dubai,AirGradient,Cheeseman,25.092213,55.168125,10071461,pm25 µg/m³,pm25,,µg/m³,2026-01-17,11.085,10.25,4.72,17.4,24,100.0,100.0
2981155,The Views,,AE,Asia/Dubai,AirGradient,Cheeseman,25.092213,55.168125,10071461,pm25 µg/m³,pm25,,µg/m³,2026-01-18,15.418333333333335,8.149999999999999,4.89,41.1,24,100.0,100.0
2981155,The Views,,AE,Asia/Dubai,AirGradient,Cheeseman,25.092213,55.168125,10071461,pm25 µg/m³,pm25,,µg/m³,2026-01-19,32.175000000000004,30.8,15.3,47.1,24,100.0,100.0
2981155,The Views,,AE,Asia/Dubai,AirGradient,Cheeseman,25.092213,55.168125,10071461,pm25 µg/m³,pm25,,µg/m³,2026-01-20,35.46666666666667,36.5,19.5,49.2,24,100.0,100.0
2981155,The Views,,AE,Asia/Dubai,AirGradient,Cheeseman,25.092213,55.168125,10071461,pm25 µg/m³,pm25,,µg/m³,2026-01-21,24.972083333333334,24.1,2.49,47.4,24,100.0,100.0
2981155,The Views,,AE,Asia/Dubai,AirGradient,Cheeseman,25.092213,55.168125,10071461,pm25 µg/m³,pm25,,µg/m³,2026-01-22,3.4025,3.0149999999999997,1.69,10.2,24,100.0,100.0
2981155,The Views,,AE,Asia/Dubai,AirGradient,Cheeseman,25.092213,55.168125,10071461,pm25 µg/m³,pm25,,µg/m³,2026-01-23,5.1241666666666665,4.335000000000001,1.88,15.8,24,100.0,100.0
2981155,The Views,,AE,Asia/Dubai,AirGradient,Cheeseman,25.092213,55.168125,10071461,pm25 µg/m³,pm25,,µg/m³,2026-01-24,8.314583333333333,7.720000000000001,3.25,20.4,24,100.0,100.0
2981155,The Views,,AE,Asia/Dubai,AirGradient,Cheeseman,25.092213,55.168125,10071461,pm25 µg/m³,pm25,,µg/m³,2026-01-25,8.849166666666667,8.745000000000001,5.14,14.2,24,100.0,100.0
2981155,The Views,,AE,Asia/Dubai,AirGradient,Cheeseman,25.092213,55.168125,10071461,pm25 µg/m³,pm25,,µg/m³,2026-01-26,20.329583333333332,21.65,5.1,29.3,24,100.0,100.0
2981155,The Views,,AE,Asia/Dubai,AirGradient,Cheeseman,25.092213,55.168125,10071461,pm25 µg/m³,pm25,,µg/m³,2026-01-27,15.595833333333333,11.8,4.84,29.9,24,100.0,100.0
2981155,The Views,,AE,Asia/Dubai,AirGradient,Cheeseman,25.092213,55.168125,10071461,pm25 µg/m³,pm25,,µg/m³,2026-01-28,10.015416666666667,9.21,4.31,21.7,24,100.0,100.0
2981155,The Views,,AE,Asia/Dubai,AirGradient,Cheeseman,25.092213,55.168125,10071461,pm25 µg/m³,pm25,,µg/m³,2026-01-29,17.610833333333336,17.6,7.93,29.7,24,100.0,100.0
2981155,The Views,,AE,Asia/Dubai,AirGradient,Cheeseman,25.092213,55.168125,10071461,pm25 µg/m³,pm25,,µg/m³,2026-01-30,27.825,28.15,22.2,35.6,24,100.0,100.0
2981155,The Views,,AE,Asia/Dubai,AirGradient,Cheeseman,25.092213,55.168125,10071461,pm25 µg/m³,pm25,,µg/m³,2026-01-31,17.6925,14.5,5.59,30.1,24,100.0,100.0
2981155,The Views,,AE,Asia/Dubai,AirGradient,Cheeseman,25.092213,55.168125,10071461,pm25 µg/m³,pm25,,µg/m³,2026-02-01,28.066666666666666,28.700000000000003,12.5,40.0,24,100.0,100.0
2981155,The Views,,AE,Asia/Dubai,AirGradient,Cheeseman,25.092213,55.168125,10071461,pm25 µg/m³,pm25,,µg/m³,2026-02-02,32.395833333333336,34.55,16.0,42.7,24,100.0,100.0
2981155,The Views,,AE,Asia/Dubai,AirGradient,Cheeseman,25.092213,55.168125,10071461,pm25 µg/m³,pm25,,µg/m³,2026-02-03,43.729166666666664,41.9,30.1,71.0,24,100.0,100.0
2981155,The Views,,AE,Asia/Dubai,AirGradient,Cheeseman,25.092213,55.168125,10071461,pm25 µg/m³,pm25,,µg/m³,2026-02-04,25.47083333333333,25.6,10.3,47.0,24,100.0,100.0
2981155,The Views,,AE,Asia/Dubai,AirGradient,Cheeseman,25.092213,55.168125,10071461,pm25 µg/m³,pm25,,µg/m³,2026-02-05,26.705833333333334,27.1,3.38,43.5,24,100.0,100.0
2981155,The Views,,AE,Asia/Dubai,AirGradient,Cheeseman,25.092213,55.168125,10071461,pm25 µg/m³,pm25,,µg/m³,2026-02-06,29.204166666666666,31.15,16.3,44.9,24,100.0,100.0
2981155,The Views,,AE,Asia/Dubai,AirGradient,Cheeseman,25.092213,55.168125,10071461,pm25 µg/m³,pm25,,µg/m³,2026-02-07,37.49583333333333,35.7,24.5,47.2,24,100.0,100.0
2981155,The Views,,AE,Asia/Dubai,AirGradient,Cheeseman,25.092213,55.168125,10071461,pm25 µg/m³,pm25,,µg/m³,2026-02-08,26.129166666666666,23.65,20.1,36.7,24,100.0,100.0
2981155,The Views,,AE,Asia/Dubai,AirGradient,Cheeseman,25.092213,55.168125,10071461,pm25 µg/m³,pm25,,µg/m³,2026-02-09,30.545833333333334,30.05,24.4,41.6,24,100.0,100.0
2981155,The Views,,AE,Asia/Dubai,AirGradient,Cheeseman,25.092213,55.168125,10071461,pm25 µg/m³,pm25,,µg/m³,2026-02-10,39.35,39.400000000000006,25.0,58.6,24,100.0,100.0
2981155,The Views,,AE,Asia/Dubai,AirGradient,Cheeseman,25.092213,55.168125,10071461,pm25 µg/m³,pm25,,µg/m³,2026-02-11,46.4125,43.75,31.5,79.4,24,100.0,100.0
2981155,The Views,,AE,Asia/Dubai,AirGradient,Cheeseman,25.092213,55.168125,10071461,pm25 µg/m³,pm25,,µg/m³,2026-02-12,34.145833333333336,35.0,24.8,39.6,24,100.0,100.0
2981155,The Views,,AE,Asia/Dubai,AirGradient,Cheeseman,25.092213,55.168125,10071461,pm25 µg/m³,pm25,,µg/m³,2026-02-13,37.44583333333333,37.9,31.2,42.6,24,100.0,100.0
2981155,The Views,,AE,Asia/Dubai,AirGradient,Cheeseman,25.092213,55.168125,10071461,pm25 µg/m³,pm25,,µg/m³,2026-02-14,34.6,41.3,14.1,45.5,24,100.0,100.0
2981155,The Views,,AE,Asia/Dubai,AirGradient,Cheeseman,25.092213,55.168125,10071461,pm25 µg/m³,pm25,,µg/m³,2026-02-15,25.079166666666666,21.4,10.4,43.3,24,100.0,100.0
2981155,The Views,,AE,Asia/Dubai,AirGradient,Cheeseman,25.092213,55.168125,10071461,pm25 µg/m³,pm25,,µg/m³,2026-02-16,20.775000000000002,20.6,11.1,32.4,24,100.0,100.0
2981155,The Views,,AE,Asia/Dubai,AirGradient,Cheeseman,25.092213,55.168125,10071461,pm25 µg/m³,pm25,,µg/m³,2026-02-17,24.265,25.35,6.77,36.5,24,100.0,100.0
2981155,The Views,,AE,Asia/Dubai,AirGradient,Cheeseman,25.092213,55.168125,10071461,pm25 µg/m³,pm25,,µg/m³,2026-02-18,9.405,7.08,4.08,22.3,24,100.0,100.0
2981155,The Views,,AE,Asia/Dubai,AirGradient,Cheeseman,25.092213,55.168125,10071461,pm25 µg/m³,pm25,,µg/m³,2026-02-19,17.55875,17.0,5.15,31.8,24,100.0,100.0
2981155,The Views,,AE,Asia/Dubai,AirGradient,Cheeseman,25.092213,55.168125,10071461,pm25 µg/m³,pm25,,µg/m³,2026-02-20,17.65625,15.65,5.93,39.8,24,100.0,100.0
2981155,The Views,,AE,Asia/Dubai,AirGradient,Cheeseman,25.092213,55.168125,10071461,pm25 µg/m³,pm25,,µg/m³,2026-02-21,36.93333333333333,40.9,20.7,49.6,24,100.0,100.0
2981155,The Views,,AE,Asia/Dubai,AirGradient,Cheeseman,25.092213,55.168125,10071461,pm25 µg/m³,pm25,,µg/m³,2026-02-22,50.36666666666667,48.3,36.4,72.1,24,100.0,100.0
2981155,The Views,,AE,Asia/Dubai,AirGradient,Cheeseman,25.092213,55.168125,10071461,pm25 µg/m³,pm25,,µg/m³,2026-02-23,68.32916666666667,70.75,45.3,90.2,24,100.0,100.0
2981155,The Views,,AE,Asia/Dubai,AirGradient,Cheeseman,25.092213,55.168125,10071461,pm25 µg/m³,pm25,,µg/m³,2026-02-24,79.52499999999999,76.15,41.2,116.0,24,100.0,100.0
2981155,The Views,,AE,Asia/Dubai,AirGradient,Cheeseman,25.092213,55.168125,10071461,pm25 µg/m³,pm25,,µg/m³,2026-02-25,55.56666666666666,58.7,29.3,82.5,24,100.0,100.0
2981155,The Views,,AE,Asia/Dubai,AirGradient,Cheeseman,25.092213,55.168125,10071461,pm25 µg/m³,pm25,,µg/m³,2026-02-26,36.387499999999996,18.4,4.4,87.6,24,100.0,100.0
2981155,The Views,,AE,Asia/Dubai,AirGradient,Cheeseman,25.092213,55.168125,10071461,pm25 µg/m³,pm25,,µg/m³,2026-02-27,20.029166666666665,22.45,6.5,35.1,24,100.0,100.0
2981155,The Views,,AE,Asia/Dubai,AirGradient,Cheeseman,25.092213,55.168125,10071461,pm25 µg/m³,pm25,,µg/m³,2026-02-28,43.70416666666667,42.7,35.1,63.5,24,100.0,100.0
2981155,The Views,,AE,Asia/Dubai,AirGradient,Cheeseman,25.092213,55.168125,10071461,pm25 µg/m³,pm25,,µg/m³,2026-03-01,42.12083333333333,39.4,19.9,79.8,24,100.0,100.0
2981155,The Views,,AE,Asia/Dubai,AirGradient,Cheeseman,25.092213,55.168125,10071461,pm25 µg/m³,pm25,,µg/m³,2026-03-02,25.037499999999998,24.45,19.1,32.4,24,100.0,100.0
2981155,The Views,,AE,Asia/Dubai,AirGradient,Cheeseman,25.092213,55.168125,10071461,pm25 µg/m³,pm25,,µg/m³,2026-03-03,24.275000000000002,23.6,20.1,35.1,24,100.0,100.0
2981155,The Views,,AE,Asia/Dubai,AirGradient,Cheeseman,25.092213,55.168125,10071461,pm25 µg/m³,pm25,,µg/m³,2026-03-04,22.579166666666666,23.1,10.7,32.1,24,100.0,100.0
2981155,The Views,,AE,Asia/Dubai,AirGradient,Cheeseman,25.092213,55.168125,10071461,pm25 µg/m³,pm25,,µg/m³,2026-03-05,21.587500000000002,19.1,9.8,34.0,24,100.0,100.0
2981155,The Views,,AE,Asia/Dubai,AirGradient,Cheeseman,25.092213,55.168125,10071461,pm25 µg/m³,pm25,,µg/m³,2026-03-06,14.979166666666666,11.55,6.4,31.3,24,100.0,100.0
2981155,The Views,,AE,Asia/Dubai,AirGradient,Cheeseman,25.092213,55.168125,10071461,pm25 µg/m³,pm25,,µg/m³,2026-03-07,24.425,25.55,6.6,45.9,24,100.0,100.0
2981155,The Views,,AE,Asia/Dubai,AirGradient,Cheeseman,25.092213,55.168125,10071461,pm25 µg/m³,pm25,,µg/m³,2026-03-08,34.262499999999996,34.150000000000006,18.1,44.0,24,100.0,100.0
2981155,The Views,,AE,Asia/Dubai,AirGradient,Cheeseman,25.092213,55.168125,10071461,pm25 µg/m³,pm25,,µg/m³,2026-03-09,20.025000000000002,22.3,6.2,35.1,24,100.0,100.0
2981155,The Views,,AE,Asia/Dubai,AirGradient,Cheeseman,25.092213,55.168125,10071461,pm25 µg/m³,pm25,,µg/m³,2026-03-10,34.145833333333336,38.150000000000006,3.9,56.3,24,100.0,100.0
2981155,The Views,,AE,Asia/Dubai,AirGradient,Cheeseman,25.092213,55.168125,10071461,pm25 µg/m³,pm25,,µg/m³,2026-03-11,7.779166666666666,7.5,3.5,15.4,24,100.0,100.0
2981155,The Views,,AE,Asia/Dubai,AirGradient,Cheeseman,25.092213,55.168125,10071461,pm25 µg/m³,pm25,,µg/m³,2026-03-12,9.641666666666667,8.75,3.5,18.0,24,100.0,100.0
2981155,The Views,,AE,Asia/Dubai,AirGradient,Cheeseman,25.092213,55.168125,10071461,pm25 µg/m³,pm25,,µg/m³,2026-03-13,14.991666666666667,14.35,5.7,26.7,24,100.0,100.0
2981155,The Views,,AE,Asia/Dubai,AirGradient,Cheeseman,25.092213,55.168125,10071461,pm25 µg/m³,pm25,,µg/m³,2026-03-14,33.57083333333333,16.4,7.4,107.0,24,100.0,100.0
2981155,The Views,,AE,Asia/Dubai,AirGradient,Cheeseman,25.092213,55.168125,10071461,pm25 µg/m³,pm25,,µg/m³,2026-03-15,55.31666666666666,48.8,16.4,100.0,24,100.0,100.0
2981155,The Views,,AE,Asia/Dubai,AirGradient,Cheeseman,25.092213,55.168125,10071461,pm25 µg/m³,pm25,,µg/m³,2026-03-16,28.3,29.35,19.7,35.5,24,100.0,100.0
2981155,The Views,,AE,Asia/Dubai,AirGradient,Cheeseman,25.092213,55.168125,10071461,pm25 µg/m³,pm25,,µg/m³,2026-03-17,32.854166666666664,32.35,26.8,38.4,24,100.0,100.0
2981155,The Views,,AE,Asia/Dubai,AirGradient,Cheeseman,25.092213,55.168125,10071461,pm25 µg/m³,pm25,,µg/m³,2026-03-18,21.541666666666668,22.299999999999997,4.6,39.6,24,100.0,100.0
2981155,The Views,,AE,Asia/Dubai,AirGradient,Cheeseman,25.092213,55.168125,10071461,pm25 µg/m³,pm25,,µg/m³,2026-03-19,15.325000000000001,13.0,3.6,30.9,24,100.0,100.0
2981155,The Views,,AE,Asia/Dubai,AirGradient,Cheeseman,25.092213,55.168125,10071461,pm25 µg/m³,pm25,,µg/m³,2026-03-20,13.720833333333333,11.7,3.9,25.5,24,100.0,100.0
2981155,The Views,,AE,Asia/Dubai,AirGradient,Cheeseman,25.092213,55.168125,10071461,pm25 µg/m³,pm25,,µg/m³,2026-03-21,16.175,18.049999999999997,7.7,23.7,24,100.0,100.0
2981155,The Views,,AE,Asia/Dubai,AirGradient,Cheeseman,25.092213,55.168125,10071461,pm25 µg/m³,pm25,,µg/m³,2026-03-22,6.691666666666666,6.9,2.4,13.1,24,100.0,100.0
2981155,The Views,,AE,Asia/Dubai,AirGradient,Cheeseman,25.092213,55.168125,10071461,pm25 µg/m³,pm25,,µg/m³,2026-03-23,5.879166666666666,5.65,1.5,17.8,24,100.0,100.0
2981155,The Views,,AE,Asia/Dubai,AirGradient,Cheeseman,25.092213,55.168125,10071461,pm25 µg/m³,pm25,,µg/m³,2026-03-24,8.904166666666667,8.7,0.3,24.6,24,100.0,100.0
2981155,The Views,,AE,Asia/Dubai,AirGradient,Cheeseman,25.092213,55.168125,10071461,pm25 µg/m³,pm25,,µg/m³,2026-03-25,3.7750000000000004,1.15,0.2,22.1,24,100.0,100.0
2981155,The Views,,AE,Asia/Dubai,AirGradient,Cheeseman,25.092213,55.168125,10071461,pm25 µg/m³,pm25,,µg/m³,2026-03-26,1.9208333333333334,1.55,0.2,6.6,24,100.0,100.0
2981155,The Views,,AE,Asia/Dubai,AirGradient,Cheeseman,25.092213,55.168125,10071461,pm25 µg/m³,pm25,,µg/m³,2026-03-27,1.2625,0.55,0.0,6.5,24,100.0,100.0
2981155,The Views,,AE,Asia/Dubai,AirGradient,Cheeseman,25.092213,55.168125,10071461,pm25 µg/m³,pm25,,µg/m³,2026-03-28,0.9375,0.6,0.2,3.3,24,100.0,100.0
2981155,The Views,,AE,Asia/Dubai,AirGradient,Cheeseman,25.092213,55.168125,10071461,pm25 µg/m³,pm25,,µg/m³,2026-03-29,2.0749999999999997,2.0,0.8,3.8,24,100.0,100.0
2981155,The Views,,AE,Asia/Dubai,AirGradient,Cheeseman,25.092213,55.168125,10071461,pm25 µg/m³,pm25,,µg/m³,2026-03-30,7.229166666666667,4.75,2.8,24.5,24,100.0,100.0
2981155,The Views,,AE,Asia/Dubai,AirGradient,Cheeseman,25.092213,55.168125,10071461,pm25 µg/m³,pm25,,µg/m³,2026-03-31,14.2125,13.25,4.6,23.9,24,100.0,100.0
2981155,The Views,,AE,Asia/Dubai,AirGradient,Cheeseman,25.092213,55.168125,10071461,pm25 µg/m³,pm25,,µg/m³,2026-04-01,14.0375,11.95,5.9,31.9,24,100.0,100.0
2981155,The Views,,AE,Asia/Dubai,AirGradient,Cheeseman,25.092213,55.168125,10071461,pm25 µg/m³,pm25,,µg/m³,2026-04-02,14.799999999999999,13.950000000000001,2.6,27.7,24,100.0,100.0
2981155,The Views,,AE,Asia/Dubai,AirGradient,Cheeseman,25.092213,55.168125,10071461,pm25 µg/m³,pm25,,µg/m³,2026-04-03,28.974999999999998,27.6,19.8,62.9,24,100.0,100.0
2981155,The Views,,AE,Asia/Dubai,AirGradient,Cheeseman,25.092213,55.168125,10071461,pm25 µg/m³,pm25,,µg/m³,2026-04-04,43.3375,42.349999999999994,34.0,59.3,24,100.0,100.0
2981155,The Views,,AE,Asia/Dubai,AirGradient,Cheeseman,25.092213,55.168125,10071461,pm25 µg/m³,pm25,,µg/m³,2026-04-05,31.674999999999997,30.75,8.5,51.1,24,100.0,100.0
2981155,The Views,,AE,Asia/Dubai,AirGradient,Cheeseman,25.092213,55.168125,10071461,pm25 µg/m³,pm25,,µg/m³,2026-04-06,11.179166666666667,8.2,2.2,26.5,24,100.0,100.0
2981155,The Views,,AE,Asia/Dubai,AirGradient,Cheeseman,25.092213,55.168125,10071461,pm25 µg/m³,pm25,,µg/m³,2026-04-07,8.862499999999999,8.2,4.4,16.7,24,100.0,100.0
2981155,The Views,,AE,Asia/Dubai,AirGradient,Cheeseman,25.092213,55.168125,10071461,pm25 µg/m³,pm25,,µg/m³,2026-04-08,16.108333333333334,16.9,7.4,23.9,24,100.0,100.0
2981155,The Views,,AE,Asia/Dubai,AirGradient,Cheeseman,25.092213,55.168125,10071461,pm25 µg/m³,pm25,,µg/m³,2026-04-09,27.087500000000002,27.3,19.8,44.5,24,100.0,100.0
2981155,The Views,,AE,Asia/Dubai,AirGradient,Cheeseman,25.092213,55.168125,10071461,pm25 µg/m³,pm25,,µg/m³,2026-04-10,14.512500000000001,11.95,4.2,31.9,24,100.0,100.0
2981155,The Views,,AE,Asia/Dubai,AirGradient,Cheeseman,25.092213,55.168125,10071461,pm25 µg/m³,pm25,,µg/m³,2026-04-11,17.216666666666665,20.5,2.1,32.9,24,100.0,100.0
2981155,The Views,,AE,Asia/Dubai,AirGradient,Cheeseman,25.092213,55.168125,10071461,pm25 µg/m³,pm25,,µg/m³,2026-04-12,7.304166666666666,5.15,3.0,28.5,24,100.0,100.0
2981155,The Views,,AE,Asia/Dubai,AirGradient,Cheeseman,25.092213,55.168125,10071461,pm25 µg/m³,pm25,,µg/m³,2026-04-13,12.362499999999999,8.35,3.9,53.0,24,100.0,100.0
2981155,The Views,,AE,Asia/Dubai,AirGradient,Cheeseman,25.092213,55.168125,10071461,pm25 µg/m³,pm25,,µg/m³,2026-04-14,25.025000000000002,20.7,14.4,72.5,24,100.0,100.0
2981155,The Views,,AE,Asia/Dubai,AirGradient,Cheeseman,25.092213,55.168125,10071461,pm25 µg/m³,pm25,,µg/m³,2026-04-15,12.320833333333333,7.85,4.1,30.5,24,100.0,100.0
2981155,The Views,,AE,Asia/Dubai,AirGradient,Cheeseman,25.092213,55.168125,10071461,pm25 µg/m³,pm25,,µg/m³,2026-04-16,8.536363636363637,8.05,4.2,15.4,22,100.0,100.0
2981155,The Views,,AE,Asia/Dubai,AirGradient,Cheeseman,25.092213,55.168125,10071461,pm25 µg/m³,pm25,,µg/m³,2026-04-17,21.175,22.65,6.4,28.1,24,100.0,100.0
2981155,The Views,,AE,Asia/Dubai,AirGradient,Cheeseman,25.092213,55.168125,10071461,pm25 µg/m³,pm25,,µg/m³,2026-04-18,29.03478260869565,29.0,10.7,40.0,23,100.0,100.0
2981155,The Views,,AE,Asia/Dubai,AirGradient,Cheeseman,25.092213,55.168125,10071461,pm25 µg/m³,pm25,,µg/m³,2026-04-19,31.954166666666666,33.75,14.4,39.8,24,100.0,100.0
2981155,The Views,,AE,Asia/Dubai,AirGradient,Cheeseman,25.092213,55.168125,10071461,pm25 µg/m³,pm25,,µg/m³,2026-04-20,36.15384615384615,38.7,21.4,40.8,13,100.0,100.0
2981155,The Views,,AE,Asia/Dubai,AirGradient,Cheeseman,25.092213,55.168125,10071465,temperature c,temperature,,c,2024-07-25,35.53333333333333,35.5,35.2,35.9,3,100.0,100.0
2981155,The Views,,AE,Asia/Dubai,AirGradient,Cheeseman,25.092213,55.168125,10071465,temperature c,temperature,,c,2024-07-26,33.05416666666667,34.55,24.3,37.8,24,100.0,100.0
2981155,The Views,,AE,Asia/Dubai,AirGradient,Cheeseman,25.092213,55.168125,10071465,temperature c,temperature,,c,2024-07-27,35.237500000000004,36.05,25.6,38.3,24,100.0,100.0
2981155,The Views,,AE,Asia/Dubai,AirGradient,Cheeseman,25.092213,55.168125,10071465,temperature c,temperature,,c,2024-07-28,35.89565217391304,35.6,34.2,38.0,23,100.0,100.0
2981155,The Views,,AE,Asia/Dubai,AirGradient,Cheeseman,25.092213,55.168125,10071465,temperature c,temperature,,c,2024-07-29,35.1,34.9,32.9,38.0,24,100.0,100.0
2981155,The Views,,AE,Asia/Dubai,AirGradient,Cheeseman,25.092213,55.168125,10071465,temperature c,temperature,,c,2024-07-30,35.766666666666666,35.8,33.3,39.3,24,100.0,100.0
2981155,The Views,,AE,Asia/Dubai,AirGradient,Cheeseman,25.092213,55.168125,10071465,temperature c,temperature,,c,2024-07-31,36.30416666666667,35.9,34.4,39.3,24,100.0,100.0
2981155,The Views,,AE,Asia/Dubai,AirGradient,Cheeseman,25.092213,55.168125,10071465,temperature c,temperature,,c,2024-08-01,36.74166666666667,36.05,35.4,39.6,24,100.0,100.0
2981155,The Views,,AE,Asia/Dubai,AirGradient,Cheeseman,25.092213,55.168125,10071465,temperature c,temperature,,c,2024-08-02,35.53333333333333,35.3,33.9,37.3,24,100.0,100.0
2981155,The Views,,AE,Asia/Dubai,AirGradient,Cheeseman,25.092213,55.168125,10071465,temperature c,temperature,,c,2024-08-03,35.44166666666667,34.95,33.7,37.6,24,100.0,100.0
2981155,The Views,,AE,Asia/Dubai,AirGradient,Cheeseman,25.092213,55.168125,10071465,temperature c,temperature,,c,2024-08-04,34.46521739130435,34.2,32.0,36.1,23,100.0,100.0
2981155,The Views,,AE,Asia/Dubai,AirGradient,Cheeseman,25.092213,55.168125,10071465,temperature c,temperature,,c,2024-08-05,35.12916666666667,35.35,32.6,38.0,24,100.0,100.0
2981155,The Views,,AE,Asia/Dubai,AirGradient,Cheeseman,25.092213,55.168125,10071465,temperature c,temperature,,c,2024-08-06,34.704166666666666,34.75,32.5,36.6,24,100.0,100.0
2981155,The Views,,AE,Asia/Dubai,AirGradient,Cheeseman,25.092213,55.168125,10071465,temperature c,temperature,,c,2024-08-07,35.204166666666666,34.95,33.7,37.4,24,100.0,100.0
2981155,The Views,,AE,Asia/Dubai,AirGradient,Cheeseman,25.092213,55.168125,10071465,temperature c,temperature,,c,2024-08-08,35.4,35.55,33.1,38.2,24,100.0,100.0
2981155,The Views,,AE,Asia/Dubai,AirGradient,Cheeseman,25.092213,55.168125,10071465,temperature c,temperature,,c,2024-08-09,35.7125,35.55,33.4,38.5,24,100.0,100.0
2981155,The Views,,AE,Asia/Dubai,AirGradient,Cheeseman,25.092213,55.168125,10071465,temperature c,temperature,,c,2024-08-10,35.983333333333334,35.349999999999994,33.7,38.7,24,100.0,100.0
2981155,The Views,,AE,Asia/Dubai,AirGradient,Cheeseman,25.092213,55.168125,10071465,temperature c,temperature,,c,2024-08-11,35.583333333333336,35.45,33.2,38.7,24,100.0,100.0
2981155,The Views,,AE,Asia/Dubai,AirGradient,Cheeseman,25.092213,55.168125,10071465,temperature c,temperature,,c,2024-08-12,36.170833333333334,35.7,34.3,39.5,24,100.0,100.0
2981155,The Views,,AE,Asia/Dubai,AirGradient,Cheeseman,25.092213,55.168125,10071465,temperature c,temperature,,c,2024-08-13,36.56666666666667,36.3,34.3,39.9,24,100.0,100.0
2981155,The Views,,AE,Asia/Dubai,AirGradient,Cheeseman,25.092213,55.168125,10071465,temperature c,temperature,,c,2024-08-14,36.017391304347825,36.0,33.7,38.6,23,100.0,100.0
2981155,The Views,,AE,Asia/Dubai,AirGradient,Cheeseman,25.092213,55.168125,10071465,temperature c,temperature,,c,2024-08-15,36.15416666666667,35.9,34.0,39.3,24,100.0,100.0
2981155,The Views,,AE,Asia/Dubai,AirGradient,Cheeseman,25.092213,55.168125,10071465,temperature c,temperature,,c,2024-08-16,35.62083333333333,35.3,33.8,37.9,24,100.0,100.0
2981155,The Views,,AE,Asia/Dubai,AirGradient,Cheeseman,25.092213,55.168125,10071465,temperature c,temperature,,c,2024-08-17,35.550000000000004,35.3,33.1,38.0,24,100.0,100.0
2981155,The Views,,AE,Asia/Dubai,AirGradient,Cheeseman,25.092213,55.168125,10071465,temperature c,temperature,,c,2024-08-18,35.09583333333333,35.05,32.8,37.6,24,100.0,100.0
2981155,The Views,,AE,Asia/Dubai,AirGradient,Cheeseman,25.092213,55.168125,10071465,temperature c,temperature,,c,2024-08-19,34.84583333333333,35.1,33.1,37.0,24,100.0,100.0
2981155,The Views,,AE,Asia/Dubai,AirGradient,Cheeseman,25.092213,55.168125,10071465,temperature c,temperature,,c,2024-08-20,35.2125,34.9,33.3,37.8,24,100.0,100.0
2981155,The Views,,AE,Asia/Dubai,AirGradient,Cheeseman,25.092213,55.168125,10071465,temperature c,temperature,,c,2024-08-21,34.225,34.1,32.3,36.4,24,100.0,100.0
2981155,The Views,,AE,Asia/Dubai,AirGradient,Cheeseman,25.092213,55.168125,10071465,temperature c,temperature,,c,2024-08-22,34.229166666666664,34.0,32.5,36.5,24,100.0,100.0
2981155,The Views,,AE,Asia/Dubai,AirGradient,Cheeseman,25.092213,55.168125,10071465,temperature c,temperature,,c,2024-08-23,34.7125,34.3,32.8,37.6,24,100.0,100.0
2981155,The Views,,AE,Asia/Dubai,AirGradient,Cheeseman,25.092213,55.168125,10071465,temperature c,temperature,,c,2024-08-24,35.1,35.4,33.0,37.7,24,100.0,100.0
2981155,The Views,,AE,Asia/Dubai,AirGradient,Cheeseman,25.092213,55.168125,10071465,temperature c,temperature,,c,2024-08-25,35.737500000000004,35.150000000000006,33.9,39.0,24,100.0,100.0
2981155,The Views,,AE,Asia/Dubai,AirGradient,Cheeseman,25.092213,55.168125,10071465,temperature c,temperature,,c,2024-08-26,35.00416666666667,34.7,32.9,37.8,24,100.0,100.0
2981155,The Views,,AE,Asia/Dubai,AirGradient,Cheeseman,25.092213,55.168125,10071465,temperature c,temperature,,c,2024-08-27,35.1,34.599999999999994,33.0,38.6,22,100.0,100.0
2981155,The Views,,AE,Asia/Dubai,AirGradient,Cheeseman,25.092213,55.168125,10071465,temperature c,temperature,,c,2024-08-28,34.12222222222223,33.9,33.3,35.2,9,100.0,100.0
2981155,The Views,,AE,Asia/Dubai,AirGradient,Cheeseman,25.092213,55.168125,10071465,temperature c,temperature,,c,2024-08-29,35.00833333333333,34.65,32.4,38.5,24,100.0,100.0
2981155,The Views,,AE,Asia/Dubai,AirGradient,Cheeseman,25.092213,55.168125,10071465,temperature c,temperature,,c,2024-08-30,34.75416666666667,34.55,32.8,36.8,24,100.0,100.0
2981155,The Views,,AE,Asia/Dubai,AirGradient,Cheeseman,25.092213,55.168125,10071465,temperature c,temperature,,c,2024-08-31,36.55833333333333,37.0,33.5,39.7,24,100.0,100.0
2981155,The Views,,AE,Asia/Dubai,AirGradient,Cheeseman,25.092213,55.168125,10071465,temperature c,temperature,,c,2024-09-01,35.59583333333333,35.55,33.5,38.1,24,100.0,100.0
2981155,The Views,,AE,Asia/Dubai,AirGradient,Cheeseman,25.092213,55.168125,10071465,temperature c,temperature,,c,2024-09-02,35.30416666666667,35.05,32.8,38.3,24,100.0,100.0
2981155,The Views,,AE,Asia/Dubai,AirGradient,Cheeseman,25.092213,55.168125,10071465,temperature c,temperature,,c,2024-09-03,35.25,35.0,33.1,38.4,24,100.0,100.0
2981155,The Views,,AE,Asia/Dubai,AirGradient,Cheeseman,25.092213,55.168125,10071465,temperature c,temperature,,c,2024-09-04,34.55238095238095,34.4,32.6,37.4,21,100.0,100.0
2981155,The Views,,AE,Asia/Dubai,AirGradient,Cheeseman,25.092213,55.168125,10071465,temperature c,temperature,,c,2024-09-05,34.59166666666667,34.15,32.7,37.3,24,100.0,100.0
2981155,The Views,,AE,Asia/Dubai,AirGradient,Cheeseman,25.092213,55.168125,10071465,temperature c,temperature,,c,2024-09-06,33.2,33.3,31.7,34.6,15,100.0,100.0
2981155,The Views,,AE,Asia/Dubai,AirGradient,Cheeseman,25.092213,55.168125,10071465,temperature c,temperature,,c,2024-09-07,34.18333333333333,33.95,31.9,37.1,24,100.0,100.0
2981155,The Views,,AE,Asia/Dubai,AirGradient,Cheeseman,25.092213,55.168125,10071465,temperature c,temperature,,c,2024-09-08,34.74166666666667,34.3,32.0,38.2,24,100.0,100.0
2981155,The Views,,AE,Asia/Dubai,AirGradient,Cheeseman,25.092213,55.168125,10071465,temperature c,temperature,,c,2024-09-09,34.666666666666664,34.05,31.9,37.9,24,100.0,100.0
2981155,The Views,,AE,Asia/Dubai,AirGradient,Cheeseman,25.092213,55.168125,10071465,temperature c,temperature,,c,2024-09-10,33.523809523809526,33.5,31.0,36.0,21,100.0,100.0
2981155,The Views,,AE,Asia/Dubai,AirGradient,Cheeseman,25.092213,55.168125,10071465,temperature c,temperature,,c,2024-09-11,33.79545454545455,33.8,31.8,35.9,22,100.0,100.0
2981155,The Views,,AE,Asia/Dubai,AirGradient,Cheeseman,25.092213,55.168125,10071465,temperature c,temperature,,c,2024-09-12,34.69583333333333,35.05,31.7,38.3,24,100.0,100.0
2981155,The Views,,AE,Asia/Dubai,AirGradient,Cheeseman,25.092213,55.168125,10071465,temperature c,temperature,,c,2024-09-13,34.46470588235294,34.2,32.7,37.5,17,100.0,100.0
2981155,The Views,,AE,Asia/Dubai,AirGradient,Cheeseman,25.092213,55.168125,10071465,temperature c,temperature,,c,2024-09-14,34.1875,33.9,31.7,37.0,24,100.0,100.0
2981155,The Views,,AE,Asia/Dubai,AirGradient,Cheeseman,25.092213,55.168125,10071465,temperature c,temperature,,c,2024-09-15,34.12083333333333,33.85,31.6,37.2,24,100.0,100.0
2981155,The Views,,AE,Asia/Dubai,AirGradient,Cheeseman,25.092213,55.168125,10071465,temperature c,temperature,,c,2024-09-16,33.916666666666664,33.7,30.9,37.0,24,100.0,100.0
2981155,The Views,,AE,Asia/Dubai,AirGradient,Cheeseman,25.092213,55.168125,10071465,temperature c,temperature,,c,2024-09-17,33.53333333333333,33.5,31.2,36.1,24,100.0,100.0
2981155,The Views,,AE,Asia/Dubai,AirGradient,Cheeseman,25.092213,55.168125,10071465,temperature c,temperature,,c,2024-09-18,33.65,33.7,31.6,36.2,24,100.0,100.0
2981155,The Views,,AE,Asia/Dubai,AirGradient,Cheeseman,25.092213,55.168125,10071465,temperature c,temperature,,c,2024-09-19,33.766666666666666,33.650000000000006,31.7,36.0,24,100.0,100.0
2981155,The Views,,AE,Asia/Dubai,AirGradient,Cheeseman,25.092213,55.168125,10071465,temperature c,temperature,,c,2024-09-20,33.6875,33.45,31.8,35.9,24,100.0,100.0
2981155,The Views,,AE,Asia/Dubai,AirGradient,Cheeseman,25.092213,55.168125,10071465,temperature c,temperature,,c,2024-09-21,33.795833333333334,33.7,32.0,36.0,24,100.0,100.0
2981155,The Views,,AE,Asia/Dubai,AirGradient,Cheeseman,25.092213,55.168125,10071465,temperature c,temperature,,c,2024-09-22,34.19583333333333,34.0,31.5,36.9,24,100.0,100.0
2981155,The Views,,AE,Asia/Dubai,AirGradient,Cheeseman,25.092213,55.168125,10071465,temperature c,temperature,,c,2024-09-23,34.19583333333333,34.0,31.4,37.1,24,100.0,100.0
2981155,The Views,,AE,Asia/Dubai,AirGradient,Cheeseman,25.092213,55.168125,10071465,temperature c,temperature,,c,2024-09-24,33.625,33.6,31.0,36.2,24,100.0,100.0
2981155,The Views,,AE,Asia/Dubai,AirGradient,Cheeseman,25.092213,55.168125,10071465,temperature c,temperature,,c,2024-09-25,33.550000000000004,33.4,31.3,36.0,24,100.0,100.0
2981155,The Views,,AE,Asia/Dubai,AirGradient,Cheeseman,25.092213,55.168125,10071465,temperature c,temperature,,c,2024-09-26,33.4125,33.3,31.1,35.7,24,100.0,100.0
2981155,The Views,,AE,Asia/Dubai,AirGradient,Cheeseman,25.092213,55.168125,10071465,temperature c,temperature,,c,2024-09-27,33.229166666666664,33.1,31.6,35.2,24,100.0,100.0
2981155,The Views,,AE,Asia/Dubai,AirGradient,Cheeseman,25.092213,55.168125,10071465,temperature c,temperature,,c,2024-09-28,33.229166666666664,33.15,31.2,35.3,24,100.0,100.0
2981155,The Views,,AE,Asia/Dubai,AirGradient,Cheeseman,25.092213,55.168125,10071465,temperature c,temperature,,c,2024-09-29,33.55833333333333,33.400000000000006,31.9,35.9,24,100.0,100.0
2981155,The Views,,AE,Asia/Dubai,AirGradient,Cheeseman,25.092213,55.168125,10071465,temperature c,temperature,,c,2024-09-30,33.5,33.45,31.6,35.7,24,100.0,100.0
2981155,The Views,,AE,Asia/Dubai,AirGradient,Cheeseman,25.092213,55.168125,10071465,temperature c,temperature,,c,2024-10-01,33.22083333333333,33.25,31.1,35.3,24,100.0,100.0
2981155,The Views,,AE,Asia/Dubai,AirGradient,Cheeseman,25.092213,55.168125,10071465,temperature c,temperature,,c,2024-10-02,33.791666666666664,33.7,31.8,35.7,24,100.0,100.0
2981155,The Views,,AE,Asia/Dubai,AirGradient,Cheeseman,25.092213,55.168125,10071465,temperature c,temperature,,c,2024-10-03,33.62083333333333,33.45,31.2,35.9,24,100.0,100.0
2981155,The Views,,AE,Asia/Dubai,AirGradient,Cheeseman,25.092213,55.168125,10071465,temperature c,temperature,,c,2024-10-04,33.079166666666666,33.25,30.6,35.0,24,100.0,100.0
2981155,The Views,,AE,Asia/Dubai,AirGradient,Cheeseman,25.092213,55.168125,10071465,temperature c,temperature,,c,2024-10-05,33.04,32.849999999999994,31.9,34.8,20,100.0,100.0
2981155,The Views,,AE,Asia/Dubai,AirGradient,Cheeseman,25.092213,55.168125,10071465,temperature c,temperature,,c,2024-10-06,32.45263157894737,32.3,30.2,34.5,19,100.0,100.0
2981155,The Views,,AE,Asia/Dubai,AirGradient,Cheeseman,25.092213,55.168125,10071465,temperature c,temperature,,c,2024-10-07,32.87916666666667,33.1,31.1,34.9,24,100.0,100.0
2981155,The Views,,AE,Asia/Dubai,AirGradient,Cheeseman,25.092213,55.168125,10071465,temperature c,temperature,,c,2024-10-08,33.11666666666667,32.9,31.0,35.2,24,100.0,100.0
2981155,The Views,,AE,Asia/Dubai,AirGradient,Cheeseman,25.092213,55.168125,10071465,temperature c,temperature,,c,2024-10-09,32.52916666666667,32.349999999999994,30.8,34.6,24,100.0,100.0
2981155,The Views,,AE,Asia/Dubai,AirGradient,Cheeseman,25.092213,55.168125,10071465,temperature c,temperature,,c,2024-10-10,32.49166666666667,32.45,30.6,34.3,24,100.0,100.0
2981155,The Views,,AE,Asia/Dubai,AirGradient,Cheeseman,25.092213,55.168125,10071465,temperature c,temperature,,c,2024-10-11,32.416666666666664,32.3,30.5,34.4,24,100.0,100.0
2981155,The Views,,AE,Asia/Dubai,AirGradient,Cheeseman,25.092213,55.168125,10071465,temperature c,temperature,,c,2024-10-12,32.199999999999996,32.150000000000006,30.1,34.4,24,100.0,100.0
2981155,The Views,,AE,Asia/Dubai,AirGradient,Cheeseman,25.092213,55.168125,10071465,temperature c,temperature,,c,2024-10-13,32.016666666666666,31.9,30.2,34.0,24,100.0,100.0
2981155,The Views,,AE,Asia/Dubai,AirGradient,Cheeseman,25.092213,55.168125,10071465,temperature c,temperature,,c,2024-10-14,32.266666666666666,32.4,30.4,34.3,24,100.0,100.0
2981155,The Views,,AE,Asia/Dubai,AirGradient,Cheeseman,25.092213,55.168125,10071465,temperature c,temperature,,c,2024-10-15,32.31666666666667,32.25,30.6,34.2,24,100.0,100.0
2981155,The Views,,AE,Asia/Dubai,AirGradient,Cheeseman,25.092213,55.168125,10071465,temperature c,temperature,,c,2024-10-16,32.00416666666667,32.05,30.3,33.8,24,100.0,100.0
2981155,The Views,,AE,Asia/Dubai,AirGradient,Cheeseman,25.092213,55.168125,10071465,temperature c,temperature,,c,2024-10-17,31.837500000000002,31.700000000000003,30.2,33.8,24,100.0,100.0
2981155,The Views,,AE,Asia/Dubai,AirGradient,Cheeseman,25.092213,55.168125,10071465,temperature c,temperature,,c,2024-10-18,32.074999999999996,32.0,30.4,33.9,24,100.0,100.0
2981155,The Views,,AE,Asia/Dubai,AirGradient,Cheeseman,25.092213,55.168125,10071465,temperature c,temperature,,c,2024-10-19,32.454166666666666,32.3,31.0,34.3,24,100.0,100.0
2981155,The Views,,AE,Asia/Dubai,AirGradient,Cheeseman,25.092213,55.168125,10071465,temperature c,temperature,,c,2024-10-20,32.550000000000004,32.2,31.3,34.5,24,100.0,100.0
2981155,The Views,,AE,Asia/Dubai,AirGradient,Cheeseman,25.092213,55.168125,10071465,temperature c,temperature,,c,2024-10-21,32.00833333333333,31.8,30.4,33.9,24,100.0,100.0
2981155,The Views,,AE,Asia/Dubai,AirGradient,Cheeseman,25.092213,55.168125,10071465,temperature c,temperature,,c,2024-10-22,31.383333333333336,31.35,29.3,33.4,24,100.0,100.0
2981155,The Views,,AE,Asia/Dubai,AirGradient,Cheeseman,25.092213,55.168125,10071465,temperature c,temperature,,c,2024-10-23,31.679166666666664,32.0,29.3,34.0,24,100.0,100.0
2981155,The Views,,AE,Asia/Dubai,AirGradient,Cheeseman,25.092213,55.168125,10071465,temperature c,temperature,,c,2024-10-24,32.30833333333333,32.1,30.5,35.2,24,100.0,100.0
2981155,The Views,,AE,Asia/Dubai,AirGradient,Cheeseman,25.092213,55.168125,10071465,temperature c,temperature,,c,2024-10-25,31.979166666666668,31.799999999999997,30.4,33.6,24,100.0,100.0
2981155,The Views,,AE,Asia/Dubai,AirGradient,Cheeseman,25.092213,55.168125,10071465,temperature c,temperature,,c,2024-10-26,31.47083333333333,31.4,29.8,33.1,24,100.0,100.0
2981155,The Views,,AE,Asia/Dubai,AirGradient,Cheeseman,25.092213,55.168125,10071465,temperature c,temperature,,c,2024-10-27,31.15416666666667,31.45,28.9,32.7,24,100.0,100.0
2981155,The Views,,AE,Asia/Dubai,AirGradient,Cheeseman,25.092213,55.168125,10071465,temperature c,temperature,,c,2024-10-28,31.412499999999998,31.15,30.5,32.9,24,100.0,100.0
2981155,The Views,,AE,Asia/Dubai,AirGradient,Cheeseman,25.092213,55.168125,10071465,temperature c,temperature,,c,2024-10-29,30.508333333333336,30.55,28.1,32.1,24,100.0,100.0
2981155,The Views,,AE,Asia/Dubai,AirGradient,Cheeseman,25.092213,55.168125,10071465,temperature c,temperature,,c,2024-10-30,30.27916666666667,30.299999999999997,27.8,31.8,24,100.0,100.0
2981155,The Views,,AE,Asia/Dubai,AirGradient,Cheeseman,25.092213,55.168125,10071465,temperature c,temperature,,c,2024-10-31,30.020833333333332,30.5,27.4,32.0,24,100.0,100.0
2981155,The Views,,AE,Asia/Dubai,AirGradient,Cheeseman,25.092213,55.168125,10071465,temperature c,temperature,,c,2024-11-01,30.416666666666668,30.65,28.4,31.9,24,100.0,100.0
2981155,The Views,,AE,Asia/Dubai,AirGradient,Cheeseman,25.092213,55.168125,10071465,temperature c,temperature,,c,2024-11-02,30.416666666666668,30.4,28.6,31.9,24,100.0,100.0
2981155,The Views,,AE,Asia/Dubai,AirGradient,Cheeseman,25.092213,55.168125,10071465,temperature c,temperature,,c,2024-11-03,29.875,29.9,27.8,31.7,24,100.0,100.0
2981155,The Views,,AE,Asia/Dubai,AirGradient,Cheeseman,25.092213,55.168125,10071465,temperature c,temperature,,c,2024-11-04,29.75,30.0,27.5,31.8,24,100.0,100.0
2981155,The Views,,AE,Asia/Dubai,AirGradient,Cheeseman,25.092213,55.168125,10071465,temperature c,temperature,,c,2024-11-05,30.025000000000002,30.45,27.8,32.3,24,100.0,100.0
2981155,The Views,,AE,Asia/Dubai,AirGradient,Cheeseman,25.092213,55.168125,10071465,temperature c,temperature,,c,2024-11-06,30.099999999999998,30.4,28.0,32.3,24,100.0,100.0
2981155,The Views,,AE,Asia/Dubai,AirGradient,Cheeseman,25.092213,55.168125,10071465,temperature c,temperature,,c,2024-11-07,30.120833333333334,30.1,28.3,31.9,24,100.0,100.0
2981155,The Views,,AE,Asia/Dubai,AirGradient,Cheeseman,25.092213,55.168125,10071465,temperature c,temperature,,c,2024-11-08,29.441666666666666,29.35,27.4,30.9,24,100.0,100.0
2981155,The Views,,AE,Asia/Dubai,AirGradient,Cheeseman,25.092213,55.168125,10071465,temperature c,temperature,,c,2024-11-09,28.84583333333333,28.799999999999997,26.8,30.6,24,100.0,100.0
2981155,The Views,,AE,Asia/Dubai,AirGradient,Cheeseman,25.092213,55.168125,10071465,temperature c,temperature,,c,2024-11-10,29.245833333333334,29.549999999999997,27.3,31.0,24,100.0,100.0
2981155,The Views,,AE,Asia/Dubai,AirGradient,Cheeseman,25.092213,55.168125,10071465,temperature c,temperature,,c,2024-11-11,29.420833333333334,29.65,27.6,31.0,24,100.0,100.0
2981155,The Views,,AE,Asia/Dubai,AirGradient,Cheeseman,25.092213,55.168125,10071465,temperature c,temperature,,c,2024-11-12,29.416666666666668,29.549999999999997,27.6,30.8,24,100.0,100.0
2981155,The Views,,AE,Asia/Dubai,AirGradient,Cheeseman,25.092213,55.168125,10071465,temperature c,temperature,,c,2024-11-13,29.129166666666666,29.299999999999997,27.1,30.6,24,100.0,100.0
2981155,The Views,,AE,Asia/Dubai,AirGradient,Cheeseman,25.092213,55.168125,10071465,temperature c,temperature,,c,2024-11-14,28.833333333333332,29.25,26.4,30.7,24,100.0,100.0
2981155,The Views,,AE,Asia/Dubai,AirGradient,Cheeseman,25.092213,55.168125,10071465,temperature c,temperature,,c,2024-11-15,28.891666666666666,28.95,26.8,30.7,24,100.0,100.0
2981155,The Views,,AE,Asia/Dubai,AirGradient,Cheeseman,25.092213,55.168125,10071465,temperature c,temperature,,c,2024-11-16,28.554166666666664,28.55,26.8,29.9,24,100.0,100.0
2981155,The Views,,AE,Asia/Dubai,AirGradient,Cheeseman,25.092213,55.168125,10071465,temperature c,temperature,,c,2024-11-17,28.025000000000002,28.15,25.2,29.9,24,100.0,100.0
2981155,The Views,,AE,Asia/Dubai,AirGradient,Cheeseman,25.092213,55.168125,10071465,temperature c,temperature,,c,2024-11-18,28.0125,28.25,25.6,30.3,24,100.0,100.0
2981155,The Views,,AE,Asia/Dubai,AirGradient,Cheeseman,25.092213,55.168125,10071465,temperature c,temperature,,c,2024-11-19,28.087500000000002,28.15,26.2,30.1,24,100.0,100.0
2981155,The Views,,AE,Asia/Dubai,AirGradient,Cheeseman,25.092213,55.168125,10071465,temperature c,temperature,,c,2024-11-20,27.829166666666666,27.95,25.6,29.6,24,100.0,100.0
2981155,The Views,,AE,Asia/Dubai,AirGradient,Cheeseman,25.092213,55.168125,10071465,temperature c,temperature,,c,2024-11-21,27.541666666666668,27.9,25.6,29.2,24,100.0,100.0
2981155,The Views,,AE,Asia/Dubai,AirGradient,Cheeseman,25.092213,55.168125,10071465,temperature c,temperature,,c,2024-11-22,27.8625,28.05,25.6,29.4,24,100.0,100.0
2981155,The Views,,AE,Asia/Dubai,AirGradient,Cheeseman,25.092213,55.168125,10071465,temperature c,temperature,,c,2024-11-23,27.866666666666664,28.4,25.4,29.8,24,100.0,100.0
2981155,The Views,,AE,Asia/Dubai,AirGradient,Cheeseman,25.092213,55.168125,10071465,temperature c,temperature,,c,2024-11-24,27.866666666666664,28.0,26.0,29.4,24,100.0,100.0
2981155,The Views,,AE,Asia/Dubai,AirGradient,Cheeseman,25.092213,55.168125,10071465,temperature c,temperature,,c,2024-11-25,28.445833333333336,29.4,25.6,30.6,24,100.0,100.0
2981155,The Views,,AE,Asia/Dubai,AirGradient,Cheeseman,25.092213,55.168125,10071465,temperature c,temperature,,c,2024-11-26,29.25,29.15,27.6,31.0,24,100.0,100.0
2981155,The Views,,AE,Asia/Dubai,AirGradient,Cheeseman,25.092213,55.168125,10071465,temperature c,temperature,,c,2024-11-27,28.866666666666664,28.55,26.7,31.1,24,100.0,100.0
2981155,The Views,,AE,Asia/Dubai,AirGradient,Cheeseman,25.092213,55.168125,10071465,temperature c,temperature,,c,2024-11-28,28.008333333333336,28.2,25.7,29.6,24,100.0,100.0
2981155,The Views,,AE,Asia/Dubai,AirGradient,Cheeseman,25.092213,55.168125,10071465,temperature c,temperature,,c,2024-11-29,27.741666666666664,27.75,26.7,28.7,24,100.0,100.0
2981155,The Views,,AE,Asia/Dubai,AirGradient,Cheeseman,25.092213,55.168125,10071465,temperature c,temperature,,c,2024-11-30,26.929166666666664,26.7,26.0,28.0,24,100.0,100.0
2981155,The Views,,AE,Asia/Dubai,AirGradient,Cheeseman,25.092213,55.168125,10071465,temperature c,temperature,,c,2024-12-01,26.441666666666666,26.25,25.8,27.4,24,100.0,100.0
2981155,The Views,,AE,Asia/Dubai,AirGradient,Cheeseman,25.092213,55.168125,10071465,temperature c,temperature,,c,2024-12-02,25.97083333333333,25.85,24.4,27.2,24,100.0,100.0
2981155,The Views,,AE,Asia/Dubai,AirGradient,Cheeseman,25.092213,55.168125,10071465,temperature c,temperature,,c,2024-12-03,25.325,25.7,23.0,27.0,24,100.0,100.0
2981155,The Views,,AE,Asia/Dubai,AirGradient,Cheeseman,25.092213,55.168125,10071465,temperature c,temperature,,c,2024-12-04,26.22083333333333,26.799999999999997,23.7,28.2,24,100.0,100.0
2981155,The Views,,AE,Asia/Dubai,AirGradient,Cheeseman,25.092213,55.168125,10071465,temperature c,temperature,,c,2024-12-05,26.287499999999998,26.65,23.7,28.1,24,100.0,100.0
2981155,The Views,,AE,Asia/Dubai,AirGradient,Cheeseman,25.092213,55.168125,10071465,temperature c,temperature,,c,2024-12-06,26.645833333333332,27.6,24.1,28.4,24,100.0,100.0
2981155,The Views,,AE,Asia/Dubai,AirGradient,Cheeseman,25.092213,55.168125,10071465,temperature c,temperature,,c,2024-12-07,28.041666666666668,27.75,27.0,29.2,24,100.0,100.0
2981155,The Views,,AE,Asia/Dubai,AirGradient,Cheeseman,25.092213,55.168125,10071465,temperature c,temperature,,c,2024-12-08,27.258333333333336,27.4,25.2,29.3,24,100.0,100.0
2981155,The Views,,AE,Asia/Dubai,AirGradient,Cheeseman,25.092213,55.168125,10071465,temperature c,temperature,,c,2024-12-09,27.0125,27.200000000000003,25.0,28.9,24,100.0,100.0
2981155,The Views,,AE,Asia/Dubai,AirGradient,Cheeseman,25.092213,55.168125,10071465,temperature c,temperature,,c,2024-12-10,26.65833333333333,26.95,24.1,28.4,24,100.0,100.0
2981155,The Views,,AE,Asia/Dubai,AirGradient,Cheeseman,25.092213,55.168125,10071465,temperature c,temperature,,c,2024-12-11,26.9875,26.9,25.3,28.8,24,100.0,100.0
2981155,The Views,,AE,Asia/Dubai,AirGradient,Cheeseman,25.092213,55.168125,10071465,temperature c,temperature,,c,2024-12-12,26.724999999999998,26.95,25.0,28.2,24,100.0,100.0
2981155,The Views,,AE,Asia/Dubai,AirGradient,Cheeseman,25.092213,55.168125,10071465,temperature c,temperature,,c,2024-12-13,26.337500000000002,26.55,23.7,28.0,24,100.0,100.0
2981155,The Views,,AE,Asia/Dubai,AirGradient,Cheeseman,25.092213,55.168125,10071465,temperature c,temperature,,c,2024-12-14,26.191666666666666,26.35,23.9,28.0,24,100.0,100.0
2981155,The Views,,AE,Asia/Dubai,AirGradient,Cheeseman,25.092213,55.168125,10071465,temperature c,temperature,,c,2024-12-15,25.308333333333334,25.65,22.6,27.2,24,100.0,100.0
2981155,The Views,,AE,Asia/Dubai,AirGradient,Cheeseman,25.092213,55.168125,10071465,temperature c,temperature,,c,2024-12-16,25.76875,25.35,24.7,27.1,16,100.0,100.0
2981155,The Views,,AE,Asia/Dubai,AirGradient,Cheeseman,25.092213,55.168125,10071465,temperature c,temperature,,c,2024-12-17,25.495652173913044,25.4,23.7,26.9,23,100.0,100.0
2981155,The Views,,AE,Asia/Dubai,AirGradient,Cheeseman,25.092213,55.168125,10071465,temperature c,temperature,,c,2024-12-18,25.520833333333332,25.4,23.8,26.8,24,100.0,100.0
2981155,The Views,,AE,Asia/Dubai,AirGradient,Cheeseman,25.092213,55.168125,10071465,temperature c,temperature,,c,2024-12-19,24.729166666666668,24.85,21.8,26.5,24,100.0,100.0
2981155,The Views,,AE,Asia/Dubai,AirGradient,Cheeseman,25.092213,55.168125,10071465,temperature c,temperature,,c,2024-12-20,24.662499999999998,25.2,21.8,26.6,24,100.0,100.0
2981155,The Views,,AE,Asia/Dubai,AirGradient,Cheeseman,25.092213,55.168125,10071465,temperature c,temperature,,c,2024-12-21,24.629166666666666,25.1,22.1,26.5,24,100.0,100.0
2981155,The Views,,AE,Asia/Dubai,AirGradient,Cheeseman,25.092213,55.168125,10071465,temperature c,temperature,,c,2024-12-22,24.104166666666668,24.8,20.6,26.2,24,100.0,100.0
2981155,The Views,,AE,Asia/Dubai,AirGradient,Cheeseman,25.092213,55.168125,10071465,temperature c,temperature,,c,2024-12-23,24.087500000000002,24.45,21.1,26.0,24,100.0,100.0
2981155,The Views,,AE,Asia/Dubai,AirGradient,Cheeseman,25.092213,55.168125,10071465,temperature c,temperature,,c,2024-12-24,24.941666666666666,25.25,22.8,27.1,24,100.0,100.0
2981155,The Views,,AE,Asia/Dubai,AirGradient,Cheeseman,25.092213,55.168125,10071465,temperature c,temperature,,c,2024-12-25,25.212500000000002,25.15,23.4,26.9,24,100.0,100.0
2981155,The Views,,AE,Asia/Dubai,AirGradient,Cheeseman,25.092213,55.168125,10071465,temperature c,temperature,,c,2024-12-26,25.070833333333336,25.299999999999997,23.1,26.8,24,100.0,100.0
2981155,The Views,,AE,Asia/Dubai,AirGradient,Cheeseman,25.092213,55.168125,10071465,temperature c,temperature,,c,2024-12-27,25.516666666666666,26.0,23.2,27.4,24,100.0,100.0
2981155,The Views,,AE,Asia/Dubai,AirGradient,Cheeseman,25.092213,55.168125,10071465,temperature c,temperature,,c,2024-12-28,25.629166666666666,25.6,23.2,27.5,24,100.0,100.0
2981155,The Views,,AE,Asia/Dubai,AirGradient,Cheeseman,25.092213,55.168125,10071465,temperature c,temperature,,c,2024-12-29,25.25,25.5,22.9,27.2,24,100.0,100.0
2981155,The Views,,AE,Asia/Dubai,AirGradient,Cheeseman,25.092213,55.168125,10071465,temperature c,temperature,,c,2024-12-30,25.641666666666666,26.1,23.5,27.6,24,100.0,100.0
2981155,The Views,,AE,Asia/Dubai,AirGradient,Cheeseman,25.092213,55.168125,10071465,temperature c,temperature,,c,2024-12-31,26.258333333333336,26.200000000000003,24.7,28.1,24,100.0,100.0
2981155,The Views,,AE,Asia/Dubai,AirGradient,Cheeseman,25.092213,55.168125,10071465,temperature c,temperature,,c,2025-01-01,25.745833333333334,25.799999999999997,23.6,27.2,24,100.0,100.0
2981155,The Views,,AE,Asia/Dubai,AirGradient,Cheeseman,25.092213,55.168125,10071465,temperature c,temperature,,c,2025-01-02,25.275000000000002,25.0,24.4,26.4,24,100.0,100.0
2981155,The Views,,AE,Asia/Dubai,AirGradient,Cheeseman,25.092213,55.168125,10071465,temperature c,temperature,,c,2025-01-03,23.40833333333333,23.65,21.4,24.7,24,100.0,100.0
2981155,The Views,,AE,Asia/Dubai,AirGradient,Cheeseman,25.092213,55.168125,10071465,temperature c,temperature,,c,2025-01-04,22.599999999999998,22.95,19.9,24.7,24,100.0,100.0
2981155,The Views,,AE,Asia/Dubai,AirGradient,Cheeseman,25.092213,55.168125,10071465,temperature c,temperature,,c,2025-01-05,23.09166666666667,23.05,20.0,25.2,24,100.0,100.0
2981155,The Views,,AE,Asia/Dubai,AirGradient,Cheeseman,25.092213,55.168125,10071465,temperature c,temperature,,c,2025-01-06,23.510526315789473,23.8,20.9,25.8,19,100.0,100.0
2981155,The Views,,AE,Asia/Dubai,AirGradient,Cheeseman,25.092213,55.168125,10071465,temperature c,temperature,,c,2025-01-07,24.3375,24.45,21.3,26.6,16,100.0,100.0
2981155,The Views,,AE,Asia/Dubai,AirGradient,Cheeseman,25.092213,55.168125,10071465,temperature c,temperature,,c,2025-01-08,23.934782608695652,24.2,21.4,25.9,23,100.0,100.0
2981155,The Views,,AE,Asia/Dubai,AirGradient,Cheeseman,25.092213,55.168125,10071465,temperature c,temperature,,c,2025-01-09,24.156521739130437,24.1,22.6,25.8,23,100.0,100.0
2981155,The Views,,AE,Asia/Dubai,AirGradient,Cheeseman,25.092213,55.168125,10071465,temperature c,temperature,,c,2025-01-10,23.84583333333333,24.15,21.0,25.9,24,100.0,100.0
2981155,The Views,,AE,Asia/Dubai,AirGradient,Cheeseman,25.092213,55.168125,10071465,temperature c,temperature,,c,2025-01-11,24.116666666666667,23.5,22.2,26.7,18,100.0,100.0
2981155,The Views,,AE,Asia/Dubai,AirGradient,Cheeseman,25.092213,55.168125,10071465,temperature c,temperature,,c,2025-01-12,22.566666666666666,22.6,22.2,22.9,3,100.0,100.0
2981155,The Views,,AE,Asia/Dubai,AirGradient,Cheeseman,25.092213,55.168125,10071465,temperature c,temperature,,c,2025-01-13,25.266666666666666,25.2,25.1,25.5,3,100.0,100.0
2981155,The Views,,AE,Asia/Dubai,AirGradient,Cheeseman,25.092213,55.168125,10071465,temperature c,temperature,,c,2025-01-14,24.7,24.700000000000003,24.5,24.9,4,100.0,100.0
2981155,The Views,,AE,Asia/Dubai,AirGradient,Cheeseman,25.092213,55.168125,10071465,temperature c,temperature,,c,2025-02-11,24.85,24.85,24.7,25.0,2,100.0,100.0
2981155,The Views,,AE,Asia/Dubai,AirGradient,Cheeseman,25.092213,55.168125,10071465,temperature c,temperature,,c,2025-02-12,26.400000000000002,27.3,23.7,30.4,23,100.0,100.0
2981155,The Views,,AE,Asia/Dubai,AirGradient,Cheeseman,25.092213,55.168125,10071465,temperature c,temperature,,c,2025-02-13,28.066666666666666,28.15,25.9,31.0,24,100.0,100.0
2981155,The Views,,AE,Asia/Dubai,AirGradient,Cheeseman,25.092213,55.168125,10071465,temperature c,temperature,,c,2025-02-14,27.933333333333334,27.5,26.6,30.2,24,100.0,100.0
2981155,The Views,,AE,Asia/Dubai,AirGradient,Cheeseman,25.092213,55.168125,10071465,temperature c,temperature,,c,2025-02-15,26.599999999999998,26.5,25.0,28.0,24,100.0,100.0
2981155,The Views,,AE,Asia/Dubai,AirGradient,Cheeseman,25.092213,55.168125,10071465,temperature c,temperature,,c,2025-02-16,26.84166666666667,26.7,25.4,28.5,24,100.0,100.0
2981155,The Views,,AE,Asia/Dubai,AirGradient,Cheeseman,25.092213,55.168125,10071465,temperature c,temperature,,c,2025-02-17,27.650000000000002,27.65,26.4,29.9,24,100.0,100.0
2981155,The Views,,AE,Asia/Dubai,AirGradient,Cheeseman,25.092213,55.168125,10071465,temperature c,temperature,,c,2025-02-18,26.77916666666667,26.7,26.0,27.8,24,100.0,100.0
2981155,The Views,,AE,Asia/Dubai,AirGradient,Cheeseman,25.092213,55.168125,10071465,temperature c,temperature,,c,2025-02-19,26.354166666666668,26.0,25.1,27.9,24,100.0,100.0
2981155,The Views,,AE,Asia/Dubai,AirGradient,Cheeseman,25.092213,55.168125,10071465,temperature c,temperature,,c,2025-02-20,26.34583333333333,26.7,24.2,28.3,24,100.0,100.0
2981155,The Views,,AE,Asia/Dubai,AirGradient,Cheeseman,25.092213,55.168125,10071465,temperature c,temperature,,c,2025-02-21,27.670833333333334,27.05,26.1,29.7,24,100.0,100.0
2981155,The Views,,AE,Asia/Dubai,AirGradient,Cheeseman,25.092213,55.168125,10071465,temperature c,temperature,,c,2025-02-22,27.079166666666666,26.85,25.3,29.1,24,100.0,100.0
2981155,The Views,,AE,Asia/Dubai,AirGradient,Cheeseman,25.092213,55.168125,10071465,temperature c,temperature,,c,2025-02-23,28.349999999999998,28.9,25.4,32.4,24,100.0,100.0
2981155,The Views,,AE,Asia/Dubai,AirGradient,Cheeseman,25.092213,55.168125,10071465,temperature c,temperature,,c,2025-02-24,27.729166666666668,27.6,27.0,28.9,24,100.0,100.0
2981155,The Views,,AE,Asia/Dubai,AirGradient,Cheeseman,25.092213,55.168125,10071465,temperature c,temperature,,c,2025-02-25,26.133333333333336,26.4,24.2,27.0,24,100.0,100.0
2981155,The Views,,AE,Asia/Dubai,AirGradient,Cheeseman,25.092213,55.168125,10071465,temperature c,temperature,,c,2025-02-26,24.72083333333333,24.35,23.8,26.2,24,100.0,100.0
2981155,The Views,,AE,Asia/Dubai,AirGradient,Cheeseman,25.092213,55.168125,10071465,temperature c,temperature,,c,2025-02-27,24.945833333333336,24.55,24.1,26.2,24,100.0,100.0
2981155,The Views,,AE,Asia/Dubai,AirGradient,Cheeseman,25.092213,55.168125,10071465,temperature c,temperature,,c,2025-02-28,24.724999999999998,24.4,23.4,26.4,24,100.0,100.0
2981155,The Views,,AE,Asia/Dubai,AirGradient,Cheeseman,25.092213,55.168125,10071465,temperature c,temperature,,c,2025-03-01,24.520833333333332,24.35,22.6,26.1,24,100.0,100.0
2981155,The Views,,AE,Asia/Dubai,AirGradient,Cheeseman,25.092213,55.168125,10071465,temperature c,temperature,,c,2025-03-02,25.045833333333334,24.95,23.1,27.0,24,100.0,100.0
2981155,The Views,,AE,Asia/Dubai,AirGradient,Cheeseman,25.092213,55.168125,10071465,temperature c,temperature,,c,2025-03-03,25.09166666666667,24.7,23.5,27.0,24,100.0,100.0
2981155,The Views,,AE,Asia/Dubai,AirGradient,Cheeseman,25.092213,55.168125,10071465,temperature c,temperature,,c,2025-03-04,25.791666666666668,26.6,22.7,28.9,24,100.0,100.0
2981155,The Views,,AE,Asia/Dubai,AirGradient,Cheeseman,25.092213,55.168125,10071465,temperature c,temperature,,c,2025-03-05,27.241666666666664,27.3,25.5,30.0,24,100.0,100.0
2981155,The Views,,AE,Asia/Dubai,AirGradient,Cheeseman,25.092213,55.168125,10071465,temperature c,temperature,,c,2025-03-06,27.708333333333332,28.4,25.7,29.6,24,100.0,100.0
2981155,The Views,,AE,Asia/Dubai,AirGradient,Cheeseman,25.092213,55.168125,10071465,temperature c,temperature,,c,2025-03-07,29.366666666666664,29.25,27.1,32.0,24,100.0,100.0
2981155,The Views,,AE,Asia/Dubai,AirGradient,Cheeseman,25.092213,55.168125,10071465,temperature c,temperature,,c,2025-03-08,30.2625,30.4,27.0,33.9,24,100.0,100.0
2981155,The Views,,AE,Asia/Dubai,AirGradient,Cheeseman,25.092213,55.168125,10071465,temperature c,temperature,,c,2025-03-09,29.729166666666668,29.2,28.3,31.9,24,100.0,100.0
2981155,The Views,,AE,Asia/Dubai,AirGradient,Cheeseman,25.092213,55.168125,10071465,temperature c,temperature,,c,2025-03-10,28.712500000000002,28.6,27.6,30.0,24,100.0,100.0
2981155,The Views,,AE,Asia/Dubai,AirGradient,Cheeseman,25.092213,55.168125,10071465,temperature c,temperature,,c,2025-03-11,29.416666666666668,29.1,28.4,31.7,24,100.0,100.0
2981155,The Views,,AE,Asia/Dubai,AirGradient,Cheeseman,25.092213,55.168125,10071465,temperature c,temperature,,c,2025-03-12,29.170833333333334,28.8,27.8,30.8,24,100.0,100.0
2981155,The Views,,AE,Asia/Dubai,AirGradient,Cheeseman,25.092213,55.168125,10071465,temperature c,temperature,,c,2025-03-13,27.641666666666666,27.4,26.3,29.5,24,100.0,100.0
2981155,The Views,,AE,Asia/Dubai,AirGradient,Cheeseman,25.092213,55.168125,10071465,temperature c,temperature,,c,2025-03-14,26.4875,26.65,23.0,28.6,24,100.0,100.0
2981155,The Views,,AE,Asia/Dubai,AirGradient,Cheeseman,25.092213,55.168125,10071465,temperature c,temperature,,c,2025-03-15,27.166666666666668,27.15,23.9,30.5,24,100.0,100.0
2981155,The Views,,AE,Asia/Dubai,AirGradient,Cheeseman,25.092213,55.168125,10071465,temperature c,temperature,,c,2025-03-16,28.25,27.95,25.4,31.6,24,100.0,100.0
2981155,The Views,,AE,Asia/Dubai,AirGradient,Cheeseman,25.092213,55.168125,10071465,temperature c,temperature,,c,2025-03-17,27.462500000000002,27.4,26.6,28.7,24,100.0,100.0
2981155,The Views,,AE,Asia/Dubai,AirGradient,Cheeseman,25.092213,55.168125,10071465,temperature c,temperature,,c,2025-03-18,26.604166666666668,26.6,23.5,29.2,24,100.0,100.0
2981155,The Views,,AE,Asia/Dubai,AirGradient,Cheeseman,25.092213,55.168125,10071465,temperature c,temperature,,c,2025-03-19,27.09166666666667,27.25,23.5,30.4,24,100.0,100.0
2981155,The Views,,AE,Asia/Dubai,AirGradient,Cheeseman,25.092213,55.168125,10071465,temperature c,temperature,,c,2025-03-20,27.866666666666664,28.0,24.3,31.8,24,100.0,100.0
2981155,The Views,,AE,Asia/Dubai,AirGradient,Cheeseman,25.092213,55.168125,10071465,temperature c,temperature,,c,2025-03-21,30.183333333333334,31.0,26.5,34.4,24,100.0,100.0
2981155,The Views,,AE,Asia/Dubai,AirGradient,Cheeseman,25.092213,55.168125,10071465,temperature c,temperature,,c,2025-03-22,31.170833333333334,31.3,28.7,34.2,24,100.0,100.0
2981155,The Views,,AE,Asia/Dubai,AirGradient,Cheeseman,25.092213,55.168125,10071465,temperature c,temperature,,c,2025-03-23,30.40416666666667,30.15,28.6,33.1,24,100.0,100.0
2981155,The Views,,AE,Asia/Dubai,AirGradient,Cheeseman,25.092213,55.168125,10071465,temperature c,temperature,,c,2025-03-24,28.254166666666666,28.15,26.1,30.5,24,100.0,100.0
2981155,The Views,,AE,Asia/Dubai,AirGradient,Cheeseman,25.092213,55.168125,10071465,temperature c,temperature,,c,2025-03-25,26.354166666666668,25.75,25.1,28.9,24,100.0,100.0
2981155,The Views,,AE,Asia/Dubai,AirGradient,Cheeseman,25.092213,55.168125,10071465,temperature c,temperature,,c,2025-03-26,25.979166666666668,26.0,22.9,28.3,24,100.0,100.0
2981155,The Views,,AE,Asia/Dubai,AirGradient,Cheeseman,25.092213,55.168125,10071465,temperature c,temperature,,c,2025-03-27,26.641666666666666,27.0,23.4,30.2,24,100.0,100.0
2981155,The Views,,AE,Asia/Dubai,AirGradient,Cheeseman,25.092213,55.168125,10071465,temperature c,temperature,,c,2025-03-28,27.6125,27.700000000000003,24.9,30.1,24,100.0,100.0
2981155,The Views,,AE,Asia/Dubai,AirGradient,Cheeseman,25.092213,55.168125,10071465,temperature c,temperature,,c,2025-03-29,28.479166666666668,28.200000000000003,26.1,31.8,24,100.0,100.0
2981155,The Views,,AE,Asia/Dubai,AirGradient,Cheeseman,25.092213,55.168125,10071465,temperature c,temperature,,c,2025-03-30,29.266666666666666,29.4,26.2,32.6,24,100.0,100.0
2981155,The Views,,AE,Asia/Dubai,AirGradient,Cheeseman,25.092213,55.168125,10071465,temperature c,temperature,,c,2025-03-31,30.1375,29.75,27.6,34.0,24,100.0,100.0
2981155,The Views,,AE,Asia/Dubai,AirGradient,Cheeseman,25.092213,55.168125,10071465,temperature c,temperature,,c,2025-04-01,30.087500000000002,29.5,27.2,34.2,24,100.0,100.0
2981155,The Views,,AE,Asia/Dubai,AirGradient,Cheeseman,25.092213,55.168125,10071465,temperature c,temperature,,c,2025-04-02,29.97083333333333,29.65,26.7,33.6,24,100.0,100.0
2981155,The Views,,AE,Asia/Dubai,AirGradient,Cheeseman,25.092213,55.168125,10071465,temperature c,temperature,,c,2025-04-03,30.354166666666668,30.6,26.9,35.0,24,100.0,100.0
2981155,The Views,,AE,Asia/Dubai,AirGradient,Cheeseman,25.092213,55.168125,10071465,temperature c,temperature,,c,2025-04-04,32.208333333333336,32.349999999999994,28.7,36.6,24,100.0,100.0
2981155,The Views,,AE,Asia/Dubai,AirGradient,Cheeseman,25.092213,55.168125,10071465,temperature c,temperature,,c,2025-04-05,32.92916666666667,32.7,29.6,37.2,24,100.0,100.0
2981155,The Views,,AE,Asia/Dubai,AirGradient,Cheeseman,25.092213,55.168125,10071465,temperature c,temperature,,c,2025-04-06,33.137499999999996,32.35,29.3,37.3,24,100.0,100.0
2981155,The Views,,AE,Asia/Dubai,AirGradient,Cheeseman,25.092213,55.168125,10071465,temperature c,temperature,,c,2025-04-07,32.675000000000004,32.0,29.6,36.8,24,100.0,100.0
2981155,The Views,,AE,Asia/Dubai,AirGradient,Cheeseman,25.092213,55.168125,10071465,temperature c,temperature,,c,2025-04-08,31.7625,31.6,28.8,34.8,24,100.0,100.0
2981155,The Views,,AE,Asia/Dubai,AirGradient,Cheeseman,25.092213,55.168125,10071465,temperature c,temperature,,c,2025-04-09,30.429166666666664,30.65,27.6,32.7,24,100.0,100.0
2981155,The Views,,AE,Asia/Dubai,AirGradient,Cheeseman,25.092213,55.168125,10071465,temperature c,temperature,,c,2025-04-10,29.84166666666667,30.1,26.4,33.8,24,100.0,100.0
2981155,The Views,,AE,Asia/Dubai,AirGradient,Cheeseman,25.092213,55.168125,10071465,temperature c,temperature,,c,2025-04-11,30.96666666666667,31.0,27.9,34.7,24,100.0,100.0
2981155,The Views,,AE,Asia/Dubai,AirGradient,Cheeseman,25.092213,55.168125,10071465,temperature c,temperature,,c,2025-04-12,32.329166666666666,33.0,29.0,35.8,24,100.0,100.0
2981155,The Views,,AE,Asia/Dubai,AirGradient,Cheeseman,25.092213,55.168125,10071465,temperature c,temperature,,c,2025-04-13,34.141666666666666,33.8,31.5,37.7,24,100.0,100.0
2981155,The Views,,AE,Asia/Dubai,AirGradient,Cheeseman,25.092213,55.168125,10071465,temperature c,temperature,,c,2025-04-14,34.225,34.0,31.1,38.2,24,100.0,100.0
2981155,The Views,,AE,Asia/Dubai,AirGradient,Cheeseman,25.092213,55.168125,10071465,temperature c,temperature,,c,2025-04-15,33.4125,32.95,31.5,36.2,24,100.0,100.0
2981155,The Views,,AE,Asia/Dubai,AirGradient,Cheeseman,25.092213,55.168125,10071465,temperature c,temperature,,c,2025-04-16,31.34583333333333,31.299999999999997,29.8,33.1,24,100.0,100.0
2981155,The Views,,AE,Asia/Dubai,AirGradient,Cheeseman,25.092213,55.168125,10071465,temperature c,temperature,,c,2025-04-17,30.8,30.25,29.1,33.5,24,100.0,100.0
2981155,The Views,,AE,Asia/Dubai,AirGradient,Cheeseman,25.092213,55.168125,10071465,temperature c,temperature,,c,2025-04-18,29.95,29.4,28.5,31.9,24,100.0,100.0
2981155,The Views,,AE,Asia/Dubai,AirGradient,Cheeseman,25.092213,55.168125,10071465,temperature c,temperature,,c,2025-04-19,29.604166666666668,29.35,28.0,31.8,24,100.0,100.0
2981155,The Views,,AE,Asia/Dubai,AirGradient,Cheeseman,25.092213,55.168125,10071465,temperature c,temperature,,c,2025-04-20,29.84583333333333,29.5,27.8,32.5,24,100.0,100.0
2981155,The Views,,AE,Asia/Dubai,AirGradient,Cheeseman,25.092213,55.168125,10071465,temperature c,temperature,,c,2025-04-21,30.4875,30.4,27.1,34.3,24,100.0,100.0
2981155,The Views,,AE,Asia/Dubai,AirGradient,Cheeseman,25.092213,55.168125,10071465,temperature c,temperature,,c,2025-04-22,31.474999999999998,32.150000000000006,27.8,35.1,24,100.0,100.0
2981155,The Views,,AE,Asia/Dubai,AirGradient,Cheeseman,25.092213,55.168125,10071465,temperature c,temperature,,c,2025-04-23,33.137499999999996,33.25,29.3,37.2,24,100.0,100.0
2981155,The Views,,AE,Asia/Dubai,AirGradient,Cheeseman,25.092213,55.168125,10071465,temperature c,temperature,,c,2025-04-24,31.929166666666664,31.75,30.3,34.6,24,100.0,100.0
2981155,The Views,,AE,Asia/Dubai,AirGradient,Cheeseman,25.092213,55.168125,10071465,temperature c,temperature,,c,2025-04-25,31.7,31.6,28.8,35.4,24,100.0,100.0
2981155,The Views,,AE,Asia/Dubai,AirGradient,Cheeseman,25.092213,55.168125,10071465,temperature c,temperature,,c,2025-04-26,33.362500000000004,33.6,29.8,37.4,24,100.0,100.0
2981155,The Views,,AE,Asia/Dubai,AirGradient,Cheeseman,25.092213,55.168125,10071465,temperature c,temperature,,c,2025-04-27,35.020833333333336,35.1,31.2,39.5,24,100.0,100.0
2981155,The Views,,AE,Asia/Dubai,AirGradient,Cheeseman,25.092213,55.168125,10071465,temperature c,temperature,,c,2025-04-28,35.637499999999996,35.35,32.4,39.7,24,100.0,100.0
2981155,The Views,,AE,Asia/Dubai,AirGradient,Cheeseman,25.092213,55.168125,10071465,temperature c,temperature,,c,2025-04-29,35.766666666666666,35.1,32.0,40.6,24,100.0,100.0
2981155,The Views,,AE,Asia/Dubai,AirGradient,Cheeseman,25.092213,55.168125,10071465,temperature c,temperature,,c,2025-04-30,35.62916666666667,34.95,32.3,39.7,24,100.0,100.0
2981155,The Views,,AE,Asia/Dubai,AirGradient,Cheeseman,25.092213,55.168125,10071465,temperature c,temperature,,c,2025-05-01,35.30833333333333,34.75,32.2,40.0,24,100.0,100.0
2981155,The Views,,AE,Asia/Dubai,AirGradient,Cheeseman,25.092213,55.168125,10071465,temperature c,temperature,,c,2025-05-02,34.19583333333333,33.85,31.2,37.1,24,100.0,100.0
2981155,The Views,,AE,Asia/Dubai,AirGradient,Cheeseman,25.092213,55.168125,10071465,temperature c,temperature,,c,2025-05-03,34.391666666666666,34.75,30.8,37.9,24,100.0,100.0
2981155,The Views,,AE,Asia/Dubai,AirGradient,Cheeseman,25.092213,55.168125,10071465,temperature c,temperature,,c,2025-05-04,35.17916666666667,35.0,31.9,39.5,24,100.0,100.0
2981155,The Views,,AE,Asia/Dubai,AirGradient,Cheeseman,25.092213,55.168125,10071465,temperature c,temperature,,c,2025-05-05,35.454166666666666,35.85,32.1,39.4,24,100.0,100.0
2981155,The Views,,AE,Asia/Dubai,AirGradient,Cheeseman,25.092213,55.168125,10071465,temperature c,temperature,,c,2025-05-06,35.05416666666667,35.0,32.8,37.5,24,100.0,100.0
2981155,The Views,,AE,Asia/Dubai,AirGradient,Cheeseman,25.092213,55.168125,10071465,temperature c,temperature,,c,2025-05-07,33.38333333333333,33.400000000000006,31.2,35.4,24,100.0,100.0
2981155,The Views,,AE,Asia/Dubai,AirGradient,Cheeseman,25.092213,55.168125,10071465,temperature c,temperature,,c,2025-05-08,31.254166666666666,31.0,28.1,34.0,24,100.0,100.0
2981155,The Views,,AE,Asia/Dubai,AirGradient,Cheeseman,25.092213,55.168125,10071465,temperature c,temperature,,c,2025-05-09,31.170833333333334,31.299999999999997,27.2,34.8,24,100.0,100.0
2981155,The Views,,AE,Asia/Dubai,AirGradient,Cheeseman,25.092213,55.168125,10071465,temperature c,temperature,,c,2025-05-10,32.270833333333336,32.75,29.6,35.1,24,100.0,100.0
2981155,The Views,,AE,Asia/Dubai,AirGradient,Cheeseman,25.092213,55.168125,10071465,temperature c,temperature,,c,2025-05-11,33.12083333333333,33.1,31.0,35.4,24,100.0,100.0
2981155,The Views,,AE,Asia/Dubai,AirGradient,Cheeseman,25.092213,55.168125,10071465,temperature c,temperature,,c,2025-05-12,34.28333333333333,34.349999999999994,31.2,38.1,24,100.0,100.0
2981155,The Views,,AE,Asia/Dubai,AirGradient,Cheeseman,25.092213,55.168125,10071465,temperature c,temperature,,c,2025-05-13,35.15833333333333,34.9,32.1,39.0,24,100.0,100.0
2981155,The Views,,AE,Asia/Dubai,AirGradient,Cheeseman,25.092213,55.168125,10071465,temperature c,temperature,,c,2025-05-14,35.4625,35.150000000000006,32.6,38.7,24,100.0,100.0
2981155,The Views,,AE,Asia/Dubai,AirGradient,Cheeseman,25.092213,55.168125,10071465,temperature c,temperature,,c,2025-05-15,35.670833333333334,35.7,32.8,39.3,24,100.0,100.0
2981155,The Views,,AE,Asia/Dubai,AirGradient,Cheeseman,25.092213,55.168125,10071465,temperature c,temperature,,c,2025-05-16,34.675000000000004,34.45,32.1,37.7,24,100.0,100.0
2981155,The Views,,AE,Asia/Dubai,AirGradient,Cheeseman,25.092213,55.168125,10071465,temperature c,temperature,,c,2025-05-17,33.12083333333333,33.0,30.3,35.4,24,100.0,100.0
2981155,The Views,,AE,Asia/Dubai,AirGradient,Cheeseman,25.092213,55.168125,10071465,temperature c,temperature,,c,2025-05-18,32.487500000000004,32.7,29.0,35.3,24,100.0,100.0
2981155,The Views,,AE,Asia/Dubai,AirGradient,Cheeseman,25.092213,55.168125,10071465,temperature c,temperature,,c,2025-05-19,32.979166666666664,32.95,30.3,35.9,24,100.0,100.0
2981155,The Views,,AE,Asia/Dubai,AirGradient,Cheeseman,25.092213,55.168125,10071465,temperature c,temperature,,c,2025-05-20,33.458333333333336,34.099999999999994,29.7,36.0,24,100.0,100.0
2981155,The Views,,AE,Asia/Dubai,AirGradient,Cheeseman,25.092213,55.168125,10071465,temperature c,temperature,,c,2025-05-21,34.44583333333333,34.1,31.6,38.0,24,100.0,100.0
2981155,The Views,,AE,Asia/Dubai,AirGradient,Cheeseman,25.092213,55.168125,10071465,temperature c,temperature,,c,2025-05-22,35.050000000000004,35.0,31.5,38.9,24,100.0,100.0
2981155,The Views,,AE,Asia/Dubai,AirGradient,Cheeseman,25.092213,55.168125,10071465,temperature c,temperature,,c,2025-05-23,36.24583333333333,36.05,32.7,40.5,24,100.0,100.0
2981155,The Views,,AE,Asia/Dubai,AirGradient,Cheeseman,25.092213,55.168125,10071465,temperature c,temperature,,c,2025-05-24,36.983333333333334,36.35,33.5,41.7,24,100.0,100.0
2981155,The Views,,AE,Asia/Dubai,AirGradient,Cheeseman,25.092213,55.168125,10071465,temperature c,temperature,,c,2025-05-25,36.49583333333333,35.85,33.6,41.2,24,100.0,100.0
2981155,The Views,,AE,Asia/Dubai,AirGradient,Cheeseman,25.092213,55.168125,10071465,temperature c,temperature,,c,2025-05-26,35.09285714285714,34.3,32.7,40.3,14,100.0,100.0
2981155,The Views,,AE,Asia/Dubai,AirGradient,Cheeseman,25.092213,55.168125,10071465,temperature c,temperature,,c,2025-05-27,36.00769230769231,35.8,34.5,38.2,13,100.0,100.0
2981155,The Views,,AE,Asia/Dubai,AirGradient,Cheeseman,25.092213,55.168125,10071465,temperature c,temperature,,c,2025-05-28,34.395833333333336,34.349999999999994,31.4,37.3,24,100.0,100.0
2981155,The Views,,AE,Asia/Dubai,AirGradient,Cheeseman,25.092213,55.168125,10071465,temperature c,temperature,,c,2025-05-29,35.333333333333336,35.1,31.6,39.6,24,100.0,100.0
2981155,The Views,,AE,Asia/Dubai,AirGradient,Cheeseman,25.092213,55.168125,10071465,temperature c,temperature,,c,2025-05-30,35.24166666666667,35.2,32.2,37.9,24,100.0,100.0
2981155,The Views,,AE,Asia/Dubai,AirGradient,Cheeseman,25.092213,55.168125,10071465,temperature c,temperature,,c,2025-05-31,34.525,34.5,31.1,37.2,24,100.0,100.0
2981155,The Views,,AE,Asia/Dubai,AirGradient,Cheeseman,25.092213,55.168125,10071465,temperature c,temperature,,c,2025-06-01,33.66111111111111,33.349999999999994,30.7,37.0,18,100.0,100.0
2981155,The Views,,AE,Asia/Dubai,AirGradient,Cheeseman,25.092213,55.168125,10071465,temperature c,temperature,,c,2025-06-02,35.6375,35.55,33.7,37.5,8,100.0,100.0
2981155,The Views,,AE,Asia/Dubai,AirGradient,Cheeseman,25.092213,55.168125,10071465,temperature c,temperature,,c,2025-06-03,34.02222222222222,33.849999999999994,30.9,37.5,18,100.0,100.0
2981155,The Views,,AE,Asia/Dubai,AirGradient,Cheeseman,25.092213,55.168125,10071465,temperature c,temperature,,c,2025-06-04,33.40416666666667,33.1,31.0,36.3,24,100.0,100.0
2981155,The Views,,AE,Asia/Dubai,AirGradient,Cheeseman,25.092213,55.168125,10071465,temperature c,temperature,,c,2025-06-05,33.0875,33.05,29.7,36.4,24,100.0,100.0
2981155,The Views,,AE,Asia/Dubai,AirGradient,Cheeseman,25.092213,55.168125,10071465,temperature c,temperature,,c,2025-06-06,32.775,32.6,29.2,35.7,24,100.0,100.0
2981155,The Views,,AE,Asia/Dubai,AirGradient,Cheeseman,25.092213,55.168125,10071465,temperature c,temperature,,c,2025-06-07,33.35,33.5,30.5,36.3,24,100.0,100.0
2981155,The Views,,AE,Asia/Dubai,AirGradient,Cheeseman,25.092213,55.168125,10071465,temperature c,temperature,,c,2025-06-08,34.270833333333336,34.0,32.6,37.0,24,100.0,100.0
2981155,The Views,,AE,Asia/Dubai,AirGradient,Cheeseman,25.092213,55.168125,10071465,temperature c,temperature,,c,2025-06-09,35.1625,35.2,32.9,38.6,24,100.0,100.0
2981155,The Views,,AE,Asia/Dubai,AirGradient,Cheeseman,25.092213,55.168125,10071465,temperature c,temperature,,c,2025-06-10,36.475,36.3,33.4,40.4,24,100.0,100.0
2981155,The Views,,AE,Asia/Dubai,AirGradient,Cheeseman,25.092213,55.168125,10071465,temperature c,temperature,,c,2025-06-11,36.80869565217392,36.9,34.3,40.4,23,100.0,100.0
2981155,The Views,,AE,Asia/Dubai,AirGradient,Cheeseman,25.092213,55.168125,10071465,temperature c,temperature,,c,2025-06-12,36.979166666666664,36.5,33.9,41.0,24,100.0,100.0
2981155,The Views,,AE,Asia/Dubai,AirGradient,Cheeseman,25.092213,55.168125,10071465,temperature c,temperature,,c,2025-06-13,36.666666666666664,36.25,34.0,39.7,24,100.0,100.0
2981155,The Views,,AE,Asia/Dubai,AirGradient,Cheeseman,25.092213,55.168125,10071465,temperature c,temperature,,c,2025-06-14,36.420833333333334,35.95,33.0,40.7,24,100.0,100.0
2981155,The Views,,AE,Asia/Dubai,AirGradient,Cheeseman,25.092213,55.168125,10071465,temperature c,temperature,,c,2025-06-15,36.00833333333333,36.0,33.3,38.7,24,100.0,100.0
2981155,The Views,,AE,Asia/Dubai,AirGradient,Cheeseman,25.092213,55.168125,10071465,temperature c,temperature,,c,2025-06-16,36.045833333333334,36.35,33.3,38.6,24,100.0,100.0
2981155,The Views,,AE,Asia/Dubai,AirGradient,Cheeseman,25.092213,55.168125,10071465,temperature c,temperature,,c,2025-06-17,36.63333333333333,36.7,33.7,40.8,24,100.0,100.0
2981155,The Views,,AE,Asia/Dubai,AirGradient,Cheeseman,25.092213,55.168125,10071465,temperature c,temperature,,c,2025-06-18,35.800000000000004,35.650000000000006,32.6,38.4,24,100.0,100.0
2981155,The Views,,AE,Asia/Dubai,AirGradient,Cheeseman,25.092213,55.168125,10071465,temperature c,temperature,,c,2025-06-19,35.1625,34.85,32.2,39.2,24,100.0,100.0
2981155,The Views,,AE,Asia/Dubai,AirGradient,Cheeseman,25.092213,55.168125,10071465,temperature c,temperature,,c,2025-06-20,34.80833333333333,34.55,32.4,38.5,24,100.0,100.0
2981155,The Views,,AE,Asia/Dubai,AirGradient,Cheeseman,25.092213,55.168125,10071465,temperature c,temperature,,c,2025-06-21,34.824999999999996,34.9,31.9,37.7,24,100.0,100.0
2981155,The Views,,AE,Asia/Dubai,AirGradient,Cheeseman,25.092213,55.168125,10071465,temperature c,temperature,,c,2025-06-22,34.839130434782604,34.6,32.0,37.6,23,100.0,100.0
2981155,The Views,,AE,Asia/Dubai,AirGradient,Cheeseman,25.092213,55.168125,10071465,temperature c,temperature,,c,2025-06-23,34.81818181818182,35.2,32.1,37.3,22,100.0,100.0
2981155,The Views,,AE,Asia/Dubai,AirGradient,Cheeseman,25.092213,55.168125,10071465,temperature c,temperature,,c,2025-06-24,34.854166666666664,34.900000000000006,31.5,38.6,24,100.0,100.0
2981155,The Views,,AE,Asia/Dubai,AirGradient,Cheeseman,25.092213,55.168125,10071465,temperature c,temperature,,c,2025-06-25,35.17,35.05,31.8,38.3,20,100.0,100.0
2981155,The Views,,AE,Asia/Dubai,AirGradient,Cheeseman,25.092213,55.168125,10071465,temperature c,temperature,,c,2025-06-26,35.079166666666666,35.150000000000006,32.7,37.9,24,100.0,100.0
2981155,The Views,,AE,Asia/Dubai,AirGradient,Cheeseman,25.092213,55.168125,10071465,temperature c,temperature,,c,2025-06-27,35.983333333333334,36.150000000000006,33.6,38.5,24,100.0,100.0
2981155,The Views,,AE,Asia/Dubai,AirGradient,Cheeseman,25.092213,55.168125,10071465,temperature c,temperature,,c,2025-06-28,36.295833333333334,35.9,34.7,39.0,24,100.0,100.0
2981155,The Views,,AE,Asia/Dubai,AirGradient,Cheeseman,25.092213,55.168125,10071465,temperature c,temperature,,c,2025-06-29,35.5375,35.3,34.0,37.3,24,100.0,100.0
2981155,The Views,,AE,Asia/Dubai,AirGradient,Cheeseman,25.092213,55.168125,10071465,temperature c,temperature,,c,2025-06-30,34.9375,35.05,32.9,37.0,24,100.0,100.0
2981155,The Views,,AE,Asia/Dubai,AirGradient,Cheeseman,25.092213,55.168125,10071465,temperature c,temperature,,c,2025-07-01,35.87083333333333,36.25,32.8,38.8,24,100.0,100.0
2981155,The Views,,AE,Asia/Dubai,AirGradient,Cheeseman,25.092213,55.168125,10071465,temperature c,temperature,,c,2025-07-02,35.670833333333334,35.5,33.4,37.6,24,100.0,100.0
2981155,The Views,,AE,Asia/Dubai,AirGradient,Cheeseman,25.092213,55.168125,10071465,temperature c,temperature,,c,2025-07-03,35.06666666666667,34.7,32.6,37.9,24,100.0,100.0
2981155,The Views,,AE,Asia/Dubai,AirGradient,Cheeseman,25.092213,55.168125,10071465,temperature c,temperature,,c,2025-07-04,35.079166666666666,35.3,32.3,38.2,24,100.0,100.0
2981155,The Views,,AE,Asia/Dubai,AirGradient,Cheeseman,25.092213,55.168125,10071465,temperature c,temperature,,c,2025-07-05,35.1625,34.849999999999994,33.3,37.5,24,100.0,100.0
2981155,The Views,,AE,Asia/Dubai,AirGradient,Cheeseman,25.092213,55.168125,10071465,temperature c,temperature,,c,2025-07-06,34.61666666666667,34.25,32.6,37.0,24,100.0,100.0
2981155,The Views,,AE,Asia/Dubai,AirGradient,Cheeseman,25.092213,55.168125,10071465,temperature c,temperature,,c,2025-07-07,34.166666666666664,33.95,31.5,37.0,24,100.0,100.0
2981155,The Views,,AE,Asia/Dubai,AirGradient,Cheeseman,25.092213,55.168125,10071465,temperature c,temperature,,c,2025-07-08,34.541666666666664,34.95,31.9,37.4,24,100.0,100.0
2981155,The Views,,AE,Asia/Dubai,AirGradient,Cheeseman,25.092213,55.168125,10071465,temperature c,temperature,,c,2025-07-09,34.9625,35.2,32.3,37.3,24,100.0,100.0
2981155,The Views,,AE,Asia/Dubai,AirGradient,Cheeseman,25.092213,55.168125,10071465,temperature c,temperature,,c,2025-07-10,35.425000000000004,35.8,32.8,38.1,24,100.0,100.0
2981155,The Views,,AE,Asia/Dubai,AirGradient,Cheeseman,25.092213,55.168125,10071465,temperature c,temperature,,c,2025-07-11,36.05416666666667,35.9,33.6,38.7,24,100.0,100.0
2981155,The Views,,AE,Asia/Dubai,AirGradient,Cheeseman,25.092213,55.168125,10071465,temperature c,temperature,,c,2025-07-12,36.516666666666666,36.8,34.4,39.4,24,100.0,100.0
2981155,The Views,,AE,Asia/Dubai,AirGradient,Cheeseman,25.092213,55.168125,10071465,temperature c,temperature,,c,2025-07-13,37.61666666666667,37.25,35.6,41.2,24,100.0,100.0
2981155,The Views,,AE,Asia/Dubai,AirGradient,Cheeseman,25.092213,55.168125,10071465,temperature c,temperature,,c,2025-07-14,37.925000000000004,37.650000000000006,35.6,41.7,24,100.0,100.0
2981155,The Views,,AE,Asia/Dubai,AirGradient,Cheeseman,25.092213,55.168125,10071465,temperature c,temperature,,c,2025-07-15,38.137499999999996,38.0,36.3,41.5,24,100.0,100.0
2981155,The Views,,AE,Asia/Dubai,AirGradient,Cheeseman,25.092213,55.168125,10071465,temperature c,temperature,,c,2025-07-16,37.979166666666664,37.45,36.3,41.1,24,100.0,100.0
2981155,The Views,,AE,Asia/Dubai,AirGradient,Cheeseman,25.092213,55.168125,10071465,temperature c,temperature,,c,2025-07-17,37.112500000000004,36.9,34.5,40.5,24,100.0,100.0
2981155,The Views,,AE,Asia/Dubai,AirGradient,Cheeseman,25.092213,55.168125,10071465,temperature c,temperature,,c,2025-07-18,37.85,38.05,35.4,41.3,24,100.0,100.0
2981155,The Views,,AE,Asia/Dubai,AirGradient,Cheeseman,25.092213,55.168125,10071465,temperature c,temperature,,c,2025-07-19,38.329166666666666,37.75,36.9,40.8,24,100.0,100.0
2981155,The Views,,AE,Asia/Dubai,AirGradient,Cheeseman,25.092213,55.168125,10071465,temperature c,temperature,,c,2025-07-20,37.19166666666667,37.349999999999994,35.1,39.6,24,100.0,100.0
2981155,The Views,,AE,Asia/Dubai,AirGradient,Cheeseman,25.092213,55.168125,10071465,temperature c,temperature,,c,2025-07-21,38.0875,38.15,36.1,41.6,24,100.0,100.0
2981155,The Views,,AE,Asia/Dubai,AirGradient,Cheeseman,25.092213,55.168125,10071465,temperature c,temperature,,c,2025-07-22,38.36666666666667,37.8,36.3,41.9,24,100.0,100.0
2981155,The Views,,AE,Asia/Dubai,AirGradient,Cheeseman,25.092213,55.168125,10071465,temperature c,temperature,,c,2025-07-23,37.02916666666667,36.9,35.8,38.9,24,100.0,100.0
2981155,The Views,,AE,Asia/Dubai,AirGradient,Cheeseman,25.092213,55.168125,10071465,temperature c,temperature,,c,2025-07-24,36.38333333333333,36.75,34.1,38.5,24,100.0,100.0
2981155,The Views,,AE,Asia/Dubai,AirGradient,Cheeseman,25.092213,55.168125,10071465,temperature c,temperature,,c,2025-07-25,37.7125,38.0,35.6,41.3,24,100.0,100.0
2981155,The Views,,AE,Asia/Dubai,AirGradient,Cheeseman,25.092213,55.168125,10071465,temperature c,temperature,,c,2025-07-26,38.425000000000004,38.5,36.3,41.4,24,100.0,100.0
2981155,The Views,,AE,Asia/Dubai,AirGradient,Cheeseman,25.092213,55.168125,10071465,temperature c,temperature,,c,2025-07-27,38.65416666666667,38.4,36.4,42.0,24,100.0,100.0
2981155,The Views,,AE,Asia/Dubai,AirGradient,Cheeseman,25.092213,55.168125,10071465,temperature c,temperature,,c,2025-07-28,38.737500000000004,38.8,36.4,42.6,24,100.0,100.0
2981155,The Views,,AE,Asia/Dubai,AirGradient,Cheeseman,25.092213,55.168125,10071465,temperature c,temperature,,c,2025-07-29,38.62083333333333,37.95,36.9,42.7,24,100.0,100.0
2981155,The Views,,AE,Asia/Dubai,AirGradient,Cheeseman,25.092213,55.168125,10071465,temperature c,temperature,,c,2025-07-30,37.43333333333333,37.150000000000006,35.6,39.6,24,100.0,100.0
2981155,The Views,,AE,Asia/Dubai,AirGradient,Cheeseman,25.092213,55.168125,10071465,temperature c,temperature,,c,2025-07-31,37.641666666666666,38.05,35.0,40.3,24,100.0,100.0
2981155,The Views,,AE,Asia/Dubai,AirGradient,Cheeseman,25.092213,55.168125,10071465,temperature c,temperature,,c,2025-08-01,39.266666666666666,39.0,36.5,42.1,24,100.0,100.0
2981155,The Views,,AE,Asia/Dubai,AirGradient,Cheeseman,25.092213,55.168125,10071465,temperature c,temperature,,c,2025-08-02,38.416666666666664,38.3,35.9,42.0,24,100.0,100.0
2981155,The Views,,AE,Asia/Dubai,AirGradient,Cheeseman,25.092213,55.168125,10071465,temperature c,temperature,,c,2025-08-03,38.3375,38.15,36.5,41.5,24,100.0,100.0
2981155,The Views,,AE,Asia/Dubai,AirGradient,Cheeseman,25.092213,55.168125,10071465,temperature c,temperature,,c,2025-08-04,38.0125,37.75,35.7,41.2,24,100.0,100.0
2981155,The Views,,AE,Asia/Dubai,AirGradient,Cheeseman,25.092213,55.168125,10071465,temperature c,temperature,,c,2025-08-05,37.975,37.6,36.5,41.1,24,100.0,100.0
2981155,The Views,,AE,Asia/Dubai,AirGradient,Cheeseman,25.092213,55.168125,10071465,temperature c,temperature,,c,2025-08-06,38.12083333333333,37.7,36.5,41.0,24,100.0,100.0
2981155,The Views,,AE,Asia/Dubai,AirGradient,Cheeseman,25.092213,55.168125,10071465,temperature c,temperature,,c,2025-08-07,38.0375,37.75,36.2,41.1,24,100.0,100.0
2981155,The Views,,AE,Asia/Dubai,AirGradient,Cheeseman,25.092213,55.168125,10071465,temperature c,temperature,,c,2025-08-08,37.71666666666667,37.6,35.5,40.6,24,100.0,100.0
2981155,The Views,,AE,Asia/Dubai,AirGradient,Cheeseman,25.092213,55.168125,10071465,temperature c,temperature,,c,2025-08-09,37.983333333333334,37.5,36.3,40.8,24,100.0,100.0
2981155,The Views,,AE,Asia/Dubai,AirGradient,Cheeseman,25.092213,55.168125,10071465,temperature c,temperature,,c,2025-08-10,37.875,37.55,36.2,40.9,24,100.0,100.0
2981155,The Views,,AE,Asia/Dubai,AirGradient,Cheeseman,25.092213,55.168125,10071465,temperature c,temperature,,c,2025-08-11,37.67916666666667,37.349999999999994,36.0,40.3,24,100.0,100.0
2981155,The Views,,AE,Asia/Dubai,AirGradient,Cheeseman,25.092213,55.168125,10071465,temperature c,temperature,,c,2025-08-12,37.42916666666667,37.1,35.4,40.3,24,100.0,100.0
2981155,The Views,,AE,Asia/Dubai,AirGradient,Cheeseman,25.092213,55.168125,10071465,temperature c,temperature,,c,2025-08-13,36.75,36.7,34.3,39.0,24,100.0,100.0
2981155,The Views,,AE,Asia/Dubai,AirGradient,Cheeseman,25.092213,55.168125,10071465,temperature c,temperature,,c,2025-08-14,36.65833333333333,36.849999999999994,34.2,38.7,24,100.0,100.0
2981155,The Views,,AE,Asia/Dubai,AirGradient,Cheeseman,25.092213,55.168125,10071465,temperature c,temperature,,c,2025-08-15,38.108333333333334,38.099999999999994,35.3,41.0,24,100.0,100.0
2981155,The Views,,AE,Asia/Dubai,AirGradient,Cheeseman,25.092213,55.168125,10071465,temperature c,temperature,,c,2025-08-16,37.454166666666666,37.4,35.1,40.6,24,100.0,100.0
2981155,The Views,,AE,Asia/Dubai,AirGradient,Cheeseman,25.092213,55.168125,10071465,temperature c,temperature,,c,2025-08-17,37.670833333333334,37.150000000000006,36.2,40.2,24,100.0,100.0
2981155,The Views,,AE,Asia/Dubai,AirGradient,Cheeseman,25.092213,55.168125,10071465,temperature c,temperature,,c,2025-08-18,37.25416666666667,37.0,35.5,40.1,24,100.0,100.0
2981155,The Views,,AE,Asia/Dubai,AirGradient,Cheeseman,25.092213,55.168125,10071465,temperature c,temperature,,c,2025-08-19,36.61666666666667,36.55,35.0,38.5,24,100.0,100.0
2981155,The Views,,AE,Asia/Dubai,AirGradient,Cheeseman,25.092213,55.168125,10071465,temperature c,temperature,,c,2025-08-20,37.06842105263158,36.5,35.9,39.1,19,100.0,100.0
2981155,The Views,,AE,Asia/Dubai,AirGradient,Cheeseman,25.092213,55.168125,10071465,temperature c,temperature,,c,2025-08-21,37.04545454545455,36.8,35.5,39.5,22,100.0,100.0
2981155,The Views,,AE,Asia/Dubai,AirGradient,Cheeseman,25.092213,55.168125,10071465,temperature c,temperature,,c,2025-08-22,36.27916666666667,36.349999999999994,34.3,38.1,24,100.0,100.0
2981155,The Views,,AE,Asia/Dubai,AirGradient,Cheeseman,25.092213,55.168125,10071465,temperature c,temperature,,c,2025-08-23,36.5,36.2,34.3,39.1,24,100.0,100.0
2981155,The Views,,AE,Asia/Dubai,AirGradient,Cheeseman,25.092213,55.168125,10071465,temperature c,temperature,,c,2025-08-24,35.891666666666666,35.7,34.1,37.8,24,100.0,100.0
2981155,The Views,,AE,Asia/Dubai,AirGradient,Cheeseman,25.092213,55.168125,10071465,temperature c,temperature,,c,2025-08-25,35.71666666666667,35.3,33.3,38.2,24,100.0,100.0
2981155,The Views,,AE,Asia/Dubai,AirGradient,Cheeseman,25.092213,55.168125,10071465,temperature c,temperature,,c,2025-08-26,36.454166666666666,36.8,33.8,39.4,24,100.0,100.0
2981155,The Views,,AE,Asia/Dubai,AirGradient,Cheeseman,25.092213,55.168125,10071465,temperature c,temperature,,c,2025-08-27,37.112500000000004,37.1,35.0,39.9,24,100.0,100.0
2981155,The Views,,AE,Asia/Dubai,AirGradient,Cheeseman,25.092213,55.168125,10071465,temperature c,temperature,,c,2025-08-28,37.27916666666667,37.25,35.5,40.1,24,100.0,100.0
2981155,The Views,,AE,Asia/Dubai,AirGradient,Cheeseman,25.092213,55.168125,10071465,temperature c,temperature,,c,2025-08-29,37.27916666666667,36.95,35.3,40.4,24,100.0,100.0
2981155,The Views,,AE,Asia/Dubai,AirGradient,Cheeseman,25.092213,55.168125,10071465,temperature c,temperature,,c,2025-08-30,37.050000000000004,36.8,35.0,40.5,24,100.0,100.0
2981155,The Views,,AE,Asia/Dubai,AirGradient,Cheeseman,25.092213,55.168125,10071465,temperature c,temperature,,c,2025-08-31,37.275,36.849999999999994,35.2,40.2,24,100.0,100.0
2981155,The Views,,AE,Asia/Dubai,AirGradient,Cheeseman,25.092213,55.168125,10071465,temperature c,temperature,,c,2025-09-01,36.604166666666664,36.15,34.4,40.0,24,100.0,100.0
2981155,The Views,,AE,Asia/Dubai,AirGradient,Cheeseman,25.092213,55.168125,10071465,temperature c,temperature,,c,2025-09-02,35.78333333333333,35.75,33.7,38.0,24,100.0,100.0
2981155,The Views,,AE,Asia/Dubai,AirGradient,Cheeseman,25.092213,55.168125,10071465,temperature c,temperature,,c,2025-09-03,35.987500000000004,36.3,33.5,38.8,24,100.0,100.0
2981155,The Views,,AE,Asia/Dubai,AirGradient,Cheeseman,25.092213,55.168125,10071465,temperature c,temperature,,c,2025-09-04,36.612500000000004,37.0,33.9,39.1,24,100.0,100.0
2981155,The Views,,AE,Asia/Dubai,AirGradient,Cheeseman,25.092213,55.168125,10071465,temperature c,temperature,,c,2025-09-05,36.84166666666667,36.9,34.9,40.0,24,100.0,100.0
2981155,The Views,,AE,Asia/Dubai,AirGradient,Cheeseman,25.092213,55.168125,10071465,temperature c,temperature,,c,2025-09-06,36.9,36.5,35.0,39.6,24,100.0,100.0
2981155,The Views,,AE,Asia/Dubai,AirGradient,Cheeseman,25.092213,55.168125,10071465,temperature c,temperature,,c,2025-09-07,35.545833333333334,35.650000000000006,33.2,36.9,24,100.0,100.0
2981155,The Views,,AE,Asia/Dubai,AirGradient,Cheeseman,25.092213,55.168125,10071465,temperature c,temperature,,c,2025-09-08,35.0,35.0,33.0,37.5,19,100.0,100.0
2981155,The Views,,AE,Asia/Dubai,AirGradient,Cheeseman,25.092213,55.168125,10071465,temperature c,temperature,,c,2025-09-09,35.983333333333334,36.150000000000006,33.9,38.9,24,100.0,100.0
2981155,The Views,,AE,Asia/Dubai,AirGradient,Cheeseman,25.092213,55.168125,10071465,temperature c,temperature,,c,2025-09-10,35.93333333333333,36.1,33.9,37.9,24,100.0,100.0
2981155,The Views,,AE,Asia/Dubai,AirGradient,Cheeseman,25.092213,55.168125,10071465,temperature c,temperature,,c,2025-09-11,36.24583333333333,36.349999999999994,34.0,38.7,24,100.0,100.0
2981155,The Views,,AE,Asia/Dubai,AirGradient,Cheeseman,25.092213,55.168125,10071465,temperature c,temperature,,c,2025-09-12,36.13333333333333,35.849999999999994,34.7,38.0,24,100.0,100.0
2981155,The Views,,AE,Asia/Dubai,AirGradient,Cheeseman,25.092213,55.168125,10071465,temperature c,temperature,,c,2025-09-13,35.74583333333333,35.7,33.9,37.7,24,100.0,100.0
2981155,The Views,,AE,Asia/Dubai,AirGradient,Cheeseman,25.092213,55.168125,10071465,temperature c,temperature,,c,2025-09-14,35.354166666666664,35.5,33.3,37.3,24,100.0,100.0
2981155,The Views,,AE,Asia/Dubai,AirGradient,Cheeseman,25.092213,55.168125,10071465,temperature c,temperature,,c,2025-09-15,35.0875,35.25,32.9,37.0,24,100.0,100.0
2981155,The Views,,AE,Asia/Dubai,AirGradient,Cheeseman,25.092213,55.168125,10071465,temperature c,temperature,,c,2025-09-16,35.5,35.349999999999994,33.8,37.2,24,100.0,100.0
2981155,The Views,,AE,Asia/Dubai,AirGradient,Cheeseman,25.092213,55.168125,10071465,temperature c,temperature,,c,2025-09-17,35.479166666666664,35.35,33.6,37.5,24,100.0,100.0
2981155,The Views,,AE,Asia/Dubai,AirGradient,Cheeseman,25.092213,55.168125,10071465,temperature c,temperature,,c,2025-09-18,35.199999999999996,35.150000000000006,32.7,37.4,24,100.0,100.0
2981155,The Views,,AE,Asia/Dubai,AirGradient,Cheeseman,25.092213,55.168125,10071465,temperature c,temperature,,c,2025-09-19,34.987500000000004,34.849999999999994,32.6,37.0,24,100.0,100.0
2981155,The Views,,AE,Asia/Dubai,AirGradient,Cheeseman,25.092213,55.168125,10071465,temperature c,temperature,,c,2025-09-20,35.68333333333333,35.9,33.9,38.0,24,100.0,100.0
2981155,The Views,,AE,Asia/Dubai,AirGradient,Cheeseman,25.092213,55.168125,10071465,temperature c,temperature,,c,2025-09-21,35.979166666666664,36.0,34.0,37.7,24,100.0,100.0
2981155,The Views,,AE,Asia/Dubai,AirGradient,Cheeseman,25.092213,55.168125,10071465,temperature c,temperature,,c,2025-09-22,35.59166666666667,35.4,33.6,37.6,24,100.0,100.0
2981155,The Views,,AE,Asia/Dubai,AirGradient,Cheeseman,25.092213,55.168125,10071465,temperature c,temperature,,c,2025-09-23,35.1,34.849999999999994,33.3,36.8,24,100.0,100.0
2981155,The Views,,AE,Asia/Dubai,AirGradient,Cheeseman,25.092213,55.168125,10071465,temperature c,temperature,,c,2025-09-24,34.949999999999996,34.75,32.4,37.3,24,100.0,100.0
2981155,The Views,,AE,Asia/Dubai,AirGradient,Cheeseman,25.092213,55.168125,10071465,temperature c,temperature,,c,2025-09-25,34.4125,34.6,31.7,36.6,24,100.0,100.0
2981155,The Views,,AE,Asia/Dubai,AirGradient,Cheeseman,25.092213,55.168125,10071465,temperature c,temperature,,c,2025-09-26,34.800000000000004,35.0,32.7,36.7,24,100.0,100.0
2981155,The Views,,AE,Asia/Dubai,AirGradient,Cheeseman,25.092213,55.168125,10071465,temperature c,temperature,,c,2025-09-27,35.03181818181818,34.95,33.3,37.2,22,100.0,100.0
2981155,The Views,,AE,Asia/Dubai,AirGradient,Cheeseman,25.092213,55.168125,10071465,temperature c,temperature,,c,2025-09-28,34.82857142857143,34.9,32.8,36.9,21,100.0,100.0
2981155,The Views,,AE,Asia/Dubai,AirGradient,Cheeseman,25.092213,55.168125,10071465,temperature c,temperature,,c,2025-09-29,34.43043478260869,34.5,31.4,36.8,23,100.0,100.0
2981155,The Views,,AE,Asia/Dubai,AirGradient,Cheeseman,25.092213,55.168125,10071465,temperature c,temperature,,c,2025-09-30,34.278260869565216,34.1,31.9,36.4,23,100.0,100.0
2981155,The Views,,AE,Asia/Dubai,AirGradient,Cheeseman,25.092213,55.168125,10071465,temperature c,temperature,,c,2025-10-01,33.895833333333336,34.25,31.1,35.6,24,100.0,100.0
2981155,The Views,,AE,Asia/Dubai,AirGradient,Cheeseman,25.092213,55.168125,10071465,temperature c,temperature,,c,2025-10-02,34.074999999999996,34.150000000000006,31.7,35.7,24,100.0,100.0
2981155,The Views,,AE,Asia/Dubai,AirGradient,Cheeseman,25.092213,55.168125,10071465,temperature c,temperature,,c,2025-10-03,34.175000000000004,34.05,32.4,36.2,24,100.0,100.0
2981155,The Views,,AE,Asia/Dubai,AirGradient,Cheeseman,25.092213,55.168125,10071465,temperature c,temperature,,c,2025-10-04,33.76086956521739,34.0,31.3,35.5,23,100.0,100.0
2981155,The Views,,AE,Asia/Dubai,AirGradient,Cheeseman,25.092213,55.168125,10071465,temperature c,temperature,,c,2025-10-05,33.525,33.8,31.1,35.2,24,100.0,100.0
2981155,The Views,,AE,Asia/Dubai,AirGradient,Cheeseman,25.092213,55.168125,10071465,temperature c,temperature,,c,2025-10-06,33.637499999999996,33.7,31.2,36.1,24,100.0,100.0
2981155,The Views,,AE,Asia/Dubai,AirGradient,Cheeseman,25.092213,55.168125,10071465,temperature c,temperature,,c,2025-10-07,33.875,33.8,31.4,36.7,24,100.0,100.0
2981155,The Views,,AE,Asia/Dubai,AirGradient,Cheeseman,25.092213,55.168125,10071465,temperature c,temperature,,c,2025-10-08,33.420833333333334,33.4,31.3,35.2,24,100.0,100.0
2981155,The Views,,AE,Asia/Dubai,AirGradient,Cheeseman,25.092213,55.168125,10071465,temperature c,temperature,,c,2025-10-09,33.416666666666664,33.5,30.9,35.6,24,100.0,100.0
2981155,The Views,,AE,Asia/Dubai,AirGradient,Cheeseman,25.092213,55.168125,10071465,temperature c,temperature,,c,2025-10-10,33.34583333333333,33.15,30.9,35.7,24,100.0,100.0
2981155,The Views,,AE,Asia/Dubai,AirGradient,Cheeseman,25.092213,55.168125,10071465,temperature c,temperature,,c,2025-10-11,32.78260869565217,32.9,30.7,34.7,23,100.0,100.0
2981155,The Views,,AE,Asia/Dubai,AirGradient,Cheeseman,25.092213,55.168125,10071465,temperature c,temperature,,c,2025-10-12,33.270833333333336,33.55,31.6,35.4,24,100.0,100.0
2981155,The Views,,AE,Asia/Dubai,AirGradient,Cheeseman,25.092213,55.168125,10071465,temperature c,temperature,,c,2025-10-13,33.25833333333333,33.349999999999994,32.4,34.5,24,100.0,100.0
2981155,The Views,,AE,Asia/Dubai,AirGradient,Cheeseman,25.092213,55.168125,10071465,temperature c,temperature,,c,2025-10-14,33.016666666666666,33.3,31.2,34.7,24,100.0,100.0
2981155,The Views,,AE,Asia/Dubai,AirGradient,Cheeseman,25.092213,55.168125,10071465,temperature c,temperature,,c,2025-10-15,32.81666666666667,33.0,30.5,34.3,24,100.0,100.0
2981155,The Views,,AE,Asia/Dubai,AirGradient,Cheeseman,25.092213,55.168125,10071465,temperature c,temperature,,c,2025-10-16,32.483333333333334,32.650000000000006,29.9,34.5,24,100.0,100.0
2981155,The Views,,AE,Asia/Dubai,AirGradient,Cheeseman,25.092213,55.168125,10071465,temperature c,temperature,,c,2025-10-17,32.545833333333334,32.45,30.8,34.6,24,100.0,100.0
2981155,The Views,,AE,Asia/Dubai,AirGradient,Cheeseman,25.092213,55.168125,10071465,temperature c,temperature,,c,2025-10-18,32.4125,32.75,30.7,34.4,24,100.0,100.0
2981155,The Views,,AE,Asia/Dubai,AirGradient,Cheeseman,25.092213,55.168125,10071465,temperature c,temperature,,c,2025-10-19,32.387499999999996,32.5,30.5,33.9,24,100.0,100.0
2981155,The Views,,AE,Asia/Dubai,AirGradient,Cheeseman,25.092213,55.168125,10071465,temperature c,temperature,,c,2025-10-20,32.095238095238095,32.2,30.3,33.7,21,100.0,100.0
2981155,The Views,,AE,Asia/Dubai,AirGradient,Cheeseman,25.092213,55.168125,10071465,temperature c,temperature,,c,2025-10-21,32.362500000000004,32.5,30.2,34.5,24,100.0,100.0
2981155,The Views,,AE,Asia/Dubai,AirGradient,Cheeseman,25.092213,55.168125,10071465,temperature c,temperature,,c,2025-10-22,32.541666666666664,32.7,30.9,33.8,24,100.0,100.0
2981155,The Views,,AE,Asia/Dubai,AirGradient,Cheeseman,25.092213,55.168125,10071465,temperature c,temperature,,c,2025-10-23,32.50833333333333,32.6,30.3,34.1,24,100.0,100.0
2981155,The Views,,AE,Asia/Dubai,AirGradient,Cheeseman,25.092213,55.168125,10071465,temperature c,temperature,,c,2025-10-24,32.199999999999996,32.25,30.1,34.1,24,100.0,100.0
2981155,The Views,,AE,Asia/Dubai,AirGradient,Cheeseman,25.092213,55.168125,10071465,temperature c,temperature,,c,2025-10-25,31.733333333333334,32.0,29.3,33.4,24,100.0,100.0
2981155,The Views,,AE,Asia/Dubai,AirGradient,Cheeseman,25.092213,55.168125,10071465,temperature c,temperature,,c,2025-10-26,31.573913043478264,31.9,29.2,33.1,23,100.0,100.0
2981155,The Views,,AE,Asia/Dubai,AirGradient,Cheeseman,25.092213,55.168125,10071465,temperature c,temperature,,c,2025-10-27,31.333333333333332,31.8,29.0,32.7,24,100.0,100.0
2981155,The Views,,AE,Asia/Dubai,AirGradient,Cheeseman,25.092213,55.168125,10071465,temperature c,temperature,,c,2025-10-28,31.795833333333334,32.2,29.8,33.2,24,100.0,100.0
2981155,The Views,,AE,Asia/Dubai,AirGradient,Cheeseman,25.092213,55.168125,10071465,temperature c,temperature,,c,2025-10-29,31.945833333333336,32.349999999999994,29.6,33.2,24,100.0,100.0
2981155,The Views,,AE,Asia/Dubai,AirGradient,Cheeseman,25.092213,55.168125,10071465,temperature c,temperature,,c,2025-10-30,31.586363636363636,31.65,29.5,33.2,22,100.0,100.0
2981155,The Views,,AE,Asia/Dubai,AirGradient,Cheeseman,25.092213,55.168125,10071465,temperature c,temperature,,c,2025-10-31,31.575,31.9,29.8,32.7,24,100.0,100.0
2981155,The Views,,AE,Asia/Dubai,AirGradient,Cheeseman,25.092213,55.168125,10071465,temperature c,temperature,,c,2025-11-01,31.71666666666667,32.0,29.5,33.1,24,100.0,100.0
2981155,The Views,,AE,Asia/Dubai,AirGradient,Cheeseman,25.092213,55.168125,10071465,temperature c,temperature,,c,2025-11-02,31.34166666666667,31.45,29.1,32.8,24,100.0,100.0
2981155,The Views,,AE,Asia/Dubai,AirGradient,Cheeseman,25.092213,55.168125,10071465,temperature c,temperature,,c,2025-11-03,30.862499999999997,31.5,27.9,32.3,24,100.0,100.0
2981155,The Views,,AE,Asia/Dubai,AirGradient,Cheeseman,25.092213,55.168125,10071465,temperature c,temperature,,c,2025-11-04,31.099999999999998,31.6,28.3,32.6,24,100.0,100.0
2981155,The Views,,AE,Asia/Dubai,AirGradient,Cheeseman,25.092213,55.168125,10071465,temperature c,temperature,,c,2025-11-05,31.595652173913045,31.6,29.6,33.1,23,100.0,100.0
2981155,The Views,,AE,Asia/Dubai,AirGradient,Cheeseman,25.092213,55.168125,10071465,temperature c,temperature,,c,2025-11-06,31.075,31.299999999999997,28.9,32.8,24,100.0,100.0
2981155,The Views,,AE,Asia/Dubai,AirGradient,Cheeseman,25.092213,55.168125,10071465,temperature c,temperature,,c,2025-11-07,30.2375,30.85,27.6,32.1,24,100.0,100.0
2981155,The Views,,AE,Asia/Dubai,AirGradient,Cheeseman,25.092213,55.168125,10071465,temperature c,temperature,,c,2025-11-08,30.279166666666665,30.6,27.8,32.0,24,100.0,100.0
2981155,The Views,,AE,Asia/Dubai,AirGradient,Cheeseman,25.092213,55.168125,10071465,temperature c,temperature,,c,2025-11-09,30.120833333333334,30.5,28.0,31.8,24,100.0,100.0
2981155,The Views,,AE,Asia/Dubai,AirGradient,Cheeseman,25.092213,55.168125,10071465,temperature c,temperature,,c,2025-11-10,30.020833333333332,30.6,27.6,31.6,24,100.0,100.0
2981155,The Views,,AE,Asia/Dubai,AirGradient,Cheeseman,25.092213,55.168125,10071465,temperature c,temperature,,c,2025-11-11,29.883333333333336,30.2,27.7,31.4,24,100.0,100.0
2981155,The Views,,AE,Asia/Dubai,AirGradient,Cheeseman,25.092213,55.168125,10071465,temperature c,temperature,,c,2025-11-12,29.266666666666666,29.4,27.6,30.9,18,100.0,100.0
2981155,The Views,,AE,Asia/Dubai,AirGradient,Cheeseman,25.092213,55.168125,10071465,temperature c,temperature,,c,2025-11-13,29.79565217391304,30.0,27.8,31.4,23,100.0,100.0
2981155,The Views,,AE,Asia/Dubai,AirGradient,Cheeseman,25.092213,55.168125,10071465,temperature c,temperature,,c,2025-11-14,28.959999999999997,28.8,27.3,30.8,15,100.0,100.0
2981155,The Views,,AE,Asia/Dubai,AirGradient,Cheeseman,25.092213,55.168125,10071465,temperature c,temperature,,c,2025-11-15,29.629166666666666,29.9,27.6,31.3,24,100.0,100.0
2981155,The Views,,AE,Asia/Dubai,AirGradient,Cheeseman,25.092213,55.168125,10071465,temperature c,temperature,,c,2025-11-16,29.839130434782607,30.2,27.7,31.5,23,100.0,100.0
2981155,The Views,,AE,Asia/Dubai,AirGradient,Cheeseman,25.092213,55.168125,10071465,temperature c,temperature,,c,2025-11-17,29.513636363636362,29.55,27.8,31.1,22,100.0,100.0
2981155,The Views,,AE,Asia/Dubai,AirGradient,Cheeseman,25.092213,55.168125,10071465,temperature c,temperature,,c,2025-11-18,29.160869565217393,29.3,26.6,30.8,23,100.0,100.0
2981155,The Views,,AE,Asia/Dubai,AirGradient,Cheeseman,25.092213,55.168125,10071465,temperature c,temperature,,c,2025-11-19,29.079166666666666,29.35,26.6,31.0,24,100.0,100.0
2981155,The Views,,AE,Asia/Dubai,AirGradient,Cheeseman,25.092213,55.168125,10071465,temperature c,temperature,,c,2025-11-20,28.870833333333334,29.15,26.1,30.6,24,100.0,100.0
2981155,The Views,,AE,Asia/Dubai,AirGradient,Cheeseman,25.092213,55.168125,10071465,temperature c,temperature,,c,2025-11-21,28.945833333333336,28.9,26.4,30.7,24,100.0,100.0
2981155,The Views,,AE,Asia/Dubai,AirGradient,Cheeseman,25.092213,55.168125,10071465,temperature c,temperature,,c,2025-11-22,28.933333333333334,28.8,26.4,30.9,24,100.0,100.0
2981155,The Views,,AE,Asia/Dubai,AirGradient,Cheeseman,25.092213,55.168125,10071465,temperature c,temperature,,c,2025-11-23,28.304761904761904,28.3,25.6,30.9,21,100.0,100.0
2981155,The Views,,AE,Asia/Dubai,AirGradient,Cheeseman,25.092213,55.168125,10071465,temperature c,temperature,,c,2025-11-24,28.87391304347826,29.2,26.6,30.6,23,100.0,100.0
2981155,The Views,,AE,Asia/Dubai,AirGradient,Cheeseman,25.092213,55.168125,10071465,temperature c,temperature,,c,2025-11-25,28.375,28.35,26.3,30.3,24,100.0,100.0
2981155,The Views,,AE,Asia/Dubai,AirGradient,Cheeseman,25.092213,55.168125,10071465,temperature c,temperature,,c,2025-11-26,27.920833333333334,28.15,25.6,30.0,24,100.0,100.0
2981155,The Views,,AE,Asia/Dubai,AirGradient,Cheeseman,25.092213,55.168125,10071465,temperature c,temperature,,c,2025-11-27,28.0125,28.25,25.8,29.8,24,100.0,100.0
2981155,The Views,,AE,Asia/Dubai,AirGradient,Cheeseman,25.092213,55.168125,10071465,temperature c,temperature,,c,2025-11-28,27.84166666666667,28.35,25.3,29.6,24,100.0,100.0
2981155,The Views,,AE,Asia/Dubai,AirGradient,Cheeseman,25.092213,55.168125,10071465,temperature c,temperature,,c,2025-11-29,28.27916666666667,28.450000000000003,26.5,29.8,24,100.0,100.0
2981155,The Views,,AE,Asia/Dubai,AirGradient,Cheeseman,25.092213,55.168125,10071465,temperature c,temperature,,c,2025-11-30,27.525000000000002,27.700000000000003,24.5,29.6,24,100.0,100.0
2981155,The Views,,AE,Asia/Dubai,AirGradient,Cheeseman,25.092213,55.168125,10071465,temperature c,temperature,,c,2025-12-01,27.46521739130435,27.6,25.6,29.2,23,100.0,100.0
2981155,The Views,,AE,Asia/Dubai,AirGradient,Cheeseman,25.092213,55.168125,10071465,temperature c,temperature,,c,2025-12-02,27.566666666666666,28.05,25.4,29.3,24,100.0,100.0
2981155,The Views,,AE,Asia/Dubai,AirGradient,Cheeseman,25.092213,55.168125,10071465,temperature c,temperature,,c,2025-12-03,27.833333333333332,28.05,25.3,29.4,24,100.0,100.0
2981155,The Views,,AE,Asia/Dubai,AirGradient,Cheeseman,25.092213,55.168125,10071465,temperature c,temperature,,c,2025-12-04,28.15833333333333,28.5,26.3,29.7,24,100.0,100.0
2981155,The Views,,AE,Asia/Dubai,AirGradient,Cheeseman,25.092213,55.168125,10071465,temperature c,temperature,,c,2025-12-05,27.991666666666664,27.9,26.6,29.5,24,100.0,100.0
2981155,The Views,,AE,Asia/Dubai,AirGradient,Cheeseman,25.092213,55.168125,10071465,temperature c,temperature,,c,2025-12-06,27.570833333333336,28.25,25.3,29.2,24,100.0,100.0
2981155,The Views,,AE,Asia/Dubai,AirGradient,Cheeseman,25.092213,55.168125,10071465,temperature c,temperature,,c,2025-12-07,28.308333333333334,28.5,26.6,30.0,24,100.0,100.0
2981155,The Views,,AE,Asia/Dubai,AirGradient,Cheeseman,25.092213,55.168125,10071465,temperature c,temperature,,c,2025-12-08,28.208333333333332,28.450000000000003,25.7,30.6,24,100.0,100.0
2981155,The Views,,AE,Asia/Dubai,AirGradient,Cheeseman,25.092213,55.168125,10071465,temperature c,temperature,,c,2025-12-09,27.733333333333334,27.9,25.2,29.9,24,100.0,100.0
2981155,The Views,,AE,Asia/Dubai,AirGradient,Cheeseman,25.092213,55.168125,10071465,temperature c,temperature,,c,2025-12-10,27.354166666666668,27.4,25.1,29.5,24,100.0,100.0
2981155,The Views,,AE,Asia/Dubai,AirGradient,Cheeseman,25.092213,55.168125,10071465,temperature c,temperature,,c,2025-12-11,27.508333333333336,27.5,25.2,29.6,24,100.0,100.0
2981155,The Views,,AE,Asia/Dubai,AirGradient,Cheeseman,25.092213,55.168125,10071465,temperature c,temperature,,c,2025-12-12,27.791666666666668,27.65,25.7,29.9,24,100.0,100.0
2981155,The Views,,AE,Asia/Dubai,AirGradient,Cheeseman,25.092213,55.168125,10071465,temperature c,temperature,,c,2025-12-13,27.754166666666666,27.85,25.6,29.6,24,100.0,100.0
2981155,The Views,,AE,Asia/Dubai,AirGradient,Cheeseman,25.092213,55.168125,10071465,temperature c,temperature,,c,2025-12-14,26.891666666666666,26.7,26.0,28.0,24,100.0,100.0
2981155,The Views,,AE,Asia/Dubai,AirGradient,Cheeseman,25.092213,55.168125,10071465,temperature c,temperature,,c,2025-12-15,27.004166666666666,27.6,24.9,29.3,24,100.0,100.0
2981155,The Views,,AE,Asia/Dubai,AirGradient,Cheeseman,25.092213,55.168125,10071465,temperature c,temperature,,c,2025-12-16,26.912499999999998,27.1,25.1,28.1,24,100.0,100.0
2981155,The Views,,AE,Asia/Dubai,AirGradient,Cheeseman,25.092213,55.168125,10071465,temperature c,temperature,,c,2025-12-17,27.12608695652174,26.6,25.7,28.8,23,100.0,100.0
2981155,The Views,,AE,Asia/Dubai,AirGradient,Cheeseman,25.092213,55.168125,10071465,temperature c,temperature,,c,2025-12-18,27.316666666666666,27.15,26.8,28.5,24,100.0,100.0
2981155,The Views,,AE,Asia/Dubai,AirGradient,Cheeseman,25.092213,55.168125,10071465,temperature c,temperature,,c,2025-12-19,24.724999999999998,24.7,22.8,26.7,24,100.0,100.0
2981155,The Views,,AE,Asia/Dubai,AirGradient,Cheeseman,25.092213,55.168125,10071465,temperature c,temperature,,c,2025-12-20,22.433333333333334,22.4,20.4,24.5,24,100.0,100.0
2981155,The Views,,AE,Asia/Dubai,AirGradient,Cheeseman,25.092213,55.168125,10071465,temperature c,temperature,,c,2025-12-21,23.075,23.65,20.5,25.2,24,100.0,100.0
2981155,The Views,,AE,Asia/Dubai,AirGradient,Cheeseman,25.092213,55.168125,10071465,temperature c,temperature,,c,2025-12-22,24.295833333333334,24.799999999999997,22.2,26.0,24,100.0,100.0
2981155,The Views,,AE,Asia/Dubai,AirGradient,Cheeseman,25.092213,55.168125,10071465,temperature c,temperature,,c,2025-12-23,24.2625,24.65,22.1,25.9,24,100.0,100.0
2981155,The Views,,AE,Asia/Dubai,AirGradient,Cheeseman,25.092213,55.168125,10071465,temperature c,temperature,,c,2025-12-24,24.583333333333332,25.200000000000003,22.1,26.3,24,100.0,100.0
2981155,The Views,,AE,Asia/Dubai,AirGradient,Cheeseman,25.092213,55.168125,10071465,temperature c,temperature,,c,2025-12-25,24.995833333333334,25.2,22.8,26.7,24,100.0,100.0
2981155,The Views,,AE,Asia/Dubai,AirGradient,Cheeseman,25.092213,55.168125,10071465,temperature c,temperature,,c,2025-12-26,25.441666666666666,25.5,23.4,27.0,24,100.0,100.0
2981155,The Views,,AE,Asia/Dubai,AirGradient,Cheeseman,25.092213,55.168125,10071465,temperature c,temperature,,c,2025-12-27,25.3875,25.85,23.1,27.3,24,100.0,100.0
2981155,The Views,,AE,Asia/Dubai,AirGradient,Cheeseman,25.092213,55.168125,10071465,temperature c,temperature,,c,2025-12-28,26.15833333333333,26.35,24.1,27.9,24,100.0,100.0
2981155,The Views,,AE,Asia/Dubai,AirGradient,Cheeseman,25.092213,55.168125,10071465,temperature c,temperature,,c,2025-12-29,26.96,27.0,25.7,28.4,20,100.0,100.0
2981155,The Views,,AE,Asia/Dubai,AirGradient,Cheeseman,25.092213,55.168125,10071465,temperature c,temperature,,c,2025-12-30,26.754545454545454,26.6,25.8,27.7,22,100.0,100.0
2981155,The Views,,AE,Asia/Dubai,AirGradient,Cheeseman,25.092213,55.168125,10071465,temperature c,temperature,,c,2025-12-31,25.704166666666666,25.85,24.6,26.4,24,100.0,100.0
2981155,The Views,,AE,Asia/Dubai,AirGradient,Cheeseman,25.092213,55.168125,10071465,temperature c,temperature,,c,2026-01-01,24.275000000000002,24.25,22.1,26.2,24,100.0,100.0
2981155,The Views,,AE,Asia/Dubai,AirGradient,Cheeseman,25.092213,55.168125,10071465,temperature c,temperature,,c,2026-01-02,24.020833333333332,24.4,21.0,26.2,24,100.0,100.0
2981155,The Views,,AE,Asia/Dubai,AirGradient,Cheeseman,25.092213,55.168125,10071465,temperature c,temperature,,c,2026-01-03,24.454166666666666,24.8,21.2,26.4,24,100.0,100.0
2981155,The Views,,AE,Asia/Dubai,AirGradient,Cheeseman,25.092213,55.168125,10071465,temperature c,temperature,,c,2026-01-04,25.14782608695652,25.2,22.5,27.1,23,100.0,100.0
2981155,The Views,,AE,Asia/Dubai,AirGradient,Cheeseman,25.092213,55.168125,10071465,temperature c,temperature,,c,2026-01-05,25.583333333333332,25.9,23.2,27.1,24,100.0,100.0
2981155,The Views,,AE,Asia/Dubai,AirGradient,Cheeseman,25.092213,55.168125,10071465,temperature c,temperature,,c,2026-01-06,25.604166666666668,26.15,23.3,27.4,24,100.0,100.0
2981155,The Views,,AE,Asia/Dubai,AirGradient,Cheeseman,25.092213,55.168125,10071465,temperature c,temperature,,c,2026-01-07,25.420833333333334,25.6,23.5,27.1,24,100.0,100.0
2981155,The Views,,AE,Asia/Dubai,AirGradient,Cheeseman,25.092213,55.168125,10071465,temperature c,temperature,,c,2026-01-08,24.96666666666667,25.05,22.8,26.7,24,100.0,100.0
2981155,The Views,,AE,Asia/Dubai,AirGradient,Cheeseman,25.092213,55.168125,10071465,temperature c,temperature,,c,2026-01-09,24.666666666666668,25.0,22.2,26.5,24,100.0,100.0
2981155,The Views,,AE,Asia/Dubai,AirGradient,Cheeseman,25.092213,55.168125,10071465,temperature c,temperature,,c,2026-01-10,24.979166666666668,25.35,22.8,26.7,24,100.0,100.0
2981155,The Views,,AE,Asia/Dubai,AirGradient,Cheeseman,25.092213,55.168125,10071465,temperature c,temperature,,c,2026-01-11,25.34583333333333,25.4,23.5,27.1,24,100.0,100.0
2981155,The Views,,AE,Asia/Dubai,AirGradient,Cheeseman,25.092213,55.168125,10071465,temperature c,temperature,,c,2026-01-12,24.8125,24.85,22.6,26.6,24,100.0,100.0
2981155,The Views,,AE,Asia/Dubai,AirGradient,Cheeseman,25.092213,55.168125,10071465,temperature c,temperature,,c,2026-01-13,24.625,24.700000000000003,22.3,26.6,24,100.0,100.0
2981155,The Views,,AE,Asia/Dubai,AirGradient,Cheeseman,25.092213,55.168125,10071465,temperature c,temperature,,c,2026-01-14,25.15833333333333,25.25,22.7,27.5,24,100.0,100.0
2981155,The Views,,AE,Asia/Dubai,AirGradient,Cheeseman,25.092213,55.168125,10071465,temperature c,temperature,,c,2026-01-15,25.575,26.05,22.9,28.1,24,100.0,100.0
2981155,The Views,,AE,Asia/Dubai,AirGradient,Cheeseman,25.092213,55.168125,10071465,temperature c,temperature,,c,2026-01-16,25.366666666666664,25.200000000000003,24.4,26.4,24,100.0,100.0
2981155,The Views,,AE,Asia/Dubai,AirGradient,Cheeseman,25.092213,55.168125,10071465,temperature c,temperature,,c,2026-01-17,24.979166666666668,24.700000000000003,24.0,26.2,24,100.0,100.0
2981155,The Views,,AE,Asia/Dubai,AirGradient,Cheeseman,25.092213,55.168125,10071465,temperature c,temperature,,c,2026-01-18,24.2,24.4,21.5,25.9,24,100.0,100.0
2981155,The Views,,AE,Asia/Dubai,AirGradient,Cheeseman,25.092213,55.168125,10071465,temperature c,temperature,,c,2026-01-19,23.525000000000002,23.55,21.5,25.0,24,100.0,100.0
2981155,The Views,,AE,Asia/Dubai,AirGradient,Cheeseman,25.092213,55.168125,10071465,temperature c,temperature,,c,2026-01-20,23.741666666666664,23.799999999999997,21.4,25.8,24,100.0,100.0
2981155,The Views,,AE,Asia/Dubai,AirGradient,Cheeseman,25.092213,55.168125,10071465,temperature c,temperature,,c,2026-01-21,23.849999999999998,23.4,22.2,25.6,24,100.0,100.0
2981155,The Views,,AE,Asia/Dubai,AirGradient,Cheeseman,25.092213,55.168125,10071465,temperature c,temperature,,c,2026-01-22,22.47083333333333,22.1,21.6,24.1,24,100.0,100.0
2981155,The Views,,AE,Asia/Dubai,AirGradient,Cheeseman,25.092213,55.168125,10071465,temperature c,temperature,,c,2026-01-23,22.09583333333333,22.45,19.9,23.9,24,100.0,100.0
2981155,The Views,,AE,Asia/Dubai,AirGradient,Cheeseman,25.092213,55.168125,10071465,temperature c,temperature,,c,2026-01-24,22.566666666666666,23.200000000000003,20.4,24.6,24,100.0,100.0
2981155,The Views,,AE,Asia/Dubai,AirGradient,Cheeseman,25.092213,55.168125,10071465,temperature c,temperature,,c,2026-01-25,23.525000000000002,23.45,21.8,25.2,24,100.0,100.0
2981155,The Views,,AE,Asia/Dubai,AirGradient,Cheeseman,25.092213,55.168125,10071465,temperature c,temperature,,c,2026-01-26,24.15416666666667,23.8,23.2,25.4,24,100.0,100.0
2981155,The Views,,AE,Asia/Dubai,AirGradient,Cheeseman,25.092213,55.168125,10071465,temperature c,temperature,,c,2026-01-27,23.683333333333334,24.0,21.3,25.4,24,100.0,100.0
2981155,The Views,,AE,Asia/Dubai,AirGradient,Cheeseman,25.092213,55.168125,10071465,temperature c,temperature,,c,2026-01-28,24.3125,24.5,22.4,26.4,24,100.0,100.0
2981155,The Views,,AE,Asia/Dubai,AirGradient,Cheeseman,25.092213,55.168125,10071465,temperature c,temperature,,c,2026-01-29,24.566666666666666,24.3,22.7,26.5,24,100.0,100.0
2981155,The Views,,AE,Asia/Dubai,AirGradient,Cheeseman,25.092213,55.168125,10071465,temperature c,temperature,,c,2026-01-30,24.041666666666668,23.95,22.2,25.7,24,100.0,100.0
2981155,The Views,,AE,Asia/Dubai,AirGradient,Cheeseman,25.092213,55.168125,10071465,temperature c,temperature,,c,2026-01-31,23.1375,23.5,20.4,25.2,24,100.0,100.0
2981155,The Views,,AE,Asia/Dubai,AirGradient,Cheeseman,25.092213,55.168125,10071465,temperature c,temperature,,c,2026-02-01,23.5,23.75,20.8,25.6,24,100.0,100.0
2981155,The Views,,AE,Asia/Dubai,AirGradient,Cheeseman,25.092213,55.168125,10071465,temperature c,temperature,,c,2026-02-02,23.954166666666666,23.75,21.3,26.3,24,100.0,100.0
2981155,The Views,,AE,Asia/Dubai,AirGradient,Cheeseman,25.092213,55.168125,10071465,temperature c,temperature,,c,2026-02-03,24.22083333333333,24.8,21.7,26.4,24,100.0,100.0
2981155,The Views,,AE,Asia/Dubai,AirGradient,Cheeseman,25.092213,55.168125,10071465,temperature c,temperature,,c,2026-02-04,25.6375,25.9,23.3,28.6,24,100.0,100.0
2981155,The Views,,AE,Asia/Dubai,AirGradient,Cheeseman,25.092213,55.168125,10071465,temperature c,temperature,,c,2026-02-05,25.2625,25.3,23.1,26.9,24,100.0,100.0
2981155,The Views,,AE,Asia/Dubai,AirGradient,Cheeseman,25.092213,55.168125,10071465,temperature c,temperature,,c,2026-02-06,24.933333333333334,25.05,23.2,26.6,24,100.0,100.0
2981155,The Views,,AE,Asia/Dubai,AirGradient,Cheeseman,25.092213,55.168125,10071465,temperature c,temperature,,c,2026-02-07,25.383333333333336,25.5,23.4,27.4,24,100.0,100.0
2981155,The Views,,AE,Asia/Dubai,AirGradient,Cheeseman,25.092213,55.168125,10071465,temperature c,temperature,,c,2026-02-08,26.133333333333336,25.85,24.7,28.0,24,100.0,100.0
2981155,The Views,,AE,Asia/Dubai,AirGradient,Cheeseman,25.092213,55.168125,10071465,temperature c,temperature,,c,2026-02-09,25.90833333333333,25.9,23.6,28.0,24,100.0,100.0
2981155,The Views,,AE,Asia/Dubai,AirGradient,Cheeseman,25.092213,55.168125,10071465,temperature c,temperature,,c,2026-02-10,25.2,25.45,22.9,26.9,24,100.0,100.0
2981155,The Views,,AE,Asia/Dubai,AirGradient,Cheeseman,25.092213,55.168125,10071465,temperature c,temperature,,c,2026-02-11,25.9375,26.6,23.6,27.9,24,100.0,100.0
2981155,The Views,,AE,Asia/Dubai,AirGradient,Cheeseman,25.092213,55.168125,10071465,temperature c,temperature,,c,2026-02-12,26.729166666666668,26.65,24.6,29.7,24,100.0,100.0
2981155,The Views,,AE,Asia/Dubai,AirGradient,Cheeseman,25.092213,55.168125,10071465,temperature c,temperature,,c,2026-02-13,26.941666666666666,26.55,24.9,29.1,24,100.0,100.0
2981155,The Views,,AE,Asia/Dubai,AirGradient,Cheeseman,25.092213,55.168125,10071465,temperature c,temperature,,c,2026-02-14,26.491666666666664,26.45,23.6,28.9,24,100.0,100.0
2981155,The Views,,AE,Asia/Dubai,AirGradient,Cheeseman,25.092213,55.168125,10071465,temperature c,temperature,,c,2026-02-15,26.629166666666666,27.25,23.9,28.7,24,100.0,100.0
2981155,The Views,,AE,Asia/Dubai,AirGradient,Cheeseman,25.092213,55.168125,10071465,temperature c,temperature,,c,2026-02-16,26.583333333333332,26.45,25.4,27.9,24,100.0,100.0
2981155,The Views,,AE,Asia/Dubai,AirGradient,Cheeseman,25.092213,55.168125,10071465,temperature c,temperature,,c,2026-02-17,26.295833333333334,26.7,23.6,28.2,24,100.0,100.0
2981155,The Views,,AE,Asia/Dubai,AirGradient,Cheeseman,25.092213,55.168125,10071465,temperature c,temperature,,c,2026-02-18,26.587500000000002,26.6,24.1,28.7,24,100.0,100.0
2981155,The Views,,AE,Asia/Dubai,AirGradient,Cheeseman,25.092213,55.168125,10071465,temperature c,temperature,,c,2026-02-19,26.683333333333334,27.0,24.1,29.0,24,100.0,100.0
2981155,The Views,,AE,Asia/Dubai,AirGradient,Cheeseman,25.092213,55.168125,10071465,temperature c,temperature,,c,2026-02-20,26.65833333333333,26.700000000000003,24.0,28.8,24,100.0,100.0
2981155,The Views,,AE,Asia/Dubai,AirGradient,Cheeseman,25.092213,55.168125,10071465,temperature c,temperature,,c,2026-02-21,26.96666666666667,26.95,23.5,29.6,24,100.0,100.0
2981155,The Views,,AE,Asia/Dubai,AirGradient,Cheeseman,25.092213,55.168125,10071465,temperature c,temperature,,c,2026-02-22,26.34166666666667,26.4,23.6,28.5,24,100.0,100.0
2981155,The Views,,AE,Asia/Dubai,AirGradient,Cheeseman,25.092213,55.168125,10071465,temperature c,temperature,,c,2026-02-23,26.145833333333332,26.200000000000003,23.7,28.3,24,100.0,100.0
2981155,The Views,,AE,Asia/Dubai,AirGradient,Cheeseman,25.092213,55.168125,10071465,temperature c,temperature,,c,2026-02-24,26.479166666666668,26.65,23.7,28.9,24,100.0,100.0
2981155,The Views,,AE,Asia/Dubai,AirGradient,Cheeseman,25.092213,55.168125,10071465,temperature c,temperature,,c,2026-02-25,27.25,27.15,24.3,30.5,24,100.0,100.0
2981155,The Views,,AE,Asia/Dubai,AirGradient,Cheeseman,25.092213,55.168125,10071465,temperature c,temperature,,c,2026-02-26,26.375,26.4,24.4,27.9,24,100.0,100.0
2981155,The Views,,AE,Asia/Dubai,AirGradient,Cheeseman,25.092213,55.168125,10071465,temperature c,temperature,,c,2026-02-27,25.941666666666666,25.7,24.5,27.7,24,100.0,100.0
2981155,The Views,,AE,Asia/Dubai,AirGradient,Cheeseman,25.092213,55.168125,10071465,temperature c,temperature,,c,2026-02-28,25.75,25.950000000000003,23.0,27.9,24,100.0,100.0
2981155,The Views,,AE,Asia/Dubai,AirGradient,Cheeseman,25.092213,55.168125,10071465,temperature c,temperature,,c,2026-03-01,27.254166666666666,27.950000000000003,24.6,30.8,24,100.0,100.0
2981155,The Views,,AE,Asia/Dubai,AirGradient,Cheeseman,25.092213,55.168125,10071465,temperature c,temperature,,c,2026-03-02,29.1125,29.35,26.4,31.9,24,100.0,100.0
2981155,The Views,,AE,Asia/Dubai,AirGradient,Cheeseman,25.092213,55.168125,10071465,temperature c,temperature,,c,2026-03-03,29.354166666666668,29.6,27.2,31.4,24,100.0,100.0
2981155,The Views,,AE,Asia/Dubai,AirGradient,Cheeseman,25.092213,55.168125,10071465,temperature c,temperature,,c,2026-03-04,28.791666666666668,28.55,27.5,31.1,24,100.0,100.0
2981155,The Views,,AE,Asia/Dubai,AirGradient,Cheeseman,25.092213,55.168125,10071465,temperature c,temperature,,c,2026-03-05,27.545833333333334,27.25,26.6,29.3,24,100.0,100.0
2981155,The Views,,AE,Asia/Dubai,AirGradient,Cheeseman,25.092213,55.168125,10071465,temperature c,temperature,,c,2026-03-06,26.445833333333336,26.299999999999997,25.5,27.6,24,100.0,100.0
2981155,The Views,,AE,Asia/Dubai,AirGradient,Cheeseman,25.092213,55.168125,10071465,temperature c,temperature,,c,2026-03-07,26.208333333333332,26.15,23.7,28.5,24,100.0,100.0
2981155,The Views,,AE,Asia/Dubai,AirGradient,Cheeseman,25.092213,55.168125,10071465,temperature c,temperature,,c,2026-03-08,26.65833333333333,27.35,24.5,28.5,24,100.0,100.0
2981155,The Views,,AE,Asia/Dubai,AirGradient,Cheeseman,25.092213,55.168125,10071465,temperature c,temperature,,c,2026-03-09,27.65416666666667,27.700000000000003,26.5,29.1,24,100.0,100.0
2981155,The Views,,AE,Asia/Dubai,AirGradient,Cheeseman,25.092213,55.168125,10071465,temperature c,temperature,,c,2026-03-10,27.287499999999998,27.1,25.9,28.9,24,100.0,100.0
2981155,The Views,,AE,Asia/Dubai,AirGradient,Cheeseman,25.092213,55.168125,10071465,temperature c,temperature,,c,2026-03-11,27.191666666666666,27.049999999999997,25.7,29.5,24,100.0,100.0
2981155,The Views,,AE,Asia/Dubai,AirGradient,Cheeseman,25.092213,55.168125,10071465,temperature c,temperature,,c,2026-03-12,26.962500000000002,26.7,26.1,27.8,24,100.0,100.0
2981155,The Views,,AE,Asia/Dubai,AirGradient,Cheeseman,25.092213,55.168125,10071465,temperature c,temperature,,c,2026-03-13,27.90833333333333,28.05,26.2,30.3,24,100.0,100.0
2981155,The Views,,AE,Asia/Dubai,AirGradient,Cheeseman,25.092213,55.168125,10071465,temperature c,temperature,,c,2026-03-14,28.620833333333334,28.5,26.3,30.8,24,100.0,100.0
2981155,The Views,,AE,Asia/Dubai,AirGradient,Cheeseman,25.092213,55.168125,10071465,temperature c,temperature,,c,2026-03-15,29.087500000000002,29.25,26.3,31.9,24,100.0,100.0
2981155,The Views,,AE,Asia/Dubai,AirGradient,Cheeseman,25.092213,55.168125,10071465,temperature c,temperature,,c,2026-03-16,29.879166666666666,30.25,27.1,33.5,24,100.0,100.0
2981155,The Views,,AE,Asia/Dubai,AirGradient,Cheeseman,25.092213,55.168125,10071465,temperature c,temperature,,c,2026-03-17,30.191666666666666,30.1,28.1,32.3,24,100.0,100.0
2981155,The Views,,AE,Asia/Dubai,AirGradient,Cheeseman,25.092213,55.168125,10071465,temperature c,temperature,,c,2026-03-18,28.829166666666666,28.65,27.4,30.7,24,100.0,100.0
2981155,The Views,,AE,Asia/Dubai,AirGradient,Cheeseman,25.092213,55.168125,10071465,temperature c,temperature,,c,2026-03-19,28.116666666666664,27.85,25.7,30.7,24,100.0,100.0
2981155,The Views,,AE,Asia/Dubai,AirGradient,Cheeseman,25.092213,55.168125,10071465,temperature c,temperature,,c,2026-03-20,28.72083333333333,29.15,27.2,30.7,24,100.0,100.0
2981155,The Views,,AE,Asia/Dubai,AirGradient,Cheeseman,25.092213,55.168125,10071465,temperature c,temperature,,c,2026-03-21,28.308333333333334,28.3,27.1,29.1,24,100.0,100.0
2981155,The Views,,AE,Asia/Dubai,AirGradient,Cheeseman,25.092213,55.168125,10071465,temperature c,temperature,,c,2026-03-22,28.537499999999998,28.65,26.6,30.9,24,100.0,100.0
2981155,The Views,,AE,Asia/Dubai,AirGradient,Cheeseman,25.092213,55.168125,10071465,temperature c,temperature,,c,2026-03-23,26.254166666666666,26.35,24.7,28.6,24,100.0,100.0
2981155,The Views,,AE,Asia/Dubai,AirGradient,Cheeseman,25.092213,55.168125,10071465,temperature c,temperature,,c,2026-03-24,24.983333333333334,24.65,24.0,26.7,24,100.0,100.0
2981155,The Views,,AE,Asia/Dubai,AirGradient,Cheeseman,25.092213,55.168125,10071465,temperature c,temperature,,c,2026-03-25,25.4875,25.85,23.7,27.3,24,100.0,100.0
2981155,The Views,,AE,Asia/Dubai,AirGradient,Cheeseman,25.092213,55.168125,10071465,temperature c,temperature,,c,2026-03-26,26.545833333333334,26.7,25.2,28.4,24,100.0,100.0
2981155,The Views,,AE,Asia/Dubai,AirGradient,Cheeseman,25.092213,55.168125,10071465,temperature c,temperature,,c,2026-03-27,25.229166666666668,25.200000000000003,24.0,26.9,24,100.0,100.0
2981155,The Views,,AE,Asia/Dubai,AirGradient,Cheeseman,25.092213,55.168125,10071465,temperature c,temperature,,c,2026-03-28,25.441666666666666,25.25,23.9,27.6,24,100.0,100.0
2981155,The Views,,AE,Asia/Dubai,AirGradient,Cheeseman,25.092213,55.168125,10071465,temperature c,temperature,,c,2026-03-29,26.141666666666666,26.05,24.6,28.1,24,100.0,100.0
2981155,The Views,,AE,Asia/Dubai,AirGradient,Cheeseman,25.092213,55.168125,10071465,temperature c,temperature,,c,2026-03-30,25.758333333333336,25.7,23.5,27.2,24,100.0,100.0
2981155,The Views,,AE,Asia/Dubai,AirGradient,Cheeseman,25.092213,55.168125,10071465,temperature c,temperature,,c,2026-03-31,24.97083333333333,24.9,24.2,25.9,24,100.0,100.0
2981155,The Views,,AE,Asia/Dubai,AirGradient,Cheeseman,25.092213,55.168125,10071465,temperature c,temperature,,c,2026-04-01,25.616666666666664,26.15,23.3,27.8,24,100.0,100.0
2981155,The Views,,AE,Asia/Dubai,AirGradient,Cheeseman,25.092213,55.168125,10071465,temperature c,temperature,,c,2026-04-02,26.34166666666667,26.25,25.0,27.6,24,100.0,100.0
2981155,The Views,,AE,Asia/Dubai,AirGradient,Cheeseman,25.092213,55.168125,10071465,temperature c,temperature,,c,2026-04-03,25.991666666666664,26.15,23.5,28.0,24,100.0,100.0
2981155,The Views,,AE,Asia/Dubai,AirGradient,Cheeseman,25.092213,55.168125,10071465,temperature c,temperature,,c,2026-04-04,26.204166666666666,26.65,24.0,28.1,24,100.0,100.0
2981155,The Views,,AE,Asia/Dubai,AirGradient,Cheeseman,25.092213,55.168125,10071465,temperature c,temperature,,c,2026-04-05,27.379166666666666,27.45,25.5,29.1,24,100.0,100.0
2981155,The Views,,AE,Asia/Dubai,AirGradient,Cheeseman,25.092213,55.168125,10071465,temperature c,temperature,,c,2026-04-06,27.47083333333333,27.2,26.6,28.6,24,100.0,100.0
2981155,The Views,,AE,Asia/Dubai,AirGradient,Cheeseman,25.092213,55.168125,10071465,temperature c,temperature,,c,2026-04-07,27.066666666666666,26.65,26.0,28.9,24,100.0,100.0
2981155,The Views,,AE,Asia/Dubai,AirGradient,Cheeseman,25.092213,55.168125,10071465,temperature c,temperature,,c,2026-04-08,26.858333333333334,26.6,25.4,28.8,24,100.0,100.0
2981155,The Views,,AE,Asia/Dubai,AirGradient,Cheeseman,25.092213,55.168125,10071465,temperature c,temperature,,c,2026-04-09,26.008333333333336,26.15,23.9,27.7,24,100.0,100.0
2981155,The Views,,AE,Asia/Dubai,AirGradient,Cheeseman,25.092213,55.168125,10071465,temperature c,temperature,,c,2026-04-10,27.45,27.450000000000003,25.8,29.4,24,100.0,100.0
2981155,The Views,,AE,Asia/Dubai,AirGradient,Cheeseman,25.092213,55.168125,10071465,temperature c,temperature,,c,2026-04-11,26.9375,26.9,26.3,27.6,24,100.0,100.0
2981155,The Views,,AE,Asia/Dubai,AirGradient,Cheeseman,25.092213,55.168125,10071465,temperature c,temperature,,c,2026-04-12,26.65416666666667,26.6,25.8,27.7,24,100.0,100.0
2981155,The Views,,AE,Asia/Dubai,AirGradient,Cheeseman,25.092213,55.168125,10071465,temperature c,temperature,,c,2026-04-13,27.620833333333334,27.700000000000003,25.4,30.4,24,100.0,100.0
2981155,The Views,,AE,Asia/Dubai,AirGradient,Cheeseman,25.092213,55.168125,10071465,temperature c,temperature,,c,2026-04-14,27.883333333333336,27.7,25.8,30.6,24,100.0,100.0
2981155,The Views,,AE,Asia/Dubai,AirGradient,Cheeseman,25.092213,55.168125,10071465,temperature c,temperature,,c,2026-04-15,27.383333333333336,27.200000000000003,24.9,29.4,24,100.0,100.0
2981155,The Views,,AE,Asia/Dubai,AirGradient,Cheeseman,25.092213,55.168125,10071465,temperature c,temperature,,c,2026-04-16,27.077272727272728,26.95,25.6,29.4,22,100.0,100.0
2981155,The Views,,AE,Asia/Dubai,AirGradient,Cheeseman,25.092213,55.168125,10071465,temperature c,temperature,,c,2026-04-17,26.78333333333333,27.2,23.7,29.1,24,100.0,100.0
2981155,The Views,,AE,Asia/Dubai,AirGradient,Cheeseman,25.092213,55.168125,10071465,temperature c,temperature,,c,2026-04-18,27.847826086956523,27.5,25.6,30.5,23,100.0,100.0
2981155,The Views,,AE,Asia/Dubai,AirGradient,Cheeseman,25.092213,55.168125,10071465,temperature c,temperature,,c,2026-04-19,28.59166666666667,28.85,25.1,32.2,24,100.0,100.0
2981155,The Views,,AE,Asia/Dubai,AirGradient,Cheeseman,25.092213,55.168125,10071465,temperature c,temperature,,c,2026-04-20,28.646153846153844,27.8,26.9,32.5,13,100.0,100.0
