location_name,date,latitude,longitude,timezone,humidity,pm10,pm25,temperature,temp_meteostat,temp_min_meteostat,temp_max_meteostat,humidity_meteostat,precipitation_meteostat,wind_speed_meteostat,pressure_meteostat,cloud_cover_meteostat,hourly_rows,pm25_non_null_hours,pm10_non_null_hours,temperature_non_null_hours
Dubai Motor City,2024-10-08,25.04613617696849,55.24946085563235,Asia/Dubai,44.357142857142854,18.605,18.044999999999998,35.528571428571425,35.035714285714285,32.2,38.7,44.357142857142854,0.0,14.207142857142857,1011.3714285714285,0.7857142857142857,14,14,14,14
Dubai Motor City,2024-10-09,25.04613617696849,55.24946085563235,Asia/Dubai,54.041666666666664,25.72083333333333,24.129166666666666,33.475,32.59166666666667,29.7,36.8,54.041666666666664,0.0,14.8125,1010.5166666666665,0.4583333333333333,24,24,24,24
Dubai Motor City,2024-10-10,25.04613617696849,55.24946085563235,Asia/Dubai,60.958333333333336,51.35833333333333,45.92916666666667,33.77916666666667,32.30833333333333,28.6,36.6,60.958333333333336,0.1,12.604166666666666,1009.1541666666667,0.7916666666666666,24,24,24,24
Dubai Motor City,2024-10-11,25.04613617696849,55.24946085563235,Asia/Dubai,64.6,51.870000000000005,43.67,31.119999999999997,30.360000000000003,29.7,32.0,64.6,0.0,7.279999999999999,1009.0799999999999,0.0,10,10,10,10
Dubai Motor City,2024-10-14,25.04613617696849,55.24946085563235,Asia/Dubai,37.5,29.309999999999995,26.99,32.660000000000004,34.5,31.5,37.5,37.5,0.0,18.79,1007.9399999999999,0.1,10,10,10,10
Dubai Motor City,2024-10-15,25.04613617696849,55.24946085563235,Asia/Dubai,48.166666666666664,29.46666666666667,27.3625,32.833333333333336,32.6,28.7,37.7,48.166666666666664,0.0,17.166666666666668,1009.5583333333333,0.9166666666666666,24,24,24,24
Dubai Motor City,2024-10-16,25.04613617696849,55.24946085563235,Asia/Dubai,54.041666666666664,18.36375,17.959583333333335,32.608333333333334,31.849999999999998,28.5,37.0,54.041666666666664,0.0,16.879166666666666,1009.9875000000001,1.2083333333333333,24,24,24,24
Dubai Motor City,2024-10-17,25.04613617696849,55.24946085563235,Asia/Dubai,58.333333333333336,8.008333333333333,7.791250000000001,33.31666666666667,31.5625,28.7,35.0,58.333333333333336,0.0,14.012500000000001,1009.5958333333333,1.0,24,24,24,24
Dubai Motor City,2024-10-18,25.04613617696849,55.24946085563235,Asia/Dubai,61.916666666666664,17.413333333333334,17.018333333333334,33.612500000000004,32.199999999999996,28.2,36.1,61.916666666666664,0.0,12.183333333333332,1008.6333333333333,1.375,24,24,24,24
Dubai Motor City,2024-10-19,25.04613617696849,55.24946085563235,Asia/Dubai,58.5,24.695833333333336,23.175,34.38333333333333,32.94166666666667,29.0,37.0,58.5,0.0,13.058333333333332,1009.65,1.8333333333333333,24,24,24,24
Dubai Motor City,2024-10-20,25.04613617696849,55.24946085563235,Asia/Dubai,64.25,58.175000000000004,51.95416666666667,34.733333333333334,32.69583333333333,29.9,37.3,64.25,0.0,13.120833333333332,1009.9250000000001,0.4583333333333333,24,24,24,24
Dubai Motor City,2024-10-21,25.04613617696849,55.24946085563235,Asia/Dubai,65.70833333333333,71.88333333333334,66.73333333333333,33.97083333333333,32.270833333333336,29.1,37.2,65.70833333333333,0.0,12.520833333333334,1009.4791666666666,0.16666666666666666,24,24,24,24
Dubai Motor City,2024-10-22,25.04613617696849,55.24946085563235,Asia/Dubai,69.79166666666667,65.64999999999999,60.550000000000004,31.620833333333334,31.4875,28.4,36.5,69.79166666666667,0.0,13.208333333333334,1010.1708333333332,0.3333333333333333,24,24,24,24
Dubai Motor City,2024-10-23,25.04613617696849,55.24946085563235,Asia/Dubai,60.25,44.19166666666666,37.99166666666667,30.941666666666666,31.7375,27.0,37.6,60.25,0.0,13.366666666666667,1011.6333333333333,0.20833333333333334,24,24,24,24
Dubai Motor City,2024-10-24,25.04613617696849,55.24946085563235,Asia/Dubai,51.333333333333336,32.85916666666667,28.900833333333335,31.391666666666666,32.541666666666664,28.7,38.9,51.333333333333336,0.0,13.1875,1011.9666666666667,0.25,24,24,24,24
Dubai Motor City,2024-10-25,25.04613617696849,55.24946085563235,Asia/Dubai,55.208333333333336,41.891666666666666,36.46666666666667,31.833333333333332,31.9375,28.7,36.0,55.208333333333336,0.0,13.65,1012.6583333333333,1.1666666666666667,24,24,24,24
Dubai Motor City,2024-10-26,25.04613617696849,55.24946085563235,Asia/Dubai,64.95833333333333,43.62083333333334,37.887499999999996,31.71666666666667,31.420833333333334,28.7,35.0,64.95833333333333,0.0,13.629166666666668,1013.1875,0.5416666666666666,24,24,24,24
Dubai Motor City,2024-10-27,25.04613617696849,55.24946085563235,Asia/Dubai,61.041666666666664,23.070833333333336,22.083333333333332,31.525000000000002,31.175,27.2,34.0,61.041666666666664,0.0,14.4125,1012.4416666666666,0.375,24,24,24,24
Dubai Motor City,2024-10-28,25.04613617696849,55.24946085563235,Asia/Dubai,53.833333333333336,20.941666666666666,20.4375,31.695833333333336,31.21666666666667,29.7,33.0,53.833333333333336,0.0,17.4875,1010.2041666666668,0.6666666666666666,24,24,24,24
Dubai Motor City,2024-10-29,25.04613617696849,55.24946085563235,Asia/Dubai,52.125,33.375,31.15833333333333,30.2375,29.787499999999998,25.6,33.0,52.125,0.0,16.7625,1010.2958333333332,0.5416666666666666,24,24,24,24
Dubai Motor City,2024-10-30,25.04613617696849,55.24946085563235,Asia/Dubai,50.0,40.291666666666664,35.575,30.233333333333334,29.6875,24.6,32.8,50.0,0.0,15.195833333333333,1010.7125,0.7083333333333334,24,24,24,24
Dubai Motor City,2024-10-31,25.04613617696849,55.24946085563235,Asia/Dubai,54.041666666666664,53.9375,46.67083333333333,30.329166666666666,29.7375,25.2,34.6,54.041666666666664,0.0,10.495833333333334,1012.0625,0.875,24,24,24,24
Dubai Motor City,2024-11-01,25.04613617696849,55.24946085563235,Asia/Dubai,58.0,65.08333333333333,56.699999999999996,31.133333333333336,30.0625,26.0,34.7,58.0,0.0,11.287500000000001,1013.5791666666668,0.0,24,24,24,24
Dubai Motor City,2024-11-02,25.04613617696849,55.24946085563235,Asia/Dubai,58.583333333333336,60.925000000000004,53.15833333333333,31.304166666666664,30.28333333333333,26.2,33.7,58.583333333333336,0.0,11.045833333333334,1014.5708333333333,0.0,24,24,24,24
Dubai Motor City,2024-11-03,25.04613617696849,55.24946085563235,Asia/Dubai,66.04166666666667,74.14999999999999,69.82083333333334,30.78333333333333,29.537499999999998,25.2,35.0,66.04166666666667,0.0,10.629166666666666,1013.7291666666666,0.0,24,24,24,24
Dubai Motor City,2024-11-04,25.04613617696849,55.24946085563235,Asia/Dubai,64.54166666666667,68.16250000000001,62.46666666666667,30.754166666666666,29.333333333333332,24.0,34.7,64.54166666666667,0.0,8.429166666666667,1012.65,0.0,24,24,24,24
Dubai Motor City,2024-11-05,25.04613617696849,55.24946085563235,Asia/Dubai,57.875,51.48333333333333,43.5875,31.070833333333336,30.1125,24.8,35.6,57.875,0.0,8.35,1012.7458333333334,0.041666666666666664,24,24,24,24
Dubai Motor City,2024-11-06,25.04613617696849,55.24946085563235,Asia/Dubai,62.916666666666664,53.94166666666666,45.541666666666664,31.03333333333333,29.849999999999998,25.4,35.0,62.916666666666664,0.0,10.654166666666667,1014.8583333333332,0.08333333333333333,24,24,24,24
Dubai Motor City,2024-11-07,25.04613617696849,55.24946085563235,Asia/Dubai,66.70833333333333,58.770833333333336,52.12083333333334,30.662499999999998,29.629166666666666,25.7,34.0,66.70833333333333,0.0,10.866666666666667,1015.2624999999999,0.0,24,24,24,24
Dubai Motor City,2024-11-08,25.04613617696849,55.24946085563235,Asia/Dubai,64.41666666666667,67.75,62.92916666666667,29.929166666666664,28.733333333333334,25.0,32.8,64.41666666666667,0.0,10.425,1014.25,0.25,24,24,24,24
Dubai Motor City,2024-11-09,25.04613617696849,55.24946085563235,Asia/Dubai,58.416666666666664,57.29583333333333,48.90833333333333,29.47083333333333,28.224999999999998,23.7,33.2,58.416666666666664,0.0,9.129166666666666,1013.9625,0.16666666666666666,24,24,24,24
Dubai Motor City,2024-11-10,25.04613617696849,55.24946085563235,Asia/Dubai,62.0,63.19166666666666,56.583333333333336,29.995833333333334,28.566666666666666,24.0,33.0,62.0,0.0,10.504166666666666,1015.0625,0.08333333333333333,24,24,24,24
Dubai Motor City,2024-11-11,25.04613617696849,55.24946085563235,Asia/Dubai,61.083333333333336,56.18333333333334,48.27916666666667,30.208333333333332,29.058333333333334,24.6,33.1,61.083333333333336,0.0,11.287500000000001,1015.3416666666667,0.20833333333333334,24,24,24,24
Dubai Motor City,2024-11-12,25.04613617696849,55.24946085563235,Asia/Dubai,61.583333333333336,54.824999999999996,45.87916666666666,29.962500000000002,28.733333333333334,24.4,32.0,61.583333333333336,0.0,11.704166666666667,1013.7874999999999,0.041666666666666664,24,24,24,24
Dubai Motor City,2024-11-13,25.04613617696849,55.24946085563235,Asia/Dubai,63.15,65.185,56.575,29.4,28.380000000000003,25.0,32.0,63.15,0.0,9.540000000000001,1012.22,0.4,20,20,20,20
Dubai Motor City,2024-11-14,25.04613617696849,55.24946085563235,Asia/Dubai,67.66666666666667,73.35833333333333,67.55833333333334,28.84583333333333,28.616666666666664,24.7,32.7,67.66666666666667,0.0,12.783333333333333,1011.7041666666665,0.6666666666666666,24,24,24,24
Dubai Motor City,2024-11-15,25.04613617696849,55.24946085563235,Asia/Dubai,61.541666666666664,44.55833333333334,40.46666666666667,29.02916666666667,28.349999999999998,24.4,31.7,61.541666666666664,0.0,13.570833333333333,1013.9250000000001,1.0416666666666667,24,24,24,24
Dubai Motor City,2024-11-16,25.04613617696849,55.24946085563235,Asia/Dubai,52.75,27.398333333333337,24.735416666666666,28.333333333333332,27.15833333333333,23.4,30.0,52.75,0.0,14.275,1014.3375,1.1666666666666667,24,24,24,24
Dubai Motor City,2024-11-17,25.04613617696849,55.24946085563235,Asia/Dubai,49.833333333333336,40.262499999999996,35.920833333333334,27.704166666666666,26.95,22.1,31.0,49.833333333333336,0.0,11.033333333333333,1013.4208333333332,0.9583333333333334,24,24,24,24
Dubai Motor City,2024-11-18,25.04613617696849,55.24946085563235,Asia/Dubai,48.0,59.800000000000004,52.229166666666664,28.233333333333334,27.208333333333332,22.5,32.7,48.0,0.0,9.0625,1014.025,0.125,24,24,24,24
Dubai Motor City,2024-11-19,25.04613617696849,55.24946085563235,Asia/Dubai,54.208333333333336,49.35833333333333,42.25416666666667,28.041666666666668,26.995833333333334,22.5,32.0,54.208333333333336,0.0,9.8125,1015.4708333333333,0.2916666666666667,24,24,24,24
Dubai Motor City,2024-11-20,25.04613617696849,55.24946085563235,Asia/Dubai,56.625,57.300000000000004,49.15,28.241666666666664,27.016666666666666,22.7,31.3,56.625,0.0,9.166666666666666,1015.1875,0.2916666666666667,24,24,24,24
Dubai Motor City,2024-11-21,25.04613617696849,55.24946085563235,Asia/Dubai,59.791666666666664,60.98333333333333,51.35,28.041666666666668,26.53333333333333,22.5,30.7,59.791666666666664,0.0,10.3125,1014.6166666666667,0.4583333333333333,24,24,24,24
Dubai Motor City,2024-11-22,25.04613617696849,55.24946085563235,Asia/Dubai,67.875,74.8125,67.50833333333334,28.3625,27.258333333333336,23.1,31.1,67.875,0.0,10.004166666666666,1014.1291666666666,0.25,24,24,24,24
Dubai Motor City,2024-11-23,25.04613617696849,55.24946085563235,Asia/Dubai,70.875,70.17916666666666,65.53750000000001,28.241666666666664,27.27916666666667,22.7,31.1,70.875,0.0,9.725,1014.0291666666667,1.75,24,24,24,24
Dubai Motor City,2024-11-24,25.04613617696849,55.24946085563235,Asia/Dubai,65.20833333333333,40.40833333333333,35.11666666666667,27.604166666666668,26.837500000000002,23.0,30.6,65.20833333333333,0.0,10.85,1013.5666666666666,1.25,24,24,24,24
Dubai Motor City,2024-11-25,25.04613617696849,55.24946085563235,Asia/Dubai,63.666666666666664,44.625,38.5375,28.316666666666666,26.879166666666666,22.4,32.2,63.666666666666664,0.0,9.983333333333333,1014.025,0.5,24,24,24,24
Dubai Motor City,2024-11-26,25.04613617696849,55.24946085563235,Asia/Dubai,60.0,34.5875,31.5125,29.004166666666666,27.40833333333333,24.0,31.7,60.0,0.0,10.387500000000001,1015.1875,0.7083333333333334,24,24,24,24
Dubai Motor City,2024-11-27,25.04613617696849,55.24946085563235,Asia/Dubai,59.791666666666664,43.4625,37.9,29.212500000000002,27.545833333333334,22.7,33.0,59.791666666666664,0.0,9.770833333333334,1014.0500000000001,0.2916666666666667,24,24,24,24
Dubai Motor City,2024-11-28,25.04613617696849,55.24946085563235,Asia/Dubai,66.08333333333333,46.82083333333333,40.141666666666666,29.045833333333334,27.020833333333332,22.8,30.1,66.08333333333333,0.6000000000000001,17.32916666666667,1014.4499999999999,2.0416666666666665,24,24,24,24
Dubai Motor City,2024-11-29,25.04613617696849,55.24946085563235,Asia/Dubai,56.375,14.973333333333334,14.547083333333333,28.579166666666666,26.337500000000002,24.7,27.7,56.375,0.0,20.8125,1016.2416666666667,2.25,24,24,24,24
Dubai Motor City,2024-11-30,25.04613617696849,55.24946085563235,Asia/Dubai,50.791666666666664,18.216666666666665,17.658333333333335,27.108333333333334,24.879166666666666,21.0,27.5,50.791666666666664,0.0,20.479166666666668,1015.9250000000001,2.4583333333333335,24,24,24,24
Dubai Motor City,2024-12-01,25.04613617696849,55.24946085563235,Asia/Dubai,47.0,13.2575,12.783333333333333,26.912499999999998,24.641666666666666,23.5,26.0,47.0,0.0,20.166666666666668,1013.8874999999999,2.5,24,24,24,24
Dubai Motor City,2024-12-02,25.04613617696849,55.24946085563235,Asia/Dubai,50.291666666666664,32.38333333333333,30.21666666666667,25.96666666666667,23.420833333333334,19.0,26.4,50.291666666666664,0.0,11.362499999999999,1013.6625,2.4166666666666665,24,24,24,24
Dubai Motor City,2024-12-03,25.04613617696849,55.24946085563235,Asia/Dubai,43.0,29.72083333333333,26.104166666666668,25.829166666666666,22.816666666666666,17.7,27.1,43.0,0.0,10.679166666666667,1016.0041666666666,0.7083333333333334,24,24,24,24
Dubai Motor City,2024-12-04,25.04613617696849,55.24946085563235,Asia/Dubai,41.833333333333336,20.845833333333335,20.287499999999998,26.09166666666667,23.3625,18.7,27.0,41.833333333333336,0.0,9.995833333333334,1017.3166666666666,0.4583333333333333,24,24,24,24
Dubai Motor City,2024-12-05,25.04613617696849,55.24946085563235,Asia/Dubai,47.833333333333336,33.77916666666667,30.224999999999998,25.945833333333336,22.97083333333333,17.9,27.0,47.833333333333336,0.0,8.933333333333334,1017.5375,0.20833333333333334,24,24,24,24
Dubai Motor City,2024-12-06,25.04613617696849,55.24946085563235,Asia/Dubai,61.541666666666664,74.44583333333334,68.65833333333333,26.545833333333334,23.75,18.7,28.0,61.541666666666664,0.0,8.525,1017.7874999999999,0.5416666666666666,24,24,24,24
Dubai Motor City,2024-12-07,25.04613617696849,55.24946085563235,Asia/Dubai,61.333333333333336,74.05416666666666,68.10416666666667,27.099999999999998,25.27916666666667,22.0,29.7,61.333333333333336,0.0,9.970833333333333,1017.4791666666666,1.0833333333333333,24,24,24,24
Dubai Motor City,2024-12-08,25.04613617696849,55.24946085563235,Asia/Dubai,45.0,33.6875,29.545833333333334,26.629166666666666,24.791666666666668,19.9,29.8,45.0,0.0,11.833333333333334,1019.3458333333333,0.08333333333333333,24,24,24,24
Dubai Motor City,2024-12-09,25.04613617696849,55.24946085563235,Asia/Dubai,44.583333333333336,17.2625,16.658333333333335,26.291666666666668,23.616666666666664,17.8,28.6,44.583333333333336,0.0,10.566666666666666,1018.4958333333334,0.5416666666666666,24,24,24,24
Dubai Motor City,2024-12-10,25.04613617696849,55.24946085563235,Asia/Dubai,56.458333333333336,24.241666666666664,23.349999999999998,25.879166666666666,23.59166666666667,19.0,27.3,56.458333333333336,0.0,9.679166666666667,1016.9125,2.0416666666666665,24,24,24,24
Dubai Motor City,2024-12-11,25.04613617696849,55.24946085563235,Asia/Dubai,54.583333333333336,25.291666666666668,23.020833333333332,25.65833333333333,24.066666666666666,20.4,28.5,54.583333333333336,0.0,13.379166666666668,1017.9666666666667,1.75,24,24,24,24
Dubai Motor City,2024-12-12,25.04613617696849,55.24946085563235,Asia/Dubai,47.625,18.8,18.050416666666667,25.1375,23.837500000000002,19.5,28.8,47.625,0.0,10.683333333333332,1018.0291666666667,0.5833333333333334,24,24,24,24
Dubai Motor City,2024-12-13,25.04613617696849,55.24946085563235,Asia/Dubai,49.666666666666664,24.6125,22.90416666666667,24.754166666666666,23.375,19.1,28.0,49.666666666666664,0.0,9.579166666666667,1016.9458333333333,0.75,24,24,24,24
Dubai Motor City,2024-12-14,25.04613617696849,55.24946085563235,Asia/Dubai,51.65217391304348,47.16956521739131,40.256521739130434,25.395652173913046,23.530434782608697,19.5,27.0,51.65217391304348,0.0,11.93913043478261,1016.6695652173913,1.3043478260869565,23,23,23,23
Dubai Motor City,2024-12-15,25.04613617696849,55.24946085563235,Asia/Dubai,55.125,43.166666666666664,37.37916666666667,23.849999999999998,21.95,18.2,25.7,55.125,0.39999999999999997,13.441666666666668,1019.5166666666668,2.4166666666666665,24,24,24,24
Dubai Motor City,2024-12-16,25.04613617696849,55.24946085563235,Asia/Dubai,54.5,24.475,23.075,23.55625,21.31875,17.7,25.3,54.5,0.0,11.15625,1021.40625,2.1875,16,16,16,16
Dubai Motor City,2024-12-17,25.04613617696849,55.24946085563235,Asia/Dubai,42.73913043478261,39.26086956521739,33.58695652173913,24.291304347826088,21.36521739130435,17.3,24.4,42.73913043478261,0.0,9.130434782608695,1019.4260869565217,0.782608695652174,23,23,23,23
Dubai Motor City,2024-12-18,25.04613617696849,55.24946085563235,Asia/Dubai,51.833333333333336,38.454166666666666,33.9125,23.224999999999998,21.583333333333332,18.7,24.7,51.833333333333336,0.0,13.504166666666668,1016.7958333333332,4.375,24,24,24,24
Dubai Motor City,2024-12-19,25.04613617696849,55.24946085563235,Asia/Dubai,54.708333333333336,44.979166666666664,38.69166666666667,22.849999999999998,20.775000000000002,17.0,24.7,54.708333333333336,0.0,10.116666666666667,1016.15,3.3333333333333335,24,24,24,24
Dubai Motor City,2024-12-20,25.04613617696849,55.24946085563235,Asia/Dubai,53.875,48.43333333333334,41.50416666666667,23.754166666666666,20.8875,15.7,26.0,53.875,0.0,9.0,1016.8166666666666,0.9583333333333334,24,24,24,24
Dubai Motor City,2024-12-21,25.04613617696849,55.24946085563235,Asia/Dubai,54.208333333333336,45.35833333333333,39.708333333333336,23.641666666666666,20.641666666666666,15.9,25.0,54.208333333333336,0.0,11.008333333333333,1015.2041666666668,1.1666666666666667,24,24,24,24
Dubai Motor City,2024-12-22,25.04613617696849,55.24946085563235,Asia/Dubai,59.583333333333336,41.65,36.729166666666664,22.9375,20.395833333333332,16.0,24.3,59.583333333333336,0.0,16.070833333333333,1014.8833333333333,2.0,24,24,24,24
Dubai Motor City,2024-12-23,25.04613617696849,55.24946085563235,Asia/Dubai,59.833333333333336,45.229166666666664,39.041666666666664,22.7375,20.395833333333332,15.9,25.0,59.833333333333336,0.30000000000000004,10.137500000000001,1016.225,1.6666666666666667,24,24,24,24
Dubai Motor City,2024-12-24,25.04613617696849,55.24946085563235,Asia/Dubai,58.041666666666664,57.925000000000004,48.90833333333333,24.400000000000002,22.150000000000002,16.7,27.0,58.041666666666664,0.0,9.4125,1017.0416666666666,1.375,24,24,24,24
Dubai Motor City,2024-12-25,25.04613617696849,55.24946085563235,Asia/Dubai,59.708333333333336,66.87916666666668,59.42083333333333,24.791666666666668,22.09583333333333,17.8,25.7,59.708333333333336,0.0,10.1,1018.2958333333332,1.2083333333333333,24,24,24,24
Dubai Motor City,2024-12-26,25.04613617696849,55.24946085563235,Asia/Dubai,60.916666666666664,68.175,60.03333333333333,24.245833333333334,21.829166666666666,17.1,26.2,60.916666666666664,0.30000000000000004,9.383333333333335,1020.6083333333332,0.9583333333333334,24,24,24,24
Dubai Motor City,2024-12-27,25.04613617696849,55.24946085563235,Asia/Dubai,50.625,48.94166666666666,42.112500000000004,25.066666666666666,22.520833333333332,18.2,28.0,50.625,0.0,10.195833333333333,1021.3291666666668,0.20833333333333334,24,24,24,24
Dubai Motor City,2024-12-28,25.04613617696849,55.24946085563235,Asia/Dubai,51.666666666666664,39.050000000000004,34.57083333333333,25.079166666666666,22.191666666666666,16.7,27.7,51.666666666666664,0.0,9.741666666666667,1020.6083333333332,1.0,24,24,24,24
Dubai Motor City,2024-12-29,25.04613617696849,55.24946085563235,Asia/Dubai,61.166666666666664,48.012499999999996,41.02916666666667,24.929166666666664,21.97083333333333,16.7,26.0,61.166666666666664,0.0,9.466666666666667,1019.5500000000001,2.0833333333333335,24,24,24,24
Dubai Motor City,2024-12-30,25.04613617696849,55.24946085563235,Asia/Dubai,72.125,68.35833333333333,61.54583333333333,24.775000000000002,22.795833333333334,19.0,27.3,72.125,0.0,8.608333333333333,1018.0333333333333,2.125,24,24,24,24
Dubai Motor City,2024-12-31,25.04613617696849,55.24946085563235,Asia/Dubai,64.5,71.52916666666667,66.88333333333334,25.337500000000002,23.77916666666667,20.2,28.0,64.5,0.0,8.975,1017.0166666666668,3.0833333333333335,24,24,24,24
Dubai Motor City,2025-01-01,25.04613617696849,55.24946085563235,Asia/Dubai,60.916666666666664,46.55416666666667,40.96666666666667,24.400000000000002,22.608333333333334,19.7,26.4,60.916666666666664,0.0,16.616666666666667,1016.2249999999999,3.7916666666666665,24,24,24,24
Dubai Motor City,2025-01-02,25.04613617696849,55.24946085563235,Asia/Dubai,41.583333333333336,14.987499999999999,14.42375,24.691666666666666,21.616666666666664,20.3,23.0,41.583333333333336,0.0,28.583333333333332,1018.6541666666667,2.4583333333333335,24,24,24,24
Dubai Motor City,2025-01-03,25.04613617696849,55.24946085563235,Asia/Dubai,43.458333333333336,32.55416666666667,30.037499999999998,21.808333333333334,19.541666666666668,16.5,22.0,43.458333333333336,0.0,12.591666666666667,1020.5,1.875,24,24,24,24
Dubai Motor City,2025-01-04,25.04613617696849,55.24946085563235,Asia/Dubai,37.875,23.03333333333333,22.224999999999998,21.929166666666664,18.591666666666665,13.0,22.7,37.875,0.0,11.1,1021.4833333333332,1.375,24,24,24,24
Dubai Motor City,2025-01-05,25.04613617696849,55.24946085563235,Asia/Dubai,48.208333333333336,38.479166666666664,34.520833333333336,22.337500000000002,18.954166666666666,13.4,22.7,48.208333333333336,0.0,10.491666666666665,1020.9499999999999,1.5833333333333333,24,24,24,24
Dubai Motor City,2025-01-06,25.04613617696849,55.24946085563235,Asia/Dubai,49.63157894736842,49.57368421052632,45.28947368421053,23.342105263157894,19.621052631578948,13.9,25.0,49.63157894736842,0.0,12.700000000000001,1019.7526315789473,0.05263157894736842,19,19,19,19
Dubai Motor City,2025-01-07,25.04613617696849,55.24946085563235,Asia/Dubai,49.5,40.09375,35.025,23.75625,21.175,15.3,26.7,49.5,0.0,11.23125,1019.0375,2.4375,16,16,16,16
Dubai Motor City,2025-01-08,25.04613617696849,55.24946085563235,Asia/Dubai,54.78260869565217,38.43913043478261,33.630434782608695,23.11304347826087,20.52173913043478,15.2,25.0,54.78260869565217,0.0,10.821739130434782,1017.4478260869565,2.782608695652174,23,23,23,23
Dubai Motor City,2025-01-09,25.04613617696849,55.24946085563235,Asia/Dubai,68.8695652173913,66.9608695652174,61.356521739130436,23.117391304347827,20.02173913043478,16.7,23.7,68.8695652173913,0.30000000000000004,11.656521739130437,1015.8,2.0,23,23,23,23
Dubai Motor City,2025-01-10,25.04613617696849,55.24946085563235,Asia/Dubai,62.833333333333336,52.19583333333333,44.35,23.016666666666666,20.233333333333334,15.2,25.0,62.833333333333336,0.0,10.779166666666667,1017.8541666666666,0.5833333333333334,24,24,24,24
Dubai Motor City,2025-01-11,25.04613617696849,55.24946085563235,Asia/Dubai,49.333333333333336,30.499444444444446,27.83888888888889,23.394444444444446,20.044444444444444,14.7,26.0,49.333333333333336,0.0,10.177777777777777,1018.8777777777777,0.05555555555555555,18,18,18,18
Dubai Motor City,2025-01-12,25.04613617696849,55.24946085563235,Asia/Dubai,47.666666666666664,32.300000000000004,29.533333333333335,19.599999999999998,16.0,15.5,16.8,47.666666666666664,0.0,7.033333333333334,1017.8666666666667,0.3333333333333333,3,3,3,3
Dubai Motor City,2025-01-13,25.04613617696849,55.24946085563235,Asia/Dubai,61.333333333333336,49.800000000000004,42.13333333333333,23.766666666666666,22.2,21.7,22.7,61.333333333333336,0.0,21.5,1019.4333333333334,2.6666666666666665,3,3,3,3
Dubai Motor City,2025-01-14,25.04613617696849,55.24946085563235,Asia/Dubai,59.75,51.875,43.575,22.625,21.4,21.2,21.7,59.75,0.0,13.075,1018.825,2.5,4,4,4,4
Dubai Motor City,2025-02-11,25.04613617696849,55.24946085563235,Asia/Dubai,61.0,,34.1,23.200000000000003,21.1,21.0,21.2,61.0,0.0,7.85,1017.3,2.0,2,2,0,2
Dubai Motor City,2025-02-12,25.04613617696849,55.24946085563235,Asia/Dubai,49.608695652173914,,32.160869565217396,26.313043478260873,23.934782608695652,18.2,32.0,49.608695652173914,0.0,11.308695652173913,1016.5304347826087,3.1739130434782608,23,23,0,23
Dubai Motor City,2025-02-13,25.04613617696849,55.24946085563235,Asia/Dubai,36.666666666666664,,15.559166666666668,27.47083333333333,26.2375,21.0,32.0,36.666666666666664,0.0,13.354166666666666,1016.0124999999999,4.666666666666667,24,24,0,24
Dubai Motor City,2025-02-14,25.04613617696849,55.24946085563235,Asia/Dubai,51.375,,17.36583333333333,28.083333333333332,25.666666666666668,23.0,30.0,51.375,0.0,14.116666666666667,1016.5333333333333,5.625,24,24,0,24
Dubai Motor City,2025-02-15,25.04613617696849,55.24946085563235,Asia/Dubai,70.875,,34.691250000000004,26.245833333333334,22.912499999999998,20.3,26.0,70.875,0.0,12.275,1015.2791666666667,4.25,24,24,0,24
Dubai Motor City,2025-02-16,25.04613617696849,55.24946085563235,Asia/Dubai,60.541666666666664,,35.05416666666667,27.108333333333334,24.1125,21.7,26.1,60.541666666666664,1.9,11.483333333333334,1014.3541666666666,5.083333333333333,24,24,0,24
Dubai Motor City,2025-02-17,25.04613617696849,55.24946085563235,Asia/Dubai,52.375,,17.458333333333332,26.808333333333334,25.78333333333333,22.5,32.0,52.375,2.3,15.129166666666668,1013.9124999999999,4.833333333333333,24,24,0,24
Dubai Motor City,2025-02-18,25.04613617696849,55.24946085563235,Asia/Dubai,58.91304347826087,,24.017391304347825,25.400000000000002,23.76086956521739,21.5,27.0,58.91304347826087,2.2,9.934782608695652,1015.204347826087,4.3478260869565215,23,23,0,23
Dubai Motor City,2025-02-19,25.04613617696849,55.24946085563235,Asia/Dubai,59.27272727272727,,30.3,26.813636363636363,22.972727272727273,20.5,26.0,59.27272727272727,0.0,10.531818181818183,1014.9272727272728,2.8181818181818183,22,22,0,22
Dubai Motor City,2025-02-20,25.04613617696849,55.24946085563235,Asia/Dubai,54.625,,41.69166666666667,26.754166666666666,22.95,18.9,27.7,54.625,0.7,10.541666666666666,1011.8499999999999,3.5416666666666665,24,24,0,24
Dubai Motor City,2025-02-21,25.04613617696849,55.24946085563235,Asia/Dubai,48.625,,35.69166666666667,28.099999999999998,25.541666666666668,22.7,30.3,48.625,1.7,11.987499999999999,1013.3499999999999,2.3333333333333335,24,24,0,24
Dubai Motor City,2025-02-22,25.04613617696849,55.24946085563235,Asia/Dubai,59.875,,31.766666666666666,27.195833333333336,23.7375,19.7,28.0,59.875,0.0,8.808333333333334,1015.2708333333334,1.125,24,24,0,24
Dubai Motor City,2025-02-23,25.04613617696849,55.24946085563235,Asia/Dubai,48.833333333333336,,31.075,27.854166666666668,26.233333333333334,19.6,35.3,48.833333333333336,0.0,12.766666666666666,1012.4291666666667,2.5,24,24,0,24
Dubai Motor City,2025-02-24,25.04613617696849,55.24946085563235,Asia/Dubai,65.0,,34.71666666666667,26.4375,25.175,23.7,27.3,65.0,0.0,12.445833333333333,1012.2833333333333,4.416666666666667,24,24,0,24
Dubai Motor City,2025-02-25,25.04613617696849,55.24946085563235,Asia/Dubai,60.75,,18.217499999999998,24.129166666666666,22.25,19.7,23.7,60.75,0.3,21.40833333333333,1016.4875000000001,6.5,24,24,0,24
Dubai Motor City,2025-02-26,25.04613617696849,55.24946085563235,Asia/Dubai,55.125,,11.606666666666667,23.004166666666666,20.0,16.7,22.0,55.125,0.0,13.262500000000001,1019.1291666666666,5.208333333333333,24,24,0,24
Dubai Motor City,2025-02-27,25.04613617696849,55.24946085563235,Asia/Dubai,54.625,,17.916666666666668,23.3125,20.841666666666665,20.0,22.0,54.625,0.0,19.883333333333333,1018.2333333333332,6.583333333333333,24,24,0,24
Dubai Motor City,2025-02-28,25.04613617696849,55.24946085563235,Asia/Dubai,50.541666666666664,,14.430833333333332,24.349999999999998,20.8625,19.0,23.0,50.541666666666664,0.0,19.8125,1016.5416666666666,3.2083333333333335,24,24,0,24
Dubai Motor City,2025-03-01,25.04613617696849,55.24946085563235,Asia/Dubai,56.666666666666664,,20.104166666666668,23.625,20.170833333333334,16.0,23.7,56.666666666666664,0.0,12.549999999999999,1015.2624999999999,2.5416666666666665,24,24,0,24
Dubai Motor City,2025-03-02,25.04613617696849,55.24946085563235,Asia/Dubai,55.291666666666664,,24.370833333333334,24.829166666666666,20.900000000000002,17.6,24.0,55.291666666666664,0.0,16.412499999999998,1014.9458333333333,2.375,24,24,0,24
Dubai Motor City,2025-03-03,25.04613617696849,55.24946085563235,Asia/Dubai,41.625,,26.116666666666664,25.616666666666664,21.241666666666667,17.7,24.0,41.625,0.0,13.637500000000001,1017.475,0.625,24,24,0,24
Dubai Motor City,2025-03-04,25.04613617696849,55.24946085563235,Asia/Dubai,38.791666666666664,,25.958333333333332,26.037499999999998,23.03333333333333,16.2,29.7,38.791666666666664,0.0,18.179166666666667,1017.0666666666666,2.0833333333333335,24,24,0,24
Dubai Motor City,2025-03-05,25.04613617696849,55.24946085563235,Asia/Dubai,42.458333333333336,,20.891666666666666,25.925,24.816666666666666,21.7,31.0,42.458333333333336,0.0,18.583333333333332,1016.9250000000001,4.083333333333333,24,24,0,24
Dubai Motor City,2025-03-06,25.04613617696849,55.24946085563235,Asia/Dubai,36.416666666666664,,17.066666666666666,27.662499999999998,25.675,20.7,31.0,36.416666666666664,0.0,12.116666666666667,1016.1750000000001,1.5833333333333333,24,24,0,24
Dubai Motor City,2025-03-07,25.04613617696849,55.24946085563235,Asia/Dubai,25.458333333333332,,14.883333333333333,30.454166666666666,28.458333333333332,22.5,33.7,25.458333333333332,0.0,11.604166666666666,1013.3125,1.5833333333333333,24,24,0,24
Dubai Motor City,2025-03-08,25.04613617696849,55.24946085563235,Asia/Dubai,20.5,,8.578333333333333,30.425,29.1125,24.7,36.0,20.5,0.0,12.808333333333332,1009.6333333333333,2.0416666666666665,24,24,0,24
Dubai Motor City,2025-03-09,25.04613617696849,55.24946085563235,Asia/Dubai,31.916666666666668,,14.920833333333334,29.0125,27.59583333333333,24.2,31.7,31.916666666666668,0.0,15.637500000000001,1010.4541666666665,4.416666666666667,24,24,0,24
Dubai Motor City,2025-03-10,25.04613617696849,55.24946085563235,Asia/Dubai,48.458333333333336,,19.854166666666668,27.349999999999998,26.875,23.8,30.8,48.458333333333336,0.7,12.729166666666666,1012.6958333333333,5.25,24,24,0,24
Dubai Motor City,2025-03-11,25.04613617696849,55.24946085563235,Asia/Dubai,39.166666666666664,,23.079166666666666,28.416666666666668,28.545833333333334,25.2,35.7,39.166666666666664,0.1,9.8375,1013.0500000000001,4.791666666666667,24,24,0,24
Dubai Motor City,2025-03-12,25.04613617696849,55.24946085563235,Asia/Dubai,40.458333333333336,,36.7875,28.96666666666667,28.008333333333336,25.0,31.4,40.458333333333336,0.0,10.799999999999999,1013.5416666666666,5.041666666666667,24,24,0,24
Dubai Motor City,2025-03-13,25.04613617696849,55.24946085563235,Asia/Dubai,58.916666666666664,,38.204166666666666,27.983333333333334,24.77916666666667,22.0,27.5,58.916666666666664,0.0,14.516666666666666,1013.6666666666666,3.625,24,24,0,24
Dubai Motor City,2025-03-14,25.04613617696849,55.24946085563235,Asia/Dubai,68.20833333333333,,60.237500000000004,26.9875,23.195833333333336,18.2,27.2,68.20833333333333,0.0,10.758333333333333,1013.7958333333332,0.4583333333333333,24,24,0,24
Dubai Motor City,2025-03-15,25.04613617696849,55.24946085563235,Asia/Dubai,60.291666666666664,,66.825,27.054166666666664,24.825,19.1,30.7,60.291666666666664,0.0,11.929166666666667,1014.1999999999999,0.7916666666666666,24,24,0,24
Dubai Motor City,2025-03-16,25.04613617696849,55.24946085563235,Asia/Dubai,50.875,,44.541666666666664,29.037499999999998,25.929166666666664,19.7,33.0,50.875,0.0,12.229166666666666,1015.2291666666666,2.0416666666666665,24,24,0,24
Dubai Motor City,2025-03-17,25.04613617696849,55.24946085563235,Asia/Dubai,61.25,,59.49583333333334,26.34583333333333,25.008333333333336,23.5,28.8,61.25,0.0,10.862499999999999,1014.6041666666666,3.2916666666666665,24,24,0,24
Dubai Motor City,2025-03-18,25.04613617696849,55.24946085563235,Asia/Dubai,65.75,,67.75,25.704166666666666,23.270833333333332,17.5,28.7,65.75,0.0,12.916666666666666,1013.6374999999999,1.2083333333333333,24,24,0,24
Dubai Motor City,2025-03-19,25.04613617696849,55.24946085563235,Asia/Dubai,52.0,,50.96666666666667,27.462500000000002,24.150000000000002,18.7,29.4,52.0,0.0,11.2125,1013.4958333333334,0.5833333333333334,24,24,0,24
Dubai Motor City,2025-03-20,25.04613617696849,55.24946085563235,Asia/Dubai,44.166666666666664,,59.05416666666667,29.191666666666666,26.204166666666666,18.7,32.1,44.166666666666664,0.0,9.083333333333334,1013.9041666666667,1.0833333333333333,24,24,0,24
Dubai Motor City,2025-03-21,25.04613617696849,55.24946085563235,Asia/Dubai,33.125,,41.55833333333333,29.875,28.15833333333333,21.5,36.7,33.125,0.0,13.0,1014.65,1.375,24,24,0,24
Dubai Motor City,2025-03-22,25.04613617696849,55.24946085563235,Asia/Dubai,21.866666666666667,,21.996,29.813333333333333,28.60666666666667,24.7,34.0,21.866666666666667,0.0,12.766666666666667,1013.9266666666666,1.4,15,15,0,15
Dubai Motor City,2025-03-23,25.04613617696849,55.24946085563235,Asia/Dubai,35.05555555555556,,22.605555555555554,29.372222222222224,28.83888888888889,25.4,35.0,35.05555555555556,0.0,13.21111111111111,1013.0722222222222,3.7222222222222223,18,18,0,18
Dubai Motor City,2025-03-24,25.04613617696849,55.24946085563235,Asia/Dubai,58.95238095238095,,21.41904761904762,27.904761904761905,25.01904761904762,21.7,27.0,58.95238095238095,0.0,20.438095238095237,1015.5571428571429,2.9523809523809526,21,21,0,21
Dubai Motor City,2025-03-25,25.04613617696849,55.24946085563235,Asia/Dubai,53.666666666666664,,20.125,26.258333333333336,22.008333333333336,20.7,24.7,53.666666666666664,0.0,25.599999999999998,1014.5708333333333,2.5,24,24,0,24
Dubai Motor City,2025-03-26,25.04613617696849,55.24946085563235,Asia/Dubai,57.541666666666664,,32.545833333333334,25.650000000000002,22.045833333333334,17.4,26.0,57.541666666666664,0.0,15.375,1012.6583333333333,1.375,24,24,0,24
Dubai Motor City,2025-03-27,25.04613617696849,55.24946085563235,Asia/Dubai,60.541666666666664,,52.449999999999996,26.96666666666667,23.333333333333332,18.0,29.0,60.541666666666664,0.0,12.366666666666667,1013.4333333333334,0.75,24,24,0,24
Dubai Motor City,2025-03-28,25.04613617696849,55.24946085563235,Asia/Dubai,55.375,,52.333333333333336,27.52916666666667,25.079166666666666,20.0,29.3,55.375,0.0,10.829166666666666,1013.2624999999999,2.5,24,24,0,24
Dubai Motor City,2025-03-29,25.04613617696849,55.24946085563235,Asia/Dubai,37.916666666666664,,34.25833333333333,28.733333333333334,26.724999999999998,20.7,32.3,37.916666666666664,0.0,12.6875,1012.6125000000001,0.625,24,24,0,24
Dubai Motor City,2025-03-30,25.04613617696849,55.24946085563235,Asia/Dubai,37.708333333333336,,30.7,29.829166666666666,27.53333333333333,21.6,33.4,37.708333333333336,0.0,10.295833333333333,1012.4625,0.625,24,24,0,24
Dubai Motor City,2025-03-31,25.04613617696849,55.24946085563235,Asia/Dubai,27.875,,21.618750000000002,30.379166666666666,28.52916666666667,23.5,35.2,27.875,0.0,10.608333333333333,1012.5500000000001,0.7916666666666666,24,24,0,24
Dubai Motor City,2025-04-01,25.04613617696849,55.24946085563235,Asia/Dubai,32.791666666666664,,29.770833333333332,30.6125,28.191666666666666,23.1,34.3,32.791666666666664,0.0,11.741666666666667,1011.4958333333334,1.25,24,24,0,24
Dubai Motor City,2025-04-02,25.04613617696849,55.24946085563235,Asia/Dubai,38.958333333333336,,50.67083333333333,30.820833333333336,27.53333333333333,22.2,32.3,38.958333333333336,0.0,9.483333333333333,1010.2291666666666,0.5416666666666666,24,24,0,24
Dubai Motor City,2025-04-03,25.04613617696849,55.24946085563235,Asia/Dubai,42.5,,65.10416666666667,30.870833333333334,28.675,22.5,38.4,42.5,0.0,11.020833333333334,1010.1208333333334,0.75,24,24,0,24
Dubai Motor City,2025-04-04,25.04613617696849,55.24946085563235,Asia/Dubai,23.708333333333332,,34.83958333333333,32.516666666666666,31.695833333333336,24.7,39.3,23.708333333333332,0.0,11.508333333333333,1010.7291666666666,0.75,24,24,0,24
Dubai Motor City,2025-04-05,25.04613617696849,55.24946085563235,Asia/Dubai,17.833333333333332,,16.199166666666667,32.791666666666664,32.083333333333336,26.5,39.9,17.833333333333332,0.0,12.954166666666666,1011.2291666666666,0.75,24,24,0,24
Dubai Motor City,2025-04-06,25.04613617696849,55.24946085563235,Asia/Dubai,21.5,,18.474999999999998,32.895833333333336,31.695833333333336,25.2,40.0,21.5,0.0,11.525,1011.0083333333333,1.2916666666666667,24,24,0,24
Dubai Motor City,2025-04-07,25.04613617696849,55.24946085563235,Asia/Dubai,26.75,,25.45,33.3375,31.5,25.2,39.0,26.75,0.0,12.091666666666667,1011.0833333333334,2.8333333333333335,24,24,0,24
Dubai Motor City,2025-04-08,25.04613617696849,55.24946085563235,Asia/Dubai,32.0,,29.21666666666667,32.520833333333336,31.041666666666668,24.2,36.5,32.0,0.0,12.408333333333333,1010.2291666666666,2.3333333333333335,24,24,0,24
Dubai Motor City,2025-04-09,25.04613617696849,55.24946085563235,Asia/Dubai,52.041666666666664,,17.512083333333333,30.916666666666668,28.6125,24.0,32.4,52.041666666666664,0.0,13.583333333333334,1009.1666666666666,0.125,24,24,0,24
Dubai Motor City,2025-04-10,25.04613617696849,55.24946085563235,Asia/Dubai,56.083333333333336,,34.57083333333333,30.28333333333333,28.170833333333334,23.4,32.7,56.083333333333336,0.0,11.466666666666667,1006.4333333333333,0.4166666666666667,24,24,0,24
Dubai Motor City,2025-04-11,25.04613617696849,55.24946085563235,Asia/Dubai,51.208333333333336,,53.03333333333333,31.65833333333333,29.395833333333332,23.2,36.7,51.208333333333336,0.0,11.570833333333333,1003.6791666666667,0.3333333333333333,24,24,0,24
Dubai Motor City,2025-04-12,25.04613617696849,55.24946085563235,Asia/Dubai,27.875,,39.57083333333333,33.041666666666664,32.516666666666666,26.5,39.3,27.875,0.0,10.745833333333332,1003.9,0.4166666666666667,24,24,0,24
Dubai Motor City,2025-04-13,25.04613617696849,55.24946085563235,Asia/Dubai,20.583333333333332,,26.995833333333334,34.11666666666667,34.87916666666667,29.5,40.0,20.583333333333332,0.0,13.958333333333334,1006.8375,0.20833333333333334,24,24,0,24
Dubai Motor City,2025-04-14,25.04613617696849,55.24946085563235,Asia/Dubai,26.166666666666668,,28.054166666666664,34.516666666666666,34.12916666666667,29.0,41.0,26.166666666666668,0.0,11.879166666666668,1008.2583333333333,1.2083333333333333,24,24,0,24
Dubai Motor City,2025-04-15,25.04613617696849,55.24946085563235,Asia/Dubai,30.333333333333332,,40.208333333333336,33.454166666666666,33.545833333333334,29.7,41.0,30.333333333333332,0.0,13.720833333333333,1008.2166666666667,2.9166666666666665,24,24,0,24
Dubai Motor City,2025-04-16,25.04613617696849,55.24946085563235,Asia/Dubai,52.166666666666664,,41.15,31.791666666666668,30.108333333333334,26.0,35.3,52.166666666666664,0.0,14.720833333333333,1009.2291666666666,0.0,24,24,0,24
Dubai Motor City,2025-04-17,25.04613617696849,55.24946085563235,Asia/Dubai,51.5,,11.895416666666668,30.558333333333334,27.666666666666668,23.7,31.4,51.5,0.0,17.841666666666665,1009.4291666666667,0.25,24,24,0,24
Dubai Motor City,2025-04-18,25.04613617696849,55.24946085563235,Asia/Dubai,53.125,,15.977916666666667,29.75,27.041666666666668,25.7,29.0,53.125,0.0,20.108333333333334,1009.375,0.5416666666666666,24,24,0,24
Dubai Motor City,2025-04-19,25.04613617696849,55.24946085563235,Asia/Dubai,55.25,,31.808333333333334,28.837500000000002,26.316666666666666,22.7,30.0,55.25,0.0,15.779166666666667,1009.6791666666667,1.2916666666666667,24,24,0,24
Dubai Motor City,2025-04-20,25.04613617696849,55.24946085563235,Asia/Dubai,55.25,,35.516666666666666,29.233333333333334,26.495833333333334,22.3,30.2,55.25,0.0,12.629166666666668,1010.0416666666666,0.8333333333333334,24,24,0,24
Dubai Motor City,2025-04-21,25.04613617696849,55.24946085563235,Asia/Dubai,54.958333333333336,,37.46666666666667,30.224999999999998,28.166666666666668,23.0,35.2,54.958333333333336,0.0,10.987499999999999,1011.6541666666667,0.5416666666666666,24,24,0,24
Dubai Motor City,2025-04-22,25.04613617696849,55.24946085563235,Asia/Dubai,42.166666666666664,,46.99583333333334,31.545833333333334,29.90416666666667,23.4,35.7,42.166666666666664,0.0,9.6875,1012.7083333333334,0.375,24,24,0,24
Dubai Motor City,2025-04-23,25.04613617696849,55.24946085563235,Asia/Dubai,25.333333333333332,,39.770833333333336,33.34166666666667,33.112500000000004,26.0,38.0,25.333333333333332,0.0,9.5,1010.3583333333332,0.4583333333333333,24,24,0,24
Dubai Motor City,2025-04-24,25.04613617696849,55.24946085563235,Asia/Dubai,43.125,,52.637499999999996,32.2875,30.05,26.6,35.0,43.125,0.0,10.995833333333332,1007.0083333333333,0.3333333333333333,24,24,0,24
Dubai Motor City,2025-04-25,25.04613617696849,55.24946085563235,Asia/Dubai,52.291666666666664,,76.49166666666666,32.020833333333336,29.974999999999998,24.0,37.5,52.291666666666664,0.0,11.5875,1006.7624999999999,0.5416666666666666,24,24,0,24
Dubai Motor City,2025-04-26,25.04613617696849,55.24946085563235,Asia/Dubai,34.25,,67.05,33.425000000000004,33.079166666666666,25.7,42.3,34.25,0.0,10.029166666666667,1006.4625,3.2083333333333335,24,24,0,24
Dubai Motor City,2025-04-27,25.04613617696849,55.24946085563235,Asia/Dubai,21.5,,33.24583333333333,34.80416666666667,35.86666666666667,28.5,43.7,21.5,0.0,10.829166666666667,1006.8458333333333,3.7083333333333335,24,24,0,24
Dubai Motor City,2025-04-28,25.04613617696849,55.24946085563235,Asia/Dubai,16.166666666666668,,27.47083333333333,35.449999999999996,36.19166666666667,30.5,43.1,16.166666666666668,0.0,11.883333333333333,1005.8125,3.3333333333333335,24,24,0,24
Dubai Motor City,2025-04-29,25.04613617696849,55.24946085563235,Asia/Dubai,19.0,,23.65833333333333,35.733333333333334,35.916666666666664,29.5,43.7,19.0,0.0,11.708333333333334,1004.4166666666666,0.6666666666666666,24,24,0,24
Dubai Motor City,2025-04-30,25.04613617696849,55.24946085563235,Asia/Dubai,26.708333333333332,,28.400000000000002,35.15416666666667,34.97083333333333,29.2,41.8,26.708333333333332,0.0,12.741666666666667,1005.3291666666665,0.4583333333333333,24,24,0,24
Dubai Motor City,2025-05-01,25.04613617696849,55.24946085563235,Asia/Dubai,25.875,,35.275,35.37083333333333,34.52916666666667,29.2,40.7,25.875,0.0,11.879166666666668,1006.5208333333334,0.5416666666666666,24,24,0,24
Dubai Motor City,2025-05-02,25.04613617696849,55.24946085563235,Asia/Dubai,33.208333333333336,,46.73333333333333,33.88333333333333,34.05833333333333,27.2,40.3,33.208333333333336,0.0,10.025,1006.5,0.125,24,24,0,24
Dubai Motor City,2025-05-03,25.04613617696849,55.24946085563235,Asia/Dubai,33.208333333333336,,37.21666666666667,33.958333333333336,33.916666666666664,28.7,38.5,33.208333333333336,0.0,14.070833333333333,1005.0749999999999,1.3333333333333333,24,24,0,24
Dubai Motor City,2025-05-04,25.04613617696849,55.24946085563235,Asia/Dubai,24.208333333333332,,36.8375,34.699999999999996,35.083333333333336,29.2,42.0,24.208333333333332,0.0,14.049999999999999,1003.7833333333333,1.125,24,24,0,24
Dubai Motor City,2025-05-05,25.04613617696849,55.24946085563235,Asia/Dubai,22.208333333333332,,42.454166666666666,34.862500000000004,35.5625,29.5,41.3,22.208333333333332,0.0,12.987499999999999,1003.3541666666666,0.75,24,24,0,24
Dubai Motor City,2025-05-06,25.04613617696849,55.24946085563235,Asia/Dubai,35.833333333333336,,31.96875,33.829166666666666,33.86666666666667,29.7,38.1,35.833333333333336,0.0,17.891666666666666,1003.6875,0.0,24,24,0,24
Dubai Motor City,2025-05-07,25.04613617696849,55.24946085563235,Asia/Dubai,45.916666666666664,,13.565833333333332,31.954166666666666,30.958333333333332,28.0,33.0,45.916666666666664,0.0,20.970833333333335,1004.9208333333332,0.3333333333333333,24,24,0,24
Dubai Motor City,2025-05-08,25.04613617696849,55.24946085563235,Asia/Dubai,52.25,,21.400000000000002,29.745833333333334,28.412499999999998,24.0,32.3,52.25,0.0,19.900000000000002,1004.3791666666666,0.5,24,24,0,24
Dubai Motor City,2025-05-09,25.04613617696849,55.24946085563235,Asia/Dubai,56.625,,42.1,30.270833333333332,29.079166666666666,24.0,36.2,56.625,0.0,12.5875,1006.0041666666666,0.5,24,24,0,24
Dubai Motor City,2025-05-10,25.04613617696849,55.24946085563235,Asia/Dubai,63.583333333333336,,81.1125,31.400000000000002,30.329166666666666,25.5,34.5,63.583333333333336,0.0,11.808333333333332,1006.9583333333334,0.16666666666666666,24,24,0,24
Dubai Motor City,2025-05-11,25.04613617696849,55.24946085563235,Asia/Dubai,46.791666666666664,,52.42083333333333,32.7125,32.62083333333333,27.7,38.0,46.791666666666664,0.0,12.012500000000001,1005.9666666666667,0.375,24,24,0,24
Dubai Motor City,2025-05-12,25.04613617696849,55.24946085563235,Asia/Dubai,32.291666666666664,,35.93333333333333,33.612500000000004,34.65833333333333,29.7,40.5,32.291666666666664,0.0,10.795833333333334,1004.1916666666666,0.8333333333333334,24,24,0,24
Dubai Motor City,2025-05-13,25.04613617696849,55.24946085563235,Asia/Dubai,27.041666666666668,,32.44166666666667,34.13333333333333,35.354166666666664,29.5,42.0,27.041666666666668,0.0,12.041666666666666,1004.1208333333333,0.4166666666666667,24,24,0,24
Dubai Motor City,2025-05-14,25.04613617696849,55.24946085563235,Asia/Dubai,31.0,,35.22857142857143,32.77142857142857,33.81428571428571,30.6,40.4,31.0,0.0,11.62857142857143,1004.1857142857143,0.14285714285714285,7,7,0,7
Dubai Motor City,2025-05-15,25.04613617696849,55.24946085563235,Asia/Dubai,22.294117647058822,,15.096470588235293,35.970588235294116,37.411764705882355,31.7,41.0,22.294117647058822,0.0,17.61176470588235,1006.7470588235294,0.23529411764705882,17,17,0,17
Dubai Motor City,2025-05-16,25.04613617696849,55.24946085563235,Asia/Dubai,32.916666666666664,,34.42916666666667,33.512499999999996,33.733333333333334,29.5,39.0,32.916666666666664,0.0,12.166666666666666,1005.6791666666667,0.2916666666666667,24,24,0,24
Dubai Motor City,2025-05-17,25.04613617696849,55.24946085563235,Asia/Dubai,60.166666666666664,,41.579166666666666,31.933333333333334,31.320833333333336,27.0,35.5,60.166666666666664,0.0,16.516666666666666,1004.2958333333332,0.25,24,24,0,24
Dubai Motor City,2025-05-18,25.04613617696849,55.24946085563235,Asia/Dubai,52.333333333333336,,33.4625,31.554166666666664,30.8625,26.0,35.7,52.333333333333336,0.0,12.424999999999999,1004.5583333333333,0.20833333333333334,24,24,0,24
Dubai Motor City,2025-05-19,25.04613617696849,55.24946085563235,Asia/Dubai,56.083333333333336,,55.675000000000004,32.1625,31.941666666666666,27.0,36.0,56.083333333333336,0.0,10.799999999999999,1002.6999999999999,0.2916666666666667,24,24,0,24
Dubai Motor City,2025-05-20,25.04613617696849,55.24946085563235,Asia/Dubai,55.541666666666664,,85.14166666666667,33.012499999999996,33.525,28.7,38.0,55.541666666666664,0.0,10.545833333333333,1001.7083333333334,0.16666666666666666,24,24,0,24
Dubai Motor City,2025-05-21,25.04613617696849,55.24946085563235,Asia/Dubai,47.125,,94.62083333333334,33.762499999999996,34.37916666666667,28.7,41.2,47.125,0.0,10.554166666666667,1001.025,0.0,24,24,0,24
Dubai Motor City,2025-05-22,25.04613617696849,55.24946085563235,Asia/Dubai,46.875,,82.59583333333333,34.525,35.42916666666667,28.5,43.7,46.875,0.0,11.4625,999.9833333333332,0.125,24,24,0,24
Dubai Motor City,2025-05-23,25.04613617696849,55.24946085563235,Asia/Dubai,27.208333333333332,,43.21666666666667,35.766666666666666,37.291666666666664,31.2,44.5,27.208333333333332,0.0,10.924999999999999,997.5583333333333,0.16666666666666666,24,24,0,24
Dubai Motor City,2025-05-24,25.04613617696849,55.24946085563235,Asia/Dubai,24.5,,33.074999999999996,36.12916666666667,37.97083333333333,31.2,46.5,24.5,0.0,11.375,996.6666666666666,0.2916666666666667,24,24,0,24
Dubai Motor City,2025-05-25,25.04613617696849,55.24946085563235,Asia/Dubai,35.416666666666664,,39.541666666666664,35.55833333333333,36.2875,30.9,44.2,35.416666666666664,0.0,13.424999999999999,997.8249999999999,0.375,24,24,0,24
Dubai Motor City,2025-05-26,25.04613617696849,55.24946085563235,Asia/Dubai,37.666666666666664,,42.266666666666666,35.083333333333336,36.9625,30.0,45.2,37.666666666666664,0.0,14.716666666666667,1000.1166666666667,0.16666666666666666,24,24,0,24
Dubai Motor City,2025-05-27,25.04613617696849,55.24946085563235,Asia/Dubai,41.958333333333336,,26.11708333333333,33.84166666666667,34.354166666666664,30.5,37.3,41.958333333333336,0.0,14.741666666666667,1000.1125000000001,0.0,24,24,0,24
Dubai Motor City,2025-05-28,25.04613617696849,55.24946085563235,Asia/Dubai,48.958333333333336,,45.34166666666667,33.12083333333333,33.56666666666667,28.9,37.7,48.958333333333336,0.0,13.662500000000001,999.6541666666667,0.041666666666666664,24,24,0,24
Dubai Motor City,2025-05-29,25.04613617696849,55.24946085563235,Asia/Dubai,43.0,,61.86666666666667,34.2875,35.516666666666666,29.7,43.0,43.0,0.0,11.845833333333333,999.0749999999999,0.041666666666666664,24,24,0,24
Dubai Motor City,2025-05-30,25.04613617696849,55.24946085563235,Asia/Dubai,40.333333333333336,,66.58333333333333,35.3125,35.333333333333336,30.7,40.3,40.333333333333336,0.0,12.512500000000001,998.8791666666666,0.041666666666666664,24,24,0,24
Dubai Motor City,2025-05-31,25.04613617696849,55.24946085563235,Asia/Dubai,51.0,,36.9125,34.38333333333333,34.09583333333333,29.0,39.3,51.0,0.0,15.220833333333333,1000.5833333333334,0.0,24,24,0,24
Dubai Motor City,2025-06-01,25.04613617696849,55.24946085563235,Asia/Dubai,53.94444444444444,,21.038888888888888,32.75,31.744444444444444,27.7,37.0,53.94444444444444,0.0,11.044444444444444,1002.5777777777779,0.16666666666666666,18,18,0,18
Dubai Motor City,2025-06-02,25.04613617696849,55.24946085563235,Asia/Dubai,41.5,,42.8125,36.6,35.9875,32.5,40.0,41.5,0.0,12.175,1000.75,0.0,8,8,0,8
Dubai Motor City,2025-06-03,25.04613617696849,55.24946085563235,Asia/Dubai,62.5,,48.43888888888889,33.41111111111111,32.77777777777778,27.7,37.8,62.5,0.0,12.588888888888889,998.4222222222221,0.0,18,18,0,18
Dubai Motor City,2025-06-04,25.04613617696849,55.24946085563235,Asia/Dubai,64.375,,27.025000000000002,32.86666666666667,32.041666666666664,28.0,37.0,64.375,0.0,15.941666666666668,999.6166666666667,0.20833333333333334,24,24,0,24
Dubai Motor City,2025-06-05,25.04613617696849,55.24946085563235,Asia/Dubai,57.041666666666664,,28.787499999999998,32.49583333333333,31.833333333333332,27.0,38.9,57.041666666666664,0.0,14.862499999999999,1002.1458333333334,0.0,24,24,0,24
Dubai Motor City,2025-06-06,25.04613617696849,55.24946085563235,Asia/Dubai,57.041666666666664,,29.0,31.912499999999998,31.245833333333334,26.7,36.5,57.041666666666664,0.0,14.670833333333334,1005.0166666666665,0.5,24,24,0,24
Dubai Motor City,2025-06-07,25.04613617696849,55.24946085563235,Asia/Dubai,64.25,,44.46666666666667,32.50833333333333,32.020833333333336,27.2,36.0,64.25,0.0,14.095833333333333,1005.4083333333333,0.5416666666666666,24,24,0,24
Dubai Motor City,2025-06-08,25.04613617696849,55.24946085563235,Asia/Dubai,64.20833333333333,,42.99583333333334,33.420833333333334,33.262499999999996,30.5,38.0,64.20833333333333,0.0,13.674999999999999,1004.75,0.3333333333333333,24,24,0,24
Dubai Motor City,2025-06-09,25.04613617696849,55.24946085563235,Asia/Dubai,46.166666666666664,,31.3875,34.62916666666667,35.550000000000004,30.5,40.0,46.166666666666664,0.1,14.137500000000001,1004.5833333333334,0.4166666666666667,24,24,0,24
Dubai Motor City,2025-06-10,25.04613617696849,55.24946085563235,Asia/Dubai,37.25,,22.175,36.112500000000004,37.1,31.0,42.7,37.25,0.0,12.5875,1002.6999999999999,0.0,24,24,0,24
Dubai Motor City,2025-06-11,25.04613617696849,55.24946085563235,Asia/Dubai,32.08695652173913,,25.77391304347826,36.20869565217391,36.839130434782604,32.0,42.0,32.08695652173913,0.0,13.021739130434783,1002.0260869565217,0.0,23,23,0,23
Dubai Motor City,2025-06-12,25.04613617696849,55.24946085563235,Asia/Dubai,32.125,,29.441666666666666,36.61666666666667,37.487500000000004,32.5,44.2,32.125,0.0,11.616666666666667,1001.5166666666665,0.0,24,24,0,24
Dubai Motor City,2025-06-13,25.04613617696849,55.24946085563235,Asia/Dubai,36.75,,46.275,36.766666666666666,37.141666666666666,32.7,43.3,36.75,0.0,11.725,1000.8208333333333,0.041666666666666664,24,24,0,24
Dubai Motor City,2025-06-14,25.04613617696849,55.24946085563235,Asia/Dubai,36.75,,49.4125,36.229166666666664,36.954166666666666,31.7,44.3,36.75,0.0,12.666666666666666,999.8083333333333,0.0,24,24,0,24
Dubai Motor City,2025-06-15,25.04613617696849,55.24946085563235,Asia/Dubai,32.916666666666664,,53.85833333333333,35.99583333333333,35.795833333333334,32.2,39.2,32.916666666666664,0.0,11.525,996.9708333333333,0.041666666666666664,24,24,0,24
Dubai Motor City,2025-06-16,25.04613617696849,55.24946085563235,Asia/Dubai,41.291666666666664,,71.575,36.05833333333333,36.46666666666667,32.0,40.4,41.291666666666664,0.0,12.254166666666668,994.9375,0.0,24,24,0,24
Dubai Motor City,2025-06-17,25.04613617696849,55.24946085563235,Asia/Dubai,39.791666666666664,,61.145833333333336,36.608333333333334,37.65833333333334,31.2,44.3,39.791666666666664,0.0,12.170833333333334,995.2708333333334,0.0,24,24,0,24
Dubai Motor City,2025-06-18,25.04613617696849,55.24946085563235,Asia/Dubai,41.875,,40.18333333333333,35.69166666666667,36.020833333333336,30.3,42.3,41.875,0.0,12.845833333333333,996.4833333333332,0.0,24,24,0,24
Dubai Motor City,2025-06-19,25.04613617696849,55.24946085563235,Asia/Dubai,60.333333333333336,,34.44583333333333,34.954166666666666,34.954166666666666,30.3,41.0,60.333333333333336,0.0,13.8375,996.7624999999999,0.0,24,24,0,24
Dubai Motor City,2025-06-20,25.04613617696849,55.24946085563235,Asia/Dubai,58.083333333333336,,41.09583333333333,34.65416666666667,34.78333333333333,30.0,42.0,58.083333333333336,0.0,13.533333333333333,997.1166666666667,0.625,24,24,0,24
Dubai Motor City,2025-06-21,25.04613617696849,55.24946085563235,Asia/Dubai,59.708333333333336,,58.34166666666667,34.516666666666666,34.82083333333333,29.6,41.7,59.708333333333336,0.0,11.379166666666668,998.0333333333333,0.375,24,24,0,24
Dubai Motor City,2025-06-22,25.04613617696849,55.24946085563235,Asia/Dubai,54.869565217391305,,64.28260869565217,34.7304347826087,34.69130434782608,30.0,40.3,54.869565217391305,0.0,10.630434782608695,997.7652173913043,0.13043478260869565,23,23,0,23
Dubai Motor City,2025-06-23,25.04613617696849,55.24946085563235,Asia/Dubai,53.36363636363637,,53.18181818181818,34.449999999999996,34.64545454545455,29.7,39.5,53.36363636363637,0.0,14.85,996.1863636363636,0.4090909090909091,22,22,0,22
Dubai Motor City,2025-06-24,25.04613617696849,55.24946085563235,Asia/Dubai,41.666666666666664,,39.05416666666667,34.354166666666664,35.125,30.0,41.5,41.666666666666664,0.0,16.120833333333334,994.975,0.20833333333333334,24,24,0,24
Dubai Motor City,2025-06-25,25.04613617696849,55.24946085563235,Asia/Dubai,43.9,,37.205,34.87,35.065,30.7,39.5,43.9,0.0,14.940000000000001,994.1600000000001,0.6,20,20,0,20
Dubai Motor City,2025-06-26,25.04613617696849,55.24946085563235,Asia/Dubai,60.375,,49.99583333333334,34.84166666666667,34.512499999999996,30.0,38.3,60.375,0.0,12.629166666666668,995.3666666666667,0.041666666666666664,24,24,0,24
Dubai Motor City,2025-06-27,25.04613617696849,55.24946085563235,Asia/Dubai,45.333333333333336,,62.01666666666667,35.762499999999996,36.44166666666667,32.7,43.0,45.333333333333336,0.0,12.375,994.8874999999999,0.5416666666666666,24,24,0,24
Dubai Motor City,2025-06-28,25.04613617696849,55.24946085563235,Asia/Dubai,51.333333333333336,,43.46666666666667,36.137499999999996,36.35,33.2,41.3,51.333333333333336,0.0,11.683333333333332,994.1291666666666,1.2083333333333333,24,24,0,24
Dubai Motor City,2025-06-29,25.04613617696849,55.24946085563235,Asia/Dubai,56.0,,59.112500000000004,35.77916666666667,35.266666666666666,33.0,38.5,56.0,0.0,11.220833333333333,993.1291666666666,2.0,24,24,0,24
Dubai Motor City,2025-06-30,25.04613617696849,55.24946085563235,Asia/Dubai,59.833333333333336,,71.99166666666666,34.7125,34.237500000000004,30.8,38.0,59.833333333333336,0.0,11.316666666666668,993.3249999999999,1.375,24,24,0,24
Dubai Motor City,2025-07-01,25.04613617696849,55.24946085563235,Asia/Dubai,49.5,,73.92083333333333,35.925000000000004,35.9125,30.2,41.0,49.5,0.0,10.329166666666667,994.15,0.5416666666666666,24,24,0,24
Dubai Motor City,2025-07-02,25.04613617696849,55.24946085563235,Asia/Dubai,54.333333333333336,,84.62083333333334,35.77916666666667,34.975,31.0,38.8,54.333333333333336,0.0,11.783333333333333,994.8041666666667,0.08333333333333333,24,24,0,24
Dubai Motor City,2025-07-03,25.04613617696849,55.24946085563235,Asia/Dubai,64.25,,35.025,34.56666666666667,34.479166666666664,31.0,39.7,64.25,0.0,13.583333333333334,994.9541666666668,0.5416666666666666,24,24,0,24
Dubai Motor City,2025-07-04,25.04613617696849,55.24946085563235,Asia/Dubai,65.58333333333333,,50.275,34.5,34.42916666666667,30.7,39.3,65.58333333333333,0.0,13.487499999999999,995.5875,0.9166666666666666,24,24,0,24
Dubai Motor City,2025-07-05,25.04613617696849,55.24946085563235,Asia/Dubai,67.0625,,47.5,34.125,34.01875,32.3,38.0,67.0625,0.0,8.325,996.0749999999999,0.375,16,16,0,16
Dubai Motor City,2025-07-06,25.04613617696849,55.24946085563235,Asia/Dubai,59.523809523809526,,24.395238095238092,33.89523809523809,34.00952380952381,30.9,38.3,59.523809523809526,0.0,17.738095238095237,995.2,0.9523809523809523,21,21,0,21
Dubai Motor City,2025-07-07,25.04613617696849,55.24946085563235,Asia/Dubai,51.291666666666664,,24.212500000000002,33.512499999999996,33.44166666666667,29.0,37.0,51.291666666666664,0.0,16.291666666666668,995.7666666666665,0.4166666666666667,24,24,0,24
Dubai Motor City,2025-07-08,25.04613617696849,55.24946085563235,Asia/Dubai,52.55555555555556,,38.327777777777776,32.93888888888889,32.86666666666667,30.0,36.3,52.55555555555556,0.0,10.827777777777778,996.5777777777777,0.2222222222222222,18,18,0,18
Dubai Motor City,2025-07-09,25.04613617696849,55.24946085563235,Asia/Dubai,40.333333333333336,,51.62083333333334,34.77916666666666,34.512499999999996,30.0,38.0,40.333333333333336,0.0,10.0,996.5875,0.2916666666666667,24,24,0,24
Dubai Motor City,2025-07-10,25.04613617696849,55.24946085563235,Asia/Dubai,38.583333333333336,,48.775,33.800000000000004,33.2,30.7,37.7,38.583333333333336,0.0,6.583333333333333,996.6833333333334,0.4166666666666667,12,12,0,12
Dubai Motor City,2025-07-11,25.04613617696849,55.24946085563235,Asia/Dubai,42.13636363636363,,52.06363636363637,35.52727272727273,37.20909090909091,32.0,43.0,42.13636363636363,0.0,15.75,997.0181818181817,0.13636363636363635,22,22,0,22
Dubai Motor City,2025-07-12,25.04613617696849,55.24946085563235,Asia/Dubai,42.0,,40.395833333333336,36.225,37.358333333333334,32.7,42.3,42.0,0.0,17.129166666666666,998.4499999999999,3.0833333333333335,24,24,0,24
Dubai Motor City,2025-07-13,25.04613617696849,55.24946085563235,Asia/Dubai,38.208333333333336,,26.4375,36.84583333333333,38.05416666666667,31.4,46.0,38.208333333333336,0.0,15.549999999999999,998.7333333333332,0.3333333333333333,24,24,0,24
Dubai Motor City,2025-07-14,25.04613617696849,55.24946085563235,Asia/Dubai,28.458333333333332,,32.675000000000004,37.78333333333333,39.5875,33.3,46.2,28.458333333333332,0.0,15.9375,997.1291666666666,0.5833333333333334,24,24,0,24
Dubai Motor City,2025-07-15,25.04613617696849,55.24946085563235,Asia/Dubai,25.625,,35.75416666666667,38.34166666666667,39.71666666666667,33.8,45.7,25.625,0.0,14.462499999999999,996.1583333333333,0.625,24,24,0,24
Dubai Motor City,2025-07-16,25.04613617696849,55.24946085563235,Asia/Dubai,31.708333333333332,,52.73333333333333,38.208333333333336,38.333333333333336,33.2,45.0,31.708333333333332,0.0,14.616666666666667,996.7541666666666,0.5,24,24,0,24
Dubai Motor City,2025-07-17,25.04613617696849,55.24946085563235,Asia/Dubai,32.458333333333336,,58.32916666666667,37.604166666666664,37.52916666666667,31.0,43.1,32.458333333333336,0.0,13.333333333333334,997.2333333333332,0.16666666666666666,24,24,0,24
Dubai Motor City,2025-07-18,25.04613617696849,55.24946085563235,Asia/Dubai,35.166666666666664,,36.050000000000004,38.333333333333336,38.94583333333333,32.7,45.7,35.166666666666664,0.0,16.7375,997.1374999999999,0.6666666666666666,24,24,0,24
Dubai Motor City,2025-07-19,25.04613617696849,55.24946085563235,Asia/Dubai,39.041666666666664,,29.345833333333335,38.02916666666667,38.387499999999996,32.9,44.8,39.041666666666664,0.0,15.879166666666668,995.9416666666666,0.125,24,24,0,24
Dubai Motor City,2025-07-20,25.04613617696849,55.24946085563235,Asia/Dubai,52.125,,36.829166666666666,37.15,36.68333333333333,31.3,41.6,52.125,0.0,12.025,994.0666666666666,1.7083333333333333,24,24,0,24
Dubai Motor City,2025-07-21,25.04613617696849,55.24946085563235,Asia/Dubai,40.916666666666664,,36.670833333333334,38.25416666666667,38.8375,31.9,46.2,40.916666666666664,0.0,15.5625,994.5041666666666,1.2916666666666667,24,24,0,24
Dubai Motor City,2025-07-22,25.04613617696849,55.24946085563235,Asia/Dubai,42.75,,30.108333333333334,38.19583333333333,38.579166666666666,31.4,46.0,42.75,0.0,17.966666666666665,995.4875000000001,3.5,24,24,0,24
Dubai Motor City,2025-07-23,25.04613617696849,55.24946085563235,Asia/Dubai,57.791666666666664,,41.641666666666666,37.229166666666664,35.791666666666664,31.7,41.6,57.791666666666664,0.0,11.9125,993.8791666666666,4.541666666666667,24,24,0,24
Dubai Motor City,2025-07-24,25.04613617696849,55.24946085563235,Asia/Dubai,62.25,,69.25,36.479166666666664,35.4125,29.7,41.3,62.25,0.0,12.641666666666666,991.8583333333332,0.0,24,24,0,24
Dubai Motor City,2025-07-25,25.04613617696849,55.24946085563235,Asia/Dubai,45.666666666666664,,34.84583333333333,37.516666666666666,38.237500000000004,31.6,45.2,45.666666666666664,0.0,20.770833333333332,992.0041666666666,0.5416666666666666,24,24,0,24
Dubai Motor City,2025-07-26,25.04613617696849,55.24946085563235,Asia/Dubai,39.708333333333336,,32.225,38.104166666666664,38.59583333333333,32.1,45.8,39.708333333333336,0.0,17.85,994.275,1.0416666666666667,24,24,0,24
Dubai Motor City,2025-07-27,25.04613617696849,55.24946085563235,Asia/Dubai,34.291666666666664,,32.40416666666667,38.791666666666664,38.887499999999996,32.4,45.9,34.291666666666664,0.0,15.141666666666666,995.3208333333333,2.875,24,24,0,24
Dubai Motor City,2025-07-28,25.04613617696849,55.24946085563235,Asia/Dubai,38.125,,29.691666666666666,38.94166666666667,38.38333333333333,31.8,46.6,38.125,0.0,14.995833333333332,995.9458333333333,2.0,24,24,0,24
Dubai Motor City,2025-07-29,25.04613617696849,55.24946085563235,Asia/Dubai,35.0,,39.391666666666666,38.81666666666667,38.0625,32.4,46.1,35.0,0.0,16.354166666666668,996.8583333333332,0.375,24,24,0,24
Dubai Motor City,2025-07-30,25.04613617696849,55.24946085563235,Asia/Dubai,43.166666666666664,,55.75833333333333,37.99166666666667,36.541666666666664,31.3,42.5,43.166666666666664,0.0,14.825000000000001,996.125,0.7083333333333334,24,24,0,24
Dubai Motor City,2025-07-31,25.04613617696849,55.24946085563235,Asia/Dubai,38.458333333333336,,59.92083333333333,38.4125,38.17916666666667,31.5,45.7,38.458333333333336,0.0,12.795833333333334,993.7583333333333,3.9166666666666665,24,24,0,24
Dubai Motor City,2025-08-01,25.04613617696849,55.24946085563235,Asia/Dubai,35.5,,46.3125,38.479166666666664,39.15416666666667,33.4,46.3,35.5,0.0,23.75,994.6374999999999,3.5,24,24,0,24
Dubai Motor City,2025-08-02,25.04613617696849,55.24946085563235,Asia/Dubai,42.166666666666664,,31.866666666666664,37.82083333333333,38.25416666666667,30.7,44.9,42.166666666666664,0.0,18.629166666666666,996.9083333333333,1.5,24,24,0,24
Dubai Motor City,2025-08-03,25.04613617696849,55.24946085563235,Asia/Dubai,39.0,,28.90416666666667,38.391666666666666,38.30833333333333,31.8,44.1,39.0,0.0,17.933333333333334,997.775,3.0416666666666665,24,24,0,24
Dubai Motor City,2025-08-04,25.04613617696849,55.24946085563235,Asia/Dubai,42.208333333333336,,26.8,37.75416666666667,37.69166666666667,32.1,43.6,42.208333333333336,0.0,19.395833333333332,999.2916666666666,0.20833333333333334,24,24,0,24
Dubai Motor City,2025-08-05,25.04613617696849,55.24946085563235,Asia/Dubai,37.666666666666664,,20.308333333333334,37.69166666666667,37.5875,33.5,42.7,37.666666666666664,0.0,17.316666666666666,999.7333333333332,0.9166666666666666,24,24,0,24
Dubai Motor City,2025-08-06,25.04613617696849,55.24946085563235,Asia/Dubai,36.375,,19.7625,37.983333333333334,37.90416666666667,33.4,43.8,36.375,0.0,16.929166666666667,999.2708333333334,0.5416666666666666,24,24,0,24
Dubai Motor City,2025-08-07,25.04613617696849,55.24946085563235,Asia/Dubai,37.791666666666664,,21.558333333333334,37.85,37.737500000000004,33.1,43.0,37.791666666666664,0.0,17.479166666666668,999.5291666666667,0.5833333333333334,24,24,0,24
Dubai Motor City,2025-08-08,25.04613617696849,55.24946085563235,Asia/Dubai,43.166666666666664,,20.804166666666667,37.31666666666667,37.170833333333334,31.8,42.6,43.166666666666664,0.0,18.454166666666666,1000.5666666666666,0.041666666666666664,24,24,0,24
Dubai Motor City,2025-08-09,25.04613617696849,55.24946085563235,Asia/Dubai,37.291666666666664,,22.883333333333336,37.84583333333333,37.520833333333336,34.0,42.7,37.291666666666664,0.0,16.866666666666667,1002.4791666666666,0.875,24,24,0,24
Dubai Motor City,2025-08-10,25.04613617696849,55.24946085563235,Asia/Dubai,37.083333333333336,,19.325,37.80833333333333,37.550000000000004,32.4,43.1,37.083333333333336,0.0,16.958333333333332,1001.8000000000001,3.0833333333333335,24,24,0,24
Dubai Motor City,2025-08-11,25.04613617696849,55.24946085563235,Asia/Dubai,35.208333333333336,,16.666666666666668,37.57083333333333,37.43333333333333,34.4,42.6,35.208333333333336,0.0,18.770833333333332,1001.8125,1.0,24,24,0,24
Dubai Motor City,2025-08-12,25.04613617696849,55.24946085563235,Asia/Dubai,36.333333333333336,,19.758333333333333,37.67916666666667,36.63333333333333,32.2,42.5,36.333333333333336,0.0,16.216666666666665,1001.4583333333334,0.0,24,24,0,24
Dubai Motor City,2025-08-13,25.04613617696849,55.24946085563235,Asia/Dubai,44.958333333333336,,36.579166666666666,37.72083333333334,35.87916666666667,30.7,41.5,44.958333333333336,0.0,14.316666666666668,999.1833333333334,0.6666666666666666,24,24,0,24
Dubai Motor City,2025-08-14,25.04613617696849,55.24946085563235,Asia/Dubai,41.5,,51.6875,37.737500000000004,36.449999999999996,30.3,41.7,41.5,0.0,11.166666666666666,997.1,2.9166666666666665,24,24,0,24
Dubai Motor City,2025-08-15,25.04613617696849,55.24946085563235,Asia/Dubai,47.458333333333336,,41.358333333333334,36.829166666666666,36.545833333333334,32.1,42.4,47.458333333333336,0.0,30.645833333333332,996.5541666666667,4.333333333333333,24,24,0,24
Dubai Motor City,2025-08-16,25.04613617696849,55.24946085563235,Asia/Dubai,45.958333333333336,,26.6375,36.55833333333333,36.72083333333333,30.0,44.7,45.958333333333336,0.0,22.258333333333336,996.8375,2.25,24,24,0,24
Dubai Motor City,2025-08-17,25.04613617696849,55.24946085563235,Asia/Dubai,40.041666666666664,,19.958333333333332,37.80416666666667,37.291666666666664,31.3,43.7,40.041666666666664,0.0,16.066666666666666,997.3000000000001,3.0416666666666665,24,24,0,24
Dubai Motor City,2025-08-18,25.04613617696849,55.24946085563235,Asia/Dubai,38.833333333333336,,19.820833333333333,37.18333333333333,37.43333333333333,32.6,42.7,38.833333333333336,0.0,14.504166666666668,998.6458333333334,4.75,24,24,0,24
Dubai Motor City,2025-08-19,25.04613617696849,55.24946085563235,Asia/Dubai,43.583333333333336,,24.46666666666667,36.55416666666667,37.24583333333333,33.5,42.7,43.583333333333336,0.0,17.1375,998.225,7.083333333333333,24,24,0,24
Dubai Motor City,2025-08-20,25.04613617696849,55.24946085563235,Asia/Dubai,44.291666666666664,,24.2375,36.641666666666666,37.37083333333333,32.0,43.5,44.291666666666664,0.0,17.954166666666666,996.9000000000001,2.7083333333333335,24,24,0,24
Dubai Motor City,2025-08-21,25.04613617696849,55.24946085563235,Asia/Dubai,43.583333333333336,,17.595833333333335,36.02916666666667,36.74583333333333,32.4,41.9,43.583333333333336,0.0,18.075,999.0958333333333,0.75,24,24,0,24
Dubai Motor City,2025-08-22,25.04613617696849,55.24946085563235,Asia/Dubai,50.5,,22.590416666666666,36.18333333333333,35.641666666666666,31.5,41.0,50.5,0.0,18.341666666666665,999.9583333333334,0.8333333333333334,24,24,0,24
Dubai Motor City,2025-08-23,25.04613617696849,55.24946085563235,Asia/Dubai,49.791666666666664,,34.59166666666667,36.82083333333333,35.67916666666667,31.9,41.5,49.791666666666664,0.0,17.2375,998.2708333333334,0.4166666666666667,24,24,0,24
Dubai Motor City,2025-08-24,25.04613617696849,55.24946085563235,Asia/Dubai,54.625,,46.699999999999996,36.36666666666667,34.825,30.1,40.5,54.625,0.0,15.683333333333332,998.6625,0.875,24,24,0,24
Dubai Motor City,2025-08-25,25.04613617696849,55.24946085563235,Asia/Dubai,36.875,,48.50416666666666,35.666666666666664,35.69166666666667,30.1,42.8,36.875,0.0,14.208333333333334,998.7958333333332,1.5,24,24,0,24
Dubai Motor City,2025-08-26,25.04613617696849,55.24946085563235,Asia/Dubai,26.333333333333332,,45.74166666666667,37.55833333333333,36.525,30.2,43.4,26.333333333333332,0.0,12.004166666666668,998.8916666666668,2.125,24,24,0,24
Dubai Motor City,2025-08-27,25.04613617696849,55.24946085563235,Asia/Dubai,43.375,,38.479166666666664,37.458333333333336,36.9375,30.5,44.3,43.375,0.0,18.4375,998.6416666666668,0.5416666666666666,24,24,0,24
Dubai Motor City,2025-08-28,25.04613617696849,55.24946085563235,Asia/Dubai,38.166666666666664,,31.97083333333333,37.704166666666666,36.925000000000004,30.2,44.1,38.166666666666664,0.0,15.716666666666667,999.6541666666667,0.4583333333333333,24,24,0,24
Dubai Motor City,2025-08-29,25.04613617696849,55.24946085563235,Asia/Dubai,38.208333333333336,,28.179166666666664,38.36666666666667,37.47083333333333,31.9,42.7,38.208333333333336,0.0,12.049999999999999,999.5833333333334,0.5833333333333334,24,24,0,24
Dubai Motor City,2025-08-30,25.04613617696849,55.24946085563235,Asia/Dubai,50.708333333333336,,40.25,37.979166666666664,36.275,30.1,43.5,50.708333333333336,0.0,13.304166666666667,1000.6583333333333,2.5833333333333335,24,24,0,24
Dubai Motor City,2025-08-31,25.04613617696849,55.24946085563235,Asia/Dubai,36.333333333333336,,34.829166666666666,38.0875,36.987500000000004,30.7,43.7,36.333333333333336,0.0,12.012500000000001,1000.3791666666666,4.291666666666667,24,24,0,24
Dubai Motor City,2025-09-01,25.04613617696849,55.24946085563235,Asia/Dubai,53.416666666666664,,39.275,37.458333333333336,34.987500000000004,30.0,42.5,53.416666666666664,0.0,14.029166666666667,997.9666666666667,2.2916666666666665,24,24,0,24
Dubai Motor City,2025-09-02,25.04613617696849,55.24946085563235,Asia/Dubai,66.91666666666667,,57.4,36.775,33.77916666666666,28.8,40.3,66.91666666666667,0.0,12.758333333333333,997.5749999999999,0.25,24,24,0,24
Dubai Motor City,2025-09-03,25.04613617696849,55.24946085563235,Asia/Dubai,57.916666666666664,,31.745833333333334,36.59583333333333,34.458333333333336,28.7,42.4,57.916666666666664,0.0,13.299999999999999,999.1666666666666,0.125,24,24,0,24
Dubai Motor City,2025-09-04,25.04613617696849,55.24946085563235,Asia/Dubai,48.0,,20.8,36.574999999999996,35.6875,29.6,43.1,48.0,0.0,19.920833333333334,1000.4375,0.3333333333333333,24,24,0,24
Dubai Motor City,2025-09-05,25.04613617696849,55.24946085563235,Asia/Dubai,42.291666666666664,,19.495833333333334,37.02916666666667,36.708333333333336,31.6,42.5,42.291666666666664,0.0,13.320833333333333,1002.4666666666667,0.4166666666666667,24,24,0,24
Dubai Motor City,2025-09-06,25.04613617696849,55.24946085563235,Asia/Dubai,40.958333333333336,,22.579166666666666,38.016666666666666,37.12083333333333,32.1,42.2,40.958333333333336,0.0,13.625,1002.9541666666665,1.0833333333333333,24,24,0,24
Dubai Motor City,2025-09-07,25.04613617696849,55.24946085563235,Asia/Dubai,57.833333333333336,,36.520833333333336,35.81666666666667,34.958333333333336,30.4,38.4,57.833333333333336,0.0,12.112499999999999,1001.4791666666666,1.0,24,24,0,24
Dubai Motor City,2025-09-08,25.04613617696849,55.24946085563235,Asia/Dubai,67.52631578947368,,51.72105263157895,35.21578947368421,33.863157894736844,29.5,39.3,67.52631578947368,0.0,10.168421052631578,999.9631578947368,0.9473684210526315,19,19,0,19
Dubai Motor City,2025-09-09,25.04613617696849,55.24946085563235,Asia/Dubai,60.5,,44.525,36.583333333333336,35.86666666666667,29.9,42.7,60.5,0.0,12.674999999999999,1000.5291666666667,1.4583333333333333,24,24,0,24
Dubai Motor City,2025-09-10,25.04613617696849,55.24946085563235,Asia/Dubai,45.833333333333336,,27.733333333333334,36.11666666666667,35.3375,29.1,42.5,45.833333333333336,0.0,11.591666666666667,1001.5166666666665,2.2916666666666665,24,24,0,24
Dubai Motor City,2025-09-11,25.04613617696849,55.24946085563235,Asia/Dubai,47.416666666666664,,25.683333333333334,36.05833333333333,35.329166666666666,30.2,41.0,47.416666666666664,0.0,17.229166666666668,1001.5625,0.5,24,24,0,24
Dubai Motor City,2025-09-12,25.04613617696849,55.24946085563235,Asia/Dubai,52.375,,16.4675,34.475,34.49583333333333,30.2,40.2,52.375,0.0,20.704166666666666,1002.6833333333334,1.2083333333333333,24,24,0,24
Dubai Motor City,2025-09-13,25.04613617696849,55.24946085563235,Asia/Dubai,55.875,,17.2375,34.612500000000004,33.541666666666664,29.3,39.9,55.875,0.0,24.55,1003.8874999999999,0.3333333333333333,24,24,0,24
Dubai Motor City,2025-09-14,25.04613617696849,55.24946085563235,Asia/Dubai,56.458333333333336,,11.5025,34.34583333333333,32.56666666666667,28.8,38.2,56.458333333333336,0.0,21.5625,1005.4833333333332,0.041666666666666664,24,24,0,24
Dubai Motor City,2025-09-15,25.04613617696849,55.24946085563235,Asia/Dubai,53.333333333333336,,10.177083333333334,34.62083333333333,32.69583333333333,28.9,37.9,53.333333333333336,0.0,17.241666666666667,1005.6458333333334,0.0,24,24,0,24
Dubai Motor City,2025-09-16,25.04613617696849,55.24946085563235,Asia/Dubai,64.75,,26.054166666666664,35.75,33.4375,29.6,39.3,64.75,0.0,12.279166666666667,1004.4708333333333,0.5,24,24,0,24
Dubai Motor City,2025-09-17,25.04613617696849,55.24946085563235,Asia/Dubai,64.70833333333333,,53.416666666666664,36.44583333333333,33.9,29.5,40.7,64.70833333333333,0.0,11.416666666666666,1004.1875,2.5,24,24,0,24
Dubai Motor City,2025-09-18,25.04613617696849,55.24946085563235,Asia/Dubai,61.291666666666664,,51.15,35.90416666666667,33.704166666666666,28.4,40.9,61.291666666666664,0.0,11.395833333333334,1003.8666666666667,5.5,24,24,0,24
Dubai Motor City,2025-09-19,25.04613617696849,55.24946085563235,Asia/Dubai,56.875,,62.19583333333333,35.87916666666667,32.84583333333333,26.6,39.0,56.875,0.0,10.1875,1003.5166666666668,2.625,24,24,0,24
Dubai Motor City,2025-09-20,25.04613617696849,55.24946085563235,Asia/Dubai,54.625,,47.59583333333333,35.833333333333336,34.12916666666667,28.2,41.4,54.625,0.0,16.458333333333332,1002.8458333333333,0.041666666666666664,24,24,0,24
Dubai Motor City,2025-09-21,25.04613617696849,55.24946085563235,Asia/Dubai,48.916666666666664,,27.8,36.375,34.520833333333336,28.9,40.8,48.916666666666664,0.0,15.141666666666666,1003.725,2.8333333333333335,24,24,0,24
Dubai Motor City,2025-09-22,25.04613617696849,55.24946085563235,Asia/Dubai,53.708333333333336,,33.09166666666667,36.300000000000004,33.916666666666664,29.0,40.0,53.708333333333336,0.0,13.166666666666666,1005.1541666666667,0.041666666666666664,24,24,0,24
Dubai Motor City,2025-09-23,25.04613617696849,55.24946085563235,Asia/Dubai,66.5,,65.68333333333334,36.012499999999996,32.574999999999996,27.9,38.5,66.5,0.0,9.9375,1005.5875,0.0,24,24,0,24
Dubai Motor City,2025-09-24,25.04613617696849,55.24946085563235,Asia/Dubai,62.125,,42.280833333333334,35.35,32.44583333333333,28.0,38.5,62.125,0.0,19.395833333333332,1003.5208333333334,0.0,24,24,0,24
Dubai Motor City,2025-09-25,25.04613617696849,55.24946085563235,Asia/Dubai,57.75,,20.724999999999998,34.52916666666667,31.887500000000003,27.6,38.2,57.75,0.0,13.245833333333332,1002.7791666666667,0.125,24,24,0,24
Dubai Motor City,2025-09-26,25.04613617696849,55.24946085563235,Asia/Dubai,58.916666666666664,,36.59583333333333,35.708333333333336,32.24166666666667,27.1,38.6,58.916666666666664,0.0,10.304166666666667,1005.2624999999999,0.0,24,24,0,24
Dubai Motor City,2025-09-27,25.04613617696849,55.24946085563235,Asia/Dubai,53.36363636363637,,34.0,35.22272727272727,33.231818181818184,28.1,39.4,53.36363636363637,0.0,11.686363636363637,1007.3318181818181,0.045454545454545456,22,22,0,22
Dubai Motor City,2025-09-28,25.04613617696849,55.24946085563235,Asia/Dubai,55.61904761904762,,38.166666666666664,35.59047619047619,32.24285714285715,28.3,38.4,55.61904761904762,0.0,11.461904761904762,1007.7333333333333,0.2857142857142857,21,21,0,21
Dubai Motor City,2025-09-29,25.04613617696849,55.24946085563235,Asia/Dubai,65.8695652173913,,51.19565217391305,35.778260869565216,31.769565217391307,26.5,39.1,65.8695652173913,0.0,13.88695652173913,1005.0043478260869,0.043478260869565216,23,23,0,23
Dubai Motor City,2025-09-30,25.04613617696849,55.24946085563235,Asia/Dubai,66.91304347826087,,39.67826086956522,35.017391304347825,31.995652173913044,26.7,40.2,66.91304347826087,0.0,11.691304347826087,1002.2130434782609,2.391304347826087,23,23,0,23
Dubai Motor City,2025-10-01,25.04613617696849,55.24946085563235,Asia/Dubai,72.125,,49.95416666666667,34.020833333333336,31.454166666666666,25.7,39.0,72.125,0.0,12.116666666666667,1000.9666666666667,0.75,24,24,0,24
Dubai Motor City,2025-10-02,25.04613617696849,55.24946085563235,Asia/Dubai,67.25,,39.1,34.3375,31.770833333333332,26.5,38.8,67.25,0.0,11.241666666666667,1003.625,0.4166666666666667,24,24,0,24
Dubai Motor City,2025-10-03,25.04613617696849,55.24946085563235,Asia/Dubai,62.791666666666664,,40.06666666666667,34.699999999999996,31.691666666666666,26.3,38.4,62.791666666666664,0.0,10.854166666666666,1007.3333333333334,0.0,24,24,0,24
Dubai Motor City,2025-10-04,25.04613617696849,55.24946085563235,Asia/Dubai,65.95652173913044,,39.721739130434784,34.34347826086957,30.91304347826087,26.3,37.1,65.95652173913044,0.0,12.517391304347825,1008.3782608695652,0.0,23,23,0,23
Dubai Motor City,2025-10-05,25.04613617696849,55.24946085563235,Asia/Dubai,68.91666666666667,,41.708333333333336,34.12916666666667,30.541666666666668,25.9,36.2,68.91666666666667,0.0,11.691666666666668,1007.0916666666667,0.0,24,24,0,24
Dubai Motor City,2025-10-06,25.04613617696849,55.24946085563235,Asia/Dubai,60.25,,46.59583333333333,34.30833333333333,31.458333333333332,24.9,39.4,60.25,0.0,14.570833333333333,1007.1999999999999,0.0,24,24,0,24
Dubai Motor City,2025-10-07,25.04613617696849,55.24946085563235,Asia/Dubai,58.25,,38.987500000000004,34.237500000000004,31.195833333333336,25.5,38.3,58.25,0.0,12.229166666666666,1008.2458333333334,0.0,24,24,0,24
Dubai Motor City,2025-10-08,25.04613617696849,55.24946085563235,Asia/Dubai,57.333333333333336,,45.75416666666666,33.90416666666667,30.733333333333334,25.1,38.0,57.333333333333336,0.0,11.275,1008.9875000000001,0.0,24,24,0,24
Dubai Motor City,2025-10-09,25.04613617696849,55.24946085563235,Asia/Dubai,56.041666666666664,,31.71666666666667,33.65416666666667,30.8875,24.8,37.5,56.041666666666664,0.0,12.229166666666666,1010.9250000000001,0.125,24,24,0,24
Dubai Motor City,2025-10-10,25.04613617696849,55.24946085563235,Asia/Dubai,52.75,,35.5625,33.92916666666667,30.8125,25.1,37.4,52.75,0.0,12.6625,1010.4916666666667,0.0,24,24,0,24
Dubai Motor City,2025-10-11,25.04613617696849,55.24946085563235,Asia/Dubai,60.0,,60.37391304347827,33.28260869565217,29.847826086956523,24.9,36.0,60.0,0.0,10.560869565217391,1009.7739130434783,0.043478260869565216,23,23,0,23
Dubai Motor City,2025-10-12,25.04613617696849,55.24946085563235,Asia/Dubai,51.083333333333336,,38.416666666666664,33.5375,31.27916666666667,25.7,36.8,51.083333333333336,0.0,15.333333333333334,1010.0749999999999,1.9166666666666667,24,24,0,24
Dubai Motor City,2025-10-13,25.04613617696849,55.24946085563235,Asia/Dubai,39.541666666666664,,23.879166666666666,33.045833333333334,32.108333333333334,28.3,36.6,39.541666666666664,0.0,13.1625,1011.2833333333333,1.9166666666666667,24,24,0,24
Dubai Motor City,2025-10-14,25.04613617696849,55.24946085563235,Asia/Dubai,52.375,,37.31666666666667,34.541666666666664,30.795833333333334,26.4,35.9,52.375,0.0,12.487499999999999,1010.4125,0.4166666666666667,24,24,0,24
Dubai Motor City,2025-10-15,25.04613617696849,55.24946085563235,Asia/Dubai,66.625,,53.57083333333333,33.829166666666666,30.241666666666664,26.0,36.4,66.625,0.0,11.512500000000001,1008.7416666666667,0.5,24,24,0,24
Dubai Motor City,2025-10-16,25.04613617696849,55.24946085563235,Asia/Dubai,60.5,,41.137499999999996,32.645833333333336,30.025000000000002,25.7,35.5,60.5,0.0,14.316666666666668,1010.0500000000001,0.625,24,24,0,24
Dubai Motor City,2025-10-17,25.04613617696849,55.24946085563235,Asia/Dubai,48.416666666666664,,24.212500000000002,32.65,30.141666666666666,25.8,35.4,48.416666666666664,0.0,14.966666666666667,1012.0833333333334,0.16666666666666666,24,24,0,24
Dubai Motor City,2025-10-18,25.04613617696849,55.24946085563235,Asia/Dubai,49.375,,29.245833333333334,32.979166666666664,29.7,25.1,35.5,49.375,0.0,13.6,1011.7916666666666,0.0,24,24,0,24
Dubai Motor City,2025-10-19,25.04613617696849,55.24946085563235,Asia/Dubai,60.25,,41.725,33.12916666666667,29.066666666666666,24.3,34.1,60.25,0.0,11.820833333333333,1010.1458333333334,0.2916666666666667,24,24,0,24
Dubai Motor City,2025-10-20,25.04613617696849,55.24946085563235,Asia/Dubai,65.42857142857143,,45.84285714285714,32.76190476190476,28.842857142857145,24.4,35.5,65.42857142857143,0.0,12.542857142857144,1009.4571428571428,0.0,21,21,0,21
Dubai Motor City,2025-10-21,25.04613617696849,55.24946085563235,Asia/Dubai,55.083333333333336,,41.8375,33.375,29.483333333333334,24.1,35.7,55.083333333333336,0.0,11.866666666666667,1011.5625,0.25,24,24,0,24
Dubai Motor City,2025-10-22,25.04613617696849,55.24946085563235,Asia/Dubai,53.583333333333336,,45.06666666666666,33.74583333333333,30.020833333333332,24.3,36.5,53.583333333333336,0.0,12.0875,1013.6291666666666,0.08333333333333333,24,24,0,24
Dubai Motor City,2025-10-23,25.04613617696849,55.24946085563235,Asia/Dubai,63.708333333333336,,46.375,33.59166666666667,28.84583333333333,24.6,34.4,63.708333333333336,0.0,11.379166666666668,1013.15,0.2916666666666667,24,24,0,24
Dubai Motor City,2025-10-24,25.04613617696849,55.24946085563235,Asia/Dubai,56.291666666666664,,48.40416666666667,33.43333333333333,28.6875,24.0,34.8,56.291666666666664,0.0,10.754166666666668,1012.3000000000001,0.0,24,24,0,24
Dubai Motor City,2025-10-25,25.04613617696849,55.24946085563235,Asia/Dubai,56.583333333333336,,50.26666666666667,32.81666666666667,28.254166666666666,23.0,33.5,56.583333333333336,0.0,10.745833333333332,1010.35,0.0,24,24,0,24
Dubai Motor City,2025-10-26,25.04613617696849,55.24946085563235,Asia/Dubai,61.56521739130435,,53.926086956521736,32.665217391304346,27.94347826086957,23.3,32.5,61.56521739130435,0.0,10.434782608695652,1010.0652173913044,0.0,23,23,0,23
Dubai Motor City,2025-10-27,25.04613617696849,55.24946085563235,Asia/Dubai,58.666666666666664,,57.39166666666667,32.550000000000004,27.775000000000002,22.9,32.8,58.666666666666664,0.0,9.458333333333334,1010.9083333333333,0.0,24,24,0,24
Dubai Motor City,2025-10-28,25.04613617696849,55.24946085563235,Asia/Dubai,63.916666666666664,,62.541666666666664,32.87916666666667,28.454166666666666,23.6,33.7,63.916666666666664,0.0,11.395833333333334,1011.3125,0.0,24,24,0,24
Dubai Motor City,2025-10-29,25.04613617696849,55.24946085563235,Asia/Dubai,62.875,,59.4625,33.00416666666667,28.791666666666668,24.0,34.1,62.875,0.0,12.262500000000001,1010.9625000000001,0.2916666666666667,24,24,0,24
Dubai Motor City,2025-10-30,25.04613617696849,55.24946085563235,Asia/Dubai,61.833333333333336,,49.67083333333333,32.78333333333333,28.566666666666666,24.1,33.2,61.833333333333336,0.0,10.716666666666667,1010.875,0.2916666666666667,24,24,0,24
Dubai Motor City,2025-10-31,25.04613617696849,55.24946085563235,Asia/Dubai,59.375,,46.44166666666666,32.74166666666667,28.541666666666668,24.1,33.7,59.375,0.0,12.516666666666666,1012.5833333333334,0.20833333333333334,24,24,0,24
Dubai Motor City,2025-11-01,25.04613617696849,55.24946085563235,Asia/Dubai,54.541666666666664,,41.85,32.608333333333334,28.5,23.8,34.1,54.541666666666664,0.0,12.975,1013.4541666666668,0.20833333333333334,24,24,0,24
Dubai Motor City,2025-11-02,25.04613617696849,55.24946085563235,Asia/Dubai,58.333333333333336,,48.5375,32.358333333333334,27.712500000000002,23.6,32.6,58.333333333333336,0.0,10.983333333333334,1013.9333333333334,0.875,24,24,0,24
Dubai Motor City,2025-11-03,25.04613617696849,55.24946085563235,Asia/Dubai,58.25,,54.333333333333336,31.145833333333332,27.270833333333332,22.4,32.0,58.25,0.0,13.9375,1013.4083333333333,0.5416666666666666,24,24,0,24
Dubai Motor City,2025-11-04,25.04613617696849,55.24946085563235,Asia/Dubai,48.583333333333336,,46.22083333333333,31.458333333333332,27.929166666666664,22.0,34.3,48.583333333333336,0.0,14.854166666666666,1014.1,0.16666666666666666,24,24,0,24
Dubai Motor City,2025-11-05,25.04613617696849,55.24946085563235,Asia/Dubai,32.73913043478261,,35.67391304347826,31.721739130434784,28.22608695652174,23.9,34.6,32.73913043478261,0.0,17.38695652173913,1013.5304347826087,2.130434782608696,23,23,0,23
Dubai Motor City,2025-11-06,25.04613617696849,55.24946085563235,Asia/Dubai,31.458333333333332,,34.0,31.358333333333334,27.1875,21.2,34.2,31.458333333333332,0.0,14.125,1013.3583333333332,0.0,24,24,0,24
Dubai Motor City,2025-11-07,25.04613617696849,55.24946085563235,Asia/Dubai,40.0,,16.504166666666666,30.241666666666664,25.754166666666666,20.4,31.9,40.0,0.0,14.2875,1015.1125000000001,0.0,24,24,0,24
Dubai Motor City,2025-11-08,25.04613617696849,55.24946085563235,Asia/Dubai,36.59090909090909,,14.98090909090909,29.895454545454548,25.3,20.0,32.1,36.59090909090909,0.0,12.322727272727274,1016.9863636363636,0.0,22,22,0,22
Dubai Motor City,2025-11-09,25.04613617696849,55.24946085563235,Asia/Dubai,42.75,,24.1875,30.71666666666667,25.6875,20.2,31.8,42.75,0.0,11.954166666666666,1016.5124999999999,0.875,24,24,0,24
Dubai Motor City,2025-11-10,25.04613617696849,55.24946085563235,Asia/Dubai,50.708333333333336,,43.041666666666664,30.804166666666664,25.912499999999998,20.7,31.1,50.708333333333336,0.0,11.016666666666666,1015.1208333333334,4.5,24,24,0,24
Dubai Motor City,2025-11-11,25.04613617696849,55.24946085563235,Asia/Dubai,53.166666666666664,,48.48333333333333,30.5125,25.650000000000002,20.0,32.6,53.166666666666664,0.0,12.629166666666668,1015.1916666666666,1.9166666666666667,24,24,0,24
Dubai Motor City,2025-11-12,25.04613617696849,55.24946085563235,Asia/Dubai,55.27777777777778,,42.58888888888889,29.438888888888886,23.477777777777778,19.5,28.5,55.27777777777778,0.0,12.755555555555555,1016.9777777777776,0.6111111111111112,18,18,0,18
Dubai Motor City,2025-11-13,25.04613617696849,55.24946085563235,Asia/Dubai,53.391304347826086,,27.63478260869565,30.3,25.095652173913045,19.4,31.5,53.391304347826086,0.0,11.9,1018.0869565217391,0.34782608695652173,23,23,0,23
Dubai Motor City,2025-11-14,25.04613617696849,55.24946085563235,Asia/Dubai,64.33333333333333,,38.586666666666666,28.773333333333333,23.173333333333336,19.6,27.6,64.33333333333333,0.0,10.713333333333333,1017.5,0.0,15,15,0,15
Dubai Motor City,2025-11-15,25.04613617696849,55.24946085563235,Asia/Dubai,52.208333333333336,,44.387499999999996,30.3125,25.05,19.6,30.9,52.208333333333336,0.0,11.9125,1017.0124999999999,1.5416666666666667,24,24,0,24
Dubai Motor City,2025-11-16,25.04613617696849,55.24946085563235,Asia/Dubai,53.78260869565217,,47.40869565217392,30.36086956521739,25.308695652173913,19.6,31.4,53.78260869565217,0.0,11.717391304347826,1018.9391304347826,5.260869565217392,23,23,0,23
Dubai Motor City,2025-11-17,25.04613617696849,55.24946085563235,Asia/Dubai,59.59090909090909,,47.92272727272727,30.122727272727275,24.3,19.5,30.5,59.59090909090909,0.0,12.009090909090908,1019.2318181818181,7.409090909090909,22,22,0,22
Dubai Motor City,2025-11-18,25.04613617696849,55.24946085563235,Asia/Dubai,63.73913043478261,,55.54782608695652,29.869565217391305,24.530434782608697,19.3,30.6,63.73913043478261,0.0,10.121739130434781,1016.5956521739131,4.173913043478261,23,23,0,23
Dubai Motor City,2025-11-19,25.04613617696849,55.24946085563235,Asia/Dubai,65.875,,80.74166666666666,30.09166666666667,24.8875,18.1,32.9,65.875,0.0,11.362499999999999,1015.5666666666666,0.125,24,24,0,24
Dubai Motor City,2025-11-20,25.04613617696849,55.24946085563235,Asia/Dubai,64.5,,67.58333333333333,28.670833333333334,24.34166666666667,16.8,32.3,64.5,0.0,12.654166666666667,1016.8625000000001,0.08333333333333333,24,24,0,24
Dubai Motor City,2025-11-21,25.04613617696849,55.24946085563235,Asia/Dubai,68.66666666666667,,53.43333333333334,29.370833333333334,24.608333333333334,18.2,31.7,68.66666666666667,0.0,10.833333333333334,1017.8583333333332,1.375,24,24,0,24
Dubai Motor City,2025-11-22,25.04613617696849,55.24946085563235,Asia/Dubai,41.125,,41.170833333333334,28.941666666666666,25.275000000000002,18.6,32.9,41.125,0.0,16.0625,1017.7666666666668,0.08333333333333333,24,24,0,24
Dubai Motor City,2025-11-23,25.04613617696849,55.24946085563235,Asia/Dubai,43.476190476190474,,35.96190476190476,28.300000000000004,24.071428571428573,19.5,31.5,43.476190476190474,0.0,12.014285714285714,1017.7333333333333,0.047619047619047616,21,21,0,21
Dubai Motor City,2025-11-24,25.04613617696849,55.24946085563235,Asia/Dubai,40.56521739130435,,32.98695652173913,29.421739130434784,24.20434782608696,18.3,30.6,40.56521739130435,0.0,11.556521739130435,1017.1913043478262,0.043478260869565216,23,23,0,23
Dubai Motor City,2025-11-25,25.04613617696849,55.24946085563235,Asia/Dubai,42.041666666666664,,31.45,28.454166666666666,23.054166666666664,16.7,29.8,42.041666666666664,0.0,11.345833333333333,1017.5166666666668,0.0,24,24,0,24
Dubai Motor City,2025-11-26,25.04613617696849,55.24946085563235,Asia/Dubai,46.54545454545455,,41.85,27.318181818181817,22.695454545454545,17.1,29.0,46.54545454545455,0.0,11.004545454545454,1016.9681818181817,1.6363636363636365,22,22,0,22
Dubai Motor City,2025-11-27,25.04613617696849,55.24946085563235,Asia/Dubai,49.708333333333336,,44.31666666666666,27.8625,22.991666666666664,17.6,28.5,49.708333333333336,0.0,9.870833333333334,1017.5083333333333,0.5416666666666666,24,24,0,24
Dubai Motor City,2025-11-28,25.04613617696849,55.24946085563235,Asia/Dubai,47.333333333333336,,45.87083333333334,27.90416666666667,22.96666666666667,18.2,28.0,47.333333333333336,0.0,10.033333333333333,1018.2416666666667,0.0,24,24,0,24
Dubai Motor City,2025-11-29,25.04613617696849,55.24946085563235,Asia/Dubai,51.375,,47.37083333333334,28.641666666666666,23.383333333333336,18.8,28.3,51.375,0.0,10.616666666666665,1017.1541666666667,0.0,24,24,0,24
Dubai Motor City,2025-11-30,25.04613617696849,55.24946085563235,Asia/Dubai,51.916666666666664,,47.7875,28.004166666666666,23.09166666666667,17.3,28.6,51.916666666666664,0.0,10.258333333333333,1016.7375000000001,0.0,24,24,0,24
Dubai Motor City,2025-12-01,25.04613617696849,55.24946085563235,Asia/Dubai,56.47826086956522,,49.08695652173913,27.208695652173912,22.55652173913043,18.2,28.1,56.47826086956522,0.0,10.417391304347825,1016.7217391304347,0.0,23,23,0,23
Dubai Motor City,2025-12-02,25.04613617696849,55.24946085563235,Asia/Dubai,57.333333333333336,,75.94583333333334,27.9375,23.004166666666666,17.4,29.0,57.333333333333336,0.0,11.008333333333333,1016.3916666666668,4.5,24,24,0,24
Dubai Motor City,2025-12-03,25.04613617696849,55.24946085563235,Asia/Dubai,69.78260869565217,,91.11304347826086,27.813043478260873,22.843478260869563,18.4,28.6,69.78260869565217,0.0,10.017391304347827,1016.3565217391305,2.8260869565217392,23,23,0,23
Dubai Motor City,2025-12-04,25.04613617696849,55.24946085563235,Asia/Dubai,61.68181818181818,,66.63181818181819,27.854545454545452,23.85909090909091,18.6,29.4,61.68181818181818,0.0,11.781818181818181,1017.4227272727272,4.363636363636363,22,22,0,22
Dubai Motor City,2025-12-05,25.04613617696849,55.24946085563235,Asia/Dubai,67.57142857142857,,52.92857142857143,26.37142857142857,22.564285714285713,20.1,27.1,67.57142857142857,0.0,10.828571428571427,1018.1428571428571,8.0,14,14,0,14
Dubai Motor City,2025-12-06,25.04613617696849,55.24946085563235,Asia/Dubai,56.0,,40.95,27.8,25.5,22.7,28.3,56.0,0.0,13.399999999999999,1018.0,0.5,2,2,0,2
Dubai Motor City,2025-12-07,25.04613617696849,55.24946085563235,Asia/Dubai,46.083333333333336,,27.825,28.816666666666666,26.150000000000002,21.5,29.6,46.083333333333336,0.0,20.141666666666666,1018.6166666666667,0.0,12,12,0,12
Dubai Motor City,2025-12-08,25.04613617696849,55.24946085563235,Asia/Dubai,44.95,,24.04,27.810000000000002,25.065,18.8,31.2,44.95,0.0,17.335,1019.1200000000001,2.25,20,20,0,20
Dubai Motor City,2025-12-09,25.04613617696849,55.24946085563235,Asia/Dubai,40.416666666666664,,29.6875,27.675,23.129166666666666,16.9,29.5,40.416666666666664,0.0,10.558333333333334,1018.0500000000001,3.75,24,24,0,24
Dubai Motor City,2025-12-10,25.04613617696849,55.24946085563235,Asia/Dubai,59.25,,37.05,25.925,21.975,18.8,28.8,59.25,0.0,12.125,1016.95,4.0,4,4,0,4
Dubai Motor City,2025-12-13,25.04613617696849,55.24946085563235,Asia/Dubai,47.0,,15.4,28.1,26.1,26.1,26.1,47.0,0.0,20.4,1012.7,8.0,1,1,0,1
Dubai Motor City,2025-12-14,25.04613617696849,55.24946085563235,Asia/Dubai,74.28571428571429,,23.74285714285714,25.614285714285717,21.442857142857143,20.2,22.8,74.28571428571429,0.0,8.428571428571429,1016.2714285714285,0.14285714285714285,7,7,0,7
Dubai Motor City,2025-12-15,25.04613617696849,55.24946085563235,Asia/Dubai,64.875,,24.804166666666664,26.554166666666664,22.8875,17.3,29.6,64.875,0.0,15.866666666666667,1014.6416666666668,1.0416666666666667,24,24,0,24
Dubai Motor City,2025-12-16,25.04613617696849,55.24946085563235,Asia/Dubai,57.25,,15.88125,25.608333333333334,23.391666666666666,21.0,27.3,57.25,0.0,19.908333333333335,1012.1958333333333,3.875,24,24,0,24
Dubai Motor City,2025-12-17,25.04613617696849,55.24946085563235,Asia/Dubai,62.69565217391305,,27.573913043478264,25.930434782608696,23.05652173913043,20.6,26.3,62.69565217391305,0.0,23.76086956521739,1013.1,5.782608695652174,23,23,0,23
Dubai Motor City,2025-12-18,25.04613617696849,55.24946085563235,Asia/Dubai,77.54166666666667,,29.90416666666667,26.266666666666666,21.71666666666667,19.7,24.2,77.54166666666667,12.3,18.041666666666668,1014.6541666666667,7.041666666666667,24,24,0,24
Dubai Motor City,2025-12-19,25.04613617696849,55.24946085563235,Asia/Dubai,78.875,,23.020833333333332,23.65416666666667,18.683333333333334,15.0,20.1,78.875,20.0,23.787499999999998,1014.1791666666667,4.5,24,24,0,24
Dubai Motor City,2025-12-20,25.04613617696849,55.24946085563235,Asia/Dubai,73.875,,28.27916666666667,21.629166666666666,15.25,12.4,19.3,73.875,0.1,21.458333333333332,1016.2875,1.5416666666666667,24,24,0,24
Dubai Motor City,2025-12-21,25.04613617696849,55.24946085563235,Asia/Dubai,72.125,,22.912499999999998,22.745833333333334,15.754166666666668,11.3,20.4,72.125,0.0,11.225,1019.2333333333332,0.20833333333333334,24,24,0,24
Dubai Motor City,2025-12-22,25.04613617696849,55.24946085563235,Asia/Dubai,68.25,,24.2,24.570833333333336,17.325,13.2,22.7,68.25,0.0,12.791666666666666,1020.4125,0.125,24,24,0,24
Dubai Motor City,2025-12-23,25.04613617696849,55.24946085563235,Asia/Dubai,67.95833333333333,,25.258333333333336,24.837500000000002,17.275000000000002,12.7,22.7,67.95833333333333,0.0,11.370833333333335,1019.3416666666667,0.08333333333333333,24,24,0,24
Dubai Motor City,2025-12-24,25.04613617696849,55.24946085563235,Asia/Dubai,68.625,,25.449583333333333,25.054166666666664,17.929166666666667,13.1,23.9,68.625,0.0,11.200000000000001,1017.6708333333332,3.375,24,24,0,24
Dubai Motor City,2025-12-25,25.04613617696849,55.24946085563235,Asia/Dubai,71.91666666666667,,49.145833333333336,24.766666666666666,19.291666666666668,15.7,23.9,71.91666666666667,0.0,10.966666666666667,1016.2541666666666,4.875,24,24,0,24
Dubai Motor City,2025-12-26,25.04613617696849,55.24946085563235,Asia/Dubai,76.75,,57.025,25.6875,19.341666666666665,15.6,23.7,76.75,0.2,10.641666666666667,1015.4375,1.5,24,24,0,24
Dubai Motor City,2025-12-27,25.04613617696849,55.24946085563235,Asia/Dubai,67.08333333333333,,65.72083333333333,25.8875,19.908333333333335,15.7,25.0,67.08333333333333,0.0,9.200000000000001,1014.5458333333332,0.7916666666666666,24,24,0,24
Dubai Motor City,2025-12-28,25.04613617696849,55.24946085563235,Asia/Dubai,59.25,,46.475,26.0,21.2375,15.8,26.8,59.25,0.0,13.741666666666667,1013.3166666666666,0.3333333333333333,24,24,0,24
Dubai Motor City,2025-12-29,25.04613617696849,55.24946085563235,Asia/Dubai,63.166666666666664,,33.025,26.291666666666668,22.479166666666668,20.3,26.7,63.166666666666664,0.0,23.770833333333332,1012.3666666666667,0.7083333333333334,24,24,0,24
Dubai Motor City,2025-12-30,25.04613617696849,55.24946085563235,Asia/Dubai,49.18181818181818,,11.812727272727273,26.83181818181818,21.318181818181817,19.5,23.6,49.18181818181818,0.0,27.04090909090909,1015.0681818181819,1.1818181818181819,22,22,0,22
Dubai Motor City,2025-12-31,25.04613617696849,55.24946085563235,Asia/Dubai,53.375,,10.53625,25.604166666666668,19.962500000000002,16.0,21.8,53.375,0.0,22.008333333333336,1016.6875,1.2916666666666667,24,24,0,24
Dubai Motor City,2026-01-01,25.04613617696849,55.24946085563235,Asia/Dubai,61.541666666666664,,17.385833333333334,24.391666666666666,17.416666666666668,11.5,22.7,61.541666666666664,0.0,9.708333333333334,1017.4916666666667,0.0,24,24,0,24
Dubai Motor City,2026-01-02,25.04613617696849,55.24946085563235,Asia/Dubai,71.625,,23.2625,24.391666666666666,18.2,12.6,23.9,71.625,0.0,11.595833333333333,1018.6999999999999,0.041666666666666664,24,24,0,24
Dubai Motor City,2026-01-03,25.04613617696849,55.24946085563235,Asia/Dubai,78.04166666666667,,55.93333333333334,24.670833333333334,18.8125,13.2,24.4,78.04166666666667,0.0,10.329166666666667,1018.9625,1.25,24,24,0,24
Dubai Motor City,2026-01-04,25.04613617696849,55.24946085563235,Asia/Dubai,77.04347826086956,,41.72695652173913,25.247826086956525,19.969565217391306,15.5,25.9,77.04347826086956,0.0,14.221739130434784,1019.1695652173913,0.043478260869565216,23,23,0,23
Dubai Motor City,2026-01-05,25.04613617696849,55.24946085563235,Asia/Dubai,59.416666666666664,,19.52625,25.916666666666668,20.345833333333335,14.8,26.6,59.416666666666664,0.0,14.125,1020.8166666666666,0.4166666666666667,24,24,0,24
Dubai Motor City,2026-01-06,25.04613617696849,55.24946085563235,Asia/Dubai,50.333333333333336,,25.9375,26.1875,20.308333333333334,15.6,26.4,50.333333333333336,0.0,14.583333333333334,1020.8208333333333,0.7916666666666666,24,24,0,24
Dubai Motor City,2026-01-07,25.04613617696849,55.24946085563235,Asia/Dubai,52.5,,23.983333333333334,26.325,19.5625,15.3,24.5,52.5,0.0,12.35,1020.8458333333333,0.16666666666666666,24,24,0,24
Dubai Motor City,2026-01-08,25.04613617696849,55.24946085563235,Asia/Dubai,48.041666666666664,,30.662499999999998,25.537499999999998,19.033333333333335,14.1,24.2,48.041666666666664,0.0,10.762500000000001,1020.5875000000001,0.0,24,24,0,24
Dubai Motor City,2026-01-09,25.04613617696849,55.24946085563235,Asia/Dubai,53.75,,51.25416666666666,25.270833333333332,19.158333333333335,14.4,24.2,53.75,0.0,11.375,1018.9791666666666,0.4583333333333333,24,24,0,24
Dubai Motor City,2026-01-10,25.04613617696849,55.24946085563235,Asia/Dubai,64.08333333333333,,56.04583333333333,25.5125,19.116666666666667,14.1,23.9,64.08333333333333,0.0,11.137500000000001,1018.7875,5.125,24,24,0,24
Dubai Motor City,2026-01-11,25.04613617696849,55.24946085563235,Asia/Dubai,57.041666666666664,,57.26666666666666,25.837500000000002,19.95416666666667,15.5,25.1,57.041666666666664,0.0,10.504166666666666,1020.6958333333333,0.875,24,24,0,24
Dubai Motor City,2026-01-12,25.04613617696849,55.24946085563235,Asia/Dubai,63.166666666666664,,67.35833333333333,25.604166666666668,19.416666666666668,14.7,24.6,63.166666666666664,0.0,9.345833333333333,1021.0708333333333,0.0,24,24,0,24
Dubai Motor City,2026-01-13,25.04613617696849,55.24946085563235,Asia/Dubai,64.08333333333333,,72.46666666666667,25.495833333333334,19.25,14.2,24.9,64.08333333333333,0.0,9.029166666666667,1020.4666666666667,0.0,24,24,0,24
Dubai Motor City,2026-01-14,25.04613617696849,55.24946085563235,Asia/Dubai,55.708333333333336,,60.824999999999996,25.558333333333334,19.470833333333335,13.4,26.1,55.708333333333336,0.0,10.0375,1018.2125,2.25,24,24,0,24
Dubai Motor City,2026-01-15,25.04613617696849,55.24946085563235,Asia/Dubai,49.791666666666664,,40.275,25.891666666666666,20.349999999999998,14.3,27.5,49.791666666666664,0.0,15.383333333333333,1016.5291666666667,5.583333333333333,24,24,0,24
Dubai Motor City,2026-01-16,25.04613617696849,55.24946085563235,Asia/Dubai,57.166666666666664,,11.421666666666667,25.691666666666666,19.3125,17.1,21.5,57.166666666666664,0.0,23.97083333333333,1017.9125,1.125,24,24,0,24
Dubai Motor City,2026-01-17,25.04613617696849,55.24946085563235,Asia/Dubai,59.541666666666664,,23.575,24.8875,19.133333333333333,17.1,21.7,59.541666666666664,0.0,19.258333333333333,1017.4375,3.0416666666666665,24,24,0,24
Dubai Motor City,2026-01-18,25.04613617696849,55.24946085563235,Asia/Dubai,69.79166666666667,,30.8,23.8125,18.162499999999998,14.3,22.7,69.79166666666667,0.0,12.795833333333334,1016.1125000000001,1.3333333333333333,24,24,0,24
Dubai Motor City,2026-01-19,25.04613617696849,55.24946085563235,Asia/Dubai,69.41666666666667,,37.9625,23.833333333333332,18.195833333333333,13.5,23.9,69.41666666666667,0.0,10.045833333333333,1015.8416666666667,0.4583333333333333,24,24,0,24
Dubai Motor City,2026-01-20,25.04613617696849,55.24946085563235,Asia/Dubai,55.916666666666664,,45.175000000000004,24.425,19.554166666666667,14.2,26.2,55.916666666666664,0.0,12.454166666666666,1015.1083333333332,0.5416666666666666,24,24,0,24
Dubai Motor City,2026-01-21,25.04613617696849,55.24946085563235,Asia/Dubai,67.04166666666667,,47.65833333333333,23.724999999999998,18.575,15.3,22.7,67.04166666666667,0.0,21.420833333333334,1016.5375,1.625,24,24,0,24
Dubai Motor City,2026-01-22,25.04613617696849,55.24946085563235,Asia/Dubai,39.333333333333336,,12.080416666666666,22.96666666666667,17.125,14.0,20.2,39.333333333333336,0.0,22.4875,1020.6916666666666,1.0416666666666667,24,24,0,24
Dubai Motor City,2026-01-23,25.04613617696849,55.24946085563235,Asia/Dubai,39.541666666666664,,14.659999999999998,22.070833333333336,16.8,11.7,22.7,39.541666666666664,0.0,14.391666666666666,1021.1833333333334,3.1666666666666665,24,24,0,24
Dubai Motor City,2026-01-24,25.04613617696849,55.24946085563235,Asia/Dubai,45.541666666666664,,19.079166666666666,22.5625,17.566666666666666,11.3,23.3,45.541666666666664,0.0,10.741666666666667,1019.275,6.125,24,24,0,24
Dubai Motor City,2026-01-25,25.04613617696849,55.24946085563235,Asia/Dubai,51.5,,20.425,22.479166666666668,19.441666666666666,15.2,24.3,51.5,7.0,16.400000000000002,1015.775,5.833333333333333,24,24,0,24
Dubai Motor City,2026-01-26,25.04613617696849,55.24946085563235,Asia/Dubai,76.20833333333333,,30.829166666666666,23.90416666666667,18.166666666666668,15.2,21.7,76.20833333333333,0.1,12.770833333333334,1016.1374999999999,0.9583333333333334,24,24,0,24
Dubai Motor City,2026-01-27,25.04613617696849,55.24946085563235,Asia/Dubai,64.70833333333333,,31.854166666666668,23.724999999999998,18.058333333333334,12.7,23.9,64.70833333333333,0.0,14.575000000000001,1020.8083333333334,4.583333333333333,24,24,0,24
Dubai Motor City,2026-01-28,25.04613617696849,55.24946085563235,Asia/Dubai,61.583333333333336,,20.929166666666667,24.1875,19.7625,15.2,25.6,61.583333333333336,0.0,14.704166666666666,1020.0500000000001,7.25,24,24,0,24
Dubai Motor City,2026-01-29,25.04613617696849,55.24946085563235,Asia/Dubai,58.0,,27.087500000000002,24.645833333333332,20.679166666666667,16.3,26.2,58.0,0.0,13.145833333333334,1017.2208333333333,3.7916666666666665,24,24,0,24
Dubai Motor City,2026-01-30,25.04613617696849,55.24946085563235,Asia/Dubai,61.166666666666664,,35.858333333333334,24.633333333333336,19.2375,15.1,23.5,61.166666666666664,0.0,15.049999999999999,1016.9458333333333,0.25,24,24,0,24
Dubai Motor City,2026-01-31,25.04613617696849,55.24946085563235,Asia/Dubai,70.33333333333333,,29.5,23.6875,18.183333333333334,13.8,23.3,70.33333333333333,0.0,12.720833333333333,1017.9833333333332,0.6666666666666666,24,24,0,24
Dubai Motor City,2026-02-01,25.04613617696849,55.24946085563235,Asia/Dubai,75.83333333333333,,35.025,24.166666666666668,18.691666666666666,13.1,25.6,75.83333333333333,0.0,9.345833333333333,1018.7791666666667,0.9583333333333334,24,24,0,24
Dubai Motor City,2026-02-02,25.04613617696849,55.24946085563235,Asia/Dubai,54.541666666666664,,39.800000000000004,25.133333333333336,20.099999999999998,14.6,26.8,54.541666666666664,0.0,8.891666666666667,1019.1333333333333,0.0,24,24,0,24
Dubai Motor City,2026-02-03,25.04613617696849,55.24946085563235,Asia/Dubai,57.375,,47.05416666666667,25.287499999999998,20.066666666666666,13.1,27.7,57.375,0.0,10.85,1017.2916666666666,0.041666666666666664,24,24,0,24
Dubai Motor City,2026-02-04,25.04613617696849,55.24946085563235,Asia/Dubai,52.625,,38.387499999999996,25.825,22.625,16.2,30.1,52.625,0.0,15.970833333333333,1016.0333333333333,0.125,24,24,0,24
Dubai Motor City,2026-02-05,25.04613617696849,55.24946085563235,Asia/Dubai,67.70833333333333,,35.59583333333333,25.537499999999998,20.445833333333333,16.4,25.5,67.70833333333333,0.0,12.075000000000001,1018.0041666666666,1.0416666666666667,24,24,0,24
Dubai Motor City,2026-02-06,25.04613617696849,55.24946085563235,Asia/Dubai,71.58333333333333,,40.47083333333333,25.125,20.25,16.0,26.2,71.58333333333333,0.0,10.0625,1020.1833333333334,7.833333333333333,24,24,0,24
Dubai Motor City,2026-02-07,25.04613617696849,55.24946085563235,Asia/Dubai,72.58333333333333,,47.854166666666664,26.008333333333336,20.991666666666667,16.0,27.6,72.58333333333333,0.0,13.325000000000001,1017.8833333333333,2.4583333333333335,24,24,0,24
Dubai Motor City,2026-02-08,25.04613617696849,55.24946085563235,Asia/Dubai,62.375,,38.49583333333333,26.925,22.008333333333336,16.9,28.2,62.375,0.4,11.366666666666667,1014.65,1.5833333333333333,24,24,0,24
Dubai Motor City,2026-02-09,25.04613617696849,55.24946085563235,Asia/Dubai,56.333333333333336,,39.00416666666667,27.145833333333332,21.683333333333334,16.3,27.8,56.333333333333336,0.0,12.6875,1014.0666666666666,0.25,24,24,0,24
Dubai Motor City,2026-02-10,25.04613617696849,55.24946085563235,Asia/Dubai,72.0,,50.895833333333336,25.037499999999998,20.883333333333333,16.4,26.6,72.0,0.0,13.208333333333334,1015.4416666666666,4.666666666666667,24,24,0,24
Dubai Motor City,2026-02-11,25.04613617696849,55.24946085563235,Asia/Dubai,63.625,,53.43333333333334,26.508333333333336,22.287499999999998,14.7,30.5,63.625,0.0,12.316666666666668,1017.3791666666666,3.9166666666666665,24,24,0,24
Dubai Motor City,2026-02-12,25.04613617696849,55.24946085563235,Asia/Dubai,55.291666666666664,,41.6,26.866666666666664,24.075,18.1,29.8,55.291666666666664,0.0,11.758333333333333,1017.7958333333332,1.9166666666666667,24,24,0,24
Dubai Motor City,2026-02-13,25.04613617696849,55.24946085563235,Asia/Dubai,59.416666666666664,,41.82083333333333,28.1125,23.8875,17.8,30.7,59.416666666666664,0.0,7.1125,1016.4708333333333,0.25,24,24,0,24
Dubai Motor City,2026-02-14,25.04613617696849,55.24946085563235,Asia/Dubai,45.041666666666664,,38.35,27.900000000000002,23.145833333333332,16.9,30.5,45.041666666666664,0.0,9.095833333333333,1015.6083333333332,0.0,24,24,0,24
Dubai Motor City,2026-02-15,25.04613617696849,55.24946085563235,Asia/Dubai,35.458333333333336,,31.041666666666668,27.90416666666667,23.808333333333334,17.3,30.4,35.458333333333336,0.0,13.950000000000001,1014.4291666666667,0.0,24,24,0,24
Dubai Motor City,2026-02-16,25.04613617696849,55.24946085563235,Asia/Dubai,63.25,,29.054166666666664,27.287499999999998,22.4875,19.5,27.0,63.25,0.0,19.400000000000002,1012.4250000000001,0.0,24,24,0,24
Dubai Motor City,2026-02-17,25.04613617696849,55.24946085563235,Asia/Dubai,55.958333333333336,,33.4,26.820833333333336,22.670833333333334,16.5,29.0,55.958333333333336,0.0,13.616666666666667,1014.375,0.0,24,24,0,24
Dubai Motor City,2026-02-18,25.04613617696849,55.24946085563235,Asia/Dubai,36.0,,18.118333333333332,27.55,23.27916666666667,16.5,30.1,36.0,0.0,14.854166666666666,1015.6625,0.0,24,24,0,24
Dubai Motor City,2026-02-19,25.04613617696849,55.24946085563235,Asia/Dubai,44.166666666666664,,24.035416666666666,27.808333333333334,23.575,16.8,30.7,44.166666666666664,0.0,14.766666666666666,1016.4125,0.0,24,24,0,24
Dubai Motor City,2026-02-20,25.04613617696849,55.24946085563235,Asia/Dubai,41.708333333333336,,23.983333333333334,28.09166666666667,23.1875,16.8,30.2,41.708333333333336,0.0,12.616666666666667,1017.5208333333334,0.0,24,24,0,24
Dubai Motor City,2026-02-21,25.04613617696849,55.24946085563235,Asia/Dubai,53.583333333333336,,42.5375,27.84583333333333,23.116666666666664,17.3,31.0,53.583333333333336,0.0,11.512500000000001,1015.8208333333333,0.0,24,24,0,24
Dubai Motor City,2026-02-22,25.04613617696849,55.24946085563235,Asia/Dubai,68.29166666666667,,53.90416666666667,27.666666666666668,22.3625,16.9,29.3,68.29166666666667,0.0,11.325000000000001,1011.65,0.0,24,24,0,24
Dubai Motor City,2026-02-23,25.04613617696849,55.24946085563235,Asia/Dubai,73.70833333333333,,76.22500000000001,26.90416666666667,21.525000000000002,16.0,28.7,73.70833333333333,0.0,10.237499999999999,1010.5791666666668,0.16666666666666666,24,24,0,24
Dubai Motor City,2026-02-24,25.04613617696849,55.24946085563235,Asia/Dubai,53.583333333333336,,82.02499999999999,28.09583333333333,23.375,16.3,30.8,53.583333333333336,0.0,10.516666666666667,1011.0458333333332,0.0,24,24,0,24
Dubai Motor City,2026-02-25,25.04613617696849,55.24946085563235,Asia/Dubai,44.625,,64.09583333333333,28.875,23.883333333333336,17.6,31.6,44.625,0.0,12.416666666666666,1012.375,0.0,24,24,0,24
Dubai Motor City,2026-02-26,25.04613617696849,55.24946085563235,Asia/Dubai,71.0,,46.729166666666664,27.395833333333332,21.795833333333334,18.8,26.0,71.0,0.0,12.9125,1013.3208333333333,0.8333333333333334,24,24,0,24
Dubai Motor City,2026-02-27,25.04613617696849,55.24946085563235,Asia/Dubai,65.54166666666667,,33.083333333333336,26.929166666666664,20.595833333333335,16.0,25.4,65.54166666666667,0.0,11.362499999999999,1011.1291666666666,0.4583333333333333,24,24,0,24
Dubai Motor City,2026-02-28,25.04613617696849,55.24946085563235,Asia/Dubai,58.166666666666664,,54.083333333333336,26.78333333333333,21.704166666666666,14.7,29.2,58.166666666666664,0.0,8.516666666666667,1010.1875,0.375,24,24,0,24
Dubai Motor City,2026-03-01,25.04613617696849,55.24946085563235,Asia/Dubai,32.125,,44.80416666666667,28.516666666666666,25.083333333333332,17.3,33.4,32.125,0.0,11.875,1009.9125,1.625,24,24,0,24
Dubai Motor City,2026-03-02,25.04613617696849,55.24946085563235,Asia/Dubai,27.291666666666668,,32.75416666666667,29.8,28.070833333333336,22.4,35.0,27.291666666666668,0.0,18.325,1010.2958333333332,2.25,24,24,0,24
Dubai Motor City,2026-03-03,25.04613617696849,55.24946085563235,Asia/Dubai,33.375,,31.233333333333334,30.212500000000002,27.504166666666666,22.3,34.3,33.375,0.0,16.75,1011.025,1.75,24,24,0,24
Dubai Motor City,2026-03-04,25.04613617696849,55.24946085563235,Asia/Dubai,61.166666666666664,,30.545833333333334,29.108333333333334,25.2375,21.2,32.0,61.166666666666664,0.0,17.916666666666668,1012.7875,0.4583333333333333,24,24,0,24
Dubai Motor City,2026-03-05,25.04613617696849,55.24946085563235,Asia/Dubai,69.04166666666667,,28.5125,28.61666666666667,22.695833333333336,20.1,26.2,69.04166666666667,0.0,15.295833333333334,1016.3333333333334,1.0,24,24,0,24
Dubai Motor City,2026-03-06,25.04613617696849,55.24946085563235,Asia/Dubai,62.708333333333336,,24.945833333333336,26.575,21.474999999999998,17.7,25.7,62.708333333333336,0.0,14.779166666666667,1015.8708333333334,6.0,24,24,0,24
Dubai Motor City,2026-03-07,25.04613617696849,55.24946085563235,Asia/Dubai,62.791666666666664,,32.704166666666666,26.979166666666668,21.958333333333332,17.4,27.2,62.791666666666664,0.0,12.595833333333333,1014.2583333333333,2.9166666666666665,24,24,0,24
Dubai Motor City,2026-03-08,25.04613617696849,55.24946085563235,Asia/Dubai,63.083333333333336,,45.487500000000004,26.52916666666667,22.245833333333334,17.8,28.6,63.083333333333336,0.0,12.5375,1013.3416666666667,4.458333333333333,24,24,0,24
Dubai Motor City,2026-03-09,25.04613617696849,55.24946085563235,Asia/Dubai,67.79166666666667,,32.22083333333333,28.008333333333336,22.787499999999998,18.1,28.1,67.79166666666667,3.8,11.020833333333334,1013.3791666666666,5.0,24,24,0,24
Dubai Motor City,2026-03-10,25.04613617696849,55.24946085563235,Asia/Dubai,65.0,,43.45416666666667,26.875,23.795833333333334,21.1,28.2,65.0,0.8,17.775000000000002,1015.5458333333332,7.208333333333333,24,24,0,24
Dubai Motor City,2026-03-11,25.04613617696849,55.24946085563235,Asia/Dubai,65.0,,16.0125,27.02916666666667,23.383333333333336,20.5,28.5,65.0,1.1,16.220833333333335,1017.3708333333334,6.208333333333333,24,24,0,24
Dubai Motor City,2026-03-12,25.04613617696849,55.24946085563235,Asia/Dubai,69.79166666666667,,21.675,26.3125,22.608333333333334,18.3,28.6,69.79166666666667,0.0,11.333333333333334,1014.8791666666666,4.5,24,24,0,24
Dubai Motor City,2026-03-13,25.04613617696849,55.24946085563235,Asia/Dubai,60.125,,23.308333333333334,28.875,24.587500000000002,20.5,30.9,60.125,0.0,13.754166666666668,1012.6458333333334,4.291666666666667,24,24,0,24
Dubai Motor City,2026-03-14,25.04613617696849,55.24946085563235,Asia/Dubai,55.25,,40.137499999999996,30.370833333333334,24.641666666666666,20.0,30.7,55.25,0.0,12.083333333333334,1013.0041666666666,1.4583333333333333,24,24,0,24
Dubai Motor City,2026-03-15,25.04613617696849,55.24946085563235,Asia/Dubai,48.125,,50.458333333333336,30.916666666666668,25.941666666666666,19.2,33.8,48.125,0.0,10.9,1013.2666666666668,3.5,24,24,0,24
Dubai Motor City,2026-03-16,25.04613617696849,55.24946085563235,Asia/Dubai,32.333333333333336,,34.891666666666666,31.620833333333334,28.358333333333334,21.8,36.5,32.333333333333336,0.0,14.025,1010.1291666666666,0.2916666666666667,24,24,0,24
Dubai Motor City,2026-03-17,25.04613617696849,55.24946085563235,Asia/Dubai,36.791666666666664,,38.233333333333334,31.708333333333332,27.958333333333332,23.3,34.0,36.791666666666664,0.0,16.104166666666668,1007.6374999999999,3.9166666666666665,24,24,0,24
Dubai Motor City,2026-03-18,25.04613617696849,55.24946085563235,Asia/Dubai,57.958333333333336,,27.641666666666666,29.416666666666668,25.22083333333333,22.6,28.9,57.958333333333336,0.0,16.566666666666666,1009.2125,7.0,24,24,0,24
Dubai Motor City,2026-03-19,25.04613617696849,55.24946085563235,Asia/Dubai,56.958333333333336,,22.099999999999998,29.041666666666668,24.400000000000002,18.9,30.6,56.958333333333336,0.0,11.620833333333332,1010.2708333333334,5.375,24,24,0,24
Dubai Motor City,2026-03-20,25.04613617696849,55.24946085563235,Asia/Dubai,51.125,,21.84166666666667,28.5,26.0625,22.5,30.8,51.125,0.2,18.7375,1009.0,7.333333333333333,24,24,0,24
Dubai Motor City,2026-03-21,25.04613617696849,55.24946085563235,Asia/Dubai,66.33333333333333,,22.995833333333334,27.099999999999998,25.03333333333333,21.6,30.0,66.33333333333333,1.4000000000000001,18.654166666666665,1009.8833333333333,7.541666666666667,24,24,0,24
Dubai Motor City,2026-03-22,25.04613617696849,55.24946085563235,Asia/Dubai,68.79166666666667,,13.866666666666667,28.791666666666668,25.15416666666667,21.4,31.2,68.79166666666667,0.2,15.0625,1012.0749999999999,3.125,24,24,0,24
Dubai Motor City,2026-03-23,25.04613617696849,55.24946085563235,Asia/Dubai,78.0,,13.487499999999999,24.7375,22.870833333333334,20.6,26.0,78.0,10.4,16.004166666666666,1011.8458333333333,7.0,24,24,0,24
Dubai Motor City,2026-03-24,25.04613617696849,55.24946085563235,Asia/Dubai,80.875,,16.220833333333335,23.920833333333334,21.787499999999998,19.1,25.2,80.875,17.2,19.058333333333334,1009.3708333333334,6.0,24,24,0,24
Dubai Motor City,2026-03-25,25.04613617696849,55.24946085563235,Asia/Dubai,81.375,,10.420833333333333,23.816666666666666,22.275000000000002,20.4,25.6,81.375,21.599999999999998,25.320833333333336,1006.9375,5.916666666666667,24,24,0,24
Dubai Motor City,2026-03-26,25.04613617696849,55.24946085563235,Asia/Dubai,79.04166666666667,,9.054166666666667,25.1875,23.979166666666668,21.1,28.8,79.04166666666667,44.4,25.09166666666667,1008.1208333333334,4.375,24,24,0,24
Dubai Motor City,2026-03-27,25.04613617696849,55.24946085563235,Asia/Dubai,79.95833333333333,,6.720833333333334,23.96666666666667,23.520833333333332,19.5,26.8,79.95833333333333,12.1,25.016666666666666,1010.8333333333334,5.375,24,24,0,24
Dubai Motor City,2026-03-28,25.04613617696849,55.24946085563235,Asia/Dubai,68.45833333333333,,6.7124999999999995,25.758333333333336,20.441666666666666,18.3,23.2,68.45833333333333,0.0,20.866666666666667,1012.0500000000001,0.9583333333333334,24,24,0,24
Dubai Motor City,2026-03-29,25.04613617696849,55.24946085563235,Asia/Dubai,63.166666666666664,,8.200000000000001,26.616666666666664,20.570833333333333,18.0,23.7,63.166666666666664,0.0,25.8875,1011.1083333333332,0.25,24,24,0,24
Dubai Motor City,2026-03-30,25.04613617696849,55.24946085563235,Asia/Dubai,69.70833333333333,,15.770833333333334,25.65833333333333,20.7375,17.4,24.3,69.70833333333333,0.0,16.283333333333335,1010.5625,7.416666666666667,24,24,0,24
Dubai Motor City,2026-03-31,25.04613617696849,55.24946085563235,Asia/Dubai,70.79166666666667,,23.7,23.787499999999998,21.179166666666667,18.7,24.2,70.79166666666667,3.5,13.358333333333334,1010.2875,7.541666666666667,24,24,0,24
Dubai Motor City,2026-04-01,25.04613617696849,55.24946085563235,Asia/Dubai,74.08333333333333,,25.099999999999998,26.541666666666668,21.483333333333334,18.5,25.0,74.08333333333333,0.0,16.008333333333333,1010.5166666666668,0.9166666666666666,24,24,0,24
Dubai Motor City,2026-04-02,25.04613617696849,55.24946085563235,Asia/Dubai,73.625,,24.070833333333336,27.420833333333334,21.275000000000002,18.4,24.8,73.625,0.0,16.845833333333335,1011.6166666666667,1.2916666666666667,24,24,0,24
Dubai Motor City,2026-04-03,25.04613617696849,55.24946085563235,Asia/Dubai,79.58333333333333,,38.0625,26.900000000000002,20.658333333333335,17.0,25.5,79.58333333333333,0.0,12.216666666666667,1011.7291666666666,6.166666666666667,24,24,0,24
Dubai Motor City,2026-04-04,25.04613617696849,55.24946085563235,Asia/Dubai,76.79166666666667,,48.57083333333333,26.666666666666668,22.004166666666666,17.6,26.9,76.79166666666667,0.0,10.866666666666667,1010.0041666666666,6.125,24,24,0,24
Dubai Motor City,2026-04-05,25.04613617696849,55.24946085563235,Asia/Dubai,76.79166666666667,,39.72083333333333,28.879166666666666,23.233333333333334,20.0,27.3,76.79166666666667,0.0,12.137500000000001,1010.0666666666666,5.416666666666667,24,24,0,24
Dubai Motor City,2026-04-06,25.04613617696849,55.24946085563235,Asia/Dubai,61.541666666666664,,19.216666666666665,28.55,22.979166666666668,20.2,26.7,61.541666666666664,0.0,19.295833333333334,1011.1041666666666,1.625,24,24,0,24
Dubai Motor City,2026-04-07,25.04613617696849,55.24946085563235,Asia/Dubai,58.583333333333336,,18.033333333333335,27.629166666666666,22.275000000000002,19.9,25.5,58.583333333333336,0.0,27.941666666666666,1012.2833333333333,0.0,24,24,0,24
Dubai Motor City,2026-04-08,25.04613617696849,55.24946085563235,Asia/Dubai,65.625,,24.233333333333334,27.21666666666667,22.041666666666668,18.2,26.3,65.625,0.0,17.916666666666668,1011.7791666666667,0.20833333333333334,24,24,0,24
Dubai Motor City,2026-04-09,25.04613617696849,55.24946085563235,Asia/Dubai,68.58333333333333,,31.333333333333332,25.366666666666664,21.787499999999998,17.7,26.7,68.58333333333333,2.3000000000000003,12.391666666666666,1012.3375,5.416666666666667,24,24,0,24
Dubai Motor City,2026-04-10,25.04613617696849,55.24946085563235,Asia/Dubai,66.66666666666667,,20.804166666666667,26.925,23.5125,19.9,28.1,66.66666666666667,0.4,14.079166666666667,1014.5916666666667,5.583333333333333,24,24,0,24
Dubai Motor City,2026-04-11,25.04613617696849,55.24946085563235,Asia/Dubai,75.33333333333333,,25.170833333333334,25.925,22.816666666666666,20.5,25.8,75.33333333333333,11.8,9.883333333333333,1015.4708333333333,7.625,24,24,0,24
Dubai Motor City,2026-04-12,25.04613617696849,55.24946085563235,Asia/Dubai,78.58333333333333,,16.320833333333333,25.379166666666666,22.379166666666666,20.4,25.4,78.58333333333333,2.9000000000000004,11.520833333333334,1013.775,7.708333333333333,24,24,0,24
Dubai Motor City,2026-04-13,25.04613617696849,55.24946085563235,Asia/Dubai,74.91666666666667,,18.591666666666665,27.791666666666668,24.070833333333336,20.8,28.0,74.91666666666667,0.0,10.683333333333332,1013.8583333333332,6.833333333333333,24,24,0,24
Dubai Motor City,2026-04-14,25.04613617696849,55.24946085563235,Asia/Dubai,67.08333333333333,,28.7,28.84583333333333,23.525000000000002,19.7,28.4,67.08333333333333,0.0,15.391666666666666,1014.1291666666666,5.75,24,24,0,24
Dubai Motor City,2026-04-15,25.04613617696849,55.24946085563235,Asia/Dubai,68.29166666666667,,24.745833333333334,27.575,22.349999999999998,18.6,26.4,68.29166666666667,0.0,20.462500000000002,1011.1,4.291666666666667,24,24,0,24
Dubai Motor City,2026-04-16,25.04613617696849,55.24946085563235,Asia/Dubai,70.63636363636364,,20.5,26.84090909090909,22.136363636363637,18.8,26.7,70.63636363636364,0.0,20.886363636363637,1008.6636363636363,4.318181818181818,22,22,0,22
Dubai Motor City,2026-04-17,25.04613617696849,55.24946085563235,Asia/Dubai,63.541666666666664,,26.50833333333333,27.3875,22.679166666666664,17.5,27.9,63.541666666666664,0.0,18.629166666666666,1010.7624999999999,3.3333333333333335,24,24,0,24
Dubai Motor City,2026-04-18,25.04613617696849,55.24946085563235,Asia/Dubai,59.52173913043478,,37.35217391304348,28.460869565217394,23.165217391304346,18.8,28.8,59.52173913043478,0.0,15.339130434782609,1010.7739130434783,0.043478260869565216,23,23,0,23
Dubai Motor City,2026-04-19,25.04613617696849,55.24946085563235,Asia/Dubai,51.791666666666664,,35.15416666666667,29.316666666666666,24.395833333333332,18.0,31.9,51.791666666666664,0.0,10.866666666666667,1010.1333333333333,2.7083333333333335,24,24,0,24
Dubai Motor City,2026-04-20,25.04613617696849,55.24946085563235,Asia/Dubai,49.46153846153846,,42.83076923076923,30.184615384615384,23.876923076923074,19.9,31.8,49.46153846153846,0.0,10.03076923076923,1008.6307692307693,0.0,13,13,0,13
Serena,2024-10-04,25.03432,55.28811,Asia/Dubai,58.55555555555556,44.3,37.922222222222224,32.266666666666666,34.855555555555554,33.3,37.3,58.55555555555556,0.0,17.977777777777778,1004.6555555555556,0.0,9,9,9,9
Serena,2024-10-05,25.03432,55.28811,Asia/Dubai,54.95,22.6,21.3,31.855,32.989999999999995,30.5,35.3,54.95,0.0,13.91,1005.8100000000001,0.2,20,20,20,20
Serena,2024-10-06,25.03432,55.28811,Asia/Dubai,54.73684210526316,36.857894736842105,32.636842105263156,32.742105263157896,32.247368421052634,28.5,36.7,54.73684210526316,0.0,12.073684210526316,1007.1947368421053,0.42105263157894735,19,19,19,19
Serena,2024-10-07,25.03432,55.28811,Asia/Dubai,48.083333333333336,32.41708333333333,28.05125,32.99583333333333,33.44583333333333,29.9,38.0,48.083333333333336,0.2,12.233333333333334,1010.3958333333334,1.5416666666666667,24,24,24,24
Serena,2024-10-08,25.03432,55.28811,Asia/Dubai,49.75,20.33875,19.754583333333333,32.61666666666667,33.1875,28.5,38.7,49.75,0.0,12.854166666666666,1011.5875,0.5416666666666666,24,24,24,24
Serena,2024-10-09,25.03432,55.28811,Asia/Dubai,54.041666666666664,27.006666666666664,25.289583333333336,32.041666666666664,32.583333333333336,29.7,36.8,54.041666666666664,0.0,14.766666666666666,1010.5166666666665,0.4583333333333333,24,24,24,24
Serena,2024-10-10,25.03432,55.28811,Asia/Dubai,60.958333333333336,52.15833333333333,46.00833333333333,32.354166666666664,32.30416666666667,28.6,36.6,60.958333333333336,0.1,12.583333333333334,1009.1541666666667,0.7916666666666666,24,24,24,24
Serena,2024-10-11,25.03432,55.28811,Asia/Dubai,55.708333333333336,57.916666666666664,48.225,32.170833333333334,32.375,29.7,36.7,55.708333333333336,0.0,10.854166666666666,1008.8958333333334,0.16666666666666666,24,24,24,24
Serena,2024-10-12,25.03432,55.28811,Asia/Dubai,57.083333333333336,57.637499999999996,49.975,31.920833333333334,32.237500000000004,27.9,38.0,57.083333333333336,0.0,11.616666666666667,1008.5333333333333,0.4583333333333333,24,24,24,24
Serena,2024-10-13,25.03432,55.28811,Asia/Dubai,52.708333333333336,52.137499999999996,43.770833333333336,31.6875,32.166666666666664,28.6,36.0,52.708333333333336,0.0,11.3375,1008.2041666666668,0.16666666666666666,24,24,24,24
Serena,2024-10-14,25.03432,55.28811,Asia/Dubai,46.583333333333336,40.354166666666664,35.19583333333333,31.620833333333334,32.84583333333333,28.6,37.9,46.583333333333336,0.0,14.325000000000001,1008.3583333333332,0.041666666666666664,24,24,24,24
Serena,2024-10-15,25.03432,55.28811,Asia/Dubai,48.166666666666664,31.8125,28.991666666666664,31.412499999999998,32.6,28.7,37.7,48.166666666666664,0.0,17.170833333333334,1009.5583333333333,0.9166666666666666,24,24,24,24
Serena,2024-10-16,25.03432,55.28811,Asia/Dubai,54.041666666666664,18.940833333333334,18.40041666666667,31.03333333333333,31.84583333333333,28.5,37.0,54.041666666666664,0.0,16.829166666666666,1009.9875000000001,1.2083333333333333,24,24,24,24
Serena,2024-10-17,25.03432,55.28811,Asia/Dubai,58.333333333333336,8.947916666666666,8.680833333333334,31.40416666666667,31.558333333333334,28.7,35.0,58.333333333333336,0.0,13.991666666666667,1009.5958333333333,1.0,24,24,24,24
Serena,2024-10-18,25.03432,55.28811,Asia/Dubai,61.958333333333336,19.125,18.465416666666666,32.05833333333333,32.1875,28.2,36.1,61.958333333333336,0.0,12.145833333333334,1008.6333333333333,1.375,24,24,24,24
Serena,2024-10-19,25.03432,55.28811,Asia/Dubai,58.541666666666664,25.82625,23.920833333333334,32.775,32.93333333333333,28.9,37.0,58.541666666666664,0.0,12.975,1009.65,1.8333333333333333,24,24,24,24
Serena,2024-10-20,25.03432,55.28811,Asia/Dubai,64.25,61.49583333333334,55.875,33.25,32.69583333333333,29.9,37.3,64.25,0.0,13.070833333333333,1009.9250000000001,0.4583333333333333,24,24,24,24
Serena,2024-10-21,25.03432,55.28811,Asia/Dubai,65.79166666666667,81.84166666666667,77.75,32.666666666666664,32.266666666666666,29.1,37.2,65.79166666666667,0.0,12.508333333333333,1009.4791666666666,0.16666666666666666,24,24,24,24
Serena,2024-10-22,25.03432,55.28811,Asia/Dubai,69.79166666666667,75.79583333333333,69.125,31.7375,31.483333333333334,28.4,36.5,69.79166666666667,0.0,13.1875,1010.1708333333332,0.3333333333333333,24,24,24,24
Serena,2024-10-23,25.03432,55.28811,Asia/Dubai,60.25,44.475,38.829166666666666,31.666666666666668,31.72083333333333,26.9,37.6,60.25,0.0,13.333333333333334,1011.6333333333333,0.20833333333333334,24,24,24,24
Serena,2024-10-24,25.03432,55.28811,Asia/Dubai,51.375,32.97083333333333,28.757499999999997,32.225,32.525,28.6,38.9,51.375,0.0,13.154166666666667,1011.9666666666667,0.25,24,24,24,24
Serena,2024-10-25,25.03432,55.28811,Asia/Dubai,55.25,43.27916666666667,37.21666666666667,31.90416666666667,31.920833333333334,28.7,36.0,55.25,0.0,13.608333333333334,1012.6583333333333,1.1666666666666667,24,24,24,24
Serena,2024-10-26,25.03432,55.28811,Asia/Dubai,64.95833333333333,45.300000000000004,40.270833333333336,31.712500000000002,31.420833333333334,28.7,35.0,64.95833333333333,0.0,13.591666666666667,1013.1875,0.5416666666666666,24,24,24,24
Serena,2024-10-27,25.03432,55.28811,Asia/Dubai,61.041666666666664,27.620833333333334,25.139583333333334,30.8625,31.170833333333334,27.2,34.0,61.041666666666664,0.0,14.387500000000001,1012.4416666666666,0.375,24,24,24,24
Serena,2024-10-28,25.03432,55.28811,Asia/Dubai,53.833333333333336,22.633333333333336,21.95,30.8625,31.21666666666667,29.7,33.0,53.833333333333336,0.0,17.416666666666668,1010.2041666666668,0.6666666666666666,24,24,24,24
Serena,2024-10-29,25.03432,55.28811,Asia/Dubai,52.125,34.72083333333334,32.125,29.754166666666666,29.787499999999998,25.6,33.0,52.125,0.0,16.754166666666666,1010.2958333333332,0.5416666666666666,24,24,24,24
Serena,2024-10-30,25.03432,55.28811,Asia/Dubai,50.0,42.55833333333333,37.920833333333334,29.4875,29.683333333333334,24.6,32.8,50.0,0.0,15.1875,1010.7125,0.7083333333333334,24,24,24,24
Serena,2024-10-31,25.03432,55.28811,Asia/Dubai,54.041666666666664,56.15833333333333,48.47083333333333,29.6875,29.729166666666668,25.1,34.6,54.041666666666664,0.0,10.450000000000001,1012.0625,0.875,24,24,24,24
Serena,2024-11-01,25.03432,55.28811,Asia/Dubai,58.0,68.10000000000001,60.145833333333336,30.066666666666666,30.041666666666668,25.9,34.7,58.0,0.0,11.225,1013.5791666666668,0.0,24,24,24,24
Serena,2024-11-02,25.03432,55.28811,Asia/Dubai,58.583333333333336,62.99583333333334,55.020833333333336,30.104166666666668,30.270833333333332,26.2,33.7,58.583333333333336,0.0,10.979166666666666,1014.5708333333333,0.0,24,24,24,24
Serena,2024-11-03,25.03432,55.28811,Asia/Dubai,66.04166666666667,85.62916666666666,79.57916666666667,29.72083333333333,29.5125,25.2,35.0,66.04166666666667,0.0,10.604166666666666,1013.7291666666666,0.0,24,24,24,24
Serena,2024-11-04,25.03432,55.28811,Asia/Dubai,64.54166666666667,83.02916666666667,76.0125,29.304166666666664,29.304166666666664,23.9,34.7,64.54166666666667,0.0,8.4125,1012.65,0.0,24,24,24,24
Serena,2024-11-05,25.03432,55.28811,Asia/Dubai,57.875,52.37083333333334,44.4625,29.8625,30.083333333333332,24.7,35.6,57.875,0.0,8.345833333333333,1012.7458333333334,0.041666666666666664,24,24,24,24
Serena,2024-11-06,25.03432,55.28811,Asia/Dubai,62.958333333333336,54.0375,46.22083333333333,29.90416666666667,29.837500000000002,25.4,35.0,62.958333333333336,0.0,10.625,1014.8583333333332,0.08333333333333333,24,24,24,24
Serena,2024-11-07,25.03432,55.28811,Asia/Dubai,66.75,62.3125,56.81666666666666,29.900000000000002,29.608333333333334,25.7,34.0,66.75,0.0,10.825000000000001,1015.2624999999999,0.0,24,24,24,24
Serena,2024-11-08,25.03432,55.28811,Asia/Dubai,64.41666666666667,73.03333333333333,66.76666666666667,28.925,28.72083333333333,24.9,32.8,64.41666666666667,0.0,10.395833333333334,1014.25,0.25,24,24,24,24
Serena,2024-11-09,25.03432,55.28811,Asia/Dubai,58.416666666666664,60.03333333333333,51.35833333333333,28.441666666666666,28.19583333333333,23.6,33.2,58.416666666666664,0.0,9.125,1013.9625,0.16666666666666666,24,24,24,24
Serena,2024-11-10,25.03432,55.28811,Asia/Dubai,62.041666666666664,67.66250000000001,60.92916666666667,28.90833333333333,28.545833333333334,23.9,33.0,62.041666666666664,0.0,10.466666666666667,1015.0625,0.08333333333333333,24,24,24,24
Serena,2024-11-11,25.03432,55.28811,Asia/Dubai,61.083333333333336,61.50416666666666,54.72083333333333,29.108333333333334,29.03333333333333,24.5,33.1,61.083333333333336,0.0,11.270833333333334,1015.3416666666667,0.20833333333333334,24,24,24,24
Serena,2024-11-12,25.03432,55.28811,Asia/Dubai,61.583333333333336,59.80833333333334,50.68333333333334,28.974999999999998,28.712500000000002,24.3,32.0,61.583333333333336,0.0,11.6625,1013.7874999999999,0.041666666666666664,24,24,24,24
Serena,2024-11-13,25.03432,55.28811,Asia/Dubai,61.958333333333336,69.37083333333334,61.56666666666666,28.879166666666666,28.741666666666664,25.0,32.0,61.958333333333336,0.0,10.683333333333332,1011.8625000000001,0.3333333333333333,24,24,24,24
Serena,2024-11-14,25.03432,55.28811,Asia/Dubai,67.66666666666667,79.54583333333333,73.45,28.729166666666668,28.616666666666664,24.7,32.7,67.66666666666667,0.0,12.758333333333333,1011.7041666666665,0.6666666666666666,24,24,24,24
Serena,2024-11-15,25.03432,55.28811,Asia/Dubai,61.541666666666664,48.79583333333333,45.895833333333336,28.25,28.34583333333333,24.4,31.7,61.541666666666664,0.0,13.541666666666666,1013.9250000000001,1.0416666666666667,24,24,24,24
Serena,2024-11-16,25.03432,55.28811,Asia/Dubai,52.75,30.326666666666668,27.027916666666666,27.09583333333333,27.15833333333333,23.4,30.0,52.75,0.0,14.270833333333334,1014.3375,1.1666666666666667,24,24,24,24
Serena,2024-11-17,25.03432,55.28811,Asia/Dubai,49.833333333333336,41.84166666666667,37.449999999999996,26.724999999999998,26.9375,22.1,31.0,49.833333333333336,0.0,11.020833333333334,1013.4208333333332,0.9583333333333334,24,24,24,24
Serena,2024-11-18,25.03432,55.28811,Asia/Dubai,48.125,62.87916666666666,56.912499999999994,26.9875,27.204166666666666,22.4,32.7,48.125,0.0,9.049999999999999,1014.025,0.125,24,24,24,24
Serena,2024-11-19,25.03432,55.28811,Asia/Dubai,54.208333333333336,51.03333333333333,44.24583333333334,27.099999999999998,26.983333333333334,22.5,32.0,54.208333333333336,0.0,9.795833333333333,1015.4708333333333,0.2916666666666667,24,24,24,24
Serena,2024-11-20,25.03432,55.28811,Asia/Dubai,56.666666666666664,58.833333333333336,51.9,27.070833333333336,27.004166666666666,22.7,31.3,56.666666666666664,0.0,9.154166666666667,1015.1875,0.2916666666666667,24,24,24,24
Serena,2024-11-21,25.03432,55.28811,Asia/Dubai,59.875,64.825,56.800000000000004,26.683333333333334,26.50833333333333,22.4,30.7,59.875,0.0,10.275,1014.6166666666667,0.4583333333333333,24,24,24,24
Serena,2024-11-22,25.03432,55.28811,Asia/Dubai,67.91666666666667,84.97916666666667,78.17916666666666,27.316666666666666,27.245833333333334,23.1,31.1,67.91666666666667,0.0,9.995833333333334,1014.1291666666666,0.25,24,24,24,24
Serena,2024-11-23,25.03432,55.28811,Asia/Dubai,70.95833333333333,80.25416666666666,73.71249999999999,27.45,27.270833333333332,22.7,31.1,70.95833333333333,0.0,9.704166666666667,1014.0291666666667,1.75,24,24,24,24
Serena,2024-11-24,25.03432,55.28811,Asia/Dubai,65.20833333333333,42.104166666666664,36.3375,27.020833333333332,26.833333333333332,23.0,30.6,65.20833333333333,0.0,10.845833333333333,1013.5666666666666,1.25,24,24,24,24
Serena,2024-11-25,25.03432,55.28811,Asia/Dubai,63.666666666666664,48.541666666666664,41.68333333333333,26.945833333333336,26.866666666666664,22.4,32.2,63.666666666666664,0.0,9.945833333333335,1014.025,0.5,24,24,24,24
Serena,2024-11-26,25.03432,55.28811,Asia/Dubai,60.0,37.233333333333334,32.875,27.633333333333336,27.379166666666666,23.9,31.7,60.0,0.0,10.375,1015.1875,0.7083333333333334,24,24,24,24
Serena,2024-11-27,25.03432,55.28811,Asia/Dubai,59.791666666666664,47.8125,40.92916666666667,27.329166666666666,27.53333333333333,22.7,33.0,59.791666666666664,0.0,9.725,1014.0500000000001,0.2916666666666667,24,24,24,24
Serena,2024-11-28,25.03432,55.28811,Asia/Dubai,66.08333333333333,51.21666666666667,45.15,27.266666666666666,27.008333333333336,22.7,30.1,66.08333333333333,0.6000000000000001,17.279166666666665,1014.4499999999999,2.0416666666666665,24,24,24,24
Serena,2024-11-29,25.03432,55.28811,Asia/Dubai,56.375,16.03,15.519166666666665,27.079166666666666,26.337500000000002,24.7,27.7,56.375,0.0,20.775000000000002,1016.2416666666667,2.25,24,24,24,24
Serena,2024-11-30,25.03432,55.28811,Asia/Dubai,50.791666666666664,19.845833333333335,19.166666666666668,26.1375,24.875,21.0,27.5,50.791666666666664,0.0,20.462500000000002,1015.9250000000001,2.4583333333333335,24,24,24,24
Serena,2024-12-01,25.03432,55.28811,Asia/Dubai,47.0,16.734166666666667,15.661666666666667,25.75,24.641666666666666,23.5,26.0,47.0,0.0,20.116666666666667,1013.8874999999999,2.5,24,24,24,24
Serena,2024-12-02,25.03432,55.28811,Asia/Dubai,50.291666666666664,33.5375,30.791666666666668,25.6125,23.420833333333334,19.0,26.4,50.291666666666664,0.0,11.325000000000001,1013.6625,2.4166666666666665,24,24,24,24
Serena,2024-12-03,25.03432,55.28811,Asia/Dubai,43.0,32.6575,28.290833333333335,24.516666666666666,22.78333333333333,17.6,27.1,43.0,0.0,10.65,1016.0041666666666,0.7083333333333334,24,24,24,24
Serena,2024-12-04,25.03432,55.28811,Asia/Dubai,41.833333333333336,21.05,20.375,23.945833333333336,23.34166666666667,18.6,27.0,41.833333333333336,0.0,9.979166666666666,1017.3166666666666,0.4583333333333333,24,24,24,24
Serena,2024-12-05,25.03432,55.28811,Asia/Dubai,47.875,35.083333333333336,31.354166666666668,23.587500000000002,22.941666666666666,17.8,27.0,47.875,0.0,8.908333333333333,1017.5375,0.20833333333333334,24,24,24,24
Serena,2024-12-06,25.03432,55.28811,Asia/Dubai,61.583333333333336,85.56666666666666,77.84166666666667,24.366666666666664,23.72083333333333,18.7,28.0,61.583333333333336,0.0,8.508333333333333,1017.7874999999999,0.5416666666666666,24,24,24,24
Serena,2024-12-07,25.03432,55.28811,Asia/Dubai,61.291666666666664,85.34166666666665,78.82916666666667,25.566666666666666,25.266666666666666,22.0,29.7,61.291666666666664,0.0,9.958333333333334,1017.4791666666666,1.0833333333333333,24,24,24,24
Serena,2024-12-08,25.03432,55.28811,Asia/Dubai,45.041666666666664,37.4625,32.82083333333333,24.204166666666666,24.75,19.8,29.8,45.041666666666664,0.0,11.766666666666666,1019.3458333333333,0.08333333333333333,24,24,24,24
Serena,2024-12-09,25.03432,55.28811,Asia/Dubai,44.583333333333336,17.12875,16.475833333333334,23.691666666666666,23.587500000000002,17.8,28.6,44.583333333333336,0.0,10.508333333333333,1018.4958333333334,0.5416666666666666,24,24,24,24
Serena,2024-12-10,25.03432,55.28811,Asia/Dubai,56.458333333333336,26.8125,25.416666666666668,23.920833333333334,23.558333333333334,19.0,27.3,56.458333333333336,0.0,9.641666666666667,1016.9125,2.0416666666666665,24,24,24,24
Serena,2024-12-11,25.03432,55.28811,Asia/Dubai,54.666666666666664,27.628333333333334,24.34583333333333,24.129166666666666,24.054166666666664,20.4,28.5,54.666666666666664,0.0,13.299999999999999,1017.9666666666667,1.75,24,24,24,24
Serena,2024-12-12,25.03432,55.28811,Asia/Dubai,47.625,17.870416666666667,17.277916666666666,23.941666666666666,23.825,19.5,28.8,47.625,0.0,10.645833333333334,1018.0291666666667,0.5833333333333334,24,24,24,24
Serena,2024-12-13,25.03432,55.28811,Asia/Dubai,49.666666666666664,25.0625,23.291666666666668,23.6875,23.370833333333334,19.1,28.0,49.666666666666664,0.0,9.55,1016.9458333333333,0.75,24,24,24,24
Serena,2024-12-14,25.03432,55.28811,Asia/Dubai,51.458333333333336,52.95416666666667,44.34166666666667,23.679166666666664,23.5125,19.5,27.0,51.458333333333336,0.0,11.895833333333334,1016.7375000000001,1.2916666666666667,24,24,24,24
Serena,2024-12-15,25.03432,55.28811,Asia/Dubai,55.125,47.07083333333333,41.07083333333333,22.587500000000002,21.945833333333336,18.2,25.7,55.125,0.39999999999999997,13.429166666666667,1019.5166666666668,2.4166666666666665,24,24,24,24
Serena,2024-12-16,25.03432,55.28811,Asia/Dubai,54.5,25.3375,23.94375,22.5625,21.3125,17.7,25.3,54.5,0.0,11.09375,1021.40625,2.1875,16,16,16,16
Serena,2024-12-17,25.03432,55.28811,Asia/Dubai,42.78260869565217,42.243478260869566,35.839130434782604,22.256521739130434,21.321739130434782,17.2,24.4,42.78260869565217,0.0,9.104347826086956,1019.4260869565217,0.782608695652174,23,23,23,23
Serena,2024-12-18,25.03432,55.28811,Asia/Dubai,51.833333333333336,39.475,34.550000000000004,21.5125,21.583333333333332,18.7,24.7,51.833333333333336,0.0,13.491666666666667,1016.7958333333332,4.375,24,24,24,24
Serena,2024-12-19,25.03432,55.28811,Asia/Dubai,54.708333333333336,45.375,38.94166666666667,21.708333333333332,20.754166666666666,16.9,24.7,54.708333333333336,0.0,10.116666666666667,1016.15,3.3333333333333335,24,24,24,24
Serena,2024-12-20,25.03432,55.28811,Asia/Dubai,53.916666666666664,50.3125,42.512499999999996,22.129166666666666,20.85833333333333,15.6,26.0,53.916666666666664,0.0,9.0,1016.8166666666666,0.9583333333333334,24,24,24,24
Serena,2024-12-21,25.03432,55.28811,Asia/Dubai,54.208333333333336,49.020833333333336,43.44166666666666,21.791666666666668,20.629166666666666,15.9,25.0,54.208333333333336,0.0,11.004166666666668,1015.2041666666668,1.1666666666666667,24,24,24,24
Serena,2024-12-22,25.03432,55.28811,Asia/Dubai,59.583333333333336,44.5,38.34166666666667,21.883333333333336,20.395833333333332,16.0,24.3,59.583333333333336,0.0,16.066666666666666,1014.8833333333333,2.0,24,24,24,24
Serena,2024-12-23,25.03432,55.28811,Asia/Dubai,59.833333333333336,48.1875,41.324999999999996,21.625,20.395833333333332,15.9,25.0,59.833333333333336,0.30000000000000004,10.133333333333333,1016.225,1.6666666666666667,24,24,24,24
Serena,2024-12-24,25.03432,55.28811,Asia/Dubai,58.083333333333336,60.800000000000004,52.979166666666664,22.775000000000002,22.141666666666666,16.7,27.0,58.083333333333336,0.0,9.375,1017.0416666666666,1.375,24,24,24,24
Serena,2024-12-25,25.03432,55.28811,Asia/Dubai,59.708333333333336,74.77083333333333,67.49166666666666,23.0125,22.066666666666666,17.7,25.7,59.708333333333336,0.0,10.070833333333333,1018.2958333333332,1.2083333333333333,24,24,24,24
Serena,2024-12-26,25.03432,55.28811,Asia/Dubai,60.916666666666664,74.27916666666667,65.55,22.40833333333333,21.816666666666666,17.0,26.2,60.916666666666664,0.30000000000000004,9.366666666666667,1020.6083333333332,0.9583333333333334,24,24,24,24
Serena,2024-12-27,25.03432,55.28811,Asia/Dubai,50.625,51.63333333333333,45.65,23.054166666666664,22.495833333333334,18.2,28.0,50.625,0.0,10.1875,1021.3291666666668,0.20833333333333334,24,24,24,24
Serena,2024-12-28,25.03432,55.28811,Asia/Dubai,51.791666666666664,43.112500000000004,37.15,22.983333333333334,22.162499999999998,16.6,27.7,51.791666666666664,0.0,9.7125,1020.6083333333332,1.0,24,24,24,24
Serena,2024-12-29,25.03432,55.28811,Asia/Dubai,61.166666666666664,57.35833333333334,49.35833333333333,22.84166666666667,21.954166666666666,16.7,26.0,61.166666666666664,0.0,9.450000000000001,1019.5500000000001,2.0833333333333335,24,24,24,24
Serena,2024-12-30,25.03432,55.28811,Asia/Dubai,71.04545454545455,73.60909090909091,66.47727272727273,23.568181818181817,22.813636363636363,18.9,27.3,71.04545454545455,0.0,8.672727272727274,1018.0863636363637,2.1818181818181817,22,22,22,22
Serena,2024-12-31,25.03432,55.28811,Asia/Dubai,49.214285714285715,54.471428571428575,47.978571428571435,26.485714285714288,25.521428571428572,22.2,28.0,49.214285714285715,0.0,10.15,1017.0071428571429,3.7142857142857144,14,14,14,14
Serena,2025-01-01,25.03432,55.28811,Asia/Dubai,60.958333333333336,49.112500000000004,43.050000000000004,23.09166666666667,22.583333333333332,19.7,26.4,60.958333333333336,0.0,16.604166666666668,1016.2249999999999,3.7916666666666665,24,24,24,24
Serena,2025-01-02,25.03432,55.28811,Asia/Dubai,41.583333333333336,14.998750000000001,14.56875,22.704166666666666,21.616666666666664,20.3,23.0,41.583333333333336,0.0,28.570833333333336,1018.6541666666667,2.4583333333333335,24,24,24,24
Serena,2025-01-03,25.03432,55.28811,Asia/Dubai,43.458333333333336,34.50833333333333,30.933333333333334,18.670833333333334,19.529166666666665,16.5,22.0,43.458333333333336,0.0,12.554166666666667,1020.5,1.875,24,24,24,24
Serena,2025-01-04,25.03432,55.28811,Asia/Dubai,37.958333333333336,27.724999999999998,26.182916666666667,19.241666666666667,18.558333333333334,12.9,22.7,37.958333333333336,0.0,11.054166666666667,1021.4833333333332,1.375,24,24,24,24
Serena,2025-01-05,25.03432,55.28811,Asia/Dubai,48.208333333333336,45.55833333333334,39.43333333333333,19.712500000000002,18.929166666666667,13.4,22.7,48.208333333333336,0.0,10.458333333333334,1020.9499999999999,1.5833333333333333,24,24,24,24
Serena,2025-01-06,25.03432,55.28811,Asia/Dubai,49.63157894736842,55.20526315789474,51.95263157894737,20.936842105263157,19.610526315789475,13.9,25.0,49.63157894736842,0.0,12.678947368421053,1019.7526315789473,0.05263157894736842,19,19,19,19
Serena,2025-01-07,25.03432,55.28811,Asia/Dubai,49.5625,45.00625,38.4625,21.94375,21.14375,15.3,26.7,49.5625,0.0,11.206249999999999,1019.0375,2.4375,16,16,16,16
Serena,2025-01-08,25.03432,55.28811,Asia/Dubai,54.82608695652174,42.426086956521736,37.02608695652174,20.59565217391304,20.504347826086956,15.1,25.0,54.82608695652174,0.0,10.81304347826087,1017.4478260869565,2.782608695652174,23,23,23,23
Serena,2025-01-09,25.03432,55.28811,Asia/Dubai,68.8695652173913,76.79565217391304,69.79565217391304,20.721739130434784,20.017391304347825,16.7,23.7,68.8695652173913,0.30000000000000004,11.652173913043478,1015.8,2.0,23,23,23,23
Serena,2025-01-10,25.03432,55.28811,Asia/Dubai,62.833333333333336,55.03333333333333,47.112500000000004,21.46666666666667,20.224999999999998,15.2,25.0,62.833333333333336,0.0,10.762500000000001,1017.8541666666666,0.5833333333333334,24,24,24,24
Serena,2025-01-11,25.03432,55.28811,Asia/Dubai,49.388888888888886,36.28888888888889,32.11888888888889,20.005555555555556,20.016666666666666,14.7,26.0,49.388888888888886,0.0,10.144444444444444,1018.8777777777777,0.05555555555555555,18,18,18,18
Serena,2025-01-12,25.03432,55.28811,Asia/Dubai,48.0,35.333333333333336,32.266666666666666,14.4,15.866666666666667,15.4,16.6,48.0,0.0,6.966666666666666,1017.8666666666667,0.3333333333333333,3,3,3,3
Serena,2025-01-13,25.03432,55.28811,Asia/Dubai,61.333333333333336,55.1,45.76666666666667,21.0,22.2,21.7,22.7,61.333333333333336,0.0,21.400000000000002,1019.4333333333334,2.6666666666666665,3,3,3,3
Serena,2025-01-14,25.03432,55.28811,Asia/Dubai,59.75,57.4,47.4,18.9,21.4,21.2,21.7,59.75,0.0,13.05,1018.825,2.5,4,4,4,4
Serena,2025-02-11,25.03432,55.28811,Asia/Dubai,61.0,,37.35,20.05,21.049999999999997,20.9,21.2,61.0,0.0,7.85,1017.3,2.0,2,2,0,2
Serena,2025-02-12,25.03432,55.28811,Asia/Dubai,49.608695652173914,,37.67826086956522,25.065217391304348,23.921739130434784,18.1,32.0,49.608695652173914,0.0,11.291304347826086,1016.5304347826087,3.1739130434782608,23,23,0,23
Serena,2025-02-13,25.03432,55.28811,Asia/Dubai,36.666666666666664,,15.809583333333334,26.71666666666667,26.22083333333333,20.9,32.0,36.666666666666664,0.0,13.3125,1016.0124999999999,4.666666666666667,24,24,0,24
Serena,2025-02-14,25.03432,55.28811,Asia/Dubai,51.375,,20.239583333333332,26.216666666666665,25.662499999999998,23.0,30.0,51.375,0.0,14.075000000000001,1016.5333333333333,5.625,24,24,0,24
Serena,2025-02-15,25.03432,55.28811,Asia/Dubai,70.875,,40.416666666666664,24.633333333333336,22.90416666666667,20.3,26.0,70.875,0.0,12.237499999999999,1015.2791666666667,4.25,24,24,0,24
Serena,2025-02-16,25.03432,55.28811,Asia/Dubai,60.541666666666664,,43.770833333333336,25.837500000000002,24.108333333333334,21.7,26.1,60.541666666666664,1.9,11.4375,1014.3541666666666,5.083333333333333,24,24,0,24
Serena,2025-02-17,25.03432,55.28811,Asia/Dubai,52.375,,18.558333333333334,25.933333333333334,25.78333333333333,22.5,32.0,52.375,2.3,15.104166666666666,1013.9124999999999,4.833333333333333,24,24,0,24
Serena,2025-02-18,25.03432,55.28811,Asia/Dubai,58.916666666666664,,24.741666666666664,23.516666666666666,23.808333333333334,21.5,27.0,58.916666666666664,2.2,10.0,1015.2208333333333,4.458333333333333,24,24,0,24
Serena,2025-02-19,25.03432,55.28811,Asia/Dubai,59.5,,33.12916666666667,24.71666666666667,22.991666666666664,20.5,26.0,59.5,0.0,10.804166666666667,1014.8333333333334,2.9166666666666665,24,24,0,24
Serena,2025-02-20,25.03432,55.28811,Asia/Dubai,54.625,,41.55833333333333,25.02916666666667,22.933333333333334,18.9,27.7,54.625,0.7,10.520833333333334,1011.8499999999999,3.5416666666666665,24,24,0,24
Serena,2025-02-21,25.03432,55.28811,Asia/Dubai,48.708333333333336,,39.541666666666664,27.05,25.53333333333333,22.7,30.3,48.708333333333336,1.7,11.929166666666667,1013.3499999999999,2.3333333333333335,24,24,0,24
Serena,2025-02-22,25.03432,55.28811,Asia/Dubai,59.916666666666664,,33.525,25.47083333333333,23.712500000000002,19.7,28.0,59.916666666666664,0.0,8.775,1015.2708333333334,1.125,24,24,0,24
Serena,2025-02-23,25.03432,55.28811,Asia/Dubai,48.916666666666664,,31.34583333333333,27.545833333333334,26.2,19.5,35.3,48.916666666666664,0.0,12.758333333333333,1012.4291666666667,2.5,24,24,0,24
Serena,2025-02-24,25.03432,55.28811,Asia/Dubai,65.0,,35.229166666666664,25.433333333333334,25.162499999999998,23.7,27.3,65.0,0.0,12.4125,1012.2833333333333,4.416666666666667,24,24,0,24
Serena,2025-02-25,25.03432,55.28811,Asia/Dubai,60.75,,19.46708333333333,22.712500000000002,22.25,19.7,23.7,60.75,0.3,21.34583333333333,1016.4875000000001,6.5,24,24,0,24
Serena,2025-02-26,25.03432,55.28811,Asia/Dubai,55.125,,12.066666666666668,22.104166666666668,19.995833333333334,16.7,22.0,55.125,0.0,13.254166666666668,1019.1291666666666,5.208333333333333,24,24,0,24
Serena,2025-02-27,25.03432,55.28811,Asia/Dubai,54.625,,17.5625,22.679166666666664,20.841666666666665,20.0,22.0,54.625,0.0,19.841666666666665,1018.2333333333332,6.583333333333333,24,24,0,24
Serena,2025-02-28,25.03432,55.28811,Asia/Dubai,50.541666666666664,,15.599583333333333,22.75,20.8625,19.0,23.0,50.541666666666664,0.0,19.804166666666667,1016.5416666666666,3.2083333333333335,24,24,0,24
Serena,2025-03-01,25.03432,55.28811,Asia/Dubai,56.708333333333336,,21.666666666666668,22.691666666666666,20.170833333333334,16.0,23.7,56.708333333333336,0.0,12.5375,1015.2624999999999,2.5416666666666665,24,24,0,24
Serena,2025-03-02,25.03432,55.28811,Asia/Dubai,55.291666666666664,,26.098333333333333,23.3,20.900000000000002,17.6,24.0,55.291666666666664,0.0,16.429166666666667,1014.9458333333333,2.375,24,24,0,24
Serena,2025-03-03,25.03432,55.28811,Asia/Dubai,41.666666666666664,,26.925,23.24166666666667,21.2375,17.7,24.0,41.666666666666664,0.0,13.583333333333334,1017.475,0.625,24,24,0,24
Serena,2025-03-04,25.03432,55.28811,Asia/Dubai,38.791666666666664,,28.175,23.78333333333333,23.004166666666666,16.1,29.7,38.791666666666664,0.0,18.1375,1017.0666666666666,2.0833333333333335,24,24,0,24
Serena,2025-03-05,25.03432,55.28811,Asia/Dubai,42.458333333333336,,24.1125,25.308333333333334,24.8125,21.7,31.0,42.458333333333336,0.0,18.579166666666666,1016.9250000000001,4.083333333333333,24,24,0,24
Serena,2025-03-06,25.03432,55.28811,Asia/Dubai,36.375,,18.145833333333332,26.724999999999998,25.662499999999998,20.7,31.0,36.375,0.0,12.1,1016.1750000000001,1.5833333333333333,24,24,0,24
Serena,2025-03-07,25.03432,55.28811,Asia/Dubai,25.5,,14.479166666666666,29.03333333333333,28.429166666666664,22.4,33.7,25.5,0.0,11.5875,1013.3125,1.5833333333333333,24,24,0,24
Serena,2025-03-08,25.03432,55.28811,Asia/Dubai,20.5,,9.519583333333333,29.212500000000002,29.099999999999998,24.7,35.9,20.5,0.0,12.791666666666666,1009.6333333333333,2.0416666666666665,24,24,0,24
Serena,2025-03-09,25.03432,55.28811,Asia/Dubai,31.916666666666668,,16.791666666666668,27.820833333333336,27.59166666666667,24.2,31.7,31.916666666666668,0.0,15.620833333333332,1010.4541666666665,4.416666666666667,24,24,0,24
Serena,2025-03-10,25.03432,55.28811,Asia/Dubai,48.458333333333336,,20.408333333333335,26.108333333333334,26.870833333333334,23.8,30.8,48.458333333333336,0.7,12.716666666666667,1012.6958333333333,5.25,24,24,0,24
Serena,2025-03-11,25.03432,55.28811,Asia/Dubai,39.166666666666664,,22.77916666666667,27.829166666666666,28.541666666666668,25.2,35.7,39.166666666666664,0.1,9.804166666666667,1013.0500000000001,4.791666666666667,24,24,0,24
Serena,2025-03-12,25.03432,55.28811,Asia/Dubai,40.458333333333336,,39.329166666666666,27.891666666666666,27.995833333333334,25.0,31.4,40.458333333333336,0.0,10.770833333333334,1013.5416666666666,5.041666666666667,24,24,0,24
Serena,2025-03-13,25.03432,55.28811,Asia/Dubai,58.875,,91.15833333333335,26.65833333333333,24.77916666666667,22.0,27.5,58.875,0.0,14.516666666666666,1013.6666666666666,3.625,24,24,0,24
Serena,2025-03-14,25.03432,55.28811,Asia/Dubai,68.20833333333333,,71.925,25.412499999999998,23.191666666666666,18.2,27.2,68.20833333333333,0.0,10.754166666666668,1013.7958333333332,0.4583333333333333,24,24,0,24
Serena,2025-03-15,25.03432,55.28811,Asia/Dubai,60.291666666666664,,75.62083333333334,26.083333333333332,24.808333333333334,19.1,30.7,60.291666666666664,0.0,11.887500000000001,1014.1999999999999,0.7916666666666666,24,24,0,24
Serena,2025-03-16,25.03432,55.28811,Asia/Dubai,50.791666666666664,,42.99166666666667,27.395833333333332,25.90416666666667,19.7,33.0,50.791666666666664,0.0,12.174999999999999,1015.2291666666666,2.0416666666666665,24,24,0,24
Serena,2025-03-17,25.03432,55.28811,Asia/Dubai,61.291666666666664,,66.19583333333334,24.816666666666666,25.0,23.5,28.8,61.291666666666664,0.0,10.85,1014.6041666666666,3.2916666666666665,24,24,0,24
Serena,2025-03-18,25.03432,55.28811,Asia/Dubai,65.75,,78.92083333333333,25.208333333333332,23.25,17.5,28.7,65.75,0.0,12.9,1013.6374999999999,1.2083333333333333,24,24,0,24
Serena,2025-03-19,25.03432,55.28811,Asia/Dubai,52.0,,61.03333333333333,25.870833333333334,24.1375,18.7,29.4,52.0,0.0,11.200000000000001,1013.4958333333334,0.5833333333333334,24,24,0,24
Serena,2025-03-20,25.03432,55.28811,Asia/Dubai,44.25,,65.12083333333334,27.349999999999998,26.179166666666664,18.7,32.1,44.25,0.0,9.075000000000001,1013.9041666666667,1.0833333333333333,24,24,0,24
Serena,2025-03-21,25.03432,55.28811,Asia/Dubai,33.125,,44.99583333333334,29.0125,28.133333333333336,21.4,36.7,33.125,0.0,12.987499999999999,1014.65,1.375,24,24,0,24
Serena,2025-03-22,25.03432,55.28811,Asia/Dubai,21.083333333333332,,21.787499999999998,29.666666666666668,29.6375,24.6,35.0,21.083333333333332,0.0,15.629166666666668,1013.7041666666665,1.4166666666666667,24,24,0,24
Serena,2025-03-23,25.03432,55.28811,Asia/Dubai,31.875,,22.97083333333333,28.958333333333332,28.97083333333333,25.4,35.0,31.875,0.0,13.841666666666667,1013.2291666666666,4.166666666666667,24,24,0,24
Serena,2025-03-24,25.03432,55.28811,Asia/Dubai,61.083333333333336,,24.912499999999998,27.058333333333334,24.9375,21.7,27.0,61.083333333333336,0.0,19.008333333333333,1015.3708333333333,2.9166666666666665,24,24,0,24
Serena,2025-03-25,25.03432,55.28811,Asia/Dubai,53.666666666666664,,20.983333333333334,24.858333333333334,22.008333333333336,20.7,24.7,53.666666666666664,0.0,25.59583333333333,1014.5708333333333,2.5,24,24,0,24
Serena,2025-03-26,25.03432,55.28811,Asia/Dubai,57.541666666666664,,34.38333333333333,24.745833333333334,22.045833333333334,17.4,26.0,57.541666666666664,0.0,15.366666666666667,1012.6583333333333,1.375,24,24,0,24
Serena,2025-03-27,25.03432,55.28811,Asia/Dubai,60.541666666666664,,59.62916666666666,25.3875,23.325,17.9,29.0,60.541666666666664,0.0,12.341666666666667,1013.4333333333334,0.75,24,24,0,24
Serena,2025-03-28,25.03432,55.28811,Asia/Dubai,55.333333333333336,,62.6875,26.675,25.054166666666664,19.9,29.3,55.333333333333336,0.0,10.791666666666666,1013.2624999999999,2.5,24,24,0,24
Serena,2025-03-29,25.03432,55.28811,Asia/Dubai,37.875,,34.05416666666667,27.729166666666668,26.7,20.7,32.3,37.875,0.0,12.654166666666667,1012.6125000000001,0.625,24,24,0,24
Serena,2025-03-30,25.03432,55.28811,Asia/Dubai,37.708333333333336,,29.166666666666668,29.55,27.508333333333336,21.5,33.4,37.708333333333336,0.0,10.262500000000001,1012.4625,0.625,24,24,0,24
Serena,2025-03-31,25.03432,55.28811,Asia/Dubai,27.875,,21.943749999999998,30.695833333333336,28.504166666666666,23.4,35.2,27.875,0.0,10.579166666666667,1012.5500000000001,0.7916666666666666,24,24,0,24
Serena,2025-04-01,25.03432,55.28811,Asia/Dubai,32.875,,29.704166666666666,30.337500000000002,28.15416666666667,23.0,34.3,32.875,0.0,11.7125,1011.4958333333334,1.25,24,24,0,24
Serena,2025-04-02,25.03432,55.28811,Asia/Dubai,39.0,,51.81666666666666,30.1125,27.504166666666666,22.1,32.3,39.0,0.0,9.458333333333334,1010.2291666666666,0.5416666666666666,24,24,0,24
Serena,2025-04-03,25.03432,55.28811,Asia/Dubai,42.5,,64.88333333333334,30.933333333333334,28.65833333333333,22.4,38.4,42.5,0.0,11.016666666666666,1010.1208333333334,0.75,24,24,0,24
Serena,2025-04-04,25.03432,55.28811,Asia/Dubai,23.708333333333332,,33.91916666666666,33.108333333333334,31.666666666666668,24.7,39.3,23.708333333333332,0.0,11.5,1010.7291666666666,0.75,24,24,0,24
Serena,2025-04-05,25.03432,55.28811,Asia/Dubai,17.833333333333332,,17.467916666666667,33.07083333333333,32.045833333333334,26.4,39.9,17.833333333333332,0.0,12.958333333333334,1011.2291666666666,0.75,24,24,0,24
Serena,2025-04-06,25.03432,55.28811,Asia/Dubai,21.5,,18.3625,33.00833333333333,31.662499999999998,25.1,40.0,21.5,0.0,11.504166666666668,1011.0083333333333,1.2916666666666667,24,24,0,24
Serena,2025-04-07,25.03432,55.28811,Asia/Dubai,26.833333333333332,,25.22083333333333,33.1875,31.46666666666667,25.1,39.0,26.833333333333332,0.0,12.083333333333334,1011.0833333333334,2.8333333333333335,24,24,0,24
Serena,2025-04-08,25.03432,55.28811,Asia/Dubai,32.0,,29.4675,32.57083333333333,31.037499999999998,24.2,36.5,32.0,0.0,12.408333333333333,1010.2291666666666,2.3333333333333335,24,24,0,24
Serena,2025-04-09,25.03432,55.28811,Asia/Dubai,52.041666666666664,,17.668333333333333,31.3125,28.6125,24.0,32.4,52.041666666666664,0.0,13.570833333333333,1009.1666666666666,0.125,24,24,0,24
Serena,2025-04-10,25.03432,55.28811,Asia/Dubai,56.083333333333336,,33.645833333333336,30.724999999999998,28.170833333333334,23.4,32.7,56.083333333333336,0.0,11.433333333333332,1006.4333333333333,0.4166666666666667,24,24,0,24
Serena,2025-04-11,25.03432,55.28811,Asia/Dubai,51.291666666666664,,49.1875,31.670833333333334,29.383333333333336,23.2,36.7,51.291666666666664,0.0,11.5375,1003.6791666666667,0.3333333333333333,24,24,0,24
Serena,2025-04-12,25.03432,55.28811,Asia/Dubai,27.875,,38.37916666666667,33.458333333333336,32.483333333333334,26.4,39.3,27.875,0.0,10.733333333333334,1003.9,0.4166666666666667,24,24,0,24
Serena,2025-04-13,25.03432,55.28811,Asia/Dubai,20.583333333333332,,25.520833333333332,34.9375,34.84166666666667,29.4,40.0,20.583333333333332,0.0,13.979166666666666,1006.8375,0.20833333333333334,24,24,0,24
Serena,2025-04-14,25.03432,55.28811,Asia/Dubai,26.166666666666668,,29.795833333333334,35.079166666666666,34.09166666666667,28.9,41.0,26.166666666666668,0.0,11.870833333333332,1008.2583333333333,1.2083333333333333,24,24,0,24
Serena,2025-04-15,25.03432,55.28811,Asia/Dubai,30.375,,38.295833333333334,33.525,33.520833333333336,29.7,41.0,30.375,0.0,13.695833333333333,1008.2166666666667,2.9166666666666665,24,24,0,24
Serena,2025-04-16,25.03432,55.28811,Asia/Dubai,52.166666666666664,,43.15,32.516666666666666,30.1125,26.0,35.3,52.166666666666664,0.0,14.725,1009.2291666666666,0.0,24,24,0,24
Serena,2025-04-17,25.03432,55.28811,Asia/Dubai,51.5,,10.847499999999998,30.620833333333334,27.666666666666668,23.7,31.4,51.5,0.0,17.849999999999998,1009.4291666666667,0.25,24,24,0,24
Serena,2025-04-18,25.03432,55.28811,Asia/Dubai,53.125,,16.7275,30.27916666666667,27.041666666666668,25.7,29.0,53.125,0.0,20.099999999999998,1009.375,0.5416666666666666,24,24,0,24
Serena,2025-04-19,25.03432,55.28811,Asia/Dubai,55.25,,30.15833333333333,29.929166666666664,26.316666666666666,22.7,30.0,55.25,0.0,15.775,1009.6791666666667,1.2916666666666667,24,24,0,24
Serena,2025-04-20,25.03432,55.28811,Asia/Dubai,55.25,,34.99583333333333,30.075,26.495833333333334,22.3,30.2,55.25,0.0,12.608333333333333,1010.0416666666666,0.8333333333333334,24,24,0,24
Serena,2025-04-21,25.03432,55.28811,Asia/Dubai,54.958333333333336,,36.62375,31.55,28.166666666666668,23.0,35.2,54.958333333333336,0.0,10.970833333333333,1011.6541666666667,0.5416666666666666,24,24,0,24
Serena,2025-04-22,25.03432,55.28811,Asia/Dubai,42.25,,50.50416666666666,32.40833333333333,29.883333333333336,23.4,35.7,42.25,0.0,9.6625,1012.7083333333334,0.375,24,24,0,24
Serena,2025-04-23,25.03432,55.28811,Asia/Dubai,25.333333333333332,,38.675000000000004,34.40416666666667,33.09166666666667,25.9,38.0,25.333333333333332,0.0,9.491666666666667,1010.3583333333332,0.4583333333333333,24,24,0,24
Serena,2025-04-24,25.03432,55.28811,Asia/Dubai,43.125,,51.05416666666667,32.7875,30.041666666666668,26.6,35.0,43.125,0.0,10.995833333333332,1007.0083333333333,0.3333333333333333,24,24,0,24
Serena,2025-04-25,25.03432,55.28811,Asia/Dubai,52.291666666666664,,78.96249999999999,32.479166666666664,29.96666666666667,23.9,37.5,52.291666666666664,0.0,11.575000000000001,1006.7624999999999,0.5416666666666666,24,24,0,24
Serena,2025-04-26,25.03432,55.28811,Asia/Dubai,34.291666666666664,,71.23333333333333,34.233333333333334,33.06666666666667,25.7,42.3,34.291666666666664,0.0,10.0,1006.4625,3.2083333333333335,24,24,0,24
Serena,2025-04-27,25.03432,55.28811,Asia/Dubai,21.583333333333332,,32.7875,35.775,35.8375,28.4,43.7,21.583333333333332,0.0,10.816666666666668,1006.8458333333333,3.7083333333333335,24,24,0,24
Serena,2025-04-28,25.03432,55.28811,Asia/Dubai,16.166666666666668,,25.933333333333334,36.391666666666666,36.15833333333333,30.4,43.1,16.166666666666668,0.0,11.875,1005.8125,3.3333333333333335,24,24,0,24
Serena,2025-04-29,25.03432,55.28811,Asia/Dubai,19.0,,23.320833333333336,35.875,35.8875,29.4,43.7,19.0,0.0,11.700000000000001,1004.4166666666666,0.6666666666666666,24,24,0,24
Serena,2025-04-30,25.03432,55.28811,Asia/Dubai,26.75,,26.983333333333334,34.520833333333336,34.93333333333333,29.1,41.8,26.75,0.0,12.720833333333333,1005.3291666666665,0.4583333333333333,24,24,0,24
Serena,2025-05-01,25.03432,55.28811,Asia/Dubai,25.916666666666668,,35.545833333333334,34.4125,34.50833333333333,29.1,40.7,25.916666666666668,0.0,11.866666666666667,1006.5208333333334,0.5416666666666666,24,24,0,24
Serena,2025-05-02,25.03432,55.28811,Asia/Dubai,33.208333333333336,,59.916666666666664,34.204166666666666,34.05416666666667,27.2,40.3,33.208333333333336,0.0,10.012500000000001,1006.5,0.125,24,24,0,24
Serena,2025-05-03,25.03432,55.28811,Asia/Dubai,33.208333333333336,,41.324999999999996,34.36666666666667,33.916666666666664,28.7,38.5,33.208333333333336,0.0,14.0625,1005.0749999999999,1.3333333333333333,24,24,0,24
Serena,2025-05-04,25.03432,55.28811,Asia/Dubai,24.208333333333332,,36.30416666666667,34.81666666666667,35.083333333333336,29.2,42.0,24.208333333333332,0.0,14.033333333333333,1003.7833333333333,1.125,24,24,0,24
Serena,2025-05-05,25.03432,55.28811,Asia/Dubai,22.208333333333332,,42.15833333333333,34.74166666666667,35.5375,29.4,41.3,22.208333333333332,0.0,13.025,1003.3541666666666,0.75,24,24,0,24
Serena,2025-05-06,25.03432,55.28811,Asia/Dubai,35.833333333333336,,32.11125,33.75416666666667,33.84166666666667,29.7,38.1,35.833333333333336,0.0,17.891666666666666,1003.6875,0.0,24,24,0,24
Serena,2025-05-07,25.03432,55.28811,Asia/Dubai,45.916666666666664,,13.989583333333334,32.329166666666666,30.958333333333332,28.0,33.0,45.916666666666664,0.0,20.962500000000002,1004.9208333333332,0.3333333333333333,24,24,0,24
Serena,2025-05-08,25.03432,55.28811,Asia/Dubai,52.25,,21.141666666666666,30.337500000000002,28.412499999999998,24.0,32.3,52.25,0.0,19.916666666666668,1004.3791666666666,0.5,24,24,0,24
Serena,2025-05-09,25.03432,55.28811,Asia/Dubai,56.625,,41.829166666666666,31.212500000000002,29.079166666666666,24.0,36.2,56.625,0.0,12.575000000000001,1006.0041666666666,0.5,24,24,0,24
Serena,2025-05-10,25.03432,55.28811,Asia/Dubai,63.583333333333336,,84.35833333333333,31.708333333333332,30.316666666666666,25.5,34.5,63.583333333333336,0.0,11.766666666666666,1006.9583333333334,0.16666666666666666,24,24,0,24
Serena,2025-05-11,25.03432,55.28811,Asia/Dubai,46.833333333333336,,51.44583333333333,33.324999999999996,32.6125,27.7,38.0,46.833333333333336,0.0,11.975,1005.9666666666667,0.375,24,24,0,24
Serena,2025-05-12,25.03432,55.28811,Asia/Dubai,32.375,,35.2125,34.4625,34.641666666666666,29.7,40.5,32.375,0.0,10.779166666666667,1004.1916666666666,0.8333333333333334,24,24,0,24
Serena,2025-05-13,25.03432,55.28811,Asia/Dubai,27.041666666666668,,31.016666666666666,34.74166666666667,35.31666666666667,29.4,42.0,27.041666666666668,0.0,12.016666666666666,1004.1208333333333,0.4166666666666667,24,24,0,24
Serena,2025-05-14,25.03432,55.28811,Asia/Dubai,30.583333333333332,,23.680833333333336,34.87083333333333,35.09166666666667,29.7,40.7,30.583333333333332,0.0,14.195833333333333,1005.0999999999999,0.25,24,24,0,24
Serena,2025-05-15,25.03432,55.28811,Asia/Dubai,26.083333333333332,,16.820416666666667,34.80833333333333,35.63333333333333,29.4,41.0,26.083333333333332,0.0,14.433333333333332,1006.4208333333332,0.16666666666666666,24,24,0,24
Serena,2025-05-16,25.03432,55.28811,Asia/Dubai,32.916666666666664,,34.11666666666667,33.84583333333333,33.708333333333336,29.4,39.0,32.916666666666664,0.0,12.1625,1005.6791666666667,0.2916666666666667,24,24,0,24
Serena,2025-05-17,25.03432,55.28811,Asia/Dubai,60.166666666666664,,45.64166666666667,32.84166666666667,31.320833333333336,27.0,35.5,60.166666666666664,0.0,16.525000000000002,1004.2958333333332,0.25,24,24,0,24
Serena,2025-05-18,25.03432,55.28811,Asia/Dubai,52.375,,32.625,32.37916666666667,30.858333333333334,26.0,35.7,52.375,0.0,12.441666666666668,1004.5583333333333,0.20833333333333334,24,24,0,24
Serena,2025-05-19,25.03432,55.28811,Asia/Dubai,56.041666666666664,,51.958333333333336,32.699999999999996,31.933333333333334,26.9,36.0,56.041666666666664,0.0,10.758333333333333,1002.6999999999999,0.2916666666666667,24,24,0,24
Serena,2025-05-20,25.03432,55.28811,Asia/Dubai,55.541666666666664,,86.68333333333334,34.012499999999996,33.512499999999996,28.7,38.0,55.541666666666664,0.0,10.529166666666667,1001.7083333333334,0.16666666666666666,24,24,0,24
Serena,2025-05-21,25.03432,55.28811,Asia/Dubai,47.125,,94.97500000000001,34.770833333333336,34.362500000000004,28.7,41.2,47.125,0.0,10.529166666666667,1001.025,0.0,24,24,0,24
Serena,2025-05-22,25.03432,55.28811,Asia/Dubai,46.875,,91.31666666666666,35.583333333333336,35.425000000000004,28.5,43.7,46.875,0.0,11.441666666666668,999.9833333333332,0.125,24,24,0,24
Serena,2025-05-23,25.03432,55.28811,Asia/Dubai,27.208333333333332,,42.80416666666667,36.550000000000004,37.25833333333333,31.1,44.5,27.208333333333332,0.0,10.887500000000001,997.5583333333333,0.16666666666666666,24,24,0,24
Serena,2025-05-24,25.03432,55.28811,Asia/Dubai,24.5,,31.254166666666666,36.87083333333333,37.93333333333333,31.1,46.5,24.5,0.0,11.375,996.6666666666666,0.2916666666666667,24,24,0,24
Serena,2025-05-25,25.03432,55.28811,Asia/Dubai,35.416666666666664,,38.770833333333336,36.170833333333334,36.28333333333333,30.9,44.2,35.416666666666664,0.0,13.391666666666666,997.8249999999999,0.375,24,24,0,24
Serena,2025-05-26,25.03432,55.28811,Asia/Dubai,37.666666666666664,,42.05833333333333,36.07083333333333,36.954166666666666,29.9,45.2,37.666666666666664,0.0,14.704166666666666,1000.1166666666667,0.16666666666666666,24,24,0,24
Serena,2025-05-27,25.03432,55.28811,Asia/Dubai,41.958333333333336,,26.599999999999998,34.604166666666664,34.35,30.5,37.3,41.958333333333336,0.0,14.745833333333332,1000.1125000000001,0.0,24,24,0,24
Serena,2025-05-28,25.03432,55.28811,Asia/Dubai,48.958333333333336,,43.24583333333334,34.175,33.5625,28.9,37.7,48.958333333333336,0.0,13.625,999.6541666666667,0.041666666666666664,24,24,0,24
Serena,2025-05-29,25.03432,55.28811,Asia/Dubai,43.0,,64.69583333333334,35.362500000000004,35.512499999999996,29.7,43.0,43.0,0.0,11.808333333333332,999.0749999999999,0.041666666666666664,24,24,0,24
Serena,2025-05-30,25.03432,55.28811,Asia/Dubai,40.333333333333336,,71.47500000000001,35.43333333333333,35.333333333333336,30.7,40.3,40.333333333333336,0.0,12.504166666666668,998.8791666666666,0.041666666666666664,24,24,0,24
Serena,2025-05-31,25.03432,55.28811,Asia/Dubai,50.958333333333336,,40.975,34.520833333333336,34.09583333333333,29.0,39.3,50.958333333333336,0.0,15.204166666666666,1000.5833333333334,0.0,24,24,0,24
Serena,2025-06-01,25.03432,55.28811,Asia/Dubai,53.94444444444444,,21.833333333333332,32.894444444444446,31.744444444444444,27.7,37.0,53.94444444444444,0.0,11.05,1002.5777777777779,0.16666666666666666,18,18,0,18
Serena,2025-06-02,25.03432,55.28811,Asia/Dubai,41.625,,41.825,39.7625,35.9875,32.5,40.0,41.625,0.0,12.175,1000.75,0.0,8,8,0,8
Serena,2025-06-03,25.03432,55.28811,Asia/Dubai,62.5,,52.7,32.97222222222222,32.77777777777778,27.7,37.8,62.5,0.0,12.572222222222221,998.4222222222221,0.0,18,18,0,18
Serena,2025-06-04,25.03432,55.28811,Asia/Dubai,64.375,,29.695833333333336,33.4625,32.041666666666664,28.0,37.0,64.375,0.0,15.941666666666668,999.6166666666667,0.20833333333333334,24,24,0,24
Serena,2025-06-05,25.03432,55.28811,Asia/Dubai,57.041666666666664,,29.695833333333336,33.15,31.833333333333332,27.0,38.9,57.041666666666664,0.0,14.866666666666667,1002.1458333333334,0.0,24,24,0,24
Serena,2025-06-06,25.03432,55.28811,Asia/Dubai,57.041666666666664,,30.204166666666666,32.57083333333333,31.25,26.7,36.5,57.041666666666664,0.0,14.679166666666667,1005.0166666666665,0.5,24,24,0,24
Serena,2025-06-07,25.03432,55.28811,Asia/Dubai,64.20833333333333,,44.3375,32.737500000000004,32.020833333333336,27.2,36.0,64.20833333333333,0.0,14.066666666666668,1005.4083333333333,0.5416666666666666,24,24,0,24
Serena,2025-06-08,25.03432,55.28811,Asia/Dubai,64.20833333333333,,44.39166666666667,34.145833333333336,33.262499999999996,30.5,38.0,64.20833333333333,0.0,13.637500000000001,1004.75,0.3333333333333333,24,24,0,24
Serena,2025-06-09,25.03432,55.28811,Asia/Dubai,46.166666666666664,,31.141666666666666,35.59166666666667,35.541666666666664,30.5,40.0,46.166666666666664,0.1,14.091666666666667,1004.5833333333334,0.4166666666666667,24,24,0,24
Serena,2025-06-10,25.03432,55.28811,Asia/Dubai,37.291666666666664,,21.358333333333334,36.43333333333333,37.079166666666666,30.9,42.7,37.291666666666664,0.0,12.529166666666667,1002.6999999999999,0.0,24,24,0,24
Serena,2025-06-11,25.03432,55.28811,Asia/Dubai,32.17391304347826,,25.504347826086956,35.97826086956522,36.82173913043478,31.9,42.0,32.17391304347826,0.0,12.969565217391304,1002.0260869565217,0.0,23,23,0,23
Serena,2025-06-12,25.03432,55.28811,Asia/Dubai,32.125,,29.425,36.387499999999996,37.46666666666667,32.4,44.2,32.125,0.0,11.575000000000001,1001.5166666666665,0.0,24,24,0,24
Serena,2025-06-13,25.03432,55.28811,Asia/Dubai,36.75,,46.82083333333333,36.704166666666666,37.13333333333333,32.7,43.3,36.75,0.0,11.708333333333334,1000.8208333333333,0.041666666666666664,24,24,0,24
Serena,2025-06-14,25.03432,55.28811,Asia/Dubai,36.75,,58.0625,36.19583333333333,36.949999999999996,31.7,44.3,36.75,0.0,12.645833333333334,999.8083333333333,0.0,24,24,0,24
Serena,2025-06-15,25.03432,55.28811,Asia/Dubai,32.916666666666664,,56.8375,35.55833333333333,35.78333333333333,32.2,39.2,32.916666666666664,0.0,11.508333333333333,996.9708333333333,0.041666666666666664,24,24,0,24
Serena,2025-06-16,25.03432,55.28811,Asia/Dubai,41.291666666666664,,76.97916666666667,35.75833333333333,36.454166666666666,31.9,40.4,41.291666666666664,0.0,12.220833333333333,994.9375,0.0,24,24,0,24
Serena,2025-06-17,25.03432,55.28811,Asia/Dubai,39.791666666666664,,70.72916666666667,36.65,37.65416666666667,31.2,44.3,39.791666666666664,0.0,12.120833333333332,995.2708333333334,0.0,24,24,0,24
Serena,2025-06-18,25.03432,55.28811,Asia/Dubai,41.833333333333336,,43.62916666666666,35.775,36.00833333333333,30.3,42.3,41.833333333333336,0.0,12.8375,996.4833333333332,0.0,24,24,0,24
Serena,2025-06-19,25.03432,55.28811,Asia/Dubai,60.291666666666664,,38.30833333333333,35.65416666666667,34.954166666666666,30.3,41.0,60.291666666666664,0.0,13.8375,996.7624999999999,0.0,24,24,0,24
Serena,2025-06-20,25.03432,55.28811,Asia/Dubai,58.083333333333336,,42.041666666666664,35.68333333333333,34.78333333333333,30.0,42.0,58.083333333333336,0.0,13.533333333333333,997.1166666666667,0.625,24,24,0,24
Serena,2025-06-21,25.03432,55.28811,Asia/Dubai,59.666666666666664,,64.08749999999999,35.09583333333333,34.82083333333333,29.6,41.7,59.666666666666664,0.0,11.375,998.0333333333333,0.375,24,24,0,24
Serena,2025-06-22,25.03432,55.28811,Asia/Dubai,54.869565217391305,,72.99130434782609,34.76521739130435,34.69130434782608,30.0,40.3,54.869565217391305,0.0,10.630434782608695,997.7652173913043,0.13043478260869565,23,23,0,23
Serena,2025-06-23,25.03432,55.28811,Asia/Dubai,53.31818181818182,,57.9,35.02272727272727,34.65,29.7,39.5,53.31818181818182,0.0,14.854545454545455,996.1863636363636,0.4090909090909091,22,22,0,22
Serena,2025-06-24,25.03432,55.28811,Asia/Dubai,41.583333333333336,,39.27916666666667,35.175000000000004,35.125,30.0,41.5,41.583333333333336,0.0,16.129166666666666,994.975,0.20833333333333334,24,24,0,24
Serena,2025-06-25,25.03432,55.28811,Asia/Dubai,43.9,,38.655,35.525,35.065,30.7,39.5,43.9,0.0,14.91,994.1600000000001,0.6,20,20,0,20
Serena,2025-06-26,25.03432,55.28811,Asia/Dubai,60.416666666666664,,56.21666666666667,35.42916666666667,34.50833333333333,30.0,38.3,60.416666666666664,0.0,12.5875,995.3666666666667,0.041666666666666664,24,24,0,24
Serena,2025-06-27,25.03432,55.28811,Asia/Dubai,45.333333333333336,,71.25833333333334,35.74166666666667,36.420833333333334,32.7,43.0,45.333333333333336,0.0,12.320833333333333,994.8874999999999,0.5416666666666666,24,24,0,24
Serena,2025-06-28,25.03432,55.28811,Asia/Dubai,51.416666666666664,,47.5625,36.170833333333334,36.333333333333336,33.2,41.3,51.416666666666664,0.0,11.65,994.1291666666666,1.2083333333333333,24,24,0,24
Serena,2025-06-29,25.03432,55.28811,Asia/Dubai,56.083333333333336,,63.72083333333333,35.25833333333333,35.24583333333333,32.9,38.5,56.083333333333336,0.0,11.208333333333334,993.1291666666666,2.0,24,24,0,24
Serena,2025-06-30,25.03432,55.28811,Asia/Dubai,59.833333333333336,,81.72500000000001,34.579166666666666,34.237500000000004,30.8,38.0,59.833333333333336,0.0,11.299999999999999,993.3249999999999,1.375,24,24,0,24
Serena,2025-07-01,25.03432,55.28811,Asia/Dubai,49.416666666666664,,83.46249999999999,35.9375,35.90833333333334,30.2,41.0,49.416666666666664,0.0,10.304166666666667,994.15,0.5416666666666666,24,24,0,24
Serena,2025-07-02,25.03432,55.28811,Asia/Dubai,54.458333333333336,,95.39999999999999,35.608333333333334,34.954166666666666,30.9,38.8,54.458333333333336,0.0,11.737499999999999,994.8041666666667,0.08333333333333333,24,24,0,24
Serena,2025-07-03,25.03432,55.28811,Asia/Dubai,64.25,,36.625,35.53333333333333,34.479166666666664,31.0,39.7,64.25,0.0,13.579166666666666,994.9541666666668,0.5416666666666666,24,24,0,24
Serena,2025-07-04,25.03432,55.28811,Asia/Dubai,65.58333333333333,,52.6625,35.62916666666667,34.42916666666667,30.7,39.3,65.58333333333333,0.0,13.445833333333333,995.5875,0.9166666666666666,24,24,0,24
Serena,2025-07-05,25.03432,55.28811,Asia/Dubai,64.0,,78.02916666666667,35.925000000000004,34.74583333333333,32.3,38.0,64.0,0.0,11.695833333333333,995.8083333333333,0.625,24,24,0,24
Serena,2025-07-06,25.03432,55.28811,Asia/Dubai,60.0,,25.141666666666666,34.949999999999996,33.770833333333336,30.9,38.3,60.0,0.0,17.270833333333332,995.2583333333333,1.0,24,24,0,24
Serena,2025-07-07,25.03432,55.28811,Asia/Dubai,51.25,,25.758333333333336,34.36666666666667,33.44166666666667,29.0,37.0,51.25,0.0,16.304166666666667,995.7666666666665,0.4166666666666667,24,24,0,24
Serena,2025-07-08,25.03432,55.28811,Asia/Dubai,47.416666666666664,,39.045833333333334,34.80833333333333,33.99166666666667,30.0,38.3,47.416666666666664,0.0,12.395833333333334,996.4416666666666,0.20833333333333334,24,24,0,24
Serena,2025-07-09,25.03432,55.28811,Asia/Dubai,40.416666666666664,,54.824999999999996,34.62083333333333,34.49583333333333,29.9,38.0,40.416666666666664,0.0,9.983333333333333,996.5875,0.2916666666666667,24,24,0,24
Serena,2025-07-10,25.03432,55.28811,Asia/Dubai,33.166666666666664,,46.61666666666667,35.0625,35.38333333333333,30.7,39.5,33.166666666666664,0.0,10.125,996.5625,0.4583333333333333,24,24,0,24
Serena,2025-07-11,25.03432,55.28811,Asia/Dubai,42.333333333333336,,55.99583333333334,35.625,36.916666666666664,31.9,43.0,42.333333333333336,0.0,15.066666666666668,997.0458333333332,0.16666666666666666,24,24,0,24
Serena,2025-07-12,25.03432,55.28811,Asia/Dubai,42.166666666666664,,42.479166666666664,37.1,37.30416666666667,32.7,42.3,42.166666666666664,0.0,17.26666666666667,998.4416666666666,3.0833333333333335,24,24,0,24
Serena,2025-07-13,25.03432,55.28811,Asia/Dubai,38.666666666666664,,27.604166666666668,37.737500000000004,37.975,31.0,46.4,38.666666666666664,0.0,15.795833333333334,998.7333333333332,0.3333333333333333,24,24,0,24
Serena,2025-07-14,25.03432,55.28811,Asia/Dubai,28.041666666666668,,33.387499999999996,38.329166666666666,39.59583333333333,33.1,46.7,28.041666666666668,0.0,16.3625,997.1666666666666,0.5833333333333334,24,24,0,24
Serena,2025-07-15,25.03432,55.28811,Asia/Dubai,25.0,,36.387499999999996,38.99583333333333,39.67916666666667,33.5,46.2,25.0,0.0,14.741666666666667,996.2041666666668,0.625,24,24,0,24
Serena,2025-07-16,25.03432,55.28811,Asia/Dubai,31.291666666666668,,54.81666666666666,38.3125,38.21666666666667,32.6,45.5,31.291666666666668,0.0,14.745833333333332,996.7875,0.5,24,24,0,24
Serena,2025-07-17,25.03432,55.28811,Asia/Dubai,32.25,,62.87083333333334,37.699999999999996,37.416666666666664,30.5,43.7,32.25,0.0,13.5375,997.2458333333334,0.16666666666666666,24,24,0,24
Serena,2025-07-18,25.03432,55.28811,Asia/Dubai,35.458333333333336,,36.09166666666667,38.483333333333334,38.895833333333336,32.2,46.2,35.458333333333336,0.0,17.295833333333334,997.1333333333333,0.6666666666666666,24,24,0,24
Serena,2025-07-19,25.03432,55.28811,Asia/Dubai,38.708333333333336,,30.891666666666666,38.65416666666667,38.3125,32.5,45.2,38.708333333333336,0.0,15.958333333333334,995.975,0.125,24,24,0,24
Serena,2025-07-20,25.03432,55.28811,Asia/Dubai,51.791666666666664,,38.00833333333333,37.65416666666667,36.62083333333333,30.8,42.2,51.791666666666664,0.0,12.049999999999999,994.0833333333334,1.7083333333333333,24,24,0,24
Serena,2025-07-21,25.03432,55.28811,Asia/Dubai,40.708333333333336,,35.766666666666666,39.108333333333334,38.7125,31.5,46.9,40.708333333333336,0.0,15.775,994.5375,1.2916666666666667,24,24,0,24
Serena,2025-07-22,25.03432,55.28811,Asia/Dubai,42.583333333333336,,36.37916666666667,39.079166666666666,38.49166666666667,31.0,46.5,42.583333333333336,0.0,18.645833333333332,995.4791666666666,3.5,24,24,0,24
Serena,2025-07-23,25.03432,55.28811,Asia/Dubai,57.833333333333336,,44.11666666666667,37.137499999999996,35.762499999999996,31.4,42.1,57.833333333333336,0.0,11.808333333333332,993.8958333333334,4.541666666666667,24,24,0,24
Serena,2025-07-24,25.03432,55.28811,Asia/Dubai,62.958333333333336,,76.07083333333334,36.90833333333333,35.262499999999996,29.3,41.8,62.958333333333336,0.0,12.762500000000001,991.8916666666668,0.0,24,24,0,24
Serena,2025-07-25,25.03432,55.28811,Asia/Dubai,45.333333333333336,,35.541666666666664,38.46666666666667,38.15,31.3,45.3,45.333333333333336,0.0,21.429166666666664,992.0166666666668,0.5416666666666666,24,24,0,24
Serena,2025-07-26,25.03432,55.28811,Asia/Dubai,39.291666666666664,,33.25,38.875,38.516666666666666,31.8,46.2,39.291666666666664,0.0,18.4625,994.2875,1.0416666666666667,24,24,0,24
Serena,2025-07-27,25.03432,55.28811,Asia/Dubai,34.416666666666664,,34.079166666666666,39.199999999999996,38.7875,31.8,46.4,34.416666666666664,0.0,15.387500000000001,995.35,2.875,24,24,0,24
Serena,2025-07-28,25.03432,55.28811,Asia/Dubai,38.875,,31.325,39.44583333333333,38.175000000000004,31.3,47.1,38.875,0.0,15.241666666666667,995.9791666666666,2.0,24,24,0,24
Serena,2025-07-29,25.03432,55.28811,Asia/Dubai,34.958333333333336,,43.012499999999996,38.791666666666664,37.88333333333333,31.8,46.6,34.958333333333336,0.0,16.6375,996.8874999999999,0.375,24,24,0,24
Serena,2025-07-30,25.03432,55.28811,Asia/Dubai,43.125,,60.69583333333333,37.62916666666667,36.4125,30.8,42.9,43.125,0.0,15.208333333333334,996.1666666666666,0.7083333333333334,24,24,0,24
Serena,2025-07-31,25.03432,55.28811,Asia/Dubai,38.333333333333336,,64.70416666666667,38.8375,38.05416666666667,31.0,46.4,38.333333333333336,0.0,13.025,993.8041666666667,3.9166666666666665,24,24,0,24
Serena,2025-08-01,25.03432,55.28811,Asia/Dubai,35.125,,49.1,38.85,39.05416666666667,33.0,46.5,35.125,0.0,24.349999999999998,994.6291666666666,3.5,24,24,0,24
Serena,2025-08-02,25.03432,55.28811,Asia/Dubai,41.75,,33.675000000000004,38.55833333333333,38.275,30.3,45.6,41.75,0.0,18.920833333333334,996.8916666666668,1.5,24,24,0,24
Serena,2025-08-03,25.03432,55.28811,Asia/Dubai,38.791666666666664,,30.650000000000002,38.81666666666667,38.233333333333334,31.3,44.4,38.791666666666664,0.0,18.579166666666666,997.8041666666667,3.0416666666666665,24,24,0,24
Serena,2025-08-04,25.03432,55.28811,Asia/Dubai,41.625,,29.020833333333332,38.40833333333333,37.6875,31.8,44.1,41.625,0.0,19.716666666666665,999.3208333333333,0.20833333333333334,24,24,0,24
Serena,2025-08-05,25.03432,55.28811,Asia/Dubai,37.125,,22.729166666666668,38.262499999999996,37.55416666666667,33.1,43.1,37.125,0.0,17.720833333333335,999.7624999999999,0.9166666666666666,24,24,0,24
Serena,2025-08-06,25.03432,55.28811,Asia/Dubai,36.791666666666664,,21.9375,38.416666666666664,37.81666666666667,33.2,44.0,36.791666666666664,0.0,17.224999999999998,999.3000000000001,0.5416666666666666,24,24,0,24
Serena,2025-08-07,25.03432,55.28811,Asia/Dubai,37.5,,24.020833333333332,38.208333333333336,37.6875,33.0,43.5,37.5,0.0,17.825,999.5541666666667,0.5833333333333334,24,24,0,24
Serena,2025-08-08,25.03432,55.28811,Asia/Dubai,42.916666666666664,,24.349999999999998,37.858333333333334,37.13333333333333,31.6,43.1,42.916666666666664,0.0,18.908333333333335,1000.6,0.041666666666666664,24,24,0,24
Serena,2025-08-09,25.03432,55.28811,Asia/Dubai,36.583333333333336,,25.879166666666666,38.15,37.512499999999996,34.0,42.8,36.583333333333336,0.0,17.216666666666665,1002.4916666666667,0.875,24,24,0,24
Serena,2025-08-10,25.03432,55.28811,Asia/Dubai,37.375,,22.070833333333336,38.020833333333336,37.47083333333333,32.2,43.3,37.375,0.0,17.316666666666666,1001.8291666666668,3.0833333333333335,24,24,0,24
Serena,2025-08-11,25.03432,55.28811,Asia/Dubai,35.416666666666664,,19.908333333333335,37.88333333333333,37.362500000000004,34.2,42.9,35.416666666666664,0.0,19.425,1001.8041666666667,1.0,24,24,0,24
Serena,2025-08-12,25.03432,55.28811,Asia/Dubai,36.25,,23.34166666666667,37.5625,36.49583333333333,31.8,42.7,36.25,0.0,16.575,1001.4666666666667,0.0,24,24,0,24
Serena,2025-08-13,25.03432,55.28811,Asia/Dubai,45.0,,41.1875,37.13333333333333,35.72083333333333,30.4,41.8,45.0,0.0,14.491666666666667,999.2125,0.6666666666666666,24,24,0,24
Serena,2025-08-14,25.03432,55.28811,Asia/Dubai,41.333333333333336,,60.31666666666666,37.145833333333336,36.38333333333333,29.7,42.1,41.333333333333336,0.0,11.241666666666667,997.1125000000001,2.9166666666666665,24,24,0,24
Serena,2025-08-15,25.03432,55.28811,Asia/Dubai,48.583333333333336,,49.074999999999996,36.458333333333336,36.32083333333333,31.9,42.5,48.583333333333336,0.0,31.679166666666664,996.5625,4.333333333333333,24,24,0,24
Serena,2025-08-16,25.03432,55.28811,Asia/Dubai,45.791666666666664,,29.84166666666667,36.958333333333336,36.68333333333333,29.6,44.7,45.791666666666664,0.0,23.191666666666666,996.8583333333332,2.25,24,24,0,24
Serena,2025-08-17,25.03432,55.28811,Asia/Dubai,39.666666666666664,,22.608333333333334,37.75,37.25416666666667,30.7,43.9,39.666666666666664,0.0,16.591666666666665,997.3541666666666,3.0416666666666665,24,24,0,24
Serena,2025-08-18,25.03432,55.28811,Asia/Dubai,38.666666666666664,,22.729166666666668,37.36666666666667,37.37083333333333,32.3,43.1,38.666666666666664,0.0,14.929166666666667,998.6958333333333,4.75,24,24,0,24
Serena,2025-08-19,25.03432,55.28811,Asia/Dubai,43.208333333333336,,26.825,36.795833333333334,37.295833333333334,33.3,43.2,43.208333333333336,0.0,17.420833333333334,998.1791666666667,7.083333333333333,24,24,0,24
Serena,2025-08-20,25.03432,55.28811,Asia/Dubai,43.791666666666664,,27.337500000000002,36.766666666666666,37.31666666666667,31.6,43.8,43.791666666666664,0.0,18.566666666666666,996.975,2.7083333333333335,24,24,0,24
Serena,2025-08-21,25.03432,55.28811,Asia/Dubai,42.791666666666664,,20.575,36.86666666666667,36.81666666666667,32.2,42.4,42.791666666666664,0.0,18.516666666666666,999.025,0.75,24,24,0,24
Serena,2025-08-22,25.03432,55.28811,Asia/Dubai,50.666666666666664,,26.462500000000002,36.475,35.59583333333334,31.2,41.4,50.666666666666664,0.0,18.654166666666665,999.9333333333334,0.8333333333333334,24,24,0,24
Serena,2025-08-23,25.03432,55.28811,Asia/Dubai,49.666666666666664,,38.574999999999996,36.78333333333333,35.579166666666666,31.7,41.7,49.666666666666664,0.0,17.720833333333335,998.2958333333332,0.4166666666666667,24,24,0,24
Serena,2025-08-24,25.03432,55.28811,Asia/Dubai,53.333333333333336,,53.145833333333336,36.225,34.800000000000004,29.7,41.0,53.333333333333336,0.0,16.008333333333333,998.7291666666666,0.875,24,24,0,24
Serena,2025-08-25,25.03432,55.28811,Asia/Dubai,36.083333333333336,,55.46666666666667,35.108333333333334,35.59583333333333,29.7,43.1,36.083333333333336,0.0,14.4375,998.85,1.5,24,24,0,24
Serena,2025-08-26,25.03432,55.28811,Asia/Dubai,25.0,,50.61666666666667,36.704166666666666,36.4,29.8,43.6,25.0,0.0,12.266666666666666,998.9208333333332,2.125,24,24,0,24
Serena,2025-08-27,25.03432,55.28811,Asia/Dubai,42.833333333333336,,41.49166666666667,37.25833333333333,36.86666666666667,30.2,44.6,42.833333333333336,0.0,18.833333333333332,998.6750000000001,0.5416666666666666,24,24,0,24
Serena,2025-08-28,25.03432,55.28811,Asia/Dubai,37.375,,34.3125,37.770833333333336,36.891666666666666,29.9,44.2,37.375,0.0,15.929166666666667,999.6458333333334,0.4583333333333333,24,24,0,24
Serena,2025-08-29,25.03432,55.28811,Asia/Dubai,38.75,,30.15833333333333,37.699999999999996,37.34583333333333,31.3,42.7,38.75,0.0,12.137500000000001,999.6125000000001,0.5833333333333334,24,24,0,24
Serena,2025-08-30,25.03432,55.28811,Asia/Dubai,51.458333333333336,,45.074999999999996,37.545833333333334,36.125,29.6,44.2,51.458333333333336,0.0,13.433333333333332,1000.7083333333334,2.5833333333333335,24,24,0,24
Serena,2025-08-31,25.03432,55.28811,Asia/Dubai,36.166666666666664,,39.875,37.112500000000004,36.833333333333336,30.3,44.3,36.166666666666664,0.0,12.066666666666668,1000.4291666666667,4.291666666666667,24,24,0,24
Serena,2025-09-01,25.03432,55.28811,Asia/Dubai,53.875,,43.93333333333334,36.44583333333333,34.81666666666667,29.5,42.5,53.875,0.0,14.204166666666666,998.0,2.2916666666666665,24,24,0,24
Serena,2025-09-02,25.03432,55.28811,Asia/Dubai,67.41666666666667,,70.20416666666667,35.958333333333336,33.608333333333334,28.4,40.5,67.41666666666667,0.0,12.791666666666666,997.5875,0.25,24,24,0,24
Serena,2025-09-03,25.03432,55.28811,Asia/Dubai,58.583333333333336,,33.958333333333336,36.25416666666667,34.25833333333333,28.3,42.5,58.583333333333336,0.0,13.345833333333333,999.1875,0.125,24,24,0,24
Serena,2025-09-04,25.03432,55.28811,Asia/Dubai,47.916666666666664,,24.662499999999998,35.9375,35.59583333333334,29.4,43.3,47.916666666666664,0.0,20.095833333333335,1000.4375,0.3333333333333333,24,24,0,24
Serena,2025-09-05,25.03432,55.28811,Asia/Dubai,42.208333333333336,,21.741666666666664,37.0625,36.7125,31.4,42.9,42.208333333333336,0.0,13.25,1002.4458333333333,0.4166666666666667,24,24,0,24
Serena,2025-09-06,25.03432,55.28811,Asia/Dubai,41.0,,25.8125,37.02916666666667,37.09583333333333,31.6,42.5,41.0,0.0,13.658333333333333,1002.9541666666665,1.0833333333333333,24,24,0,24
Serena,2025-09-07,25.03432,55.28811,Asia/Dubai,57.916666666666664,,39.31666666666667,34.69583333333333,34.93333333333333,29.9,38.4,57.916666666666664,0.0,12.108333333333334,1001.4958333333333,1.0,24,24,0,24
Serena,2025-09-08,25.03432,55.28811,Asia/Dubai,67.42105263157895,,60.77894736842105,34.77894736842105,33.83684210526316,29.2,39.3,67.42105263157895,0.0,10.18421052631579,999.9842105263158,0.9473684210526315,19,19,0,19
Serena,2025-09-09,25.03432,55.28811,Asia/Dubai,60.583333333333336,,49.98333333333333,36.074999999999996,35.81666666666667,29.4,42.7,60.583333333333336,0.0,12.612499999999999,1000.5374999999999,1.4583333333333333,24,24,0,24
Serena,2025-09-10,25.03432,55.28811,Asia/Dubai,46.041666666666664,,31.483333333333334,35.104166666666664,35.32083333333333,28.6,43.1,46.041666666666664,0.0,11.65,1001.4833333333332,2.2916666666666665,24,24,0,24
Serena,2025-09-11,25.03432,55.28811,Asia/Dubai,46.875,,29.191666666666666,35.775,35.329166666666666,29.8,41.5,46.875,0.0,17.333333333333332,1001.5791666666668,0.5,24,24,0,24
Serena,2025-09-12,25.03432,55.28811,Asia/Dubai,51.666666666666664,,19.076249999999998,34.770833333333336,34.391666666666666,29.9,40.7,51.666666666666664,0.0,20.962500000000002,1002.7208333333333,1.2083333333333333,24,24,0,24
Serena,2025-09-13,25.03432,55.28811,Asia/Dubai,56.208333333333336,,19.779166666666665,34.94583333333333,33.42916666666667,29.0,40.1,56.208333333333336,0.0,25.09583333333333,1003.8708333333334,0.3333333333333333,24,24,0,24
Serena,2025-09-14,25.03432,55.28811,Asia/Dubai,56.875,,12.265,34.28333333333333,32.358333333333334,28.5,38.0,56.875,0.0,22.15416666666667,1005.525,0.041666666666666664,24,24,0,24
Serena,2025-09-15,25.03432,55.28811,Asia/Dubai,53.458333333333336,,10.882916666666667,34.44166666666667,32.5875,28.5,38.1,53.458333333333336,0.0,17.420833333333334,1005.7041666666668,0.0,24,24,0,24
Serena,2025-09-16,25.03432,55.28811,Asia/Dubai,64.33333333333333,,29.239583333333332,35.22083333333334,33.35,29.3,39.5,64.33333333333333,0.0,12.133333333333333,1004.5291666666667,0.5,24,24,0,24
Serena,2025-09-17,25.03432,55.28811,Asia/Dubai,64.66666666666667,,58.49166666666667,35.645833333333336,33.80833333333333,29.2,40.8,64.66666666666667,0.0,11.424999999999999,1004.2541666666666,2.5,24,24,0,24
Serena,2025-09-18,25.03432,55.28811,Asia/Dubai,61.083333333333336,,56.09166666666667,34.87083333333333,33.637499999999996,28.0,41.2,61.083333333333336,0.0,11.433333333333332,1003.9250000000001,5.5,24,24,0,24
Serena,2025-09-19,25.03432,55.28811,Asia/Dubai,55.833333333333336,,64.4875,34.37083333333333,32.75,26.1,39.3,55.833333333333336,0.0,10.179166666666667,1003.5458333333332,2.625,24,24,0,24
Serena,2025-09-20,25.03432,55.28811,Asia/Dubai,54.541666666666664,,48.25833333333333,35.32083333333333,33.958333333333336,27.6,41.6,54.541666666666664,0.0,16.570833333333333,1002.8583333333332,0.041666666666666664,24,24,0,24
Serena,2025-09-21,25.03432,55.28811,Asia/Dubai,49.208333333333336,,27.05,35.44166666666667,34.449999999999996,28.5,41.2,49.208333333333336,0.0,15.479166666666666,1003.7541666666666,2.8333333333333335,24,24,0,24
Serena,2025-09-22,25.03432,55.28811,Asia/Dubai,53.833333333333336,,32.266666666666666,34.9125,33.85,28.6,40.2,53.833333333333336,0.0,13.420833333333334,1005.1708333333332,0.041666666666666664,24,24,0,24
Serena,2025-09-23,25.03432,55.28811,Asia/Dubai,66.45833333333333,,67.3875,34.449999999999996,32.40416666666667,27.4,38.9,66.45833333333333,0.0,9.816666666666666,1005.5833333333334,0.0,24,24,0,24
Serena,2025-09-24,25.03432,55.28811,Asia/Dubai,62.208333333333336,,47.89083333333334,33.920833333333334,32.30833333333333,27.7,38.7,62.208333333333336,0.0,19.65,1003.5375,0.0,24,24,0,24
Serena,2025-09-25,25.03432,55.28811,Asia/Dubai,58.166666666666664,,19.8,33.5875,31.7625,27.3,38.7,58.166666666666664,0.0,13.329166666666666,1002.7833333333333,0.125,24,24,0,24
Serena,2025-09-26,25.03432,55.28811,Asia/Dubai,60.333333333333336,,37.012499999999996,34.266666666666666,32.00833333333333,26.6,38.8,60.333333333333336,0.0,10.283333333333333,1005.2875,0.0,24,24,0,24
Serena,2025-09-27,25.03432,55.28811,Asia/Dubai,53.77272727272727,,33.00454545454546,33.97272727272727,33.06363636363636,27.7,39.9,53.77272727272727,0.0,11.845454545454546,1007.3863636363636,0.045454545454545456,22,22,0,22
Serena,2025-09-28,25.03432,55.28811,Asia/Dubai,55.80952380952381,,37.24285714285715,32.976190476190474,31.985714285714288,27.9,38.4,55.80952380952381,0.0,11.40952380952381,1007.7904761904762,0.2857142857142857,21,21,0,21
Serena,2025-09-29,25.03432,55.28811,Asia/Dubai,66.65217391304348,,49.98695652173913,33.8,31.543478260869566,26.0,39.3,66.65217391304348,0.0,14.143478260869566,1005.0608695652174,0.043478260869565216,23,23,0,23
Serena,2025-09-30,25.03432,55.28811,Asia/Dubai,67.17391304347827,,40.891304347826086,33.582608695652176,31.87391304347826,26.3,40.7,67.17391304347827,0.0,11.634782608695653,1002.2565217391304,2.391304347826087,23,23,0,23
Serena,2025-10-01,25.03432,55.28811,Asia/Dubai,72.375,,53.54583333333333,32.791666666666664,31.287499999999998,25.3,39.4,72.375,0.0,11.966666666666667,1001.0083333333333,0.75,24,24,0,24
Serena,2025-10-02,25.03432,55.28811,Asia/Dubai,67.875,,38.85,33.1,31.608333333333334,26.1,39.2,67.875,0.0,11.220833333333333,1003.6583333333333,0.4166666666666667,24,24,0,24
Serena,2025-10-03,25.03432,55.28811,Asia/Dubai,62.916666666666664,,41.55416666666667,33.108333333333334,31.5,25.9,38.6,62.916666666666664,0.0,10.608333333333333,1007.3666666666667,0.0,24,24,0,24
Serena,2025-10-04,25.03432,55.28811,Asia/Dubai,66.91304347826087,,39.504347826086956,32.12173913043478,30.686956521739127,26.0,37.2,66.91304347826087,0.0,12.56086956521739,1008.4173913043478,0.0,23,23,0,23
Serena,2025-10-05,25.03432,55.28811,Asia/Dubai,69.41666666666667,,43.24166666666667,32.43333333333333,30.366666666666664,25.6,36.3,69.41666666666667,0.0,11.666666666666666,1007.1458333333334,0.0,24,24,0,24
Serena,2025-10-06,25.03432,55.28811,Asia/Dubai,59.375,,50.625,32.47083333333333,31.400000000000002,24.6,40.0,59.375,0.0,15.0,1007.2208333333333,0.0,24,24,0,24
Serena,2025-10-07,25.03432,55.28811,Asia/Dubai,58.125,,40.420833333333334,32.80833333333333,31.02916666666667,25.1,38.3,58.125,0.0,12.283333333333333,1008.3166666666666,0.0,24,24,0,24
Serena,2025-10-08,25.03432,55.28811,Asia/Dubai,56.75,,46.67083333333334,32.479166666666664,30.587500000000002,24.7,38.4,56.75,0.0,11.995833333333332,1009.0333333333333,0.0,24,24,0,24
Serena,2025-10-09,25.03432,55.28811,Asia/Dubai,56.5,,31.266666666666666,32.291666666666664,30.712500000000002,24.3,37.8,56.5,0.0,13.095833333333333,1010.9291666666667,0.125,24,24,0,24
Serena,2025-10-10,25.03432,55.28811,Asia/Dubai,53.083333333333336,,35.641666666666666,32.233333333333334,30.59583333333333,24.6,37.5,53.083333333333336,0.0,13.512500000000001,1010.5208333333334,0.0,24,24,0,24
Serena,2025-10-11,25.03432,55.28811,Asia/Dubai,60.17391304347826,,61.89565217391304,31.86521739130435,29.67391304347826,24.5,36.3,60.17391304347826,0.0,10.76086956521739,1009.804347826087,0.043478260869565216,23,23,0,23
Serena,2025-10-12,25.03432,55.28811,Asia/Dubai,51.333333333333336,,42.75,32.42916666666667,31.162499999999998,25.3,36.8,51.333333333333336,0.0,15.762500000000001,1010.0833333333334,1.9166666666666667,24,24,0,24
Serena,2025-10-13,25.03432,55.28811,Asia/Dubai,38.541666666666664,,23.962500000000002,31.691666666666666,31.9875,27.9,36.7,38.541666666666664,0.0,13.5375,1011.3125,1.9166666666666667,24,24,0,24
Serena,2025-10-14,25.03432,55.28811,Asia/Dubai,52.583333333333336,,36.833333333333336,32.275,30.583333333333332,26.1,36.0,52.583333333333336,0.0,12.141666666666666,1010.4708333333333,0.4166666666666667,24,24,0,24
Serena,2025-10-15,25.03432,55.28811,Asia/Dubai,67.08333333333333,,55.60833333333333,31.933333333333334,30.05,25.7,36.6,67.08333333333333,0.0,11.491666666666667,1008.7875,0.5,24,24,0,24
Serena,2025-10-16,25.03432,55.28811,Asia/Dubai,60.25,,45.05833333333334,31.441666666666666,29.900000000000002,25.4,35.7,60.25,0.0,14.441666666666668,1010.1,0.625,24,24,0,24
Serena,2025-10-17,25.03432,55.28811,Asia/Dubai,48.333333333333336,,24.116666666666664,31.454166666666666,29.983333333333334,25.4,35.7,48.333333333333336,0.0,15.204166666666666,1012.125,0.16666666666666666,24,24,0,24
Serena,2025-10-18,25.03432,55.28811,Asia/Dubai,48.958333333333336,,27.3875,31.333333333333332,29.495833333333334,24.5,35.7,48.958333333333336,0.0,13.6625,1011.8291666666668,0.0,24,24,0,24
Serena,2025-10-19,25.03432,55.28811,Asia/Dubai,59.833333333333336,,40.858333333333334,31.329166666666666,28.8625,23.8,34.3,59.833333333333336,0.0,11.791666666666666,1010.1833333333334,0.2916666666666667,24,24,0,24
Serena,2025-10-20,25.03432,55.28811,Asia/Dubai,65.9047619047619,,51.13809523809524,29.571428571428573,28.604761904761908,23.9,35.7,65.9047619047619,0.0,12.652380952380952,1009.4857142857143,0.0,21,21,0,21
Serena,2025-10-21,25.03432,55.28811,Asia/Dubai,55.25,,41.38333333333333,31.316666666666666,29.254166666666666,23.6,35.9,55.25,0.0,12.091666666666667,1011.6,0.25,24,24,0,24
Serena,2025-10-22,25.03432,55.28811,Asia/Dubai,54.291666666666664,,42.3125,31.354166666666668,29.72083333333333,23.9,36.7,54.291666666666664,0.0,12.279166666666667,1013.6708333333332,0.08333333333333333,24,24,0,24
Serena,2025-10-23,25.03432,55.28811,Asia/Dubai,64.70833333333333,,42.604166666666664,30.837500000000002,28.558333333333334,24.2,34.5,64.70833333333333,0.0,11.241666666666667,1013.2166666666667,0.2916666666666667,24,24,0,24
Serena,2025-10-24,25.03432,55.28811,Asia/Dubai,57.416666666666664,,50.25,30.570833333333336,28.412499999999998,23.5,34.7,57.416666666666664,0.0,10.704166666666666,1012.3583333333332,0.0,24,24,0,24
Serena,2025-10-25,25.03432,55.28811,Asia/Dubai,57.416666666666664,,49.35,30.27916666666667,28.03333333333333,22.5,33.6,57.416666666666664,0.0,10.783333333333333,1010.3791666666666,0.0,24,24,0,24
Serena,2025-10-26,25.03432,55.28811,Asia/Dubai,62.391304347826086,,52.573913043478264,30.52173913043478,27.713043478260868,23.0,32.5,62.391304347826086,0.0,10.57391304347826,1010.1,0.0,23,23,0,23
Serena,2025-10-27,25.03432,55.28811,Asia/Dubai,58.458333333333336,,56.512499999999996,29.858333333333334,27.5125,22.4,32.9,58.458333333333336,0.0,9.329166666666667,1010.9416666666666,0.0,24,24,0,24
Serena,2025-10-28,25.03432,55.28811,Asia/Dubai,64.54166666666667,,61.083333333333336,30.416666666666668,28.2375,23.2,33.8,64.54166666666667,0.0,11.225,1011.3625000000001,0.0,24,24,0,24
Serena,2025-10-29,25.03432,55.28811,Asia/Dubai,63.833333333333336,,58.99583333333334,30.370833333333334,28.545833333333334,23.7,34.1,63.833333333333336,0.0,12.041666666666666,1011.0166666666668,0.2916666666666667,24,24,0,24
Serena,2025-10-30,25.03432,55.28811,Asia/Dubai,62.208333333333336,,49.13333333333333,30.212500000000002,28.3625,23.8,33.3,62.208333333333336,0.0,10.512500000000001,1010.9250000000001,0.2916666666666667,24,24,0,24
Serena,2025-10-31,25.03432,55.28811,Asia/Dubai,59.666666666666664,,45.30416666666667,30.129166666666666,28.3125,23.7,33.8,59.666666666666664,0.0,12.583333333333334,1012.6166666666667,0.20833333333333334,24,24,0,24
Serena,2025-11-01,25.03432,55.28811,Asia/Dubai,55.208333333333336,,40.06666666666667,29.754166666666666,28.270833333333332,23.4,34.1,55.208333333333336,0.0,12.924999999999999,1013.5166666666668,0.20833333333333334,24,24,0,24
Serena,2025-11-02,25.03432,55.28811,Asia/Dubai,59.416666666666664,,46.020833333333336,29.2,27.474999999999998,23.4,32.5,59.416666666666664,0.0,11.020833333333334,1013.9708333333333,0.875,24,24,0,24
Serena,2025-11-03,25.03432,55.28811,Asia/Dubai,59.625,,52.5,28.724999999999998,27.020833333333332,22.0,32.0,59.625,0.0,14.129166666666668,1013.4541666666668,0.5416666666666666,24,24,0,24
Serena,2025-11-04,25.03432,55.28811,Asia/Dubai,48.125,,41.4,29.370833333333334,27.7625,21.6,34.6,48.125,0.0,15.3375,1014.1583333333333,0.16666666666666666,24,24,0,24
Serena,2025-11-05,25.03432,55.28811,Asia/Dubai,32.04347826086956,,36.3304347826087,28.717391304347824,28.095652173913045,23.6,35.0,32.04347826086956,0.0,18.308695652173913,1013.5434782608696,2.130434782608696,23,23,0,23
Serena,2025-11-06,25.03432,55.28811,Asia/Dubai,29.708333333333332,,37.05416666666667,27.979166666666668,26.9875,20.6,34.2,29.708333333333332,0.0,14.658333333333333,1013.3916666666668,0.0,24,24,0,24
Serena,2025-11-07,25.03432,55.28811,Asia/Dubai,40.5,,19.708333333333332,26.97083333333333,25.516666666666666,20.0,32.0,40.5,0.0,14.879166666666668,1015.15,0.0,24,24,0,24
Serena,2025-11-08,25.03432,55.28811,Asia/Dubai,35.916666666666664,,15.55625,26.729166666666668,25.575,19.7,32.5,35.916666666666664,0.0,12.991666666666667,1016.9,0.0,24,24,0,24
Serena,2025-11-09,25.03432,55.28811,Asia/Dubai,42.291666666666664,,24.189166666666665,26.733333333333334,25.400000000000002,19.8,31.9,42.291666666666664,0.0,11.979166666666666,1016.5375,0.875,24,24,0,24
Serena,2025-11-10,25.03432,55.28811,Asia/Dubai,51.125,,43.574999999999996,27.037499999999998,25.6875,20.3,31.2,51.125,0.0,11.212499999999999,1015.1541666666667,4.5,24,24,0,24
Serena,2025-11-11,25.03432,55.28811,Asia/Dubai,52.666666666666664,,53.074999999999996,27.129166666666666,25.4375,19.5,32.8,52.666666666666664,0.0,13.033333333333333,1015.2333333333332,1.9166666666666667,24,24,0,24
Serena,2025-11-12,25.03432,55.28811,Asia/Dubai,54.94444444444444,,52.488888888888894,23.9,23.155555555555555,19.1,28.3,54.94444444444444,0.0,13.427777777777777,1017.0277777777778,0.6111111111111112,18,18,0,18
Serena,2025-11-13,25.03432,55.28811,Asia/Dubai,53.869565217391305,,30.221739130434784,26.182608695652174,24.817391304347826,19.0,31.5,53.869565217391305,0.0,12.030434782608696,1018.1478260869566,0.34782608695652173,23,23,0,23
Serena,2025-11-14,25.03432,55.28811,Asia/Dubai,65.46666666666667,,43.126666666666665,22.553333333333335,22.833333333333332,19.3,27.4,65.46666666666667,0.0,11.066666666666666,1017.5266666666666,0.0,15,15,0,15
Serena,2025-11-15,25.03432,55.28811,Asia/Dubai,53.0,,46.74583333333334,26.733333333333334,24.825,19.2,30.9,53.0,0.0,12.091666666666667,1017.0625,1.5416666666666667,24,24,0,24
Serena,2025-11-16,25.03432,55.28811,Asia/Dubai,54.56521739130435,,51.60434782608696,28.01304347826087,25.05652173913043,19.2,31.2,54.56521739130435,0.0,11.891304347826088,1018.9869565217392,5.260869565217392,23,23,0,23
Serena,2025-11-17,25.03432,55.28811,Asia/Dubai,60.27272727272727,,55.65,26.663636363636364,24.013636363636362,19.1,30.7,60.27272727272727,0.0,12.163636363636364,1019.2681818181819,7.409090909090909,22,22,0,22
Serena,2025-11-18,25.03432,55.28811,Asia/Dubai,64.6086956521739,,65.32608695652173,27.460869565217394,24.26521739130435,19.0,30.7,64.6086956521739,0.0,10.160869565217391,1016.6391304347826,4.173913043478261,23,23,0,23
Serena,2025-11-19,25.03432,55.28811,Asia/Dubai,66.58333333333333,,95.47083333333335,27.754166666666666,24.620833333333334,17.5,33.2,66.58333333333333,0.0,11.670833333333334,1015.6,0.125,24,24,0,24
Serena,2025-11-20,25.03432,55.28811,Asia/Dubai,63.291666666666664,,72.875,26.6375,24.104166666666668,16.3,32.5,63.291666666666664,0.0,13.020833333333334,1016.9,0.08333333333333333,24,24,0,24
Serena,2025-11-21,25.03432,55.28811,Asia/Dubai,69.5,,61.262499999999996,27.34583333333333,24.3125,17.8,31.8,69.5,0.0,11.141666666666666,1017.8833333333333,1.375,24,24,0,24
Serena,2025-11-22,25.03432,55.28811,Asia/Dubai,39.208333333333336,,45.30416666666667,26.704166666666666,25.133333333333336,18.2,33.2,39.208333333333336,0.0,17.204166666666666,1017.7958333333332,0.08333333333333333,24,24,0,24
Serena,2025-11-23,25.03432,55.28811,Asia/Dubai,44.095238095238095,,37.01904761904762,25.804761904761904,23.866666666666667,19.4,31.4,44.095238095238095,0.0,12.828571428571427,1017.8,0.047619047619047616,21,21,0,21
Serena,2025-11-24,25.03432,55.28811,Asia/Dubai,39.391304347826086,,34.56956521739131,26.769565217391307,23.921739130434784,17.8,30.6,39.391304347826086,0.0,11.882608695652175,1017.2521739130434,0.043478260869565216,23,23,0,23
Serena,2025-11-25,25.03432,55.28811,Asia/Dubai,40.375,,33.27916666666667,25.483333333333334,22.775000000000002,16.3,29.8,40.375,0.0,11.6,1017.5416666666666,0.0,24,24,0,24
Serena,2025-11-26,25.03432,55.28811,Asia/Dubai,43.916666666666664,,43.68333333333334,25.3875,22.920833333333334,16.8,29.0,43.916666666666664,0.0,11.779166666666667,1016.875,2.0,24,24,0,24
Serena,2025-11-27,25.03432,55.28811,Asia/Dubai,50.208333333333336,,45.675000000000004,25.9875,22.71666666666667,17.2,28.5,50.208333333333336,0.0,10.070833333333333,1017.5749999999999,0.5416666666666666,24,24,0,24
Serena,2025-11-28,25.03432,55.28811,Asia/Dubai,46.916666666666664,,48.0,25.666666666666668,22.704166666666666,17.8,28.0,46.916666666666664,0.0,10.170833333333333,1018.2916666666666,0.0,24,24,0,24
Serena,2025-11-29,25.03432,55.28811,Asia/Dubai,51.333333333333336,,52.23333333333333,25.916666666666668,23.145833333333332,18.4,28.3,51.333333333333336,0.0,10.708333333333334,1017.1708333333332,0.0,24,24,0,24
Serena,2025-11-30,25.03432,55.28811,Asia/Dubai,52.0,,52.4,25.295833333333334,22.8625,17.0,28.5,52.0,0.0,10.533333333333333,1016.7875,0.0,24,24,0,24
Serena,2025-12-01,25.03432,55.28811,Asia/Dubai,57.26086956521739,,53.03478260869565,24.934782608695652,22.313043478260873,17.9,28.1,57.26086956521739,0.0,10.565217391304348,1016.7739130434783,0.0,23,23,0,23
Serena,2025-12-02,25.03432,55.28811,Asia/Dubai,57.5,,88.27499999999999,25.5125,22.795833333333334,17.2,29.2,57.5,0.0,11.208333333333334,1016.4125,4.5,24,24,0,24
Serena,2025-12-03,25.03432,55.28811,Asia/Dubai,69.33333333333333,,108.29166666666667,25.958333333333332,22.833333333333332,18.1,28.7,69.33333333333333,0.0,10.245833333333334,1016.3333333333334,2.7083333333333335,24,24,0,24
Serena,2025-12-04,25.03432,55.28811,Asia/Dubai,63.958333333333336,,81.79583333333333,26.212500000000002,23.333333333333332,18.3,29.3,63.958333333333336,0.0,11.6875,1017.4625,4.125,24,24,0,24
Serena,2025-12-05,25.03432,55.28811,Asia/Dubai,62.333333333333336,,56.90416666666667,25.704166666666666,23.47083333333333,19.8,27.5,62.333333333333336,0.0,10.5625,1018.1083333333332,6.833333333333333,24,24,0,24
Serena,2025-12-06,25.03432,55.28811,Asia/Dubai,68.66666666666667,,50.4375,26.191666666666666,23.108333333333334,18.1,28.6,68.66666666666667,0.0,11.345833333333333,1018.225,1.5833333333333333,24,24,0,24
Serena,2025-12-07,25.03432,55.28811,Asia/Dubai,60.291666666666664,,36.63333333333333,26.46666666666667,23.758333333333336,19.0,29.8,60.291666666666664,0.0,17.520833333333332,1018.9375,0.625,24,24,0,24
Serena,2025-12-08,25.03432,55.28811,Asia/Dubai,51.25,,27.1125,25.59583333333333,24.045833333333334,18.3,31.1,51.25,0.0,17.829166666666666,1019.3083333333334,2.2083333333333335,24,24,0,24
Serena,2025-12-09,25.03432,55.28811,Asia/Dubai,40.541666666666664,,31.683333333333334,25.47083333333333,22.84166666666667,16.4,29.6,40.541666666666664,0.0,10.725,1018.1208333333334,3.75,24,24,0,24
Serena,2025-12-10,25.03432,55.28811,Asia/Dubai,52.125,,36.079166666666666,24.791666666666668,22.474999999999998,15.8,29.0,52.125,0.0,14.033333333333333,1017.6083333333332,4.916666666666667,24,24,0,24
Serena,2025-12-11,25.03432,55.28811,Asia/Dubai,59.083333333333336,,35.525,25.483333333333334,22.816666666666666,16.4,29.2,59.083333333333336,0.0,12.674999999999999,1016.1583333333333,7.041666666666667,24,24,0,24
Serena,2025-12-12,25.03432,55.28811,Asia/Dubai,49.666666666666664,,33.03333333333333,26.070833333333336,23.258333333333336,17.9,29.1,49.666666666666664,0.0,12.020833333333334,1015.0416666666666,4.5,24,24,0,24
Serena,2025-12-13,25.03432,55.28811,Asia/Dubai,55.833333333333336,,26.108333333333334,26.116666666666664,23.1375,18.4,29.6,55.833333333333336,0.0,13.762500000000001,1014.0166666666668,3.375,24,24,0,24
Serena,2025-12-14,25.03432,55.28811,Asia/Dubai,73.75,,24.191666666666666,24.395833333333332,21.337500000000002,18.0,25.0,73.75,2.6,11.366666666666667,1015.4958333333334,2.6666666666666665,24,24,0,24
Serena,2025-12-15,25.03432,55.28811,Asia/Dubai,65.70833333333333,,27.96083333333333,25.354166666666668,22.733333333333334,17.1,29.6,65.70833333333333,0.0,16.662499999999998,1014.6291666666666,1.0416666666666667,24,24,0,24
Serena,2025-12-16,25.03432,55.28811,Asia/Dubai,56.5,,17.46125,25.224999999999998,23.320833333333336,20.6,27.5,56.5,0.0,20.333333333333332,1012.1958333333333,3.875,24,24,0,24
Serena,2025-12-17,25.03432,55.28811,Asia/Dubai,63.04347826086956,,32.5304347826087,25.76521739130435,22.808695652173913,20.1,26.1,63.04347826086956,0.0,24.504347826086956,1013.1913043478262,5.782608695652174,23,23,0,23
Serena,2025-12-18,25.03432,55.28811,Asia/Dubai,78.33333333333333,,32.983333333333334,25.495833333333334,21.433333333333334,19.4,24.0,78.33333333333333,11.9,18.270833333333332,1014.7666666666668,7.041666666666667,24,24,0,24
Serena,2025-12-19,25.03432,55.28811,Asia/Dubai,79.875,,25.229166666666668,21.858333333333334,18.408333333333335,14.6,20.0,79.875,19.5,24.704166666666666,1014.2375000000001,4.5,24,24,0,24
Serena,2025-12-20,25.03432,55.28811,Asia/Dubai,75.95833333333333,,30.204166666666666,20.345833333333335,14.879166666666668,12.2,18.9,75.95833333333333,0.1,22.150000000000002,1016.3041666666667,1.5416666666666667,24,24,0,24
Serena,2025-12-21,25.03432,55.28811,Asia/Dubai,74.5,,24.729166666666668,20.883333333333333,15.341666666666667,10.9,20.1,74.5,0.0,12.070833333333333,1019.275,0.20833333333333334,24,24,0,24
Serena,2025-12-22,25.03432,55.28811,Asia/Dubai,70.75,,25.75,21.741666666666664,16.912499999999998,12.8,22.5,70.75,0.0,13.666666666666666,1020.4499999999999,0.125,24,24,0,24
Serena,2025-12-23,25.03432,55.28811,Asia/Dubai,70.16666666666667,,24.59166666666667,21.78333333333333,16.854166666666668,12.2,22.5,70.16666666666667,0.0,11.683333333333332,1019.4083333333333,0.08333333333333333,24,24,0,24
Serena,2025-12-24,25.03432,55.28811,Asia/Dubai,70.70833333333333,,29.02541666666667,22.245833333333334,17.495833333333334,12.5,23.7,70.70833333333333,0.0,11.329166666666666,1017.7083333333334,3.375,24,24,0,24
Serena,2025-12-25,25.03432,55.28811,Asia/Dubai,72.875,,51.46666666666667,23.395833333333332,19.025000000000002,15.3,23.7,72.875,0.0,11.4125,1016.2624999999999,4.875,24,24,0,24
Serena,2025-12-26,25.03432,55.28811,Asia/Dubai,78.29166666666667,,61.48333333333333,23.90416666666667,19.041666666666668,15.2,23.5,78.29166666666667,0.2,10.991666666666667,1015.5041666666666,1.5,24,24,0,24
Serena,2025-12-27,25.03432,55.28811,Asia/Dubai,68.0,,72.09583333333333,23.766666666666666,19.625,15.4,24.8,68.0,0.0,9.362499999999999,1014.5625,0.7916666666666666,24,24,0,24
Serena,2025-12-28,25.03432,55.28811,Asia/Dubai,62.76470588235294,,62.75882352941177,24.294117647058822,20.370588235294118,15.4,26.8,62.76470588235294,0.0,14.735294117647058,1013.7176470588236,0.29411764705882354,17,17,0,17
Serena,2025-12-29,25.03432,55.28811,Asia/Dubai,64.0,,35.31666666666667,26.0,23.183333333333334,20.3,26.6,64.0,0.0,25.383333333333336,1013.4833333333332,0.5,6,6,0,6
Serena,2025-12-30,25.03432,55.28811,Asia/Dubai,50.13636363636363,,14.17681818181818,22.895454545454545,21.036363636363635,19.0,23.6,50.13636363636363,0.0,26.4,1015.1136363636364,1.1818181818181819,22,22,0,22
Serena,2025-12-31,25.03432,55.28811,Asia/Dubai,54.333333333333336,,17.618333333333332,21.337500000000002,19.7375,15.5,21.8,54.333333333333336,0.0,22.0125,1016.6958333333333,1.2916666666666667,24,24,0,24
Serena,2026-01-01,25.03432,55.28811,Asia/Dubai,62.666666666666664,,24.248333333333335,19.454166666666666,17.095833333333335,11.0,22.5,62.666666666666664,0.0,9.895833333333334,1017.5041666666666,0.0,24,24,0,24
Serena,2026-01-02,25.03432,55.28811,Asia/Dubai,73.0,,36.583333333333336,19.654166666666665,17.908333333333335,12.3,23.9,73.0,0.0,11.762500000000001,1018.7291666666666,0.041666666666666664,24,24,0,24
Serena,2026-01-03,25.03432,55.28811,Asia/Dubai,78.79166666666667,,67.6875,20.683333333333334,18.5125,12.8,24.3,78.79166666666667,0.0,10.429166666666667,1019.0,1.25,24,24,0,24
Serena,2026-01-04,25.03432,55.28811,Asia/Dubai,77.65217391304348,,46.522608695652174,21.38695652173913,19.704347826086956,15.1,25.9,77.65217391304348,0.0,14.221739130434784,1019.2130434782609,0.043478260869565216,23,23,0,23
Serena,2026-01-05,25.03432,55.28811,Asia/Dubai,59.708333333333336,,19.325416666666666,21.40416666666667,20.099999999999998,14.4,26.8,59.708333333333336,0.0,14.487499999999999,1020.8791666666666,0.4166666666666667,24,24,0,24
Serena,2026-01-06,25.03432,55.28811,Asia/Dubai,50.541666666666664,,25.683333333333334,20.724999999999998,20.075,15.2,26.5,50.541666666666664,0.0,15.0625,1020.8625000000001,0.7916666666666666,24,24,0,24
Serena,2026-01-07,25.03432,55.28811,Asia/Dubai,53.166666666666664,,21.795833333333334,20.55,19.212500000000002,14.7,24.6,53.166666666666664,0.0,12.566666666666668,1020.8791666666666,0.16666666666666666,24,24,0,24
Serena,2026-01-08,25.03432,55.28811,Asia/Dubai,47.916666666666664,,32.72083333333333,19.945833333333333,18.825,13.8,24.2,47.916666666666664,0.0,10.879166666666668,1020.6083333333332,0.0,24,24,0,24
Serena,2026-01-09,25.03432,55.28811,Asia/Dubai,53.458333333333336,,55.07916666666667,20.058333333333334,18.95,14.2,24.2,53.458333333333336,0.0,11.770833333333334,1019.0124999999999,0.4583333333333333,24,24,0,24
Serena,2026-01-10,25.03432,55.28811,Asia/Dubai,65.125,,63.104166666666664,20.870833333333334,18.816666666666666,13.6,23.9,65.125,0.0,11.291666666666666,1018.8125,5.125,24,24,0,24
Serena,2026-01-11,25.03432,55.28811,Asia/Dubai,57.041666666666664,,64.30833333333334,21.008333333333333,19.679166666666667,15.1,25.1,57.041666666666664,0.0,10.745833333333332,1020.7375000000001,0.875,24,24,0,24
Serena,2026-01-12,25.03432,55.28811,Asia/Dubai,63.708333333333336,,75.50833333333334,20.504166666666666,19.1625,14.3,24.7,63.708333333333336,0.0,9.370833333333334,1021.1125000000001,0.0,24,24,0,24
Serena,2026-01-13,25.03432,55.28811,Asia/Dubai,64.45833333333333,,81.375,20.383333333333333,18.983333333333334,13.9,24.9,64.45833333333333,0.0,9.383333333333333,1020.4875000000001,0.0,24,24,0,24
Serena,2026-01-14,25.03432,55.28811,Asia/Dubai,56.083333333333336,,66.50416666666666,20.675,19.216666666666665,13.1,26.1,56.083333333333336,0.0,10.420833333333333,1018.2416666666667,2.25,24,24,0,24
Serena,2026-01-15,25.03432,55.28811,Asia/Dubai,50.5,,41.8375,21.3875,20.1,13.8,27.5,50.5,0.0,15.670833333333334,1016.5583333333334,5.583333333333333,24,24,0,24
Serena,2026-01-16,25.03432,55.28811,Asia/Dubai,58.291666666666664,,12.689583333333333,21.145833333333332,19.05,16.6,21.5,58.291666666666664,0.0,23.866666666666664,1017.9291666666667,1.125,24,24,0,24
Serena,2026-01-17,25.03432,55.28811,Asia/Dubai,60.375,,26.425,20.808333333333334,18.900000000000002,16.7,21.7,60.375,0.0,19.316666666666666,1017.4708333333333,3.0416666666666665,24,24,0,24
Serena,2026-01-18,25.03432,55.28811,Asia/Dubai,70.875,,33.50833333333333,19.650000000000002,17.995833333333334,14.2,22.7,70.875,0.0,12.9375,1016.1708333333332,1.3333333333333333,24,24,0,24
Serena,2026-01-19,25.03432,55.28811,Asia/Dubai,70.125,,41.06666666666667,20.0,17.974999999999998,13.2,23.9,70.125,0.0,10.241666666666667,1015.8541666666666,0.4583333333333333,24,24,0,24
Serena,2026-01-20,25.03432,55.28811,Asia/Dubai,55.416666666666664,,47.90416666666667,20.916666666666668,19.320833333333333,13.8,26.2,55.416666666666664,0.0,12.825000000000001,1015.1458333333334,0.5416666666666666,24,24,0,24
Serena,2026-01-21,25.03432,55.28811,Asia/Dubai,68.29166666666667,,52.86291666666667,20.191666666666666,18.333333333333332,15.0,22.6,68.29166666666667,0.0,21.479166666666668,1016.6125000000001,1.625,24,24,0,24
Serena,2026-01-22,25.03432,55.28811,Asia/Dubai,40.208333333333336,,11.972083333333332,18.9375,16.908333333333335,13.4,20.2,40.208333333333336,0.0,22.599999999999998,1020.7583333333333,1.0416666666666667,24,24,0,24
Serena,2026-01-23,25.03432,55.28811,Asia/Dubai,39.666666666666664,,16.584166666666665,18.162499999999998,16.57916666666667,11.3,22.8,39.666666666666664,0.0,14.766666666666666,1021.2333333333332,3.1666666666666665,24,24,0,24
Serena,2026-01-24,25.03432,55.28811,Asia/Dubai,45.125,,20.1375,19.337500000000002,17.341666666666665,10.9,23.4,45.125,0.0,10.983333333333334,1019.3000000000001,6.125,24,24,0,24
Serena,2026-01-25,25.03432,55.28811,Asia/Dubai,49.958333333333336,,22.883333333333336,20.441666666666666,19.270833333333332,14.8,24.1,49.958333333333336,7.6000000000000005,17.129166666666666,1015.8249999999999,5.833333333333333,24,24,0,24
Serena,2026-01-26,25.03432,55.28811,Asia/Dubai,77.79166666666667,,32.4,21.5625,17.775000000000002,14.5,21.6,77.79166666666667,0.1,12.775,1016.2166666666667,0.9583333333333334,24,24,0,24
Serena,2026-01-27,25.03432,55.28811,Asia/Dubai,65.625,,28.791666666666668,20.158333333333335,17.745833333333334,12.3,23.9,65.625,0.0,15.0625,1020.8416666666667,4.583333333333333,24,24,0,24
Serena,2026-01-28,25.03432,55.28811,Asia/Dubai,62.5,,21.75,21.2375,19.537499999999998,14.8,25.8,62.5,0.0,15.104166666666666,1020.0749999999999,7.25,24,24,0,24
Serena,2026-01-29,25.03432,55.28811,Asia/Dubai,58.208333333333336,,29.004166666666666,21.52916666666667,20.458333333333332,15.9,26.2,58.208333333333336,0.0,13.379166666666668,1017.2458333333334,3.7916666666666665,24,24,0,24
Serena,2026-01-30,25.03432,55.28811,Asia/Dubai,61.916666666666664,,36.12916666666667,20.716666666666665,18.995833333333334,14.9,23.3,61.916666666666664,0.0,15.533333333333333,1016.9708333333333,0.25,24,24,0,24
Serena,2026-01-31,25.03432,55.28811,Asia/Dubai,71.20833333333333,,33.266666666666666,20.179166666666667,17.95,13.6,23.2,71.20833333333333,0.0,12.862499999999999,1018.0083333333333,0.6666666666666666,24,24,0,24
Serena,2026-02-01,25.03432,55.28811,Asia/Dubai,77.20833333333333,,38.55416666666667,20.591666666666665,18.412499999999998,12.7,25.5,77.20833333333333,0.0,9.458333333333334,1018.8125,0.9583333333333334,24,24,0,24
Serena,2026-02-02,25.03432,55.28811,Asia/Dubai,54.541666666666664,,41.362500000000004,20.870833333333334,19.883333333333333,14.3,26.9,54.541666666666664,0.0,9.045833333333333,1019.15,0.0,24,24,0,24
Serena,2026-02-03,25.03432,55.28811,Asia/Dubai,56.083333333333336,,46.12916666666666,20.933333333333334,19.891666666666666,12.7,27.8,56.083333333333336,0.0,11.041666666666666,1017.3166666666666,0.041666666666666664,24,24,0,24
Serena,2026-02-04,25.03432,55.28811,Asia/Dubai,51.375,,42.291666666666664,22.879166666666666,22.504166666666666,15.9,30.0,51.375,0.0,16.595833333333335,1016.0416666666666,0.125,24,24,0,24
Serena,2026-02-05,25.03432,55.28811,Asia/Dubai,68.33333333333333,,35.425000000000004,22.208333333333332,20.175,15.9,25.6,68.33333333333333,0.0,12.200000000000001,1018.1,1.0416666666666667,24,24,0,24
Serena,2026-02-06,25.03432,55.28811,Asia/Dubai,72.08333333333333,,41.295833333333334,21.925,19.941666666666666,15.6,26.1,72.08333333333333,0.0,10.1625,1020.2375000000001,7.833333333333333,24,24,0,24
Serena,2026-02-07,25.03432,55.28811,Asia/Dubai,73.16666666666667,,48.65,23.0,20.675,15.5,27.5,73.16666666666667,0.0,13.487499999999999,1017.9166666666666,2.4583333333333335,24,24,0,24
Serena,2026-02-08,25.03432,55.28811,Asia/Dubai,63.333333333333336,,38.55416666666667,24.025000000000002,21.675,16.3,28.0,63.333333333333336,0.5,11.558333333333332,1014.6916666666666,1.5833333333333333,24,24,0,24
Serena,2026-02-09,25.03432,55.28811,Asia/Dubai,56.875,,37.59166666666667,23.0625,21.383333333333336,15.8,27.8,56.875,0.0,12.970833333333333,1014.0333333333333,0.25,24,24,0,24
Serena,2026-02-10,25.03432,55.28811,Asia/Dubai,73.0,,50.3125,22.808333333333334,20.633333333333333,16.0,26.6,73.0,0.0,13.579166666666666,1015.4125,4.666666666666667,24,24,0,24
Serena,2026-02-11,25.03432,55.28811,Asia/Dubai,64.33333333333333,,53.17083333333333,22.983333333333334,22.108333333333334,14.1,30.9,64.33333333333333,0.0,12.625,1017.4208333333332,3.9166666666666665,24,24,0,24
Serena,2026-02-12,25.03432,55.28811,Asia/Dubai,55.25,,41.94583333333333,24.570833333333336,24.045833333333334,17.7,30.1,55.25,0.0,11.716666666666667,1017.7916666666666,1.9166666666666667,24,24,0,24
Serena,2026-02-13,25.03432,55.28811,Asia/Dubai,59.583333333333336,,41.44166666666667,24.295833333333334,23.775000000000002,17.3,30.7,59.583333333333336,0.0,7.304166666666667,1016.475,0.25,24,24,0,24
Serena,2026-02-14,25.03432,55.28811,Asia/Dubai,45.25,,37.32083333333333,23.683333333333334,22.912499999999998,16.7,30.5,45.25,0.0,9.766666666666667,1015.6583333333333,0.0,24,24,0,24
Serena,2026-02-15,25.03432,55.28811,Asia/Dubai,34.958333333333336,,31.037499999999998,23.8125,23.616666666666664,17.0,30.6,34.958333333333336,0.0,15.133333333333333,1014.4499999999999,0.0,24,24,0,24
Serena,2026-02-16,25.03432,55.28811,Asia/Dubai,64.125,,31.02916666666667,23.75,22.229166666666668,18.9,27.1,64.125,0.0,19.670833333333334,1012.4125,0.0,24,24,0,24
Serena,2026-02-17,25.03432,55.28811,Asia/Dubai,56.125,,34.324999999999996,23.270833333333332,22.458333333333332,16.1,29.1,56.125,0.0,13.883333333333333,1014.4208333333332,0.0,24,24,0,24
Serena,2026-02-18,25.03432,55.28811,Asia/Dubai,35.833333333333336,,17.620416666666667,23.537499999999998,23.070833333333336,15.9,30.4,35.833333333333336,0.0,15.508333333333333,1015.6791666666667,0.0,24,24,0,24
Serena,2026-02-19,25.03432,55.28811,Asia/Dubai,44.25,,23.14708333333333,23.474999999999998,23.379166666666666,16.6,31.0,44.25,0.0,15.4,1016.4291666666667,0.0,24,24,0,24
Serena,2026-02-20,25.03432,55.28811,Asia/Dubai,41.208333333333336,,20.858333333333334,23.46666666666667,22.9875,16.4,30.5,41.208333333333336,0.0,12.958333333333334,1017.5041666666666,0.0,24,24,0,24
Serena,2026-02-21,25.03432,55.28811,Asia/Dubai,52.833333333333336,,43.95416666666667,24.104166666666668,22.84583333333333,17.0,31.1,52.833333333333336,0.0,11.545833333333334,1015.8333333333334,0.0,24,24,0,24
Serena,2026-02-22,25.03432,55.28811,Asia/Dubai,69.16666666666667,,56.68333333333334,23.570833333333336,22.129166666666666,16.6,29.3,69.16666666666667,0.0,11.441666666666668,1011.7083333333334,0.0,24,24,0,24
Serena,2026-02-23,25.03432,55.28811,Asia/Dubai,73.91666666666667,,75.34583333333333,24.254166666666666,21.254166666666666,15.4,28.6,73.91666666666667,0.0,10.825000000000001,1010.6208333333334,0.16666666666666666,24,24,0,24
Serena,2026-02-24,25.03432,55.28811,Asia/Dubai,52.208333333333336,,80.57083333333334,23.912499999999998,23.2375,16.2,31.0,52.208333333333336,0.0,11.237499999999999,1011.0833333333334,0.0,24,24,0,24
Serena,2026-02-25,25.03432,55.28811,Asia/Dubai,42.916666666666664,,64.125,24.28333333333333,23.712500000000002,17.3,31.8,42.916666666666664,0.0,13.495833333333332,1012.3916666666668,0.0,24,24,0,24
Serena,2026-02-26,25.03432,55.28811,Asia/Dubai,72.0,,50.07083333333333,23.55,21.558333333333334,18.4,25.8,72.0,0.0,13.825000000000001,1013.3249999999999,0.8333333333333334,24,24,0,24
Serena,2026-02-27,25.03432,55.28811,Asia/Dubai,66.79166666666667,,33.8375,22.670833333333334,20.279166666666665,15.6,25.4,66.79166666666667,0.0,12.079166666666666,1011.15,0.4583333333333333,24,24,0,24
Serena,2026-02-28,25.03432,55.28811,Asia/Dubai,57.75,,55.85833333333333,23.041666666666668,21.520833333333332,14.2,29.5,57.75,0.0,9.170833333333333,1010.2208333333333,0.375,24,24,0,24
Serena,2026-03-01,25.03432,55.28811,Asia/Dubai,30.291666666666668,,42.09166666666667,25.058333333333334,24.9875,17.0,33.9,30.291666666666668,0.0,12.533333333333333,1009.9333333333334,1.625,24,24,0,24
Serena,2026-03-02,25.03432,55.28811,Asia/Dubai,26.875,,32.09166666666667,27.175,28.041666666666668,22.4,35.2,26.875,0.0,19.391666666666666,1010.3208333333333,2.25,24,24,0,24
Serena,2026-03-03,25.03432,55.28811,Asia/Dubai,33.708333333333336,,30.8625,27.587500000000002,27.295833333333334,22.1,34.2,33.708333333333336,0.0,17.754166666666666,1011.0708333333333,1.75,24,24,0,24
Serena,2026-03-04,25.03432,55.28811,Asia/Dubai,61.958333333333336,,28.504166666666666,26.2625,25.041666666666668,20.8,32.0,61.958333333333336,0.0,18.408333333333335,1012.8166666666666,0.4583333333333333,24,24,0,24
Serena,2026-03-05,25.03432,55.28811,Asia/Dubai,69.5,,28.308333333333334,25.075,22.46666666666667,19.6,26.2,69.5,0.0,15.1875,1016.375,1.0,24,24,0,24
Serena,2026-03-06,25.03432,55.28811,Asia/Dubai,63.083333333333336,,23.712500000000002,23.433333333333334,21.2375,17.2,25.8,63.083333333333336,0.0,14.779166666666667,1015.8583333333332,6.0,24,24,0,24
Serena,2026-03-07,25.03432,55.28811,Asia/Dubai,63.666666666666664,,32.13333333333333,23.291666666666668,21.84583333333333,17.3,27.3,63.666666666666664,0.0,12.754166666666668,1014.2291666666666,2.9166666666666665,24,24,0,24
Serena,2026-03-08,25.03432,55.28811,Asia/Dubai,63.958333333333336,,47.125,23.854166666666668,22.0125,17.4,28.7,63.958333333333336,0.0,12.854166666666666,1013.3625000000001,4.458333333333333,24,24,0,24
Serena,2026-03-09,25.03432,55.28811,Asia/Dubai,68.91666666666667,,28.6125,25.395833333333332,22.504166666666666,17.6,28.4,68.91666666666667,4.3999999999999995,11.083333333333334,1013.4250000000001,5.0,24,24,0,24
Serena,2026-03-10,25.03432,55.28811,Asia/Dubai,65.25,,40.15416666666667,25.083333333333332,23.645833333333332,20.7,28.4,65.25,0.8,18.333333333333332,1015.6041666666666,7.208333333333333,24,24,0,24
Serena,2026-03-11,25.03432,55.28811,Asia/Dubai,65.75,,14.408333333333333,25.099999999999998,23.15833333333333,20.1,28.6,65.75,1.2000000000000002,16.429166666666667,1017.4208333333332,6.208333333333333,24,24,0,24
Serena,2026-03-12,25.03432,55.28811,Asia/Dubai,71.58333333333333,,22.620833333333334,23.849999999999998,22.21666666666667,17.7,28.6,71.58333333333333,0.0,11.241666666666667,1014.8541666666666,4.5,24,24,0,24
Serena,2026-03-13,25.03432,55.28811,Asia/Dubai,62.0,,21.325,26.379166666666666,24.245833333333334,20.1,30.8,62.0,0.0,14.070833333333333,1012.6708333333332,4.291666666666667,24,24,0,24
Serena,2026-03-14,25.03432,55.28811,Asia/Dubai,55.958333333333336,,35.170833333333334,26.566666666666666,24.320833333333336,19.6,30.8,55.958333333333336,0.0,12.241666666666667,1013.0291666666667,1.4583333333333333,24,24,0,24
Serena,2026-03-15,25.03432,55.28811,Asia/Dubai,48.5,,43.53333333333333,27.266666666666666,25.708333333333332,18.6,34.2,48.5,0.0,11.020833333333334,1013.2916666666666,3.5,24,24,0,24
Serena,2026-03-16,25.03432,55.28811,Asia/Dubai,32.333333333333336,,33.020833333333336,27.900000000000002,28.21666666666667,21.6,36.8,32.333333333333336,0.0,14.529166666666667,1010.0958333333333,0.2916666666666667,24,24,0,24
Serena,2026-03-17,25.03432,55.28811,Asia/Dubai,37.208333333333336,,37.137499999999996,28.3,27.795833333333334,22.8,34.3,37.208333333333336,0.0,16.7375,1007.6541666666667,3.9166666666666665,24,24,0,24
Serena,2026-03-18,25.03432,55.28811,Asia/Dubai,57.666666666666664,,27.34166666666667,26.84583333333333,25.058333333333334,22.4,28.9,57.666666666666664,0.0,16.7625,1009.2458333333334,7.0,24,24,0,24
Serena,2026-03-19,25.03432,55.28811,Asia/Dubai,57.166666666666664,,20.5,25.900000000000002,24.2375,18.5,30.8,57.166666666666664,0.0,11.654166666666667,1010.2958333333332,5.375,24,24,0,24
Serena,2026-03-20,25.03432,55.28811,Asia/Dubai,51.291666666666664,,22.504166666666666,26.25,25.991666666666664,22.3,31.0,51.291666666666664,0.2,19.291666666666668,1009.0291666666667,7.333333333333333,24,24,0,24
Serena,2026-03-21,25.03432,55.28811,Asia/Dubai,68.5,,22.854166666666668,25.258333333333336,24.829166666666666,21.1,30.3,68.5,1.5,19.045833333333334,1009.9250000000001,7.541666666666667,24,24,0,24
Serena,2026-03-22,25.03432,55.28811,Asia/Dubai,70.41666666666667,,14.070833333333333,26.650000000000002,24.8875,21.1,31.4,70.41666666666667,0.2,15.345833333333333,1012.1541666666667,3.125,24,24,0,24
Serena,2026-03-23,25.03432,55.28811,Asia/Dubai,79.83333333333333,,13.720833333333333,22.229166666666668,22.520833333333332,20.3,25.9,79.83333333333333,10.8,15.941666666666668,1011.9499999999999,7.0,24,24,0,24
Serena,2026-03-24,25.03432,55.28811,Asia/Dubai,82.70833333333333,,16.745833333333334,21.695833333333336,21.5,18.7,25.1,82.70833333333333,18.2,19.195833333333333,1009.4499999999999,6.0,24,24,0,24
Serena,2026-03-25,25.03432,55.28811,Asia/Dubai,82.79166666666667,,9.008333333333333,22.78333333333333,22.125,19.9,25.8,82.79166666666667,20.8,25.84166666666667,1006.9958333333334,5.916666666666667,24,24,0,24
Serena,2026-03-26,25.03432,55.28811,Asia/Dubai,80.58333333333333,,9.483333333333333,24.108333333333334,23.6875,20.9,28.8,80.58333333333333,50.6,25.4375,1008.225,4.375,24,24,0,24
Serena,2026-03-27,25.03432,55.28811,Asia/Dubai,81.0,,5.870833333333334,22.150000000000002,23.25,18.9,26.7,81.0,10.5,25.554166666666664,1010.9666666666667,5.375,24,24,0,24
Serena,2026-03-28,25.03432,55.28811,Asia/Dubai,70.70833333333333,,6.0125,22.708333333333332,20.04583333333333,17.7,23.0,70.70833333333333,0.0,20.420833333333334,1012.0416666666666,0.9583333333333334,24,24,0,24
Serena,2026-03-29,25.03432,55.28811,Asia/Dubai,66.08333333333333,,8.85,23.175,20.158333333333335,17.5,23.5,66.08333333333333,0.0,25.912499999999998,1011.1041666666666,0.25,24,24,0,24
Serena,2026-03-30,25.03432,55.28811,Asia/Dubai,72.875,,15.262500000000001,22.9375,20.358333333333334,17.0,24.0,72.875,0.0,16.462500000000002,1010.5375,7.416666666666667,24,24,0,24
Serena,2026-03-31,25.03432,55.28811,Asia/Dubai,73.25,,23.2375,21.204166666666666,20.741666666666667,18.2,23.9,73.25,3.6,13.458333333333334,1010.3000000000001,7.541666666666667,24,24,0,24
Serena,2026-04-01,25.03432,55.28811,Asia/Dubai,75.75,,21.420833333333334,23.900000000000002,21.099999999999998,17.9,24.8,75.75,0.0,15.745833333333332,1010.5041666666666,0.9166666666666666,24,24,0,24
Serena,2026-04-02,25.03432,55.28811,Asia/Dubai,76.20833333333333,,23.133333333333336,24.483333333333334,20.908333333333335,18.0,24.5,76.20833333333333,0.0,16.808333333333334,1011.5916666666667,1.2916666666666667,24,24,0,24
Serena,2026-04-03,25.03432,55.28811,Asia/Dubai,81.70833333333333,,37.333333333333336,24.3,20.287499999999998,16.6,25.4,81.70833333333333,0.0,12.329166666666666,1011.7291666666666,6.166666666666667,24,24,0,24
Serena,2026-04-04,25.03432,55.28811,Asia/Dubai,78.66666666666667,,44.99583333333334,24.912499999999998,21.729166666666668,17.3,26.9,78.66666666666667,0.0,10.904166666666667,1009.9833333333332,6.125,24,24,0,24
Serena,2026-04-05,25.03432,55.28811,Asia/Dubai,78.95833333333333,,38.13333333333333,26.724999999999998,22.858333333333334,19.5,27.1,78.95833333333333,0.0,12.266666666666666,1010.1,5.416666666666667,24,24,0,24
Serena,2026-04-06,25.03432,55.28811,Asia/Dubai,62.375,,17.8125,26.795833333333334,22.620833333333334,19.7,26.4,62.375,0.0,19.783333333333335,1011.1125000000001,1.625,24,24,0,24
Serena,2026-04-07,25.03432,55.28811,Asia/Dubai,60.25,,16.545833333333334,25.366666666666664,22.02916666666667,19.5,25.4,60.25,0.0,28.720833333333335,1012.2333333333332,0.0,24,24,0,24
Serena,2026-04-08,25.03432,55.28811,Asia/Dubai,67.58333333333333,,20.5125,24.741666666666664,21.775000000000002,17.9,26.3,67.58333333333333,0.0,18.366666666666667,1011.7708333333334,0.20833333333333334,24,24,0,24
Serena,2026-04-09,25.03432,55.28811,Asia/Dubai,70.625,,28.1375,23.962500000000002,21.34583333333333,17.2,26.5,70.625,2.5,12.545833333333334,1012.3708333333334,5.416666666666667,24,24,0,24
Serena,2026-04-10,25.03432,55.28811,Asia/Dubai,68.625,,18.150000000000002,25.941666666666666,23.191666666666666,19.4,28.1,68.625,0.4,14.466666666666667,1014.6,5.583333333333333,24,24,0,24
Serena,2026-04-11,25.03432,55.28811,Asia/Dubai,78.66666666666667,,21.166666666666668,23.8125,22.299999999999997,20.0,25.5,78.66666666666667,13.6,9.745833333333334,1015.5166666666668,7.625,24,24,0,24
Serena,2026-04-12,25.03432,55.28811,Asia/Dubai,80.5,,13.004166666666665,23.695833333333336,21.95,19.9,25.2,80.5,3.1,11.241666666666667,1013.7583333333333,7.708333333333333,24,24,0,24
Serena,2026-04-13,25.03432,55.28811,Asia/Dubai,77.20833333333333,,15.416666666666666,26.179166666666664,23.75,20.5,27.8,77.20833333333333,0.0,10.641666666666667,1013.8625000000001,6.833333333333333,24,24,0,24
Serena,2026-04-14,25.03432,55.28811,Asia/Dubai,68.875,,26.15833333333333,26.379166666666666,23.15416666666667,19.3,28.3,68.875,0.0,15.516666666666666,1014.1125000000001,5.75,24,24,0,24
Serena,2026-04-15,25.03432,55.28811,Asia/Dubai,69.875,,22.395833333333332,25.34166666666667,21.979166666666668,18.2,26.2,69.875,0.0,21.0125,1011.1,4.291666666666667,24,24,0,24
Serena,2026-04-16,25.03432,55.28811,Asia/Dubai,71.86363636363636,,17.150000000000002,24.7,21.818181818181817,18.4,26.6,71.86363636363636,0.0,21.413636363636364,1008.6727272727272,4.318181818181818,22,22,0,22
Serena,2026-04-17,25.03432,55.28811,Asia/Dubai,63.833333333333336,,22.22083333333333,25.40833333333333,22.441666666666666,17.1,27.9,63.833333333333336,0.0,19.183333333333334,1010.7624999999999,3.3333333333333335,24,24,0,24
Serena,2026-04-18,25.03432,55.28811,Asia/Dubai,60.30434782608695,,33.547826086956526,26.05652173913043,22.82608695652174,18.4,28.8,60.30434782608695,0.0,15.808695652173913,1010.7826086956521,0.043478260869565216,23,23,0,23
Serena,2026-04-19,25.03432,55.28811,Asia/Dubai,52.916666666666664,,30.916666666666668,26.645833333333332,24.020833333333332,17.4,31.9,52.916666666666664,0.0,11.012500000000001,1010.1625,2.7083333333333335,24,24,0,24
Serena,2026-04-20,25.03432,55.28811,Asia/Dubai,50.23076923076923,,38.03846153846154,25.799999999999997,23.43846153846154,19.2,31.6,50.23076923076923,0.0,10.538461538461538,1008.6153846153846,0.0,13,13,0,13
The Views,2024-07-25,25.092213,55.168125,Asia/Dubai,41.333333333333336,58.166666666666664,48.43333333333334,35.53333333333333,37.73333333333333,37.0,38.8,41.333333333333336,0.0,11.133333333333333,992.6999999999999,0.6666666666666666,3,3,3,3
The Views,2024-07-26,25.092213,55.168125,Asia/Dubai,42.791666666666664,53.425000000000004,45.541666666666664,33.05416666666667,37.483333333333334,32.0,42.0,42.791666666666664,0.0,13.083333333333334,993.8041666666667,0.25,24,24,24,24
The Views,2024-07-27,25.092213,55.168125,Asia/Dubai,36.0,56.98333333333333,49.70416666666667,35.237500000000004,37.770833333333336,33.5,41.8,36.0,0.0,14.612499999999999,995.5500000000001,0.9583333333333334,24,24,24,24
The Views,2024-07-28,25.092213,55.168125,Asia/Dubai,53.47826086956522,31.213043478260868,28.282608695652176,35.89565217391304,36.67391304347826,33.0,39.5,53.47826086956522,0.0,17.52608695652174,994.4260869565217,1.7826086956521738,23,23,23,23
The Views,2024-07-29,25.092213,55.168125,Asia/Dubai,53.166666666666664,37.025,31.545833333333334,35.1,36.354166666666664,33.0,40.9,53.166666666666664,0.0,14.891666666666666,992.4791666666666,1.1666666666666667,24,24,24,24
The Views,2024-07-30,25.092213,55.168125,Asia/Dubai,50.0,48.32916666666667,38.9375,35.766666666666666,38.604166666666664,33.7,44.8,50.0,0.0,18.208333333333332,993.8708333333334,0.8333333333333334,24,24,24,24
The Views,2024-07-31,25.092213,55.168125,Asia/Dubai,41.958333333333336,38.608333333333334,31.325,36.30416666666667,38.5,34.8,43.1,41.958333333333336,0.0,15.799999999999999,996.1958333333333,2.2916666666666665,24,24,24,24
The Views,2024-08-01,25.092213,55.168125,Asia/Dubai,42.5,33.4375,27.47083333333333,36.74166666666667,39.18333333333333,36.0,43.6,42.5,0.0,14.908333333333333,995.4625000000001,2.1666666666666665,24,24,24,24
The Views,2024-08-02,25.092213,55.168125,Asia/Dubai,61.125,73.03750000000001,66.07916666666667,35.53333333333333,36.87083333333333,34.0,40.0,61.125,0.0,11.575000000000001,993.5958333333333,0.7083333333333334,24,24,24,24
The Views,2024-08-03,25.092213,55.168125,Asia/Dubai,63.25,64.10833333333333,53.12083333333334,35.44166666666667,37.09583333333333,34.2,41.6,63.25,0.0,12.65,993.8249999999999,3.0,24,24,24,24
The Views,2024-08-04,25.092213,55.168125,Asia/Dubai,65.3913043478261,48.160869565217396,41.39565217391304,34.46521739130435,35.81739130434782,33.4,39.0,65.3913043478261,0.0,13.543478260869565,994.7304347826087,2.1739130434782608,23,23,23,23
The Views,2024-08-05,25.092213,55.168125,Asia/Dubai,59.583333333333336,43.362500000000004,36.30833333333333,35.12916666666667,36.49583333333333,33.0,41.0,59.583333333333336,0.0,18.0125,995.6374999999999,1.625,24,24,24,24
The Views,2024-08-06,25.092213,55.168125,Asia/Dubai,48.916666666666664,27.133333333333336,23.59166666666667,34.704166666666666,35.9125,32.2,39.0,48.916666666666664,0.0,14.433333333333332,997.4333333333334,5.125,24,24,24,24
The Views,2024-08-07,25.092213,55.168125,Asia/Dubai,50.416666666666664,35.541666666666664,30.670833333333334,35.204166666666666,36.72083333333333,34.0,39.8,50.416666666666664,0.0,13.7125,997.4041666666667,3.5,24,24,24,24
The Views,2024-08-08,25.092213,55.168125,Asia/Dubai,50.916666666666664,28.11666666666667,24.079166666666666,35.4,37.07083333333333,33.0,42.8,50.916666666666664,0.0,19.604166666666668,997.3458333333333,1.125,24,24,24,24
The Views,2024-08-09,25.092213,55.168125,Asia/Dubai,51.041666666666664,20.599999999999998,17.340416666666666,35.7125,36.420833333333334,32.8,41.9,51.041666666666664,0.0,24.145833333333332,999.2875,0.4583333333333333,24,24,24,24
The Views,2024-08-10,25.092213,55.168125,Asia/Dubai,51.083333333333336,17.425833333333333,14.681666666666667,35.983333333333334,36.329166666666666,31.8,42.5,51.083333333333336,0.0,18.900000000000002,999.6875,1.5833333333333333,24,24,24,24
The Views,2024-08-11,25.092213,55.168125,Asia/Dubai,49.0,20.833333333333332,17.765416666666667,35.583333333333336,36.829166666666666,32.6,41.8,49.0,0.0,15.275,997.8583333333332,1.4166666666666667,24,24,24,24
The Views,2024-08-12,25.092213,55.168125,Asia/Dubai,44.416666666666664,27.458333333333332,24.212500000000002,36.170833333333334,38.3125,34.3,43.0,44.416666666666664,0.0,14.325000000000001,996.7916666666666,0.5,24,24,24,24
The Views,2024-08-13,25.092213,55.168125,Asia/Dubai,44.458333333333336,24.712500000000002,21.558333333333334,36.56666666666667,38.454166666666666,34.0,43.8,44.458333333333336,0.0,14.633333333333333,998.4958333333334,0.4166666666666667,24,24,24,24
The Views,2024-08-14,25.092213,55.168125,Asia/Dubai,51.43478260869565,25.278260869565216,22.395652173913046,36.017391304347825,37.42173913043479,33.5,42.2,51.43478260869565,0.0,16.995652173913044,999.4130434782609,0.21739130434782608,23,23,23,23
The Views,2024-08-15,25.092213,55.168125,Asia/Dubai,50.708333333333336,26.995833333333334,24.008333333333336,36.15416666666667,37.479166666666664,33.7,43.0,50.708333333333336,0.0,14.862499999999999,998.875,0.20833333333333334,24,24,24,24
The Views,2024-08-16,25.092213,55.168125,Asia/Dubai,47.208333333333336,45.762499999999996,38.0625,35.62083333333333,37.18333333333333,34.1,40.2,47.208333333333336,0.0,11.016666666666667,996.025,0.375,24,24,24,24
The Views,2024-08-17,25.092213,55.168125,Asia/Dubai,55.0,27.983333333333334,23.933333333333334,35.550000000000004,36.17916666666667,32.8,41.0,55.0,0.0,24.025000000000002,996.375,1.4166666666666667,24,24,24,24
The Views,2024-08-18,25.092213,55.168125,Asia/Dubai,54.458333333333336,26.458333333333332,23.079166666666666,35.09583333333333,35.699999999999996,32.4,41.0,54.458333333333336,0.0,26.025000000000002,998.9791666666666,2.4583333333333335,24,24,24,24
The Views,2024-08-19,25.092213,55.168125,Asia/Dubai,52.458333333333336,26.866666666666664,24.004166666666666,34.84583333333333,36.19166666666667,32.8,41.5,52.458333333333336,0.0,19.558333333333334,1000.2333333333335,2.75,24,24,24,24
The Views,2024-08-20,25.092213,55.168125,Asia/Dubai,53.708333333333336,19.8125,17.13375,35.2125,35.829166666666666,32.8,40.5,53.708333333333336,0.0,18.458333333333332,999.4958333333334,2.0833333333333335,24,24,24,24
The Views,2024-08-21,25.092213,55.168125,Asia/Dubai,55.875,17.306250000000002,13.239166666666668,34.225,34.67916666666667,31.4,39.0,55.875,0.0,20.604166666666668,1001.7416666666667,0.875,24,24,24,24
The Views,2024-08-22,25.092213,55.168125,Asia/Dubai,51.916666666666664,17.69625,15.11125,34.229166666666664,34.854166666666664,31.8,39.0,51.916666666666664,0.0,15.779166666666667,1002.2624999999999,1.0416666666666667,24,24,24,24
The Views,2024-08-23,25.092213,55.168125,Asia/Dubai,53.625,26.241666666666664,23.400000000000002,34.7125,35.92916666666667,33.1,41.0,53.625,0.0,13.183333333333332,1001.9458333333333,1.0416666666666667,24,24,24,24
The Views,2024-08-24,25.092213,55.168125,Asia/Dubai,47.375,27.695833333333336,24.6125,35.1,37.166666666666664,33.5,40.0,47.375,0.0,12.4625,1001.5791666666668,0.7916666666666666,24,24,24,24
The Views,2024-08-25,25.092213,55.168125,Asia/Dubai,42.666666666666664,27.766666666666666,24.530416666666667,35.737500000000004,37.5,34.3,42.8,42.666666666666664,0.0,11.958333333333334,1001.1041666666666,0.16666666666666666,24,24,24,24
The Views,2024-08-26,25.092213,55.168125,Asia/Dubai,53.25,53.62916666666666,45.50833333333333,35.00416666666667,36.045833333333334,32.8,39.1,53.25,0.0,12.308333333333332,999.5916666666667,0.16666666666666666,24,24,24,24
The Views,2024-08-27,25.092213,55.168125,Asia/Dubai,59.09090909090909,94.81363636363636,89.55909090909091,35.1,35.97272727272727,32.7,40.1,59.09090909090909,0.0,11.97272727272727,998.6227272727273,0.09090909090909091,22,22,22,22
The Views,2024-08-28,25.092213,55.168125,Asia/Dubai,70.77777777777777,128.88888888888889,122.66666666666667,34.12222222222223,34.44444444444444,32.7,36.7,70.77777777777777,0.0,8.622222222222222,999.1333333333334,0.4444444444444444,9,9,9,9
The Views,2024-08-29,25.092213,55.168125,Asia/Dubai,51.916666666666664,100.02083333333333,94.175,35.00833333333333,36.65416666666666,32.9,41.3,51.916666666666664,0.0,10.966666666666667,999.0625,0.3333333333333333,24,24,24,24
The Views,2024-08-30,25.092213,55.168125,Asia/Dubai,64.33333333333333,89.55,81.66666666666667,34.75416666666667,35.612500000000004,31.8,40.0,64.33333333333333,0.0,11.5625,998.4333333333334,0.9166666666666666,24,24,24,24
The Views,2024-08-31,25.092213,55.168125,Asia/Dubai,39.666666666666664,37.82083333333333,30.877916666666668,36.55833333333333,38.229166666666664,32.5,44.7,39.666666666666664,0.0,17.05,999.1666666666666,1.0833333333333333,24,24,24,24
The Views,2024-09-01,25.092213,55.168125,Asia/Dubai,44.0,22.895833333333332,18.8875,35.59583333333333,35.891666666666666,31.6,41.4,44.0,0.0,16.195833333333333,1000.975,0.9583333333333334,24,24,24,24
The Views,2024-09-02,25.092213,55.168125,Asia/Dubai,40.416666666666664,18.008333333333333,13.66125,35.30416666666667,36.27916666666667,31.5,40.7,40.416666666666664,0.0,13.387500000000001,1001.8874999999999,0.9166666666666666,24,24,24,24
The Views,2024-09-03,25.092213,55.168125,Asia/Dubai,45.416666666666664,19.25625,15.008750000000001,35.25,36.3125,31.3,43.1,45.416666666666664,0.0,14.495833333333332,1001.9708333333333,0.7083333333333334,24,24,24,24
The Views,2024-09-04,25.092213,55.168125,Asia/Dubai,50.38095238095238,14.088095238095239,10.75095238095238,34.55238095238095,34.647619047619045,31.0,41.5,50.38095238095238,0.0,14.704761904761906,1002.4380952380952,0.047619047619047616,21,21,21,21
The Views,2024-09-05,25.092213,55.168125,Asia/Dubai,54.458333333333336,18.645833333333332,15.649583333333332,34.59166666666667,35.1,32.1,39.7,54.458333333333336,0.0,15.262500000000001,1000.9458333333333,0.0,24,24,24,24
The Views,2024-09-06,25.092213,55.168125,Asia/Dubai,63.733333333333334,46.78,40.04,33.2,33.0,30.3,35.5,63.733333333333334,0.0,7.286666666666666,1000.84,0.06666666666666667,15,15,15,15
The Views,2024-09-07,25.092213,55.168125,Asia/Dubai,57.75,66.02083333333333,56.37916666666666,34.18333333333333,34.75416666666667,30.1,40.2,57.75,0.0,11.408333333333333,1002.1791666666667,0.041666666666666664,24,24,24,24
The Views,2024-09-08,25.092213,55.168125,Asia/Dubai,52.375,50.51666666666667,41.62083333333333,34.74166666666667,35.387499999999996,30.3,43.1,52.375,0.0,13.666666666666666,1003.5666666666667,0.08333333333333333,24,24,24,24
The Views,2024-09-09,25.092213,55.168125,Asia/Dubai,52.125,51.5875,43.68333333333334,34.666666666666664,35.208333333333336,31.0,40.8,52.125,0.0,11.791666666666666,1003.1416666666668,0.041666666666666664,24,24,24,24
The Views,2024-09-10,25.092213,55.168125,Asia/Dubai,71.33333333333333,97.29523809523809,89.7,33.523809523809526,33.50476190476191,30.0,37.5,71.33333333333333,0.0,10.9,1001.3761904761906,0.38095238095238093,21,21,21,21
The Views,2024-09-11,25.092213,55.168125,Asia/Dubai,52.63636363636363,80.35909090909091,76.08181818181818,33.79545454545455,35.45454545454545,30.5,39.7,52.63636363636363,0.0,12.154545454545454,1000.4545454545455,0.3181818181818182,22,22,22,22
The Views,2024-09-12,25.092213,55.168125,Asia/Dubai,23.916666666666668,33.62083333333333,29.083333333333332,34.69583333333333,37.425000000000004,30.6,44.4,23.916666666666668,0.0,12.25,1000.9291666666667,0.0,24,24,24,24
The Views,2024-09-13,25.092213,55.168125,Asia/Dubai,38.23529411764706,33.15294117647059,27.623529411764707,34.46470588235294,35.5,33.2,41.0,38.23529411764706,0.0,11.447058823529412,1000.6235294117646,0.0,17,17,17,17
The Views,2024-09-14,25.092213,55.168125,Asia/Dubai,54.416666666666664,48.354166666666664,41.24583333333333,34.1875,34.550000000000004,30.8,40.0,54.416666666666664,0.0,13.950000000000001,1000.2375000000001,0.0,24,24,24,24
The Views,2024-09-15,25.092213,55.168125,Asia/Dubai,56.791666666666664,67.55416666666666,58.61666666666667,34.12083333333333,34.93333333333333,30.7,41.0,56.791666666666664,0.0,15.825000000000001,1001.5666666666666,0.041666666666666664,24,24,24,24
The Views,2024-09-16,25.092213,55.168125,Asia/Dubai,51.666666666666664,61.75416666666667,50.85,33.916666666666664,34.09166666666667,29.8,39.8,51.666666666666664,0.0,11.241666666666667,1003.975,0.20833333333333334,24,24,24,24
The Views,2024-09-17,25.092213,55.168125,Asia/Dubai,54.125,53.17083333333333,43.824999999999996,33.53333333333333,33.4625,29.1,38.0,54.125,0.0,12.179166666666667,1005.5875000000001,0.0,24,24,24,24
The Views,2024-09-18,25.092213,55.168125,Asia/Dubai,54.625,50.4375,43.15833333333333,33.65,33.979166666666664,29.9,38.2,54.625,0.0,14.091666666666667,1005.0500000000001,0.0,24,24,24,24
The Views,2024-09-19,25.092213,55.168125,Asia/Dubai,64.20833333333333,65.25833333333334,57.13333333333333,33.766666666666666,33.44583333333333,30.3,36.2,64.20833333333333,0.0,12.683333333333332,1005.2583333333333,0.0,24,24,24,24
The Views,2024-09-20,25.092213,55.168125,Asia/Dubai,64.04166666666667,55.291666666666664,45.949999999999996,33.6875,33.516666666666666,30.3,36.8,64.04166666666667,0.0,12.325000000000001,1005.8333333333334,0.375,24,24,24,24
The Views,2024-09-21,25.092213,55.168125,Asia/Dubai,57.5,47.458333333333336,40.56666666666667,33.795833333333334,34.020833333333336,30.3,37.2,57.5,0.0,12.5375,1005.35,0.0,24,24,24,24
The Views,2024-09-22,25.092213,55.168125,Asia/Dubai,48.041666666666664,38.62916666666667,34.18333333333333,34.19583333333333,35.35,30.1,41.0,48.041666666666664,0.0,10.991666666666667,1005.2416666666667,0.0,24,24,24,24
The Views,2024-09-23,25.092213,55.168125,Asia/Dubai,43.875,44.89166666666667,38.8125,34.19583333333333,35.02916666666667,29.8,41.3,43.875,0.0,11.012500000000001,1005.0041666666666,0.0,24,24,24,24
The Views,2024-09-24,25.092213,55.168125,Asia/Dubai,65.5,88.20416666666667,82.27499999999999,33.625,34.0875,30.0,38.0,65.5,0.0,11.404166666666667,1003.8541666666666,0.0,24,24,24,24
The Views,2024-09-25,25.092213,55.168125,Asia/Dubai,68.875,76.31666666666666,69.88333333333334,33.550000000000004,34.204166666666666,30.5,39.2,68.875,0.0,11.504166666666668,1001.9166666666666,0.0,24,24,24,24
The Views,2024-09-26,25.092213,55.168125,Asia/Dubai,72.95833333333333,95.9375,91.4875,33.4125,33.57083333333333,29.8,39.3,72.95833333333333,0.0,11.2125,1001.2875,0.9583333333333334,24,24,24,24
The Views,2024-09-27,25.092213,55.168125,Asia/Dubai,71.45833333333333,86.19583333333333,81.26666666666667,33.229166666666664,33.199999999999996,29.4,37.8,71.45833333333333,0.0,10.841666666666667,1001.8916666666668,0.5,24,24,24,24
The Views,2024-09-28,25.092213,55.168125,Asia/Dubai,70.20833333333333,75.96666666666667,67.12916666666666,33.229166666666664,33.24166666666667,30.0,38.1,70.20833333333333,0.0,10.737499999999999,1002.7583333333333,0.2916666666666667,24,24,24,24
The Views,2024-09-29,25.092213,55.168125,Asia/Dubai,57.416666666666664,42.75,37.62208333333333,33.55833333333333,34.074999999999996,30.5,39.3,57.416666666666664,0.0,16.025000000000002,1004.8208333333333,0.5833333333333334,24,24,24,24
The Views,2024-09-30,25.092213,55.168125,Asia/Dubai,57.166666666666664,22.90833333333333,20.424166666666668,33.5,33.40416666666667,30.8,37.2,57.166666666666664,0.2,17.179166666666667,1008.0291666666667,1.0,24,24,24,24
The Views,2024-10-01,25.092213,55.168125,Asia/Dubai,54.833333333333336,20.315,18.529166666666665,33.22083333333333,33.18333333333333,29.5,37.0,54.833333333333336,0.0,13.258333333333333,1007.6583333333333,0.375,24,24,24,24
The Views,2024-10-02,25.092213,55.168125,Asia/Dubai,56.916666666666664,25.333333333333332,23.09875,33.791666666666664,34.079166666666666,30.3,38.8,56.916666666666664,0.0,13.670833333333334,1008.0833333333334,0.0,24,24,24,24
The Views,2024-10-03,25.092213,55.168125,Asia/Dubai,59.958333333333336,35.229166666666664,31.5625,33.62083333333333,34.041666666666664,30.3,39.0,59.958333333333336,0.0,15.179166666666667,1007.475,0.0,24,24,24,24
The Views,2024-10-04,25.092213,55.168125,Asia/Dubai,64.29166666666667,41.334583333333335,34.962916666666665,33.079166666666666,33.56666666666667,29.5,37.2,64.29166666666667,0.0,15.6625,1005.5749999999999,0.4583333333333333,24,24,24,24
The Views,2024-10-05,25.092213,55.168125,Asia/Dubai,54.95,15.024000000000001,12.0425,33.04,33.0,30.5,35.3,54.95,0.0,14.025,1005.765,0.2,20,20,20,20
The Views,2024-10-06,25.092213,55.168125,Asia/Dubai,54.73684210526316,31.50526315789474,29.342105263157894,32.45263157894737,32.300000000000004,28.6,36.8,54.73684210526316,0.0,12.168421052631578,1007.1526315789474,0.42105263157894735,19,19,19,19
The Views,2024-10-07,25.092213,55.168125,Asia/Dubai,47.875,26.820833333333336,23.069999999999997,32.87916666666667,33.49166666666667,30.1,38.0,47.875,0.0,12.345833333333333,1010.3249999999999,1.5416666666666667,24,24,24,24
The Views,2024-10-08,25.092213,55.168125,Asia/Dubai,49.5,20.364583333333332,18.923750000000002,33.11666666666667,33.25416666666667,28.6,38.8,49.5,0.0,12.995833333333332,1011.5208333333334,0.5416666666666666,24,24,24,24
The Views,2024-10-09,25.092213,55.168125,Asia/Dubai,53.958333333333336,29.385416666666668,26.687083333333334,32.52916666666667,32.65,29.8,36.8,53.958333333333336,0.0,14.9,1010.4625,0.4583333333333333,24,24,24,24
The Views,2024-10-10,25.092213,55.168125,Asia/Dubai,60.791666666666664,58.1875,48.31666666666666,32.49166666666667,32.36666666666667,28.7,36.6,60.791666666666664,0.1,12.641666666666666,1009.1083333333335,0.7916666666666666,24,24,24,24
The Views,2024-10-11,25.092213,55.168125,Asia/Dubai,55.583333333333336,61.9375,51.75,32.416666666666664,32.44166666666667,29.8,36.8,55.583333333333336,0.0,10.970833333333333,1008.8458333333333,0.16666666666666666,24,24,24,24
The Views,2024-10-12,25.092213,55.168125,Asia/Dubai,56.916666666666664,56.270833333333336,47.199999999999996,32.199999999999996,32.32083333333333,28.1,38.0,56.916666666666664,0.0,11.737499999999999,1008.4916666666667,0.4583333333333333,24,24,24,24
The Views,2024-10-13,25.092213,55.168125,Asia/Dubai,52.416666666666664,53.92916666666667,44.5375,32.016666666666666,32.237500000000004,28.8,36.0,52.416666666666664,0.0,11.433333333333332,1008.1708333333332,0.16666666666666666,24,24,24,24
The Views,2024-10-14,25.092213,55.168125,Asia/Dubai,46.541666666666664,48.9125,42.262499999999996,32.266666666666666,32.895833333333336,28.7,37.9,46.541666666666664,0.0,14.441666666666668,1008.3041666666667,0.041666666666666664,24,24,24,24
The Views,2024-10-15,25.092213,55.168125,Asia/Dubai,48.125,33.199999999999996,29.474999999999998,32.31666666666667,32.62083333333333,28.8,37.8,48.125,0.0,17.191666666666666,1009.5124999999999,0.9166666666666666,24,24,24,24
The Views,2024-10-16,25.092213,55.168125,Asia/Dubai,53.958333333333336,20.794999999999998,19.559166666666666,32.00416666666667,31.8875,28.5,37.0,53.958333333333336,0.0,16.983333333333334,1009.9291666666667,1.2083333333333333,24,24,24,24
The Views,2024-10-17,25.092213,55.168125,Asia/Dubai,58.416666666666664,4.239583333333333,3.737916666666667,31.837500000000002,31.59583333333333,28.8,35.0,58.416666666666664,0.0,14.095833333333333,1009.5541666666667,1.0,24,24,24,24
The Views,2024-10-18,25.092213,55.168125,Asia/Dubai,61.875,16.77875,15.664583333333333,32.074999999999996,32.25,28.3,36.2,61.875,0.0,12.2875,1008.5875000000001,1.375,24,24,24,24
The Views,2024-10-19,25.092213,55.168125,Asia/Dubai,58.333333333333336,28.686666666666667,26.0725,32.454166666666666,32.99583333333333,29.1,37.0,58.333333333333336,0.0,13.170833333333334,1009.5875000000001,1.8333333333333333,24,24,24,24
The Views,2024-10-20,25.092213,55.168125,Asia/Dubai,64.29166666666667,80.54583333333333,73.15833333333333,32.550000000000004,32.72083333333333,30.0,37.2,64.29166666666667,0.0,13.216666666666667,1009.8708333333334,0.4583333333333333,24,24,24,24
The Views,2024-10-21,25.092213,55.168125,Asia/Dubai,65.58333333333333,81.79166666666667,75.64583333333333,32.00833333333333,32.32083333333333,29.1,37.3,65.58333333333333,0.0,12.5625,1009.4375,0.16666666666666666,24,24,24,24
The Views,2024-10-22,25.092213,55.168125,Asia/Dubai,69.70833333333333,64.83749999999999,57.8125,31.383333333333336,31.520833333333332,28.4,36.5,69.70833333333333,0.0,13.254166666666668,1010.125,0.3333333333333333,24,24,24,24
The Views,2024-10-23,25.092213,55.168125,Asia/Dubai,60.083333333333336,44.84166666666667,36.80041666666667,31.679166666666664,31.787499999999998,27.1,37.6,60.083333333333336,0.0,13.458333333333334,1011.5708333333333,0.20833333333333334,24,24,24,24
The Views,2024-10-24,25.092213,55.168125,Asia/Dubai,51.375,31.97083333333333,26.905833333333334,32.30833333333333,32.5875,28.8,38.8,51.375,0.0,13.262500000000001,1011.9083333333333,0.25,24,24,24,24
The Views,2024-10-25,25.092213,55.168125,Asia/Dubai,55.083333333333336,43.56666666666666,36.800000000000004,31.979166666666668,31.991666666666664,28.8,36.0,55.083333333333336,0.0,13.704166666666666,1012.6041666666666,1.1666666666666667,24,24,24,24
The Views,2024-10-26,25.092213,55.168125,Asia/Dubai,64.95833333333333,42.337916666666665,35.13625,31.47083333333333,31.46666666666667,28.8,35.0,64.95833333333333,0.0,13.704166666666666,1013.125,0.5416666666666666,24,24,24,24
The Views,2024-10-27,25.092213,55.168125,Asia/Dubai,61.0,20.23375,18.844166666666666,31.15416666666667,31.204166666666666,27.3,34.0,61.0,0.0,14.4625,1012.4,0.375,24,24,24,24
The Views,2024-10-28,25.092213,55.168125,Asia/Dubai,53.833333333333336,19.568749999999998,18.387083333333333,31.412499999999998,31.258333333333336,29.8,33.0,53.833333333333336,0.0,17.57916666666667,1010.1750000000001,0.6666666666666666,24,24,24,24
The Views,2024-10-29,25.092213,55.168125,Asia/Dubai,52.25,31.95,29.212500000000002,30.508333333333336,29.829166666666666,25.6,33.0,52.25,0.0,16.766666666666666,1010.25,0.5416666666666666,24,24,24,24
The Views,2024-10-30,25.092213,55.168125,Asia/Dubai,49.958333333333336,35.30833333333333,30.825,30.27916666666667,29.72083333333333,24.6,32.8,49.958333333333336,0.0,15.200000000000001,1010.6666666666666,0.7083333333333334,24,24,24,24
The Views,2024-10-31,25.092213,55.168125,Asia/Dubai,54.0,52.31666666666666,43.90416666666667,30.020833333333332,29.7625,25.2,34.5,54.0,0.0,10.575000000000001,1012.0333333333333,0.875,24,24,24,24
The Views,2024-11-01,25.092213,55.168125,Asia/Dubai,57.833333333333336,64.52916666666667,54.05833333333334,30.416666666666668,30.1125,26.1,34.8,57.833333333333336,0.0,11.370833333333332,1013.5375,0.0,24,24,24,24
The Views,2024-11-02,25.092213,55.168125,Asia/Dubai,58.5,62.57083333333333,53.40833333333333,30.416666666666668,30.333333333333332,26.3,33.8,58.5,0.0,11.15,1014.5208333333334,0.0,24,24,24,24
The Views,2024-11-03,25.092213,55.168125,Asia/Dubai,65.95833333333333,82.37083333333334,77.72500000000001,29.875,29.579166666666666,25.3,35.0,65.95833333333333,0.0,10.666666666666666,1013.6916666666666,0.0,24,24,24,24
The Views,2024-11-04,25.092213,55.168125,Asia/Dubai,64.20833333333333,59.1875,51.50833333333333,29.75,29.387500000000003,24.1,34.7,64.20833333333333,0.0,8.475,1012.6,0.0,24,24,24,24
The Views,2024-11-05,25.092213,55.168125,Asia/Dubai,57.625,53.65833333333333,44.362500000000004,30.025000000000002,30.175,24.9,35.5,57.625,0.0,8.375,1012.7083333333334,0.041666666666666664,24,24,24,24
The Views,2024-11-06,25.092213,55.168125,Asia/Dubai,62.958333333333336,59.62916666666666,48.67916666666667,30.099999999999998,29.90833333333333,25.5,35.0,62.958333333333336,0.0,10.716666666666667,1014.8041666666667,0.08333333333333333,24,24,24,24
The Views,2024-11-07,25.092213,55.168125,Asia/Dubai,66.41666666666667,60.61666666666667,52.137499999999996,30.120833333333334,29.67916666666667,25.8,34.0,66.41666666666667,0.0,10.924999999999999,1015.2291666666666,0.0,24,24,24,24
The Views,2024-11-08,25.092213,55.168125,Asia/Dubai,64.08333333333333,68.45416666666667,61.525,29.441666666666666,28.8125,25.1,32.8,64.08333333333333,0.0,10.475,1014.225,0.25,24,24,24,24
The Views,2024-11-09,25.092213,55.168125,Asia/Dubai,58.333333333333336,60.19166666666666,49.979166666666664,28.84583333333333,28.287499999999998,23.8,33.2,58.333333333333336,0.0,9.141666666666667,1013.9166666666666,0.16666666666666666,24,24,24,24
The Views,2024-11-10,25.092213,55.168125,Asia/Dubai,62.0,63.17916666666667,54.34166666666667,29.245833333333334,28.629166666666666,24.1,33.0,62.0,0.0,10.575000000000001,1015.0166666666668,0.08333333333333333,24,24,24,24
The Views,2024-11-11,25.092213,55.168125,Asia/Dubai,61.125,57.67916666666667,47.637499999999996,29.420833333333334,29.1375,24.7,33.1,61.125,0.0,11.366666666666667,1015.3083333333334,0.20833333333333334,24,24,24,24
The Views,2024-11-12,25.092213,55.168125,Asia/Dubai,61.416666666666664,55.52916666666667,45.22083333333333,29.416666666666668,28.78333333333333,24.5,32.0,61.416666666666664,0.0,11.779166666666667,1013.7333333333332,0.041666666666666664,24,24,24,24
The Views,2024-11-13,25.092213,55.168125,Asia/Dubai,61.791666666666664,64.74583333333334,53.57916666666667,29.129166666666666,28.791666666666668,25.1,32.0,61.791666666666664,0.0,10.733333333333334,1011.8208333333333,0.3333333333333333,24,24,24,24
The Views,2024-11-14,25.092213,55.168125,Asia/Dubai,67.66666666666667,73.66666666666667,65.6375,28.833333333333332,28.65833333333333,24.7,32.8,67.66666666666667,0.0,12.862499999999999,1011.6583333333333,0.6666666666666666,24,24,24,24
The Views,2024-11-15,25.092213,55.168125,Asia/Dubai,61.541666666666664,35.31041666666667,30.27541666666667,28.891666666666666,28.400000000000002,24.5,31.8,61.541666666666664,0.0,13.625,1013.8958333333334,1.0416666666666667,24,24,24,24
The Views,2024-11-16,25.092213,55.168125,Asia/Dubai,52.75,19.292916666666667,17.59625,28.554166666666664,27.204166666666666,23.5,30.0,52.75,0.0,14.299999999999999,1014.3083333333334,1.1666666666666667,24,24,24,24
The Views,2024-11-17,25.092213,55.168125,Asia/Dubai,49.833333333333336,37.550000000000004,32.7125,28.025000000000002,27.004166666666666,22.2,31.0,49.833333333333336,0.0,11.066666666666668,1013.3666666666667,0.9583333333333334,24,24,24,24
The Views,2024-11-18,25.092213,55.168125,Asia/Dubai,47.958333333333336,57.583333333333336,47.699999999999996,28.0125,27.266666666666666,22.6,32.8,47.958333333333336,0.0,9.079166666666667,1013.9583333333334,0.125,24,24,24,24
The Views,2024-11-19,25.092213,55.168125,Asia/Dubai,54.291666666666664,49.520833333333336,41.016666666666666,28.087500000000002,27.058333333333334,22.5,32.0,54.291666666666664,0.0,9.879166666666666,1015.4250000000001,0.2916666666666667,24,24,24,24
The Views,2024-11-20,25.092213,55.168125,Asia/Dubai,56.541666666666664,59.875,49.725,27.829166666666666,27.079166666666666,22.8,31.2,56.541666666666664,0.0,9.2125,1015.125,0.2916666666666667,24,24,24,24
The Views,2024-11-21,25.092213,55.168125,Asia/Dubai,59.75,61.0375,49.583333333333336,27.541666666666668,26.595833333333335,22.6,30.8,59.75,0.0,10.383333333333333,1014.5500000000001,0.4583333333333333,24,24,24,24
The Views,2024-11-22,25.092213,55.168125,Asia/Dubai,67.70833333333333,74.95,65.26666666666667,27.8625,27.316666666666666,23.2,31.2,67.70833333333333,0.0,10.041666666666666,1014.0833333333334,0.25,24,24,24,24
The Views,2024-11-23,25.092213,55.168125,Asia/Dubai,70.79166666666667,69.375,61.15416666666667,27.866666666666664,27.325,22.7,31.2,70.79166666666667,0.0,9.775,1013.9708333333333,1.75,24,24,24,24
The Views,2024-11-24,25.092213,55.168125,Asia/Dubai,65.08333333333333,39.89833333333333,33.21583333333333,27.866666666666664,26.895833333333332,23.0,30.6,65.08333333333333,0.0,10.879166666666668,1013.5291666666667,1.25,24,24,24,24
The Views,2024-11-25,25.092213,55.168125,Asia/Dubai,63.583333333333336,39.50416666666667,33.920833333333334,28.445833333333336,26.954166666666666,22.5,32.2,63.583333333333336,0.0,10.029166666666667,1013.9708333333333,0.5,24,24,24,24
The Views,2024-11-26,25.092213,55.168125,Asia/Dubai,59.875,33.80416666666667,30.245833333333334,29.25,27.454166666666666,24.1,31.8,59.875,0.0,10.416666666666666,1015.1583333333333,0.7083333333333334,24,24,24,24
The Views,2024-11-27,25.092213,55.168125,Asia/Dubai,59.666666666666664,46.49166666666667,38.770833333333336,28.866666666666664,27.59583333333333,22.8,33.0,59.666666666666664,0.0,9.833333333333334,1014.0,0.2916666666666667,24,24,24,24
The Views,2024-11-28,25.092213,55.168125,Asia/Dubai,66.08333333333333,47.75833333333333,39.550000000000004,28.008333333333336,27.058333333333334,22.8,30.1,66.08333333333333,0.6000000000000001,17.370833333333334,1014.4166666666666,2.0416666666666665,24,24,24,24
The Views,2024-11-29,25.092213,55.168125,Asia/Dubai,56.541666666666664,11.9625,10.770833333333334,27.741666666666664,26.358333333333334,24.7,27.8,56.541666666666664,0.0,20.9,1016.2333333333332,2.25,24,24,24,24
The Views,2024-11-30,25.092213,55.168125,Asia/Dubai,50.833333333333336,12.738750000000001,11.774583333333332,26.929166666666664,24.90833333333333,21.0,27.5,50.833333333333336,0.0,20.533333333333335,1015.8833333333333,2.4583333333333335,24,24,24,24
The Views,2024-12-01,25.092213,55.168125,Asia/Dubai,47.0,9.24025,8.351,26.441666666666666,24.691666666666666,23.5,26.0,47.0,0.0,20.241666666666667,1013.8375000000001,2.5,24,24,24,24
The Views,2024-12-02,25.092213,55.168125,Asia/Dubai,50.333333333333336,30.09583333333333,27.991666666666664,25.97083333333333,23.454166666666666,19.0,26.4,50.333333333333336,0.0,11.4375,1013.625,2.4166666666666665,24,24,24,24
The Views,2024-12-03,25.092213,55.168125,Asia/Dubai,42.916666666666664,25.39,21.31083333333333,25.325,22.883333333333336,17.8,27.1,42.916666666666664,0.0,10.745833333333332,1015.9416666666667,0.7083333333333334,24,24,24,24
The Views,2024-12-04,25.092213,55.168125,Asia/Dubai,41.791666666666664,17.99416666666667,16.60375,26.22083333333333,23.425,18.8,27.0,41.791666666666664,0.0,10.075000000000001,1017.2750000000001,0.4583333333333333,24,24,24,24
The Views,2024-12-05,25.092213,55.168125,Asia/Dubai,47.708333333333336,33.75416666666667,29.604166666666668,26.287499999999998,23.041666666666668,18.0,27.0,47.708333333333336,0.0,9.008333333333333,1017.5,0.20833333333333334,24,24,24,24
The Views,2024-12-06,25.092213,55.168125,Asia/Dubai,61.458333333333336,71.87083333333334,64.95833333333333,26.645833333333332,23.808333333333334,18.8,28.0,61.458333333333336,0.0,8.554166666666667,1017.7375000000001,0.5416666666666666,24,24,24,24
The Views,2024-12-07,25.092213,55.168125,Asia/Dubai,61.166666666666664,52.48333333333333,44.2875,28.041666666666668,25.329166666666666,22.0,29.8,61.166666666666664,0.0,10.004166666666666,1017.4375,1.0833333333333333,24,24,24,24
The Views,2024-12-08,25.092213,55.168125,Asia/Dubai,44.708333333333336,31.980416666666667,27.014583333333334,27.258333333333336,24.858333333333334,20.0,29.8,44.708333333333336,0.0,11.891666666666666,1019.3125,0.08333333333333333,24,24,24,24
The Views,2024-12-09,25.092213,55.168125,Asia/Dubai,44.666666666666664,11.648333333333333,9.785833333333334,27.0125,23.662499999999998,17.9,28.7,44.666666666666664,0.0,10.641666666666667,1018.475,0.5416666666666666,24,24,24,24
The Views,2024-12-10,25.092213,55.168125,Asia/Dubai,56.125,27.662499999999998,25.366666666666664,26.65833333333333,23.645833333333332,19.1,27.3,56.125,0.0,9.75,1016.8874999999999,2.0416666666666665,24,24,24,24
The Views,2024-12-11,25.092213,55.168125,Asia/Dubai,54.375,25.493750000000002,22.22666666666667,26.9875,24.125,20.4,28.6,54.375,0.0,13.5,1017.9583333333334,1.75,24,24,24,24
The Views,2024-12-12,25.092213,55.168125,Asia/Dubai,47.5,13.373333333333333,11.554583333333333,26.724999999999998,23.875,19.6,28.8,47.5,0.0,10.716666666666667,1018.0083333333333,0.5833333333333334,24,24,24,24
The Views,2024-12-13,25.092213,55.168125,Asia/Dubai,49.75,22.612916666666667,20.180833333333332,26.337500000000002,23.400000000000002,19.2,28.0,49.75,0.0,9.637500000000001,1016.9291666666667,0.75,24,24,24,24
The Views,2024-12-14,25.092213,55.168125,Asia/Dubai,51.416666666666664,46.04583333333333,38.3125,26.191666666666666,23.566666666666666,19.5,27.0,51.416666666666664,0.0,11.866666666666667,1016.7083333333334,1.2916666666666667,24,24,24,24
The Views,2024-12-15,25.092213,55.168125,Asia/Dubai,55.0,40.71666666666667,33.97083333333333,25.308333333333334,21.9875,18.2,25.8,55.0,0.2,13.458333333333334,1019.5041666666666,2.4166666666666665,24,24,24,24
The Views,2024-12-16,25.092213,55.168125,Asia/Dubai,54.5,24.43875,19.751875,25.76875,21.35,17.8,25.2,54.5,0.0,11.24375,1021.35,2.1875,16,16,16,16
The Views,2024-12-17,25.092213,55.168125,Asia/Dubai,42.69565217391305,36.68260869565218,29.73913043478261,25.495652173913044,21.430434782608696,17.4,24.4,42.69565217391305,0.0,9.182608695652174,1019.3695652173913,0.782608695652174,23,23,23,23
The Views,2024-12-18,25.092213,55.168125,Asia/Dubai,51.625,35.487500000000004,31.0,25.520833333333332,21.625,18.8,24.8,51.625,0.0,13.525,1016.7375000000001,4.375,24,24,24,24
The Views,2024-12-19,25.092213,55.168125,Asia/Dubai,54.625,46.645833333333336,39.44583333333333,24.729166666666668,20.82916666666667,17.0,24.8,54.625,0.0,10.154166666666667,1016.1125000000001,3.3333333333333335,24,24,24,24
The Views,2024-12-20,25.092213,55.168125,Asia/Dubai,53.625,49.887499999999996,42.045833333333334,24.662499999999998,20.962500000000002,15.8,26.0,53.625,0.0,9.020833333333334,1016.7750000000001,0.9583333333333334,24,24,24,24
The Views,2024-12-21,25.092213,55.168125,Asia/Dubai,54.083333333333336,42.04833333333333,35.72,24.629166666666666,20.679166666666667,15.9,25.0,54.083333333333336,0.0,11.0,1015.1583333333333,1.1666666666666667,24,24,24,24
The Views,2024-12-22,25.092213,55.168125,Asia/Dubai,59.583333333333336,33.79958333333334,30.10083333333333,24.104166666666668,20.416666666666668,16.0,24.2,59.583333333333336,0.0,16.0625,1014.8416666666667,2.0,24,24,24,24
The Views,2024-12-23,25.092213,55.168125,Asia/Dubai,59.833333333333336,43.23333333333333,36.75416666666667,24.087500000000002,20.420833333333334,15.9,25.0,59.833333333333336,0.6000000000000001,10.1625,1016.1791666666667,1.6666666666666667,24,24,24,24
The Views,2024-12-24,25.092213,55.168125,Asia/Dubai,58.083333333333336,58.52916666666667,47.5625,24.941666666666666,22.204166666666666,16.8,27.0,58.083333333333336,0.0,9.483333333333333,1016.9916666666667,1.375,24,24,24,24
The Views,2024-12-25,25.092213,55.168125,Asia/Dubai,59.708333333333336,65.15416666666667,55.4,25.212500000000002,22.15833333333333,17.8,25.8,59.708333333333336,0.0,10.137500000000001,1018.2541666666666,1.2083333333333333,24,24,24,24
The Views,2024-12-26,25.092213,55.168125,Asia/Dubai,60.958333333333336,71.71666666666667,61.4,25.070833333333336,21.891666666666666,17.2,26.2,60.958333333333336,0.2,9.429166666666667,1020.5541666666667,0.9583333333333334,24,24,24,24
The Views,2024-12-27,25.092213,55.168125,Asia/Dubai,50.583333333333336,47.96666666666667,39.9625,25.516666666666666,22.579166666666666,18.3,28.0,50.583333333333336,0.0,10.204166666666667,1021.2916666666666,0.20833333333333334,24,24,24,24
The Views,2024-12-28,25.092213,55.168125,Asia/Dubai,51.625,39.80416666666667,34.18333333333333,25.629166666666666,22.25,16.8,27.8,51.625,0.0,9.808333333333334,1020.5583333333334,1.0,24,24,24,24
The Views,2024-12-29,25.092213,55.168125,Asia/Dubai,60.958333333333336,52.92916666666667,43.208333333333336,25.25,22.025000000000002,16.8,26.0,60.958333333333336,0.0,9.5125,1019.525,2.0833333333333335,24,24,24,24
The Views,2024-12-30,25.092213,55.168125,Asia/Dubai,71.91666666666667,68.52083333333333,58.03333333333333,25.641666666666666,22.84583333333333,19.1,27.2,71.91666666666667,0.0,8.666666666666666,1017.9791666666666,2.125,24,24,24,24
The Views,2024-12-31,25.092213,55.168125,Asia/Dubai,64.375,73.99166666666666,65.31666666666668,26.258333333333336,23.845833333333335,20.3,28.0,64.375,0.0,9.012500000000001,1016.975,3.0833333333333335,24,24,24,24
The Views,2025-01-01,25.092213,55.168125,Asia/Dubai,61.041666666666664,48.77,41.406666666666666,25.745833333333334,22.6375,19.8,26.4,61.041666666666664,0.0,16.670833333333334,1016.1833333333334,3.7916666666666665,24,24,24,24
The Views,2025-01-02,25.092213,55.168125,Asia/Dubai,41.541666666666664,9.817083333333334,8.481666666666667,25.275000000000002,21.683333333333334,20.4,23.0,41.541666666666664,0.0,28.59166666666667,1018.6208333333334,2.4583333333333335,24,24,24,24
The Views,2025-01-03,25.092213,55.168125,Asia/Dubai,43.375,24.868333333333336,21.769583333333333,23.40833333333333,19.575,16.5,22.1,43.375,0.0,12.65,1020.4583333333334,1.875,24,24,24,24
The Views,2025-01-04,25.092213,55.168125,Asia/Dubai,37.75,21.368750000000002,19.855416666666667,22.599999999999998,18.658333333333335,13.0,22.8,37.75,0.0,11.183333333333332,1021.4499999999999,1.375,24,24,24,24
The Views,2025-01-05,25.092213,55.168125,Asia/Dubai,48.125,32.17916666666667,28.875,23.09166666666667,19.0125,13.5,22.8,48.125,0.0,10.533333333333333,1020.9041666666667,1.5833333333333333,24,24,24,24
The Views,2025-01-06,25.092213,55.168125,Asia/Dubai,49.526315789473685,45.21578947368421,39.52105263157895,23.510526315789473,19.678947368421053,14.0,25.0,49.526315789473685,0.0,12.74736842105263,1019.7052631578948,0.05263157894736842,19,19,19,19
The Views,2025-01-07,25.092213,55.168125,Asia/Dubai,49.25,38.05625,33.23125,24.3375,21.21875,15.4,26.7,49.25,0.0,11.3,1018.99375,2.4375,16,16,16,16
The Views,2025-01-08,25.092213,55.168125,Asia/Dubai,54.65217391304348,37.25695652173913,31.76,23.934782608695652,20.56086956521739,15.4,25.0,54.65217391304348,0.0,10.834782608695653,1017.4173913043478,2.782608695652174,23,23,23,23
The Views,2025-01-09,25.092213,55.168125,Asia/Dubai,68.78260869565217,59.51739130434783,51.2304347826087,24.156521739130437,20.069565217391304,16.8,23.8,68.78260869565217,0.30000000000000004,11.64782608695652,1015.7347826086957,2.0,23,23,23,23
The Views,2025-01-10,25.092213,55.168125,Asia/Dubai,62.666666666666664,52.637499999999996,44.525,23.84583333333333,20.291666666666668,15.3,25.0,62.666666666666664,0.0,10.825000000000001,1017.8041666666667,0.5833333333333334,24,24,24,24
The Views,2025-01-11,25.092213,55.168125,Asia/Dubai,49.111111111111114,27.727777777777778,25.133333333333333,24.116666666666667,20.116666666666667,14.8,26.0,49.111111111111114,0.0,10.18888888888889,1018.8333333333334,0.05555555555555555,18,18,18,18
The Views,2025-01-12,25.092213,55.168125,Asia/Dubai,47.333333333333336,24.8,23.03333333333333,22.566666666666666,16.133333333333333,15.6,16.9,47.333333333333336,0.0,7.133333333333333,1017.8000000000001,0.3333333333333333,3,3,3,3
The Views,2025-01-13,25.092213,55.168125,Asia/Dubai,61.333333333333336,47.26666666666667,39.46666666666667,25.266666666666666,22.266666666666666,21.8,22.8,61.333333333333336,0.0,21.633333333333336,1019.3666666666668,2.6666666666666665,3,3,3,3
The Views,2025-01-14,25.092213,55.168125,Asia/Dubai,59.75,55.05,45.025,24.7,21.475,21.3,21.8,59.75,0.0,13.175,1018.8,2.5,4,4,4,4
The Views,2025-02-11,25.092213,55.168125,Asia/Dubai,61.0,,37.400000000000006,24.85,21.200000000000003,21.1,21.3,61.0,0.0,7.9,1017.2,2.0,2,2,0,2
The Views,2025-02-12,25.092213,55.168125,Asia/Dubai,49.47826086956522,,26.83782608695652,26.400000000000002,23.982608695652175,18.3,32.0,49.47826086956522,0.0,11.373913043478263,1016.4869565217392,3.1739130434782608,23,23,0,23
The Views,2025-02-13,25.092213,55.168125,Asia/Dubai,36.5,,11.937083333333334,28.066666666666666,26.3,21.1,32.0,36.5,0.0,13.441666666666668,1015.9499999999999,4.666666666666667,24,24,0,24
The Views,2025-02-14,25.092213,55.168125,Asia/Dubai,51.333333333333336,,15.194166666666668,27.933333333333334,25.708333333333332,23.0,30.0,51.333333333333336,0.0,14.183333333333332,1016.4916666666667,5.625,24,24,0,24
The Views,2025-02-15,25.092213,55.168125,Asia/Dubai,70.875,,32.88916666666667,26.599999999999998,22.941666666666666,20.3,26.0,70.875,0.0,12.358333333333334,1015.2208333333333,4.25,24,24,0,24
The Views,2025-02-16,25.092213,55.168125,Asia/Dubai,60.625,,27.69333333333333,26.84166666666667,24.133333333333336,21.8,26.1,60.625,2.0,11.570833333333333,1014.2958333333335,5.083333333333333,24,24,0,24
The Views,2025-02-17,25.092213,55.168125,Asia/Dubai,52.416666666666664,,11.313333333333333,27.650000000000002,25.829166666666666,22.5,32.0,52.416666666666664,2.3,15.204166666666666,1013.85,4.833333333333333,24,24,0,24
The Views,2025-02-18,25.092213,55.168125,Asia/Dubai,58.916666666666664,,23.804166666666664,26.77916666666667,23.866666666666664,21.6,27.0,58.916666666666664,2.2,10.125,1015.1625,4.458333333333333,24,24,0,24
The Views,2025-02-19,25.092213,55.168125,Asia/Dubai,59.375,,30.208333333333332,26.354166666666668,23.041666666666668,20.5,26.0,59.375,0.0,10.858333333333334,1014.7916666666666,2.9166666666666665,24,24,0,24
The Views,2025-02-20,25.092213,55.168125,Asia/Dubai,54.5,,43.395833333333336,26.34583333333333,22.9875,19.0,27.8,54.5,0.6000000000000001,10.608333333333333,1011.8041666666667,3.5416666666666665,24,24,0,24
The Views,2025-02-21,25.092213,55.168125,Asia/Dubai,48.625,,34.112500000000004,27.670833333333334,25.5625,22.8,30.3,48.625,1.9,12.083333333333334,1013.2958333333335,2.3333333333333335,24,24,0,24
The Views,2025-02-22,25.092213,55.168125,Asia/Dubai,59.833333333333336,,36.1,27.079166666666666,23.804166666666664,19.8,28.0,59.833333333333336,0.0,8.920833333333333,1015.225,1.125,24,24,0,24
The Views,2025-02-23,25.092213,55.168125,Asia/Dubai,48.916666666666664,,30.183333333333334,28.349999999999998,26.291666666666668,19.7,35.2,48.916666666666664,0.0,12.804166666666667,1012.3666666666667,2.5,24,24,0,24
The Views,2025-02-24,25.092213,55.168125,Asia/Dubai,65.04166666666667,,34.6625,27.729166666666668,25.195833333333336,23.8,27.2,65.04166666666667,0.0,12.475,1012.2291666666666,4.416666666666667,24,24,0,24
The Views,2025-02-25,25.092213,55.168125,Asia/Dubai,60.75,,11.811250000000001,26.133333333333336,22.291666666666668,19.7,23.8,60.75,0.3,21.53333333333333,1016.4416666666666,6.5,24,24,0,24
The Views,2025-02-26,25.092213,55.168125,Asia/Dubai,55.25,,4.93875,24.72083333333333,20.045833333333334,16.8,22.0,55.25,0.0,13.2875,1019.1083333333332,5.208333333333333,24,24,0,24
The Views,2025-02-27,25.092213,55.168125,Asia/Dubai,54.625,,12.090833333333334,24.945833333333336,20.879166666666666,20.0,22.0,54.625,0.0,19.941666666666666,1018.2041666666668,6.583333333333333,24,24,0,24
The Views,2025-02-28,25.092213,55.168125,Asia/Dubai,50.541666666666664,,10.66375,24.724999999999998,20.895833333333332,19.0,23.0,50.541666666666664,0.0,19.808333333333334,1016.4875000000001,3.2083333333333335,24,24,0,24
The Views,2025-03-01,25.092213,55.168125,Asia/Dubai,56.708333333333336,,16.898333333333333,24.520833333333332,20.204166666666666,16.0,23.8,56.708333333333336,0.0,12.570833333333333,1015.2166666666667,2.5416666666666665,24,24,0,24
The Views,2025-03-02,25.092213,55.168125,Asia/Dubai,55.25,,19.47875,25.045833333333334,20.929166666666667,17.6,24.0,55.25,0.0,16.366666666666667,1014.9083333333333,2.375,24,24,0,24
The Views,2025-03-03,25.092213,55.168125,Asia/Dubai,41.583333333333336,,24.195833333333336,25.09166666666667,21.291666666666668,17.8,24.0,41.583333333333336,0.0,13.737499999999999,1017.4499999999999,0.625,24,24,0,24
The Views,2025-03-04,25.092213,55.168125,Asia/Dubai,38.625,,23.9175,25.791666666666668,23.09583333333333,16.3,29.8,38.625,0.0,18.245833333333334,1017.0,2.0833333333333335,24,24,0,24
The Views,2025-03-05,25.092213,55.168125,Asia/Dubai,42.458333333333336,,18.458333333333332,27.241666666666664,24.833333333333332,21.8,31.0,42.458333333333336,0.0,18.608333333333334,1016.8625000000001,4.083333333333333,24,24,0,24
The Views,2025-03-06,25.092213,55.168125,Asia/Dubai,36.458333333333336,,13.766666666666666,27.708333333333332,25.708333333333332,20.8,31.0,36.458333333333336,0.0,12.179166666666667,1016.1041666666666,1.5833333333333333,24,24,0,24
The Views,2025-03-07,25.092213,55.168125,Asia/Dubai,25.375,,13.262500000000001,29.366666666666664,28.5125,22.6,33.8,25.375,0.0,11.645833333333334,1013.2541666666667,1.5833333333333333,24,24,0,24
The Views,2025-03-08,25.092213,55.168125,Asia/Dubai,20.416666666666668,,7.055,30.2625,29.150000000000002,24.7,36.1,20.416666666666668,0.0,12.866666666666667,1009.5708333333333,2.0416666666666665,24,24,0,24
The Views,2025-03-09,25.092213,55.168125,Asia/Dubai,32.0,,11.0375,29.729166666666668,27.6375,24.3,31.8,32.0,0.0,15.65,1010.4125,4.416666666666667,24,24,0,24
The Views,2025-03-10,25.092213,55.168125,Asia/Dubai,48.375,,17.741666666666667,28.712500000000002,26.916666666666668,23.9,30.8,48.375,0.8,12.791666666666666,1012.6374999999999,5.25,24,24,0,24
The Views,2025-03-11,25.092213,55.168125,Asia/Dubai,39.0,,22.066666666666666,29.416666666666668,28.59583333333333,25.3,35.8,39.0,0.1,9.895833333333334,1012.9875000000001,4.791666666666667,24,24,0,24
The Views,2025-03-12,25.092213,55.168125,Asia/Dubai,40.625,,34.9125,29.170833333333334,28.025000000000002,25.0,31.4,40.625,0.0,10.845833333333333,1013.5083333333333,5.041666666666667,24,24,0,24
The Views,2025-03-13,25.092213,55.168125,Asia/Dubai,59.083333333333336,,39.795833333333334,27.641666666666666,24.766666666666666,22.0,27.4,59.083333333333336,0.0,14.512500000000001,1013.65,3.625,24,24,0,24
The Views,2025-03-14,25.092213,55.168125,Asia/Dubai,68.25,,57.137499999999996,26.4875,23.204166666666666,18.2,27.1,68.25,0.0,10.804166666666667,1013.7708333333334,0.4583333333333333,24,24,0,24
The Views,2025-03-15,25.092213,55.168125,Asia/Dubai,60.416666666666664,,69.33749999999999,27.166666666666668,24.858333333333334,19.1,30.8,60.416666666666664,0.0,11.995833333333335,1014.1750000000001,0.7916666666666666,24,24,0,24
The Views,2025-03-16,25.092213,55.168125,Asia/Dubai,50.791666666666664,,58.0625,28.25,25.983333333333334,19.8,33.0,50.791666666666664,0.0,12.325000000000001,1015.2041666666668,2.0416666666666665,24,24,0,24
The Views,2025-03-17,25.092213,55.168125,Asia/Dubai,61.208333333333336,,56.0375,27.462500000000002,25.041666666666668,23.5,28.9,61.208333333333336,0.0,10.887500000000001,1014.5666666666666,3.2916666666666665,24,24,0,24
The Views,2025-03-18,25.092213,55.168125,Asia/Dubai,65.83333333333333,,65.7375,26.604166666666668,23.295833333333334,17.5,28.6,65.83333333333333,0.0,12.950000000000001,1013.625,1.2083333333333333,24,24,0,24
The Views,2025-03-19,25.092213,55.168125,Asia/Dubai,51.833333333333336,,45.958333333333336,27.09166666666667,24.191666666666666,18.8,29.4,51.833333333333336,0.0,11.245833333333332,1013.4625,0.5833333333333334,24,24,0,24
The Views,2025-03-20,25.092213,55.168125,Asia/Dubai,44.125,,66.12083333333334,27.866666666666664,26.2625,18.8,32.1,44.125,0.0,9.091666666666667,1013.8583333333332,1.0833333333333333,24,24,0,24
The Views,2025-03-21,25.092213,55.168125,Asia/Dubai,33.041666666666664,,42.84166666666667,30.183333333333334,28.21666666666667,21.6,36.8,33.041666666666664,0.0,13.041666666666666,1014.6083333333332,1.375,24,24,0,24
The Views,2025-03-22,25.092213,55.168125,Asia/Dubai,21.208333333333332,,22.5125,31.170833333333334,29.724999999999998,24.8,35.0,21.208333333333332,0.0,15.683333333333332,1013.6583333333333,1.4166666666666667,24,24,0,24
The Views,2025-03-23,25.092213,55.168125,Asia/Dubai,31.875,,19.804166666666667,30.40416666666667,29.020833333333332,25.5,35.0,31.875,0.0,13.833333333333334,1013.1666666666666,4.166666666666667,24,24,0,24
The Views,2025-03-24,25.092213,55.168125,Asia/Dubai,61.125,,16.2425,28.254166666666666,24.954166666666666,21.8,27.0,61.125,0.0,19.083333333333332,1015.3208333333333,2.9166666666666665,24,24,0,24
The Views,2025-03-25,25.092213,55.168125,Asia/Dubai,53.791666666666664,,16.176666666666666,26.354166666666668,22.025000000000002,20.7,24.8,53.791666666666664,0.0,25.566666666666666,1014.5375,2.5,24,24,0,24
The Views,2025-03-26,25.092213,55.168125,Asia/Dubai,57.625,,29.2,25.979166666666668,22.058333333333334,17.4,26.0,57.625,0.0,15.404166666666667,1012.6083333333335,1.375,24,24,0,24
The Views,2025-03-27,25.092213,55.168125,Asia/Dubai,60.5,,47.800000000000004,26.641666666666666,23.400000000000002,18.1,29.0,60.5,0.0,12.424999999999999,1013.3708333333334,0.75,24,24,0,24
The Views,2025-03-28,25.092213,55.168125,Asia/Dubai,55.375,,48.6,27.6125,25.129166666666666,20.1,29.3,55.375,0.0,10.908333333333333,1013.2125000000001,2.5,24,24,0,24
The Views,2025-03-29,25.092213,55.168125,Asia/Dubai,38.125,,32.80416666666667,28.479166666666668,26.766666666666666,20.8,32.4,38.125,0.0,12.766666666666666,1012.5458333333335,0.625,24,24,0,24
The Views,2025-03-30,25.092213,55.168125,Asia/Dubai,37.666666666666664,,32.975,29.266666666666666,27.59166666666667,21.7,33.4,37.666666666666664,0.0,10.4125,1012.4041666666667,0.625,24,24,0,24
The Views,2025-03-31,25.092213,55.168125,Asia/Dubai,27.833333333333332,,20.433333333333334,30.1375,28.558333333333334,23.6,35.1,27.833333333333332,0.0,10.637500000000001,1012.5,0.7916666666666666,24,24,0,24
The Views,2025-04-01,25.092213,55.168125,Asia/Dubai,32.708333333333336,,34.05416666666667,30.087500000000002,28.275000000000002,23.3,34.3,32.708333333333336,0.0,11.799999999999999,1011.4458333333333,1.25,24,24,0,24
The Views,2025-04-02,25.092213,55.168125,Asia/Dubai,38.708333333333336,,56.70416666666667,29.97083333333333,27.59583333333333,22.4,32.3,38.708333333333336,0.0,9.558333333333334,1010.1791666666667,0.5416666666666666,24,24,0,24
The Views,2025-04-03,25.092213,55.168125,Asia/Dubai,42.5,,80.60833333333333,30.354166666666668,28.712500000000002,22.6,38.4,42.5,0.0,11.054166666666667,1010.0666666666667,0.75,24,24,0,24
The Views,2025-04-04,25.092213,55.168125,Asia/Dubai,23.375,,42.5725,32.208333333333336,31.75,24.8,39.2,23.375,0.0,11.520833333333334,1010.6791666666667,0.75,24,24,0,24
The Views,2025-04-05,25.092213,55.168125,Asia/Dubai,17.75,,17.164166666666667,32.92916666666667,32.1375,26.6,39.8,17.75,0.0,12.958333333333334,1011.1708333333332,0.75,24,24,0,24
The Views,2025-04-06,25.092213,55.168125,Asia/Dubai,21.5,,20.354166666666668,33.137499999999996,31.75,25.4,40.0,21.5,0.0,11.545833333333334,1010.9583333333334,1.2916666666666667,24,24,0,24
The Views,2025-04-07,25.092213,55.168125,Asia/Dubai,26.75,,29.599999999999998,32.675000000000004,31.558333333333334,25.4,39.0,26.75,0.0,12.112499999999999,1011.025,2.8333333333333335,24,24,0,24
The Views,2025-04-08,25.092213,55.168125,Asia/Dubai,32.083333333333336,,26.332083333333333,31.7625,31.083333333333332,24.3,36.5,32.083333333333336,0.0,12.408333333333333,1010.1958333333333,2.3333333333333335,24,24,0,24
The Views,2025-04-09,25.092213,55.168125,Asia/Dubai,52.25,,12.842083333333333,30.429166666666664,28.59583333333333,24.0,32.4,52.25,0.0,13.575000000000001,1009.125,0.125,24,24,0,24
The Views,2025-04-10,25.092213,55.168125,Asia/Dubai,56.125,,40.28333333333333,29.84166666666667,28.191666666666666,23.4,32.8,56.125,0.0,11.545833333333334,1006.3958333333334,0.4166666666666667,24,24,0,24
The Views,2025-04-11,25.092213,55.168125,Asia/Dubai,51.291666666666664,,52.708333333333336,30.96666666666667,29.454166666666666,23.3,36.8,51.291666666666664,0.0,11.620833333333332,1003.6374999999999,0.3333333333333333,24,24,0,24
The Views,2025-04-12,25.092213,55.168125,Asia/Dubai,27.833333333333332,,40.854166666666664,32.329166666666666,32.5875,26.6,39.2,27.833333333333332,0.0,10.745833333333332,1003.8375000000001,0.4166666666666667,24,24,0,24
The Views,2025-04-13,25.092213,55.168125,Asia/Dubai,20.625,,27.645833333333332,34.141666666666666,34.9375,29.6,40.1,20.625,0.0,13.9375,1006.7916666666666,0.20833333333333334,24,24,0,24
The Views,2025-04-14,25.092213,55.168125,Asia/Dubai,26.208333333333332,,29.758333333333336,34.225,34.175000000000004,29.1,41.0,26.208333333333332,0.0,11.9375,1008.1999999999999,1.2083333333333333,24,24,0,24
The Views,2025-04-15,25.092213,55.168125,Asia/Dubai,30.375,,43.51666666666667,33.4125,33.5875,29.8,41.0,30.375,0.0,13.779166666666667,1008.1666666666666,2.9166666666666665,24,24,0,24
The Views,2025-04-16,25.092213,55.168125,Asia/Dubai,52.375,,39.848333333333336,31.34583333333333,30.129166666666666,26.0,35.4,52.375,0.0,14.745833333333332,1009.1916666666667,0.0,24,24,0,24
The Views,2025-04-17,25.092213,55.168125,Asia/Dubai,51.541666666666664,,6.53625,30.8,27.695833333333336,23.8,31.4,51.541666666666664,0.0,17.820833333333333,1009.3958333333334,0.25,24,24,0,24
The Views,2025-04-18,25.092213,55.168125,Asia/Dubai,53.291666666666664,,11.9525,29.95,27.054166666666664,25.7,29.0,53.291666666666664,0.0,20.1125,1009.3458333333333,0.5416666666666666,24,24,0,24
The Views,2025-04-19,25.092213,55.168125,Asia/Dubai,55.25,,29.7,29.604166666666668,26.337500000000002,22.8,30.0,55.25,0.0,15.775,1009.6416666666668,1.2916666666666667,24,24,0,24
The Views,2025-04-20,25.092213,55.168125,Asia/Dubai,55.25,,29.47083333333333,29.84583333333333,26.5125,22.3,30.2,55.25,0.0,12.691666666666668,1009.9958333333334,0.8333333333333334,24,24,0,24
The Views,2025-04-21,25.092213,55.168125,Asia/Dubai,55.0,,35.00416666666667,30.4875,28.183333333333334,23.0,35.2,55.0,0.0,11.029166666666667,1011.6041666666666,0.5416666666666666,24,24,0,24
The Views,2025-04-22,25.092213,55.168125,Asia/Dubai,42.0,,40.05416666666667,31.474999999999998,29.95,23.5,35.8,42.0,0.0,9.733333333333333,1012.6666666666666,0.375,24,24,0,24
The Views,2025-04-23,25.092213,55.168125,Asia/Dubai,25.166666666666668,,42.00833333333333,33.137499999999996,33.1625,26.1,38.0,25.166666666666668,0.0,9.5625,1010.3125,0.4583333333333333,24,24,0,24
The Views,2025-04-24,25.092213,55.168125,Asia/Dubai,43.291666666666664,,52.145833333333336,31.929166666666664,30.066666666666666,26.6,35.0,43.291666666666664,0.0,11.004166666666668,1006.9541666666668,0.3333333333333333,24,24,0,24
The Views,2025-04-25,25.092213,55.168125,Asia/Dubai,52.291666666666664,,82.58749999999999,31.7,30.0125,24.1,37.5,52.291666666666664,0.0,11.65,1006.7166666666667,0.5416666666666666,24,24,0,24
The Views,2025-04-26,25.092213,55.168125,Asia/Dubai,34.166666666666664,,65.02499999999999,33.362500000000004,33.141666666666666,25.8,42.2,34.166666666666664,0.0,10.05,1006.4125,3.2083333333333335,24,24,0,24
The Views,2025-04-27,25.092213,55.168125,Asia/Dubai,21.416666666666668,,32.59166666666666,35.020833333333336,35.9125,28.6,43.7,21.416666666666668,0.0,10.895833333333334,1006.8041666666667,3.7083333333333335,24,24,0,24
The Views,2025-04-28,25.092213,55.168125,Asia/Dubai,16.041666666666668,,26.625,35.637499999999996,36.25833333333333,30.6,43.1,16.041666666666668,0.0,11.908333333333333,1005.7583333333333,3.3333333333333335,24,24,0,24
The Views,2025-04-29,25.092213,55.168125,Asia/Dubai,18.916666666666668,,23.1375,35.766666666666666,36.0,29.6,43.8,18.916666666666668,0.0,11.745833333333332,1004.3666666666667,0.6666666666666666,24,24,0,24
The Views,2025-04-30,25.092213,55.168125,Asia/Dubai,26.625,,26.391666666666666,35.62916666666667,35.045833333333334,29.4,41.8,26.625,0.0,12.758333333333333,1005.2624999999999,0.4583333333333333,24,24,0,24
The Views,2025-05-01,25.092213,55.168125,Asia/Dubai,25.625,,37.52916666666667,35.30833333333333,34.59166666666667,29.4,40.8,25.625,0.0,11.950000000000001,1006.4541666666668,0.5416666666666666,24,24,0,24
The Views,2025-05-02,25.092213,55.168125,Asia/Dubai,33.291666666666664,,43.35833333333333,34.19583333333333,34.07083333333333,27.3,40.2,33.291666666666664,0.0,10.029166666666667,1006.4625,0.125,24,24,0,24
The Views,2025-05-03,25.092213,55.168125,Asia/Dubai,33.458333333333336,,35.645833333333336,34.391666666666666,33.920833333333334,28.8,38.5,33.458333333333336,0.0,14.1,1005.0291666666667,1.3333333333333333,24,24,0,24
The Views,2025-05-04,25.092213,55.168125,Asia/Dubai,24.25,,36.92916666666667,35.17916666666667,35.125,29.3,42.0,24.25,0.0,14.070833333333333,1003.7333333333335,1.125,24,24,0,24
The Views,2025-05-05,25.092213,55.168125,Asia/Dubai,22.291666666666668,,40.516666666666666,35.454166666666666,35.608333333333334,29.6,41.2,22.291666666666668,0.0,12.908333333333333,1003.3083333333334,0.75,24,24,0,24
The Views,2025-05-06,25.092213,55.168125,Asia/Dubai,36.125,,28.420833333333334,35.05416666666667,33.9,29.7,38.0,36.125,0.0,17.8875,1003.6458333333334,0.0,24,24,0,24
The Views,2025-05-07,25.092213,55.168125,Asia/Dubai,46.125,,9.543333333333333,33.38333333333333,30.962500000000002,28.0,33.0,46.125,0.0,20.966666666666665,1004.8833333333333,0.3333333333333333,24,24,0,24
The Views,2025-05-08,25.092213,55.168125,Asia/Dubai,52.375,,20.548750000000002,31.254166666666666,28.400000000000002,24.0,32.2,52.375,0.0,19.8875,1004.3541666666666,0.5,24,24,0,24
The Views,2025-05-09,25.092213,55.168125,Asia/Dubai,56.625,,35.166666666666664,31.170833333333334,29.120833333333334,24.0,36.2,56.625,0.0,12.612499999999999,1005.9583333333334,0.5,24,24,0,24
The Views,2025-05-10,25.092213,55.168125,Asia/Dubai,63.625,,67.07083333333334,32.270833333333336,30.3625,25.5,34.5,63.625,0.0,11.9,1006.9125,0.16666666666666666,24,24,0,24
The Views,2025-05-11,25.092213,55.168125,Asia/Dubai,46.75,,50.4625,33.12083333333333,32.65,27.8,38.0,46.75,0.0,12.083333333333334,1005.9250000000001,0.375,24,24,0,24
The Views,2025-05-12,25.092213,55.168125,Asia/Dubai,32.083333333333336,,36.25416666666667,34.28333333333333,34.704166666666666,29.8,40.5,32.083333333333336,0.0,10.829166666666666,1004.1291666666667,0.8333333333333334,24,24,0,24
The Views,2025-05-13,25.092213,55.168125,Asia/Dubai,26.916666666666668,,30.45,35.15833333333333,35.40833333333333,29.6,42.0,26.916666666666668,0.0,12.070833333333333,1004.0666666666667,0.4166666666666667,24,24,0,24
The Views,2025-05-14,25.092213,55.168125,Asia/Dubai,30.666666666666668,,21.320416666666667,35.4625,35.166666666666664,29.8,40.8,30.666666666666668,0.0,14.279166666666667,1005.0291666666667,0.25,24,24,0,24
The Views,2025-05-15,25.092213,55.168125,Asia/Dubai,26.041666666666668,,14.15375,35.670833333333334,35.6875,29.6,41.0,26.041666666666668,0.0,14.416666666666666,1006.3625000000001,0.16666666666666666,24,24,0,24
The Views,2025-05-16,25.092213,55.168125,Asia/Dubai,33.041666666666664,,33.300000000000004,34.675000000000004,33.75416666666667,29.5,39.0,33.041666666666664,0.0,12.195833333333333,1005.6333333333333,0.2916666666666667,24,24,0,24
The Views,2025-05-17,25.092213,55.168125,Asia/Dubai,60.333333333333336,,29.030833333333334,33.12083333333333,31.329166666666666,27.0,35.5,60.333333333333336,0.0,16.504166666666666,1004.2624999999999,0.25,24,24,0,24
The Views,2025-05-18,25.092213,55.168125,Asia/Dubai,52.416666666666664,,32.42916666666667,32.487500000000004,30.875,26.0,35.8,52.416666666666664,0.0,12.424999999999999,1004.5,0.20833333333333334,24,24,0,24
The Views,2025-05-19,25.092213,55.168125,Asia/Dubai,56.166666666666664,,45.76666666666667,32.979166666666664,31.962500000000002,27.1,36.0,56.166666666666664,0.0,10.870833333333332,1002.6416666666668,0.2916666666666667,24,24,0,24
The Views,2025-05-20,25.092213,55.168125,Asia/Dubai,55.583333333333336,,73.7,33.458333333333336,33.550000000000004,28.8,38.0,55.583333333333336,0.0,10.5875,1001.6541666666667,0.16666666666666666,24,24,0,24
The Views,2025-05-21,25.092213,55.168125,Asia/Dubai,47.166666666666664,,87.47083333333335,34.44583333333333,34.4125,28.8,41.3,47.166666666666664,0.0,10.654166666666667,1000.9541666666668,0.0,24,24,0,24
The Views,2025-05-22,25.092213,55.168125,Asia/Dubai,46.958333333333336,,71.82916666666667,35.050000000000004,35.458333333333336,28.5,43.8,46.958333333333336,0.0,11.525,999.9375,0.125,24,24,0,24
The Views,2025-05-23,25.092213,55.168125,Asia/Dubai,27.208333333333332,,40.84583333333333,36.24583333333333,37.35,31.4,44.5,27.208333333333332,0.0,10.979166666666666,997.5124999999999,0.16666666666666666,24,24,0,24
The Views,2025-05-24,25.092213,55.168125,Asia/Dubai,24.458333333333332,,31.0625,36.983333333333334,38.025,31.4,46.5,24.458333333333332,0.0,11.379166666666668,996.6208333333334,0.2916666666666667,24,24,0,24
The Views,2025-05-25,25.092213,55.168125,Asia/Dubai,35.291666666666664,,37.525,36.49583333333333,36.30833333333333,31.0,44.3,35.291666666666664,0.0,13.487499999999999,997.7624999999999,0.375,24,24,0,24
The Views,2025-05-26,25.092213,55.168125,Asia/Dubai,49.642857142857146,,47.949999999999996,35.09285714285714,34.74285714285714,30.1,45.3,49.642857142857146,0.0,10.885714285714286,1000.2714285714286,0.0,14,14,0,14
The Views,2025-05-27,25.092213,55.168125,Asia/Dubai,47.15384615384615,,25.792307692307695,36.00769230769231,34.7,33.0,37.2,47.15384615384615,0.0,16.753846153846155,999.6307692307693,0.0,13,13,0,13
The Views,2025-05-28,25.092213,55.168125,Asia/Dubai,49.083333333333336,,39.979166666666664,34.395833333333336,33.583333333333336,28.9,37.8,49.083333333333336,0.0,13.700000000000001,999.6083333333335,0.041666666666666664,24,24,0,24
The Views,2025-05-29,25.092213,55.168125,Asia/Dubai,42.916666666666664,,49.625,35.333333333333336,35.541666666666664,29.8,43.0,42.916666666666664,0.0,11.933333333333332,999.0041666666667,0.041666666666666664,24,24,0,24
The Views,2025-05-30,25.092213,55.168125,Asia/Dubai,40.458333333333336,,59.775,35.24166666666667,35.375,30.8,40.2,40.458333333333336,0.0,12.554166666666667,998.8333333333334,0.041666666666666664,24,24,0,24
The Views,2025-05-31,25.092213,55.168125,Asia/Dubai,51.25,,25.960416666666664,34.525,34.07083333333333,29.0,39.2,51.25,0.0,15.241666666666667,1000.5375,0.0,24,24,0,24
The Views,2025-06-01,25.092213,55.168125,Asia/Dubai,53.94444444444444,,14.291666666666666,33.66111111111111,31.755555555555556,27.8,37.0,53.94444444444444,0.0,11.055555555555555,1002.5555555555555,0.16666666666666666,18,18,0,18
The Views,2025-06-02,25.092213,55.168125,Asia/Dubai,41.375,,35.925,35.6375,36.0125,32.5,40.0,41.375,0.0,12.237499999999999,1000.7125,0.0,8,8,0,8
The Views,2025-06-03,25.092213,55.168125,Asia/Dubai,62.5,,42.01111111111111,34.02222222222222,32.80555555555556,27.8,37.8,62.5,0.0,12.63888888888889,998.3722222222223,0.0,18,18,0,18
The Views,2025-06-04,25.092213,55.168125,Asia/Dubai,64.45833333333333,,20.22,33.40416666666667,32.0375,28.0,37.0,64.45833333333333,0.0,15.929166666666667,999.5541666666667,0.20833333333333334,24,24,0,24
The Views,2025-06-05,25.092213,55.168125,Asia/Dubai,57.166666666666664,,20.92625,33.0875,31.825,27.0,38.8,57.166666666666664,0.0,14.845833333333333,1002.0916666666667,0.0,24,24,0,24
The Views,2025-06-06,25.092213,55.168125,Asia/Dubai,57.125,,20.542083333333334,32.775,31.245833333333334,26.8,36.5,57.125,0.0,14.666666666666666,1004.9708333333333,0.5,24,24,0,24
The Views,2025-06-07,25.092213,55.168125,Asia/Dubai,64.375,,40.262499999999996,33.35,32.012499999999996,27.3,36.0,64.375,0.0,14.1625,1005.3541666666666,0.5416666666666666,24,24,0,24
The Views,2025-06-08,25.092213,55.168125,Asia/Dubai,64.29166666666667,,40.59166666666667,34.270833333333336,33.270833333333336,30.5,38.0,64.29166666666667,0.0,13.745833333333332,1004.6958333333333,0.3333333333333333,24,24,0,24
The Views,2025-06-09,25.092213,55.168125,Asia/Dubai,46.041666666666664,,28.354166666666668,35.1625,35.574999999999996,30.5,40.0,46.041666666666664,0.0,14.225,1004.5166666666668,0.4166666666666667,24,24,0,24
The Views,2025-06-10,25.092213,55.168125,Asia/Dubai,37.125,,21.184583333333332,36.475,37.12916666666667,31.1,42.8,37.125,0.0,12.700000000000001,1002.625,0.0,24,24,0,24
The Views,2025-06-11,25.092213,55.168125,Asia/Dubai,31.73913043478261,,23.030434782608697,36.80869565217392,36.88260869565217,32.1,42.0,31.73913043478261,0.0,13.108695652173912,1001.9695652173913,0.0,23,23,0,23
The Views,2025-06-12,25.092213,55.168125,Asia/Dubai,32.041666666666664,,24.8875,36.979166666666664,37.525,32.6,44.2,32.041666666666664,0.0,11.700000000000001,1001.4458333333333,0.0,24,24,0,24
The Views,2025-06-13,25.092213,55.168125,Asia/Dubai,36.75,,42.25,36.666666666666664,37.1875,32.8,43.2,36.75,0.0,11.754166666666668,1000.7666666666668,0.041666666666666664,24,24,0,24
The Views,2025-06-14,25.092213,55.168125,Asia/Dubai,36.75,,42.199999999999996,36.420833333333334,36.96666666666667,31.8,44.2,36.75,0.0,12.745833333333332,999.75,0.0,24,24,0,24
The Views,2025-06-15,25.092213,55.168125,Asia/Dubai,32.916666666666664,,48.80416666666667,36.00833333333333,35.82083333333333,32.3,39.2,32.916666666666664,0.0,11.554166666666667,996.9208333333332,0.041666666666666664,24,24,0,24
The Views,2025-06-16,25.092213,55.168125,Asia/Dubai,41.458333333333336,,64.42916666666666,36.045833333333334,36.479166666666664,32.1,40.4,41.458333333333336,0.0,12.320833333333333,994.8833333333333,0.0,24,24,0,24
The Views,2025-06-17,25.092213,55.168125,Asia/Dubai,39.791666666666664,,57.37916666666666,36.63333333333333,37.69166666666667,31.3,44.2,39.791666666666664,0.0,12.225,995.2291666666666,0.0,24,24,0,24
The Views,2025-06-18,25.092213,55.168125,Asia/Dubai,41.958333333333336,,31.108333333333334,35.800000000000004,36.025,30.2,42.2,41.958333333333336,0.0,12.858333333333334,996.4291666666667,0.0,24,24,0,24
The Views,2025-06-19,25.092213,55.168125,Asia/Dubai,60.5,,30.82083333333333,35.1625,34.94166666666667,30.2,41.0,60.5,0.0,13.862499999999999,996.7166666666667,0.0,24,24,0,24
The Views,2025-06-20,25.092213,55.168125,Asia/Dubai,58.166666666666664,,34.762499999999996,34.80833333333333,34.78333333333333,30.0,42.0,58.166666666666664,0.0,13.520833333333334,997.0625,0.625,24,24,0,24
The Views,2025-06-21,25.092213,55.168125,Asia/Dubai,59.75,,47.67083333333333,34.824999999999996,34.81666666666667,29.6,41.8,59.75,0.0,11.4,997.975,0.375,24,24,0,24
The Views,2025-06-22,25.092213,55.168125,Asia/Dubai,54.869565217391305,,50.13913043478261,34.839130434782604,34.69565217391305,30.0,40.2,54.869565217391305,0.0,10.643478260869566,997.7347826086957,0.13043478260869565,23,23,0,23
The Views,2025-06-23,25.092213,55.168125,Asia/Dubai,53.5,,42.71363636363636,34.81818181818182,34.63181818181818,29.8,39.5,53.5,0.0,14.859090909090908,996.1409090909091,0.4090909090909091,22,22,0,22
The Views,2025-06-24,25.092213,55.168125,Asia/Dubai,41.875,,34.34583333333333,34.854166666666664,35.09583333333334,30.0,41.5,41.875,0.0,16.070833333333333,994.9208333333335,0.20833333333333334,24,24,0,24
The Views,2025-06-25,25.092213,55.168125,Asia/Dubai,43.9,,34.155,35.17,35.07,30.8,39.5,43.9,0.0,15.02,994.11,0.6,20,20,0,20
The Views,2025-06-26,25.092213,55.168125,Asia/Dubai,60.375,,41.862500000000004,35.079166666666666,34.52916666666667,30.1,38.2,60.375,0.0,12.7125,995.3208333333333,0.041666666666666664,24,24,0,24
The Views,2025-06-27,25.092213,55.168125,Asia/Dubai,45.291666666666664,,51.612500000000004,35.983333333333334,36.47083333333333,32.8,43.0,45.291666666666664,0.0,12.429166666666667,994.8208333333333,0.5416666666666666,24,24,0,24
The Views,2025-06-28,25.092213,55.168125,Asia/Dubai,51.291666666666664,,38.324999999999996,36.295833333333334,36.35,33.3,41.2,51.291666666666664,0.0,11.737499999999999,994.0625,1.2083333333333333,24,24,0,24
The Views,2025-06-29,25.092213,55.168125,Asia/Dubai,55.958333333333336,,49.291666666666664,35.5375,35.300000000000004,33.0,38.5,55.958333333333336,0.0,11.275,993.0708333333333,2.0,24,24,0,24
The Views,2025-06-30,25.092213,55.168125,Asia/Dubai,59.791666666666664,,55.00833333333333,34.9375,34.266666666666666,30.8,38.0,59.791666666666664,0.0,11.375,993.2666666666668,1.375,24,24,0,24
The Views,2025-07-01,25.092213,55.168125,Asia/Dubai,49.25,,59.854166666666664,35.87083333333333,35.94166666666667,30.3,41.0,49.25,0.0,10.379166666666666,994.1,0.5416666666666666,24,24,0,24
The Views,2025-07-02,25.092213,55.168125,Asia/Dubai,54.208333333333336,,72.81666666666666,35.670833333333334,35.0,31.1,38.7,54.208333333333336,0.0,11.85,994.7583333333333,0.08333333333333333,24,24,0,24
The Views,2025-07-03,25.092213,55.168125,Asia/Dubai,64.29166666666667,,27.9875,35.06666666666667,34.46666666666667,31.0,39.7,64.29166666666667,0.0,13.608333333333334,994.9083333333333,0.5416666666666666,24,24,0,24
The Views,2025-07-04,25.092213,55.168125,Asia/Dubai,65.58333333333333,,43.824999999999996,35.079166666666666,34.425000000000004,30.8,39.2,65.58333333333333,0.0,13.549999999999999,995.5541666666667,0.9166666666666666,24,24,0,24
The Views,2025-07-05,25.092213,55.168125,Asia/Dubai,63.958333333333336,,39.199999999999996,35.1625,34.74166666666667,32.2,38.0,63.958333333333336,0.0,11.754166666666668,995.75,0.625,24,24,0,24
The Views,2025-07-06,25.092213,55.168125,Asia/Dubai,60.125,,18.576666666666664,34.61666666666667,33.75,30.8,38.3,60.125,0.0,17.229166666666668,995.2166666666667,1.0,24,24,0,24
The Views,2025-07-07,25.092213,55.168125,Asia/Dubai,51.541666666666664,,18.866666666666667,34.166666666666664,33.4125,29.0,37.0,51.541666666666664,0.0,16.295833333333334,995.725,0.4166666666666667,24,24,0,24
The Views,2025-07-08,25.092213,55.168125,Asia/Dubai,47.291666666666664,,36.625,34.541666666666664,33.987500000000004,30.0,38.2,47.291666666666664,0.0,12.441666666666668,996.3791666666667,0.20833333333333334,24,24,0,24
The Views,2025-07-09,25.092213,55.168125,Asia/Dubai,40.166666666666664,,46.4,34.9625,34.55833333333333,30.1,38.0,40.166666666666664,0.0,10.033333333333333,996.5541666666667,0.2916666666666667,24,24,0,24
The Views,2025-07-10,25.092213,55.168125,Asia/Dubai,33.125,,43.520833333333336,35.425000000000004,35.4375,30.8,39.5,33.125,0.0,10.1875,996.5166666666668,0.4583333333333333,24,24,0,24
The Views,2025-07-11,25.092213,55.168125,Asia/Dubai,42.25,,42.7125,36.05416666666667,36.97083333333333,32.1,43.0,42.25,0.0,15.120833333333332,997.0,0.16666666666666666,24,24,0,24
The Views,2025-07-12,25.092213,55.168125,Asia/Dubai,41.625,,31.991666666666664,36.516666666666666,37.479166666666664,32.8,42.2,41.625,0.0,16.825,998.4458333333333,3.0833333333333335,24,24,0,24
The Views,2025-07-13,25.092213,55.168125,Asia/Dubai,36.583333333333336,,23.116666666666664,37.61666666666667,38.233333333333334,32.4,45.6,36.583333333333336,0.0,15.029166666666667,998.775,0.3333333333333333,24,24,0,24
The Views,2025-07-14,25.092213,55.168125,Asia/Dubai,28.708333333333332,,28.616666666666664,37.925000000000004,39.579166666666666,33.9,45.2,28.708333333333332,0.0,15.058333333333332,997.0875,0.5833333333333334,24,24,0,24
The Views,2025-07-15,25.092213,55.168125,Asia/Dubai,26.625,,30.4875,38.137499999999996,39.81666666666667,34.3,44.6,26.625,0.0,13.841666666666667,996.0791666666668,0.625,24,24,0,24
The Views,2025-07-16,25.092213,55.168125,Asia/Dubai,32.666666666666664,,50.62083333333334,37.979166666666664,38.574999999999996,34.4,44.7,32.666666666666664,0.0,14.304166666666667,996.6750000000001,0.5,24,24,0,24
The Views,2025-07-17,25.092213,55.168125,Asia/Dubai,32.958333333333336,,57.76666666666667,37.112500000000004,37.75833333333333,32.0,42.3,32.958333333333336,0.0,12.904166666666667,997.2041666666668,0.16666666666666666,24,24,0,24
The Views,2025-07-18,25.092213,55.168125,Asia/Dubai,34.791666666666664,,32.81666666666667,37.85,39.074999999999996,33.6,45.2,34.791666666666664,0.0,15.5625,997.1166666666667,0.6666666666666666,24,24,0,24
The Views,2025-07-19,25.092213,55.168125,Asia/Dubai,39.833333333333336,,26.266666666666666,38.329166666666666,38.55833333333333,33.8,43.9,39.833333333333336,0.0,15.754166666666668,995.8666666666667,0.125,24,24,0,24
The Views,2025-07-20,25.092213,55.168125,Asia/Dubai,52.875,,32.895833333333336,37.19166666666667,36.7875,32.4,40.2,52.875,0.0,11.9375,993.9916666666667,1.7083333333333333,24,24,0,24
The Views,2025-07-21,25.092213,55.168125,Asia/Dubai,41.125,,33.012499999999996,38.0875,39.104166666666664,32.8,44.8,41.125,0.0,15.174999999999999,994.4291666666667,1.2916666666666667,24,24,0,24
The Views,2025-07-22,25.092213,55.168125,Asia/Dubai,43.083333333333336,,26.537499999999998,38.36666666666667,38.762499999999996,32.3,45.0,43.083333333333336,0.0,16.54583333333333,995.4708333333333,3.5,24,24,0,24
The Views,2025-07-23,25.092213,55.168125,Asia/Dubai,57.833333333333336,,36.275,37.02916666666667,35.86666666666667,32.5,40.5,57.833333333333336,0.0,12.125,993.8541666666666,4.541666666666667,24,24,0,24
The Views,2025-07-24,25.092213,55.168125,Asia/Dubai,60.708333333333336,,66.25,36.38333333333333,35.729166666666664,30.7,40.2,60.708333333333336,0.0,12.387500000000001,991.7958333333332,0.0,24,24,0,24
The Views,2025-07-25,25.092213,55.168125,Asia/Dubai,46.416666666666664,,30.45,37.7125,38.42916666666667,32.3,45.1,46.416666666666664,0.0,19.412499999999998,992.0,0.5416666666666666,24,24,0,24
The Views,2025-07-26,25.092213,55.168125,Asia/Dubai,40.375,,27.1375,38.425000000000004,38.71666666666667,32.6,44.8,40.375,0.0,16.579166666666666,994.2708333333334,1.0416666666666667,24,24,0,24
The Views,2025-07-27,25.092213,55.168125,Asia/Dubai,34.041666666666664,,27.724999999999998,38.65416666666667,39.1,33.6,44.7,34.041666666666664,0.0,14.620833333333332,995.2791666666667,2.875,24,24,0,24
The Views,2025-07-28,25.092213,55.168125,Asia/Dubai,37.041666666666664,,25.241666666666664,38.737500000000004,38.84166666666667,33.0,46.1,37.041666666666664,0.0,14.479166666666666,995.8666666666667,2.0,24,24,0,24
The Views,2025-07-29,25.092213,55.168125,Asia/Dubai,35.333333333333336,,38.82083333333333,38.62083333333333,38.483333333333334,33.6,46.0,35.333333333333336,0.0,15.754166666666668,996.7875,0.375,24,24,0,24
The Views,2025-07-30,25.092213,55.168125,Asia/Dubai,43.375,,56.958333333333336,37.43333333333333,36.795833333333334,32.5,41.6,43.375,0.0,14.058333333333332,996.0416666666666,0.7083333333333334,24,24,0,24
The Views,2025-07-31,25.092213,55.168125,Asia/Dubai,38.833333333333336,,51.84583333333333,37.641666666666666,38.44166666666667,32.7,44.2,38.833333333333336,0.0,12.3125,993.6708333333332,3.9166666666666665,24,24,0,24
The Views,2025-08-01,25.092213,55.168125,Asia/Dubai,36.166666666666664,,39.645833333333336,39.266666666666666,39.38333333333333,34.0,45.8,36.166666666666664,0.0,22.520833333333332,994.6374999999999,3.5,24,24,0,24
The Views,2025-08-02,25.092213,55.168125,Asia/Dubai,43.333333333333336,,28.71666666666667,38.416666666666664,38.229166666666664,31.5,44.1,43.333333333333336,0.0,18.041666666666668,996.9499999999999,1.5,24,24,0,24
The Views,2025-08-03,25.092213,55.168125,Asia/Dubai,39.541666666666664,,26.400000000000002,38.3375,38.458333333333336,32.7,43.6,39.541666666666664,0.0,16.566666666666666,997.6958333333333,3.0416666666666665,24,24,0,24
The Views,2025-08-04,25.092213,55.168125,Asia/Dubai,43.75,,23.708333333333332,38.0125,37.71666666666667,32.6,42.9,43.75,0.0,18.729166666666668,999.1958333333333,0.20833333333333334,24,24,0,24
The Views,2025-08-05,25.092213,55.168125,Asia/Dubai,38.583333333333336,,18.662499999999998,37.975,37.65833333333333,33.8,42.1,38.583333333333336,0.0,16.5,999.6625,0.9166666666666666,24,24,0,24
The Views,2025-08-06,25.092213,55.168125,Asia/Dubai,35.291666666666664,,17.466666666666665,38.12083333333333,38.11666666666667,34.0,43.5,35.291666666666664,0.0,16.279166666666665,999.2125,0.5416666666666666,24,24,0,24
The Views,2025-08-07,25.092213,55.168125,Asia/Dubai,38.125,,18.729166666666668,38.0375,37.82083333333333,33.3,42.7,38.125,0.0,16.754166666666666,999.4916666666667,0.5833333333333334,24,24,0,24
The Views,2025-08-08,25.092213,55.168125,Asia/Dubai,43.625,,18.645833333333332,37.71666666666667,37.21666666666667,32.2,41.9,43.625,0.0,17.5125,1000.5333333333333,0.041666666666666664,24,24,0,24
The Views,2025-08-09,25.092213,55.168125,Asia/Dubai,38.916666666666664,,19.925,37.983333333333334,37.57083333333333,34.2,42.4,38.916666666666664,0.0,16.1375,1002.4458333333333,0.875,24,24,0,24
The Views,2025-08-10,25.092213,55.168125,Asia/Dubai,36.625,,17.045833333333334,37.875,37.766666666666666,33.0,42.6,36.625,0.0,16.254166666666666,1001.7333333333332,3.0833333333333335,24,24,0,24
The Views,2025-08-11,25.092213,55.168125,Asia/Dubai,34.708333333333336,,12.970416666666667,37.67916666666667,37.608333333333334,34.8,42.1,34.708333333333336,0.0,17.408333333333335,1001.8291666666668,1.0,24,24,0,24
The Views,2025-08-12,25.092213,55.168125,Asia/Dubai,36.208333333333336,,16.132083333333334,37.42916666666667,36.983333333333334,33.1,42.3,36.208333333333336,0.0,15.475,1001.4375,0.0,24,24,0,24
The Views,2025-08-13,25.092213,55.168125,Asia/Dubai,44.916666666666664,,30.474999999999998,36.75,36.199999999999996,31.5,40.7,44.916666666666664,0.0,14.0,999.1374999999999,0.6666666666666666,24,24,0,24
The Views,2025-08-14,25.092213,55.168125,Asia/Dubai,41.833333333333336,,46.449999999999996,36.65833333333333,36.637499999999996,31.4,40.9,41.833333333333336,0.0,10.991666666666667,997.0333333333333,2.9166666666666665,24,24,0,24
The Views,2025-08-15,25.092213,55.168125,Asia/Dubai,45.375,,32.125,38.108333333333334,37.06666666666667,32.6,42.5,45.375,0.0,28.433333333333334,996.5333333333333,4.333333333333333,24,24,0,24
The Views,2025-08-16,25.092213,55.168125,Asia/Dubai,46.375,,22.55,37.454166666666666,36.80833333333333,30.9,44.8,46.375,0.0,20.308333333333334,996.8125,2.25,24,24,0,24
The Views,2025-08-17,25.092213,55.168125,Asia/Dubai,40.75,,17.297083333333333,37.670833333333334,37.4125,32.4,43.3,40.75,0.0,15.012500000000001,997.1958333333333,3.0416666666666665,24,24,0,24
The Views,2025-08-18,25.092213,55.168125,Asia/Dubai,39.125,,16.3025,37.25416666666667,37.55833333333333,33.2,42.1,39.125,0.0,13.579166666666666,998.4958333333334,4.75,24,24,0,24
The Views,2025-08-19,25.092213,55.168125,Asia/Dubai,44.25,,22.000416666666666,36.61666666666667,37.1625,34.0,41.7,44.25,0.0,16.533333333333335,998.3333333333334,7.083333333333333,24,24,0,24
The Views,2025-08-20,25.092213,55.168125,Asia/Dubai,44.10526315789474,,23.415263157894735,37.06842105263158,37.67894736842105,32.9,43.0,44.10526315789474,0.0,15.584210526315792,996.6842105263158,3.263157894736842,19,19,0,19
The Views,2025-08-21,25.092213,55.168125,Asia/Dubai,44.31818181818182,,13.068636363636363,37.04545454545455,36.800000000000004,32.8,41.1,44.31818181818182,0.0,16.763636363636365,999.35,0.8181818181818182,22,22,0,22
The Views,2025-08-22,25.092213,55.168125,Asia/Dubai,50.291666666666664,,20.58875,36.27916666666667,35.75833333333333,32.0,40.1,50.291666666666664,0.0,17.670833333333334,1000.025,0.8333333333333334,24,24,0,24
The Views,2025-08-23,25.092213,55.168125,Asia/Dubai,50.208333333333336,,31.304166666666664,36.5,35.87916666666667,32.4,41.1,50.208333333333336,0.0,16.208333333333332,998.2041666666668,0.4166666666666667,24,24,0,24
The Views,2025-08-24,25.092213,55.168125,Asia/Dubai,57.416666666666664,,46.53333333333333,35.891666666666666,34.90416666666667,31.1,39.4,57.416666666666664,0.0,15.008333333333333,998.525,0.875,24,24,0,24
The Views,2025-08-25,25.092213,55.168125,Asia/Dubai,38.75,,48.84583333333333,35.71666666666667,35.891666666666666,31.0,42.2,38.75,0.0,13.700000000000001,998.6750000000001,1.5,24,24,0,24
The Views,2025-08-26,25.092213,55.168125,Asia/Dubai,29.041666666666668,,48.4125,36.454166666666666,36.7875,31.1,42.9,29.041666666666668,0.0,11.4625,998.8541666666666,2.125,24,24,0,24
The Views,2025-08-27,25.092213,55.168125,Asia/Dubai,44.541666666666664,,38.49583333333333,37.112500000000004,37.07083333333333,31.2,44.1,44.541666666666664,0.0,17.591666666666665,998.6083333333332,0.5416666666666666,24,24,0,24
The Views,2025-08-28,25.092213,55.168125,Asia/Dubai,40.166666666666664,,31.041666666666668,37.27916666666667,37.025,31.0,44.1,40.166666666666664,0.0,15.283333333333333,999.6291666666666,0.4583333333333333,24,24,0,24
The Views,2025-08-29,25.092213,55.168125,Asia/Dubai,36.958333333333336,,26.7375,37.27916666666667,37.69583333333333,33.1,42.8,36.958333333333336,0.0,11.85,999.4666666666667,0.5833333333333334,24,24,0,24
The Views,2025-08-30,25.092213,55.168125,Asia/Dubai,49.125,,42.395833333333336,37.050000000000004,36.6,31.1,42.9,49.125,0.0,13.029166666666667,1000.5375,2.5833333333333335,24,24,0,24
The Views,2025-08-31,25.092213,55.168125,Asia/Dubai,36.208333333333336,,38.050000000000004,37.275,37.333333333333336,31.5,43.7,36.208333333333336,0.0,11.916666666666666,1000.2833333333333,4.291666666666667,24,24,0,24
The Views,2025-09-01,25.092213,55.168125,Asia/Dubai,52.291666666666664,,41.862500000000004,36.604166666666664,35.37916666666667,31.3,42.5,52.291666666666664,0.0,13.683333333333332,997.85,2.2916666666666665,24,24,0,24
The Views,2025-09-02,25.092213,55.168125,Asia/Dubai,66.0,,57.81666666666666,35.78333333333333,34.175000000000004,29.8,39.8,66.0,0.0,12.75,997.525,0.25,24,24,0,24
The Views,2025-09-03,25.092213,55.168125,Asia/Dubai,56.375,,33.9625,35.987500000000004,34.875,29.4,42.2,56.375,0.0,13.195833333333333,999.1583333333333,0.125,24,24,0,24
The Views,2025-09-04,25.092213,55.168125,Asia/Dubai,47.875,,19.495833333333334,36.612500000000004,35.94166666666667,30.1,43.0,47.875,0.0,19.587500000000002,1000.4,0.3333333333333333,24,24,0,24
The Views,2025-09-05,25.092213,55.168125,Asia/Dubai,42.166666666666664,,17.841666666666665,36.84166666666667,36.729166666666664,31.9,41.8,42.166666666666664,0.0,13.429166666666667,1002.4499999999999,0.4166666666666667,24,24,0,24
The Views,2025-09-06,25.092213,55.168125,Asia/Dubai,40.833333333333336,,21.96666666666667,36.9,37.175000000000004,33.1,42.0,40.833333333333336,0.0,13.579166666666666,1002.9166666666666,1.0833333333333333,24,24,0,24
The Views,2025-09-07,25.092213,55.168125,Asia/Dubai,57.916666666666664,,38.541666666666664,35.545833333333334,34.983333333333334,31.3,38.2,57.916666666666664,0.0,12.154166666666667,1001.3958333333334,1.0,24,24,0,24
The Views,2025-09-08,25.092213,55.168125,Asia/Dubai,67.63157894736842,,46.00526315789474,35.0,33.94736842105263,30.3,39.2,67.63157894736842,0.0,10.110526315789473,999.8421052631579,0.9473684210526315,19,19,0,19
The Views,2025-09-09,25.092213,55.168125,Asia/Dubai,60.416666666666664,,43.375,35.983333333333334,35.979166666666664,30.8,42.8,60.416666666666664,0.0,12.804166666666667,1000.4458333333333,1.4583333333333333,24,24,0,24
The Views,2025-09-10,25.092213,55.168125,Asia/Dubai,45.375,,27.104166666666668,35.93333333333333,35.37083333333333,30.1,41.2,45.375,0.0,11.475,1001.5208333333334,2.2916666666666665,24,24,0,24
The Views,2025-09-11,25.092213,55.168125,Asia/Dubai,48.625,,20.898333333333333,36.24583333333333,35.31666666666667,31.0,40.5,48.625,0.0,17.004166666666666,1001.4833333333332,0.5,24,24,0,24
The Views,2025-09-12,25.092213,55.168125,Asia/Dubai,53.416666666666664,,10.448333333333332,36.13333333333333,34.7,30.8,39.9,53.416666666666664,0.0,20.1375,1002.5875,1.2083333333333333,24,24,0,24
The Views,2025-09-13,25.092213,55.168125,Asia/Dubai,55.125,,11.573749999999999,35.74583333333333,33.77916666666667,29.9,39.5,55.125,0.0,23.358333333333334,1003.9291666666667,0.3333333333333333,24,24,0,24
The Views,2025-09-14,25.092213,55.168125,Asia/Dubai,55.333333333333336,,5.137083333333334,35.354166666666664,33.0,29.3,38.5,55.333333333333336,0.0,20.320833333333333,1005.4083333333333,0.041666666666666664,24,24,0,24
The Views,2025-09-15,25.092213,55.168125,Asia/Dubai,53.5,,4.453333333333333,35.0875,32.958333333333336,29.8,37.5,53.5,0.0,16.8875,1005.4833333333332,0.0,24,24,0,24
The Views,2025-09-16,25.092213,55.168125,Asia/Dubai,65.54166666666667,,22.763333333333335,35.5,33.612500000000004,30.3,38.8,65.54166666666667,0.0,12.5875,1004.3458333333333,0.5,24,24,0,24
The Views,2025-09-17,25.092213,55.168125,Asia/Dubai,64.70833333333333,,50.06666666666666,35.479166666666664,34.15416666666667,30.3,40.4,64.70833333333333,0.0,11.445833333333333,1004.0083333333333,2.5,24,24,0,24
The Views,2025-09-18,25.092213,55.168125,Asia/Dubai,61.583333333333336,,42.99583333333334,35.199999999999996,33.891666666666666,29.2,40.2,61.583333333333336,0.0,11.329166666666666,1003.7416666666667,5.5,24,24,0,24
The Views,2025-09-19,25.092213,55.168125,Asia/Dubai,59.0,,49.729166666666664,34.987500000000004,33.0875,27.8,38.2,59.0,0.0,10.208333333333334,1003.4083333333333,2.625,24,24,0,24
The Views,2025-09-20,25.092213,55.168125,Asia/Dubai,54.291666666666664,,37.6875,35.68333333333333,34.4625,29.3,41.0,54.291666666666664,0.0,16.229166666666668,1002.85,0.041666666666666664,24,24,0,24
The Views,2025-09-21,25.092213,55.168125,Asia/Dubai,48.125,,20.333333333333332,35.979166666666664,34.67916666666667,29.7,40.2,48.125,0.0,14.416666666666666,1003.7125,2.8333333333333335,24,24,0,24
The Views,2025-09-22,25.092213,55.168125,Asia/Dubai,53.75,,27.650000000000002,35.59166666666667,34.07083333333333,29.9,39.5,53.75,0.0,12.612499999999999,1005.0666666666666,0.041666666666666664,24,24,0,24
The Views,2025-09-23,25.092213,55.168125,Asia/Dubai,66.375,,57.362500000000004,35.1,32.90416666666667,29.0,37.6,66.375,0.0,10.237499999999999,1005.5708333333333,0.0,24,24,0,24
The Views,2025-09-24,25.092213,55.168125,Asia/Dubai,62.041666666666664,,24.900000000000002,34.949999999999996,32.762499999999996,28.7,38.0,62.041666666666664,0.0,18.854166666666668,1003.5083333333333,0.0,24,24,0,24
The Views,2025-09-25,25.092213,55.168125,Asia/Dubai,57.208333333333336,,10.137083333333333,34.4125,32.11666666666667,28.1,37.5,57.208333333333336,0.0,13.0625,1002.775,0.125,24,24,0,24
The Views,2025-09-26,25.092213,55.168125,Asia/Dubai,55.791666666666664,,29.09166666666667,34.800000000000004,32.762499999999996,28.1,38.6,55.791666666666664,0.0,10.379166666666666,1005.1833333333334,0.0,24,24,0,24
The Views,2025-09-27,25.092213,55.168125,Asia/Dubai,52.04545454545455,,25.181818181818183,35.03181818181818,33.61818181818182,29.1,39.5,52.04545454545455,0.0,11.409090909090908,1007.2227272727273,0.045454545454545456,22,22,0,22
The Views,2025-09-28,25.092213,55.168125,Asia/Dubai,55.19047619047619,,31.166666666666668,34.82857142857143,32.75714285714285,29.0,38.2,55.19047619047619,0.0,11.623809523809523,1007.5999999999999,0.2857142857142857,21,21,0,21
The Views,2025-09-29,25.092213,55.168125,Asia/Dubai,64.30434782608695,,43.59130434782609,34.43043478260869,32.23913043478261,27.6,38.6,64.30434782608695,0.0,13.326086956521738,1004.8826086956522,0.043478260869565216,23,23,0,23
The Views,2025-09-30,25.092213,55.168125,Asia/Dubai,66.17391304347827,,31.02173913043478,34.278260869565216,32.278260869565216,27.5,39.2,66.17391304347827,0.0,11.830434782608696,1002.1043478260871,2.391304347826087,23,23,0,23
The Views,2025-10-01,25.092213,55.168125,Asia/Dubai,71.875,,41.44166666666667,33.895833333333336,31.804166666666664,26.5,38.3,71.875,0.0,12.420833333333334,1000.8791666666666,0.75,24,24,0,24
The Views,2025-10-02,25.092213,55.168125,Asia/Dubai,65.66666666666667,,26.766666666666666,34.074999999999996,32.09166666666667,27.2,37.8,65.66666666666667,0.0,11.283333333333333,1003.5583333333334,0.4166666666666667,24,24,0,24
The Views,2025-10-03,25.092213,55.168125,Asia/Dubai,62.208333333333336,,30.483333333333334,34.175000000000004,32.041666666666664,27.0,37.8,62.208333333333336,0.0,11.4,1007.2875,0.0,24,24,0,24
The Views,2025-10-04,25.092213,55.168125,Asia/Dubai,63.73913043478261,,31.082608695652173,33.76086956521739,31.40434782608696,27.1,36.7,63.73913043478261,0.0,12.378260869565217,1008.2434782608696,0.0,23,23,0,23
The Views,2025-10-05,25.092213,55.168125,Asia/Dubai,67.95833333333333,,29.4375,33.525,30.954166666666666,26.6,36.1,67.95833333333333,0.0,11.720833333333333,1007.0083333333333,0.0,24,24,0,24
The Views,2025-10-06,25.092213,55.168125,Asia/Dubai,62.166666666666664,,36.104166666666664,33.637499999999996,31.608333333333334,25.8,38.8,62.166666666666664,0.0,13.674999999999999,1007.1208333333334,0.0,24,24,0,24
The Views,2025-10-07,25.092213,55.168125,Asia/Dubai,58.625,,30.25,33.875,31.583333333333332,26.4,38.5,58.625,0.0,12.133333333333333,1008.1,0.0,24,24,0,24
The Views,2025-10-08,25.092213,55.168125,Asia/Dubai,58.416666666666664,,38.50833333333333,33.420833333333334,31.020833333333332,26.1,37.3,58.416666666666664,0.0,9.741666666666667,1008.8666666666667,0.0,24,24,0,24
The Views,2025-10-09,25.092213,55.168125,Asia/Dubai,54.833333333333336,,24.112083333333334,33.416666666666664,31.266666666666666,25.9,37.0,54.833333333333336,0.0,10.433333333333334,1010.8916666666668,0.125,24,24,0,24
The Views,2025-10-10,25.092213,55.168125,Asia/Dubai,52.208333333333336,,28.3275,33.34583333333333,31.27916666666667,26.0,37.3,52.208333333333336,0.0,10.866666666666667,1010.4458333333333,0.0,24,24,0,24
The Views,2025-10-11,25.092213,55.168125,Asia/Dubai,59.69565217391305,,49.53478260869565,32.78260869565217,30.22608695652174,25.7,35.9,59.69565217391305,0.0,10.191304347826087,1009.7434782608696,0.043478260869565216,23,23,0,23
The Views,2025-10-12,25.092213,55.168125,Asia/Dubai,50.375,,25.999166666666667,33.270833333333336,31.545833333333334,26.6,36.9,50.375,0.0,14.4125,1010.0833333333334,1.9166666666666667,24,24,0,24
The Views,2025-10-13,25.092213,55.168125,Asia/Dubai,41.5,,14.884583333333333,33.25833333333333,32.35,28.7,36.4,41.5,0.0,12.408333333333333,1011.2583333333333,1.9166666666666667,24,24,0,24
The Views,2025-10-14,25.092213,55.168125,Asia/Dubai,51.875,,31.40833333333333,33.016666666666666,31.287499999999998,27.3,35.9,51.875,0.0,13.237499999999999,1010.275,0.4166666666666667,24,24,0,24
The Views,2025-10-15,25.092213,55.168125,Asia/Dubai,65.25,,43.51666666666667,32.81666666666667,30.625,26.6,35.8,65.25,0.0,11.541666666666666,1008.6458333333334,0.5,24,24,0,24
The Views,2025-10-16,25.092213,55.168125,Asia/Dubai,60.958333333333336,,28.383333333333336,32.483333333333334,30.354166666666668,26.4,35.7,60.958333333333336,0.0,14.070833333333333,1009.9208333333332,0.625,24,24,0,24
The Views,2025-10-17,25.092213,55.168125,Asia/Dubai,48.541666666666664,,15.33,32.545833333333334,30.495833333333334,26.4,35.1,48.541666666666664,0.0,14.4625,1012.0208333333334,0.16666666666666666,24,24,0,24
The Views,2025-10-18,25.092213,55.168125,Asia/Dubai,49.791666666666664,,19.204583333333332,32.4125,30.170833333333334,26.1,35.0,49.791666666666664,0.0,13.487499999999999,1011.725,0.0,24,24,0,24
The Views,2025-10-19,25.092213,55.168125,Asia/Dubai,60.333333333333336,,33.44166666666667,32.387499999999996,29.566666666666666,25.4,33.8,60.333333333333336,0.0,11.908333333333333,1010.0625,0.2916666666666667,24,24,0,24
The Views,2025-10-20,25.092213,55.168125,Asia/Dubai,64.52380952380952,,32.15714285714286,32.095238095238095,29.33809523809524,25.3,35.2,64.52380952380952,0.0,12.276190476190477,1009.3761904761906,0.0,21,21,0,21
The Views,2025-10-21,25.092213,55.168125,Asia/Dubai,54.916666666666664,,30.883333333333336,32.362500000000004,29.97083333333333,25.1,35.6,54.916666666666664,0.0,11.429166666666667,1011.4833333333332,0.25,24,24,0,24
The Views,2025-10-22,25.092213,55.168125,Asia/Dubai,51.958333333333336,,33.775,32.541666666666664,30.629166666666666,25.4,36.2,51.958333333333336,0.0,11.716666666666667,1013.5333333333333,0.08333333333333333,24,24,0,24
The Views,2025-10-23,25.092213,55.168125,Asia/Dubai,61.083333333333336,,38.25416666666667,32.50833333333333,29.508333333333336,25.5,34.4,61.083333333333336,0.0,11.637500000000001,1013.0083333333333,0.2916666666666667,24,24,0,24
The Views,2025-10-24,25.092213,55.168125,Asia/Dubai,53.916666666666664,,36.362500000000004,32.199999999999996,29.299999999999997,24.7,34.9,53.916666666666664,0.0,10.904166666666667,1012.1708333333332,0.0,24,24,0,24
The Views,2025-10-25,25.092213,55.168125,Asia/Dubai,54.791666666666664,,39.24583333333333,31.733333333333334,28.758333333333336,24.0,33.5,54.791666666666664,0.0,10.679166666666667,1010.3166666666666,0.0,24,24,0,24
The Views,2025-10-26,25.092213,55.168125,Asia/Dubai,59.82608695652174,,41.93913043478261,31.573913043478264,28.469565217391303,23.9,32.3,59.82608695652174,0.0,10.152173913043478,1009.9869565217392,0.0,23,23,0,23
The Views,2025-10-27,25.092213,55.168125,Asia/Dubai,59.083333333333336,,43.729166666666664,31.333333333333332,28.349999999999998,24.0,32.5,59.083333333333336,0.0,9.75,1010.8083333333334,0.0,24,24,0,24
The Views,2025-10-28,25.092213,55.168125,Asia/Dubai,62.583333333333336,,46.512499999999996,31.795833333333334,28.90833333333333,24.4,33.4,62.583333333333336,0.0,11.775,1011.2125,0.0,24,24,0,24
The Views,2025-10-29,25.092213,55.168125,Asia/Dubai,60.75,,41.916666666666664,31.945833333333336,29.349999999999998,24.7,34.0,60.75,0.0,12.7125,1010.8375,0.2916666666666667,24,24,0,24
The Views,2025-10-30,25.092213,55.168125,Asia/Dubai,60.77272727272727,,39.34090909090909,31.586363636363636,29.04090909090909,24.6,33.1,60.77272727272727,0.0,11.313636363636364,1010.5954545454545,0.3181818181818182,22,22,0,22
The Views,2025-10-31,25.092213,55.168125,Asia/Dubai,58.5,,36.300000000000004,31.575,29.041666666666668,25.1,33.4,58.5,0.0,12.416666666666666,1012.4625,0.20833333333333334,24,24,0,24
The Views,2025-11-01,25.092213,55.168125,Asia/Dubai,52.708333333333336,,32.324999999999996,31.71666666666667,29.0,24.3,34.0,52.708333333333336,0.0,13.075000000000001,1013.3375,0.20833333333333334,24,24,0,24
The Views,2025-11-02,25.092213,55.168125,Asia/Dubai,55.625,,40.016666666666666,31.34166666666667,28.2625,24.2,32.6,55.625,0.0,10.941666666666668,1013.8791666666666,0.875,24,24,0,24
The Views,2025-11-03,25.092213,55.168125,Asia/Dubai,55.75,,40.65,30.862499999999997,27.829166666666666,23.2,32.0,55.75,0.0,13.579166666666666,1013.2708333333334,0.5416666666666666,24,24,0,24
The Views,2025-11-04,25.092213,55.168125,Asia/Dubai,49.875,,37.262499999999996,31.099999999999998,28.27916666666667,22.7,33.7,49.875,0.0,13.829166666666666,1014.0083333333333,0.16666666666666666,24,24,0,24
The Views,2025-11-05,25.092213,55.168125,Asia/Dubai,33.73913043478261,,28.539130434782606,31.595652173913045,28.53478260869565,24.3,34.2,33.73913043478261,0.0,15.456521739130435,1013.5,2.130434782608696,23,23,0,23
The Views,2025-11-06,25.092213,55.168125,Asia/Dubai,35.375,,27.787499999999998,31.075,27.641666666666666,22.4,34.1,35.375,0.0,12.983333333333334,1013.3166666666666,0.0,24,24,0,24
The Views,2025-11-07,25.092213,55.168125,Asia/Dubai,38.791666666666664,,9.187916666666666,30.2375,26.27916666666667,21.2,32.0,38.791666666666664,0.0,13.083333333333334,1015.0416666666666,0.0,24,24,0,24
The Views,2025-11-08,25.092213,55.168125,Asia/Dubai,34.041666666666664,,5.545000000000001,30.279166666666665,26.304166666666664,20.6,32.2,34.041666666666664,0.0,11.862499999999999,1016.8791666666666,0.0,24,24,0,24
The Views,2025-11-09,25.092213,55.168125,Asia/Dubai,43.458333333333336,,16.585,30.120833333333334,26.329166666666666,21.0,31.5,43.458333333333336,0.0,11.929166666666667,1016.4458333333333,0.875,24,24,0,24
The Views,2025-11-10,25.092213,55.168125,Asia/Dubai,50.25,,37.020833333333336,30.020833333333332,26.379166666666666,21.4,30.9,50.25,0.0,10.625,1015.0291666666667,4.5,24,24,0,24
The Views,2025-11-11,25.092213,55.168125,Asia/Dubai,53.75,,40.7875,29.883333333333336,26.133333333333336,21.0,32.0,53.75,0.0,11.779166666666667,1015.1125000000001,1.9166666666666667,24,24,0,24
The Views,2025-11-12,25.092213,55.168125,Asia/Dubai,56.0,,33.01111111111111,29.266666666666666,24.211111111111112,20.2,28.9,56.0,0.0,11.327777777777778,1016.8333333333334,0.6111111111111112,18,18,0,18
The Views,2025-11-13,25.092213,55.168125,Asia/Dubai,52.26086956521739,,19.47391304347826,29.79565217391304,25.678260869565218,20.2,31.3,52.26086956521739,0.0,11.630434782608695,1017.9695652173913,0.34782608695652173,23,23,0,23
The Views,2025-11-14,25.092213,55.168125,Asia/Dubai,61.93333333333333,,27.686666666666667,28.959999999999997,23.9,20.3,28.0,61.93333333333333,0.0,9.966666666666667,1017.4066666666666,0.0,15,15,0,15
The Views,2025-11-15,25.092213,55.168125,Asia/Dubai,51.041666666666664,,37.92916666666667,29.629166666666666,25.537499999999998,20.4,30.8,51.041666666666664,0.0,11.545833333333334,1016.9375,1.5416666666666667,24,24,0,24
The Views,2025-11-16,25.092213,55.168125,Asia/Dubai,52.130434782608695,,41.2,29.839130434782607,25.87826086956522,20.4,31.8,52.130434782608695,0.0,11.391304347826088,1018.804347826087,5.260869565217392,23,23,0,23
The Views,2025-11-17,25.092213,55.168125,Asia/Dubai,58.59090909090909,,41.25454545454546,29.513636363636362,24.954545454545453,20.4,30.3,58.59090909090909,0.0,11.7,1019.1590909090909,7.409090909090909,22,22,0,22
The Views,2025-11-18,25.092213,55.168125,Asia/Dubai,61.73913043478261,,46.87826086956522,29.160869565217393,25.11304347826087,20.1,30.4,61.73913043478261,0.0,10.034782608695652,1016.508695652174,4.173913043478261,23,23,0,23
The Views,2025-11-19,25.092213,55.168125,Asia/Dubai,64.5,,62.19583333333333,29.079166666666666,25.47083333333333,19.4,32.8,64.5,0.0,10.704166666666666,1015.4208333333332,0.125,24,24,0,24
The Views,2025-11-20,25.092213,55.168125,Asia/Dubai,66.83333333333333,,56.0875,28.870833333333334,24.84166666666667,17.8,31.8,66.83333333333333,0.0,11.941666666666668,1016.7624999999999,0.08333333333333333,24,24,0,24
The Views,2025-11-21,25.092213,55.168125,Asia/Dubai,67.33333333333333,,44.1625,28.945833333333336,25.25,19.1,31.4,67.33333333333333,0.0,10.220833333333333,1017.75,1.375,24,24,0,24
The Views,2025-11-22,25.092213,55.168125,Asia/Dubai,44.916666666666664,,28.333333333333332,28.933333333333334,25.566666666666666,19.1,33.0,44.916666666666664,0.0,13.641666666666666,1017.6875,0.08333333333333333,24,24,0,24
The Views,2025-11-23,25.092213,55.168125,Asia/Dubai,42.095238095238095,,26.64761904761905,28.304761904761904,24.533333333333335,19.8,31.7,42.095238095238095,0.0,10.314285714285713,1017.5952380952381,0.047619047619047616,21,21,0,21
The Views,2025-11-24,25.092213,55.168125,Asia/Dubai,42.56521739130435,,22.991304347826084,28.87391304347826,24.834782608695654,19.2,30.5,42.56521739130435,0.0,10.917391304347825,1017.0652173913044,0.043478260869565216,23,23,0,23
The Views,2025-11-25,25.092213,55.168125,Asia/Dubai,45.625,,21.395833333333332,28.375,23.666666666666668,17.6,29.9,45.625,0.0,10.833333333333334,1017.4416666666666,0.0,24,24,0,24
The Views,2025-11-26,25.092213,55.168125,Asia/Dubai,47.208333333333336,,30.175,27.920833333333334,23.650000000000002,17.7,29.3,47.208333333333336,0.0,10.708333333333334,1016.7708333333334,2.0,24,24,0,24
The Views,2025-11-27,25.092213,55.168125,Asia/Dubai,48.708333333333336,,36.1,28.0125,23.59583333333333,18.4,28.7,48.708333333333336,0.0,9.458333333333334,1017.3291666666668,0.5416666666666666,24,24,0,24
The Views,2025-11-28,25.092213,55.168125,Asia/Dubai,48.208333333333336,,39.19166666666667,27.84166666666667,23.575,19.2,28.0,48.208333333333336,0.0,9.770833333333334,1018.1041666666666,0.0,24,24,0,24
The Views,2025-11-29,25.092213,55.168125,Asia/Dubai,51.208333333333336,,39.68333333333333,28.27916666666667,23.866666666666664,19.5,28.2,51.208333333333336,0.0,10.4375,1017.0458333333332,0.0,24,24,0,24
The Views,2025-11-30,25.092213,55.168125,Asia/Dubai,51.666666666666664,,43.22083333333333,27.525000000000002,23.55,17.8,28.8,51.666666666666664,0.0,9.666666666666666,1016.5916666666667,0.0,24,24,0,24
The Views,2025-12-01,25.092213,55.168125,Asia/Dubai,54.73913043478261,,43.72608695652174,27.46521739130435,23.09130434782609,18.8,28.0,54.73913043478261,0.0,10.091304347826087,1016.6,0.0,23,23,0,23
The Views,2025-12-02,25.092213,55.168125,Asia/Dubai,57.125,,60.574999999999996,27.566666666666666,23.479166666666668,17.9,29.0,57.125,0.0,10.620833333333334,1016.3375,4.5,24,24,0,24
The Views,2025-12-03,25.092213,55.168125,Asia/Dubai,66.625,,71.45416666666667,27.833333333333332,23.641666666666666,19.3,28.6,66.625,0.0,9.733333333333333,1016.1875,2.7083333333333335,24,24,0,24
The Views,2025-12-04,25.092213,55.168125,Asia/Dubai,61.958333333333336,,53.9625,28.15833333333333,24.045833333333334,19.1,29.6,61.958333333333336,0.0,11.316666666666668,1017.3708333333334,4.125,24,24,0,24
The Views,2025-12-05,25.092213,55.168125,Asia/Dubai,58.75,,43.84166666666667,27.991666666666664,24.40833333333333,20.9,28.2,58.75,0.0,10.416666666666666,1017.9375,6.833333333333333,24,24,0,24
The Views,2025-12-06,25.092213,55.168125,Asia/Dubai,65.70833333333333,,40.94166666666667,27.570833333333336,23.9375,19.4,28.7,65.70833333333333,0.0,10.975,1018.1708333333332,1.5833333333333333,24,24,0,24
The Views,2025-12-07,25.092213,55.168125,Asia/Dubai,57.708333333333336,,27.6375,28.308333333333334,24.3875,19.9,29.9,57.708333333333336,0.0,14.929166666666667,1018.8000000000001,0.625,24,24,0,24
The Views,2025-12-08,25.092213,55.168125,Asia/Dubai,44.791666666666664,,18.017916666666668,28.208333333333332,24.745833333333334,19.0,31.5,44.791666666666664,0.0,15.345833333333333,1019.1,2.2083333333333335,24,24,0,24
The Views,2025-12-09,25.092213,55.168125,Asia/Dubai,40.416666666666664,,23.070833333333336,27.733333333333334,23.741666666666664,17.8,29.7,40.416666666666664,0.0,10.25,1017.9166666666666,3.75,24,24,0,24
The Views,2025-12-10,25.092213,55.168125,Asia/Dubai,51.916666666666664,,24.462500000000002,27.354166666666668,23.016666666666666,16.8,29.0,51.916666666666664,0.0,12.958333333333334,1017.4541666666668,4.916666666666667,24,24,0,24
The Views,2025-12-11,25.092213,55.168125,Asia/Dubai,59.416666666666664,,24.329166666666666,27.508333333333336,23.416666666666668,18.0,29.6,59.416666666666664,0.0,11.887500000000001,1016.0333333333333,7.041666666666667,24,24,0,24
The Views,2025-12-12,25.092213,55.168125,Asia/Dubai,50.416666666666664,,21.043333333333333,27.791666666666668,23.995833333333334,19.2,29.5,50.416666666666664,0.0,10.845833333333333,1014.8291666666668,4.5,24,24,0,24
The Views,2025-12-13,25.092213,55.168125,Asia/Dubai,52.666666666666664,,15.462083333333332,27.754166666666666,23.9375,19.4,29.8,52.666666666666664,0.0,12.65,1013.8541666666666,3.375,24,24,0,24
The Views,2025-12-14,25.092213,55.168125,Asia/Dubai,69.25,,13.16375,26.891666666666666,22.183333333333334,19.5,25.0,69.25,1.4,11.154166666666667,1015.3249999999999,2.6666666666666665,24,24,0,24
The Views,2025-12-15,25.092213,55.168125,Asia/Dubai,62.875,,17.800833333333333,27.004166666666666,23.2375,17.9,29.7,62.875,0.0,14.200000000000001,1014.6666666666666,1.0416666666666667,24,24,0,24
The Views,2025-12-16,25.092213,55.168125,Asia/Dubai,58.666666666666664,,22.247083333333332,26.912499999999998,23.5125,21.4,26.8,58.666666666666664,0.0,19.020833333333332,1012.1833333333334,3.875,24,24,0,24
The Views,2025-12-17,25.092213,55.168125,Asia/Dubai,62.04347826086956,,20.234347826086957,27.12608695652174,23.604347826086954,21.3,26.9,62.04347826086956,0.0,22.16521739130435,1012.8695652173913,5.782608695652174,23,23,0,23
The Views,2025-12-18,25.092213,55.168125,Asia/Dubai,75.5,,21.4875,27.316666666666666,22.34166666666667,20.3,24.5,75.5,13.4,17.570833333333333,1014.3833333333333,7.041666666666667,24,24,0,24
The Views,2025-12-19,25.092213,55.168125,Asia/Dubai,76.20833333333333,,10.60375,24.724999999999998,19.320833333333333,15.7,20.8,76.20833333333333,21.3,21.854166666666668,1014.0083333333333,4.5,24,24,0,24
The Views,2025-12-20,25.092213,55.168125,Asia/Dubai,69.20833333333333,,18.042916666666667,22.433333333333334,16.037499999999998,13.0,20.1,69.20833333333333,0.0,20.0,1016.2583333333333,1.5416666666666667,24,24,0,24
The Views,2025-12-21,25.092213,55.168125,Asia/Dubai,67.0,,12.530833333333334,23.075,16.599999999999998,12.1,20.8,67.0,0.0,9.416666666666666,1019.1,0.20833333333333334,24,24,0,24
The Views,2025-12-22,25.092213,55.168125,Asia/Dubai,62.875,,9.029166666666667,24.295833333333334,18.212500000000002,13.9,23.2,62.875,0.0,10.9625,1020.2583333333333,0.125,24,24,0,24
The Views,2025-12-23,25.092213,55.168125,Asia/Dubai,63.5,,7.920000000000001,24.2625,18.191666666666666,13.8,23.0,63.5,0.0,10.704166666666666,1019.1999999999999,0.08333333333333333,24,24,0,24
The Views,2025-12-24,25.092213,55.168125,Asia/Dubai,64.58333333333333,,8.666666666666666,24.583333333333332,18.841666666666665,14.1,24.2,64.58333333333333,0.0,10.954166666666666,1017.5583333333334,3.375,24,24,0,24
The Views,2025-12-25,25.092213,55.168125,Asia/Dubai,69.58333333333333,,34.025,24.995833333333334,19.891666666666666,16.5,24.2,69.58333333333333,0.0,10.045833333333333,1016.2458333333334,4.875,24,24,0,24
The Views,2025-12-26,25.092213,55.168125,Asia/Dubai,73.33333333333333,,43.0,25.441666666666666,19.983333333333334,16.3,24.1,73.33333333333333,0.1,9.841666666666667,1015.3083333333334,1.5,24,24,0,24
The Views,2025-12-27,25.092213,55.168125,Asia/Dubai,65.04166666666667,,45.37083333333334,25.3875,20.541666666666668,16.5,25.2,65.04166666666667,0.0,8.908333333333333,1014.4708333333333,0.7916666666666666,24,24,0,24
The Views,2025-12-28,25.092213,55.168125,Asia/Dubai,58.041666666666664,,33.520833333333336,26.15833333333333,21.866666666666664,16.7,26.9,58.041666666666664,0.0,12.737499999999999,1013.1666666666666,0.3333333333333333,24,24,0,24
The Views,2025-12-29,25.092213,55.168125,Asia/Dubai,62.3,,22.628,26.96,23.205000000000002,20.3,26.8,62.3,0.0,21.740000000000002,1012.165,0.85,20,20,0,20
The Views,2025-12-30,25.092213,55.168125,Asia/Dubai,47.0,,4.123090909090909,26.754545454545454,21.90909090909091,20.4,23.8,47.0,0.0,28.44090909090909,1014.9636363636364,1.1818181818181819,22,22,0,22
The Views,2025-12-31,25.092213,55.168125,Asia/Dubai,51.625,,4.917291666666666,25.704166666666666,20.479166666666668,17.2,22.0,51.625,0.0,22.041666666666668,1016.6458333333334,1.2916666666666667,24,24,0,24
The Views,2026-01-01,25.092213,55.168125,Asia/Dubai,59.375,,15.639583333333334,24.275000000000002,18.120833333333334,12.7,23.0,59.375,0.0,9.316666666666666,1017.4541666666668,0.0,24,24,0,24
The Views,2026-01-02,25.092213,55.168125,Asia/Dubai,68.41666666666667,,12.544166666666667,24.020833333333332,18.866666666666667,13.3,24.0,68.41666666666667,0.0,11.262500000000001,1018.6791666666667,0.041666666666666664,24,24,0,24
The Views,2026-01-03,25.092213,55.168125,Asia/Dubai,76.20833333333333,,37.800000000000004,24.454166666666666,19.458333333333332,13.8,24.6,76.20833333333333,0.0,10.145833333333334,1018.8874999999999,1.25,24,24,0,24
The Views,2026-01-04,25.092213,55.168125,Asia/Dubai,75.3913043478261,,25.461304347826086,25.14782608695652,20.547826086956523,16.2,26.0,75.3913043478261,0.0,14.217391304347826,1019.1173913043478,0.043478260869565216,23,23,0,23
The Views,2026-01-05,25.092213,55.168125,Asia/Dubai,58.291666666666664,,8.4855,25.583333333333332,20.854166666666668,15.8,26.0,58.291666666666664,0.0,13.341666666666667,1020.6833333333334,0.4166666666666667,24,24,0,24
The Views,2026-01-06,25.092213,55.168125,Asia/Dubai,49.666666666666664,,13.904166666666667,25.604166666666668,20.791666666666668,16.4,26.2,49.666666666666664,0.0,13.583333333333334,1020.725,0.7916666666666666,24,24,0,24
The Views,2026-01-07,25.092213,55.168125,Asia/Dubai,51.0,,17.14875,25.420833333333334,20.304166666666667,16.4,24.3,51.0,0.0,11.9125,1020.7708333333334,0.16666666666666666,24,24,0,24
The Views,2026-01-08,25.092213,55.168125,Asia/Dubai,48.125,,21.7925,24.96666666666667,19.504166666666666,14.7,24.1,48.125,0.0,10.554166666666667,1020.5166666666668,0.0,24,24,0,24
The Views,2026-01-09,25.092213,55.168125,Asia/Dubai,54.833333333333336,,40.24583333333333,24.666666666666668,19.6375,15.0,24.1,54.833333333333336,0.0,10.549999999999999,1018.8916666666668,0.4583333333333333,24,24,0,24
The Views,2026-01-10,25.092213,55.168125,Asia/Dubai,62.083333333333336,,39.65,24.979166666666668,19.766666666666666,15.0,23.9,62.083333333333336,0.0,10.8375,1018.7624999999999,5.125,24,24,0,24
The Views,2026-01-11,25.092213,55.168125,Asia/Dubai,56.375,,40.1875,25.34583333333333,20.554166666666667,16.4,25.0,56.375,0.0,10.0,1020.6416666666668,0.875,24,24,0,24
The Views,2026-01-12,25.092213,55.168125,Asia/Dubai,61.958333333333336,,50.28333333333333,24.8125,19.95,15.6,24.4,61.958333333333336,0.0,9.35,1020.9958333333334,0.0,24,24,0,24
The Views,2026-01-13,25.092213,55.168125,Asia/Dubai,63.375,,51.99583333333334,24.625,19.804166666666667,14.8,24.8,63.375,0.0,8.262500000000001,1020.4291666666667,0.0,24,24,0,24
The Views,2026-01-14,25.092213,55.168125,Asia/Dubai,54.791666666666664,,43.57916666666667,25.15833333333333,20.058333333333334,14.3,26.0,54.791666666666664,0.0,9.220833333333333,1018.1833333333334,2.25,24,24,0,24
The Views,2026-01-15,25.092213,55.168125,Asia/Dubai,48.208333333333336,,31.88208333333333,25.575,20.883333333333333,15.3,27.3,48.208333333333336,0.0,14.754166666666668,1016.4791666666666,5.583333333333333,24,24,0,24
The Views,2026-01-16,25.092213,55.168125,Asia/Dubai,54.708333333333336,,4.5837916666666665,25.366666666666664,19.891666666666666,18.0,21.7,54.708333333333336,0.0,24.245833333333334,1017.8541666666666,1.125,24,24,0,24
The Views,2026-01-17,25.092213,55.168125,Asia/Dubai,57.5,,11.085,24.979166666666668,19.650000000000002,18.0,21.8,57.5,0.0,19.179166666666667,1017.3791666666666,3.0416666666666665,24,24,0,24
The Views,2026-01-18,25.092213,55.168125,Asia/Dubai,67.08333333333333,,15.418333333333335,24.2,18.54583333333333,14.5,22.7,67.08333333333333,0.0,12.516666666666666,1016.0,1.3333333333333333,24,24,0,24
The Views,2026-01-19,25.092213,55.168125,Asia/Dubai,67.66666666666667,,32.175000000000004,23.525000000000002,18.704166666666666,14.3,24.0,67.66666666666667,0.0,9.637500000000001,1015.7916666666666,0.4583333333333333,24,24,0,24
The Views,2026-01-20,25.092213,55.168125,Asia/Dubai,56.916666666666664,,35.46666666666667,23.741666666666664,20.041666666666668,14.9,26.0,56.916666666666664,0.0,11.762500000000001,1015.0291666666667,0.5416666666666666,24,24,0,24
The Views,2026-01-21,25.092213,55.168125,Asia/Dubai,64.41666666666667,,24.972083333333334,23.849999999999998,19.099999999999998,15.8,23.1,64.41666666666667,0.0,21.266666666666666,1016.375,1.625,24,24,0,24
The Views,2026-01-22,25.092213,55.168125,Asia/Dubai,37.416666666666664,,3.4025,22.47083333333333,17.591666666666665,15.1,20.4,37.416666666666664,0.0,22.233333333333334,1020.525,1.0416666666666667,24,24,0,24
The Views,2026-01-23,25.092213,55.168125,Asia/Dubai,39.458333333333336,,5.1241666666666665,22.09583333333333,17.2625,12.5,22.4,39.458333333333336,0.0,13.654166666666667,1021.0833333333334,3.1666666666666665,24,24,0,24
The Views,2026-01-24,25.092213,55.168125,Asia/Dubai,46.625,,8.314583333333333,22.566666666666666,18.041666666666668,12.2,23.1,46.625,0.0,10.2375,1019.2291666666666,6.125,24,24,0,24
The Views,2026-01-25,25.092213,55.168125,Asia/Dubai,54.708333333333336,,8.849166666666667,23.525000000000002,19.833333333333332,15.9,24.7,54.708333333333336,5.8,14.870833333333332,1015.6833333333334,5.833333333333333,24,24,0,24
The Views,2026-01-26,25.092213,55.168125,Asia/Dubai,72.45833333333333,,20.329583333333332,24.15416666666667,19.025000000000002,16.7,22.1,72.45833333333333,0.0,12.795833333333334,1015.9499999999999,0.9583333333333334,24,24,0,24
The Views,2026-01-27,25.092213,55.168125,Asia/Dubai,62.625,,15.595833333333333,23.683333333333334,18.658333333333335,13.5,24.2,62.625,0.0,13.541666666666666,1020.75,4.583333333333333,24,24,0,24
The Views,2026-01-28,25.092213,55.168125,Asia/Dubai,59.416666666666664,,10.015416666666667,24.3125,20.233333333333334,15.9,25.8,59.416666666666664,0.0,13.887500000000001,1019.9625,7.25,24,24,0,24
The Views,2026-01-29,25.092213,55.168125,Asia/Dubai,57.5,,17.610833333333336,24.566666666666666,21.104166666666668,17.0,26.1,57.5,0.0,12.6875,1017.1958333333333,3.7916666666666665,24,24,0,24
The Views,2026-01-30,25.092213,55.168125,Asia/Dubai,59.5,,27.825,24.041666666666668,19.787499999999998,15.5,24.0,59.5,0.0,14.049999999999999,1016.9083333333333,0.25,24,24,0,24
The Views,2026-01-31,25.092213,55.168125,Asia/Dubai,68.0,,17.6925,23.1375,18.708333333333332,14.2,23.6,68.0,0.0,12.408333333333333,1017.9166666666666,0.6666666666666666,24,24,0,24
The Views,2026-02-01,25.092213,55.168125,Asia/Dubai,73.04166666666667,,28.066666666666666,23.5,19.270833333333332,14.1,25.6,73.04166666666667,0.0,9.104166666666666,1018.7333333333332,0.9583333333333334,24,24,0,24
The Views,2026-02-02,25.092213,55.168125,Asia/Dubai,54.75,,32.395833333333336,23.954166666666666,20.587500000000002,15.1,26.6,54.75,0.0,8.558333333333334,1019.0458333333332,0.0,24,24,0,24
The Views,2026-02-03,25.092213,55.168125,Asia/Dubai,59.75,,43.729166666666664,24.22083333333333,20.520833333333332,14.1,27.4,59.75,0.0,10.441666666666666,1017.2375000000001,0.041666666666666664,24,24,0,24
The Views,2026-02-04,25.092213,55.168125,Asia/Dubai,55.0,,25.47083333333333,25.6375,22.891666666666666,16.8,30.3,55.0,0.0,14.645833333333334,1016.0708333333333,0.125,24,24,0,24
The Views,2026-02-05,25.092213,55.168125,Asia/Dubai,66.33333333333333,,26.705833333333334,25.2625,21.05,17.5,25.3,66.33333333333333,0.0,11.795833333333334,1017.8583333333332,1.0416666666666667,24,24,0,24
The Views,2026-02-06,25.092213,55.168125,Asia/Dubai,70.54166666666667,,29.204166666666666,24.933333333333334,20.900000000000002,16.7,26.5,70.54166666666667,0.0,9.870833333333334,1020.0375,7.833333333333333,24,24,0,24
The Views,2026-02-07,25.092213,55.168125,Asia/Dubai,71.16666666666667,,37.49583333333333,25.383333333333336,21.633333333333336,17.0,27.7,71.16666666666667,0.0,12.970833333333333,1017.8000000000001,2.4583333333333335,24,24,0,24
The Views,2026-02-08,25.092213,55.168125,Asia/Dubai,60.166666666666664,,26.129166666666666,26.133333333333336,22.683333333333334,18.1,28.5,60.166666666666664,0.2,11.008333333333333,1014.5708333333333,1.5833333333333333,24,24,0,24
The Views,2026-02-09,25.092213,55.168125,Asia/Dubai,54.958333333333336,,30.545833333333334,25.90833333333333,22.354166666666668,17.2,27.8,54.958333333333336,0.0,12.0875,1014.1125000000001,0.25,24,24,0,24
The Views,2026-02-10,25.092213,55.168125,Asia/Dubai,70.08333333333333,,39.35,25.2,21.391666666666666,17.0,26.4,70.08333333333333,0.0,12.416666666666666,1015.4791666666666,4.666666666666667,24,24,0,24
The Views,2026-02-11,25.092213,55.168125,Asia/Dubai,62.083333333333336,,46.4125,25.9375,22.675,15.9,29.8,62.083333333333336,0.0,11.654166666666667,1017.2833333333333,3.9166666666666665,24,24,0,24
The Views,2026-02-12,25.092213,55.168125,Asia/Dubai,55.25,,34.145833333333336,26.729166666666668,24.170833333333334,19.0,29.8,55.25,0.0,11.8375,1017.7791666666667,1.9166666666666667,24,24,0,24
The Views,2026-02-13,25.092213,55.168125,Asia/Dubai,58.708333333333336,,37.44583333333333,26.941666666666666,24.133333333333336,18.8,30.8,58.708333333333336,0.0,6.7250000000000005,1016.4208333333332,0.25,24,24,0,24
The Views,2026-02-14,25.092213,55.168125,Asia/Dubai,44.541666666666664,,34.6,26.491666666666664,23.645833333333332,17.5,30.7,44.541666666666664,0.0,7.708333333333333,1015.5,0.0,24,24,0,24
The Views,2026-02-15,25.092213,55.168125,Asia/Dubai,36.25,,25.079166666666666,26.629166666666666,24.179166666666664,17.9,30.0,36.25,0.0,11.450000000000001,1014.4166666666666,0.0,24,24,0,24
The Views,2026-02-16,25.092213,55.168125,Asia/Dubai,61.291666666666664,,20.775000000000002,26.583333333333332,23.03333333333333,20.6,26.9,61.291666666666664,0.0,18.870833333333334,1012.4,0.0,24,24,0,24
The Views,2026-02-17,25.092213,55.168125,Asia/Dubai,55.375,,24.265,26.295833333333334,23.116666666666664,17.4,28.6,55.375,0.0,13.049999999999999,1014.2708333333334,0.0,24,24,0,24
The Views,2026-02-18,25.092213,55.168125,Asia/Dubai,36.666666666666664,,9.405,26.587500000000002,23.754166666666666,17.6,29.9,36.666666666666664,0.0,13.470833333333333,1015.6541666666667,0.0,24,24,0,24
The Views,2026-02-19,25.092213,55.168125,Asia/Dubai,43.958333333333336,,17.55875,26.683333333333334,23.9875,17.5,30.2,43.958333333333336,0.0,13.420833333333334,1016.3833333333333,0.0,24,24,0,24
The Views,2026-02-20,25.092213,55.168125,Asia/Dubai,42.833333333333336,,17.65625,26.65833333333333,23.641666666666666,17.9,29.7,42.833333333333336,0.0,11.929166666666667,1017.525,0.0,24,24,0,24
The Views,2026-02-21,25.092213,55.168125,Asia/Dubai,55.041666666666664,,36.93333333333333,26.96666666666667,23.712500000000002,18.1,30.6,55.041666666666664,0.0,11.483333333333334,1015.8041666666667,0.0,24,24,0,24
The Views,2026-02-22,25.092213,55.168125,Asia/Dubai,66.5,,50.36666666666667,26.34166666666667,22.866666666666664,17.4,29.2,66.5,0.0,11.091666666666667,1011.5124999999999,0.0,24,24,0,24
The Views,2026-02-23,25.092213,55.168125,Asia/Dubai,73.0,,68.32916666666667,26.145833333333332,22.1375,17.2,29.1,73.0,0.0,9.029166666666667,1010.4666666666667,0.16666666666666666,24,24,0,24
The Views,2026-02-24,25.092213,55.168125,Asia/Dubai,56.791666666666664,,79.52499999999999,26.479166666666668,23.695833333333336,16.7,30.6,56.791666666666664,0.0,9.025,1010.9541666666668,0.0,24,24,0,24
The Views,2026-02-25,25.092213,55.168125,Asia/Dubai,47.958333333333336,,55.56666666666666,27.25,24.28333333333333,18.3,31.0,47.958333333333336,0.0,10.133333333333333,1012.3458333333333,0.0,24,24,0,24
The Views,2026-02-26,25.092213,55.168125,Asia/Dubai,68.75,,36.387499999999996,26.375,22.27916666666667,19.1,26.2,68.75,0.0,11.0,1013.2916666666666,0.8333333333333334,24,24,0,24
The Views,2026-02-27,25.092213,55.168125,Asia/Dubai,62.75,,20.029166666666665,25.941666666666666,21.266666666666666,16.9,25.2,62.75,0.0,9.887500000000001,1011.0375,0.4583333333333333,24,24,0,24
The Views,2026-02-28,25.092213,55.168125,Asia/Dubai,59.291666666666664,,43.70416666666667,25.75,22.1125,15.7,28.8,59.291666666666664,0.0,7.141666666666667,1010.1083333333332,0.375,24,24,0,24
The Views,2026-03-01,25.092213,55.168125,Asia/Dubai,36.666666666666664,,42.12083333333333,27.254166666666666,25.28333333333333,17.9,33.8,36.666666666666664,0.0,10.5,1009.8458333333333,1.625,24,24,0,24
The Views,2026-03-02,25.092213,55.168125,Asia/Dubai,28.166666666666668,,25.037499999999998,29.1125,28.141666666666666,22.4,34.7,28.166666666666668,0.0,16.070833333333333,1010.1999999999999,2.25,24,24,0,24
The Views,2026-03-03,25.092213,55.168125,Asia/Dubai,32.75,,24.275000000000002,29.354166666666668,27.916666666666668,22.9,34.6,32.75,0.0,14.620833333333332,1010.9291666666667,1.75,24,24,0,24
The Views,2026-03-04,25.092213,55.168125,Asia/Dubai,59.583333333333336,,22.579166666666666,28.791666666666668,25.6875,22.1,32.0,59.583333333333336,0.0,16.908333333333335,1012.6999999999999,0.4583333333333333,24,24,0,24
The Views,2026-03-05,25.092213,55.168125,Asia/Dubai,68.29166666666667,,21.587500000000002,27.545833333333334,23.204166666666666,21.1,26.1,68.29166666666667,0.0,15.5375,1016.2208333333333,1.0,24,24,0,24
The Views,2026-03-06,25.092213,55.168125,Asia/Dubai,61.75,,14.979166666666666,26.445833333333336,21.945833333333336,18.7,25.6,61.75,0.0,14.733333333333334,1015.8791666666666,6.0,24,24,0,24
The Views,2026-03-07,25.092213,55.168125,Asia/Dubai,61.25,,24.425,26.208333333333332,22.2625,17.8,27.1,61.25,0.0,12.262500000000001,1014.2958333333332,2.9166666666666665,24,24,0,24
The Views,2026-03-08,25.092213,55.168125,Asia/Dubai,61.166666666666664,,34.262499999999996,26.65833333333333,22.733333333333334,18.6,28.2,61.166666666666664,0.0,11.879166666666668,1013.2958333333332,4.458333333333333,24,24,0,24
The Views,2026-03-09,25.092213,55.168125,Asia/Dubai,64.95833333333333,,20.025000000000002,27.65416666666667,23.354166666666668,19.1,27.4,64.95833333333333,2.4,10.924999999999999,1013.275,5.0,24,24,0,24
The Views,2026-03-10,25.092213,55.168125,Asia/Dubai,64.41666666666667,,34.145833333333336,27.287499999999998,24.120833333333334,21.6,27.9,64.41666666666667,0.4,16.608333333333334,1015.4208333333332,7.208333333333333,24,24,0,24
The Views,2026-03-11,25.092213,55.168125,Asia/Dubai,63.708333333333336,,7.779166666666666,27.191666666666666,23.879166666666666,21.1,28.2,63.708333333333336,0.6,15.858333333333334,1017.2958333333332,6.208333333333333,24,24,0,24
The Views,2026-03-12,25.092213,55.168125,Asia/Dubai,66.08333333333333,,9.641666666666667,26.962500000000002,23.445833333333336,19.4,28.5,66.08333333333333,0.0,11.525,1014.9125,4.5,24,24,0,24
The Views,2026-03-13,25.092213,55.168125,Asia/Dubai,55.875,,14.991666666666667,27.90833333333333,25.3125,21.4,31.0,55.875,0.0,13.0875,1012.6125000000001,4.291666666666667,24,24,0,24
The Views,2026-03-14,25.092213,55.168125,Asia/Dubai,53.416666666666664,,33.57083333333333,28.620833333333334,25.333333333333332,21.0,30.5,53.416666666666664,0.0,11.741666666666667,1012.9416666666666,1.4583333333333333,24,24,0,24
The Views,2026-03-15,25.092213,55.168125,Asia/Dubai,46.916666666666664,,55.31666666666666,29.087500000000002,26.45,20.4,33.2,46.916666666666664,0.0,10.6875,1013.2083333333334,3.5,24,24,0,24
The Views,2026-03-16,25.092213,55.168125,Asia/Dubai,32.458333333333336,,28.3,29.879166666666666,28.6125,22.4,35.9,32.458333333333336,0.0,12.979166666666666,1010.15,0.2916666666666667,24,24,0,24
The Views,2026-03-17,25.092213,55.168125,Asia/Dubai,35.833333333333336,,32.854166666666664,30.191666666666666,28.366666666666664,24.4,33.4,35.833333333333336,0.0,14.791666666666666,1007.6374999999999,3.9166666666666665,24,24,0,24
The Views,2026-03-18,25.092213,55.168125,Asia/Dubai,58.416666666666664,,21.541666666666668,28.829166666666666,25.541666666666668,23.1,28.7,58.416666666666664,0.0,16.175,1009.1708333333332,7.0,24,24,0,24
The Views,2026-03-19,25.092213,55.168125,Asia/Dubai,56.75,,15.325000000000001,28.116666666666664,24.754166666666666,19.6,30.2,56.75,0.0,11.549999999999999,1010.1541666666667,5.375,24,24,0,24
The Views,2026-03-20,25.092213,55.168125,Asia/Dubai,50.5,,13.720833333333333,28.72083333333333,26.258333333333336,23.0,30.4,50.5,0.1,17.587500000000002,1008.9291666666667,7.333333333333333,24,24,0,24
The Views,2026-03-21,25.092213,55.168125,Asia/Dubai,62.458333333333336,,16.175,28.308333333333334,25.4375,22.5,29.2,62.458333333333336,0.9,17.837500000000002,1009.7958333333332,7.541666666666667,24,24,0,24
The Views,2026-03-22,25.092213,55.168125,Asia/Dubai,65.33333333333333,,6.691666666666666,28.537499999999998,25.724999999999998,22.2,30.9,65.33333333333333,0.1,14.5,1011.9,3.125,24,24,0,24
The Views,2026-03-23,25.092213,55.168125,Asia/Dubai,74.54166666666667,,5.879166666666666,26.254166666666666,23.59583333333333,21.2,26.3,74.54166666666667,10.4,16.154166666666665,1011.65,7.0,24,24,0,24
The Views,2026-03-24,25.092213,55.168125,Asia/Dubai,77.04166666666667,,8.904166666666667,24.983333333333334,22.40416666666667,20.0,25.5,77.04166666666667,14.6,18.754166666666666,1009.2333333333332,6.0,24,24,0,24
The Views,2026-03-25,25.092213,55.168125,Asia/Dubai,78.66666666666667,,3.7750000000000004,25.4875,22.6375,21.2,25.4,78.66666666666667,22.5,24.275000000000002,1006.8125,5.916666666666667,24,24,0,24
The Views,2026-03-26,25.092213,55.168125,Asia/Dubai,75.16666666666667,,1.9208333333333334,26.545833333333334,24.579166666666666,21.6,28.9,75.16666666666667,31.5,24.333333333333332,1007.8791666666666,4.375,24,24,0,24
The Views,2026-03-27,25.092213,55.168125,Asia/Dubai,77.41666666666667,,1.2625,25.229166666666668,24.09166666666667,20.8,26.9,77.41666666666667,15.9,23.879166666666666,1010.5458333333332,5.375,24,24,0,24
The Views,2026-03-28,25.092213,55.168125,Asia/Dubai,63.75,,0.9375,25.441666666666666,21.3,19.4,23.6,63.75,0.0,21.808333333333334,1012.0708333333333,0.9583333333333334,24,24,0,24
The Views,2026-03-29,25.092213,55.168125,Asia/Dubai,57.125,,2.0749999999999997,26.141666666666666,21.412499999999998,19.1,24.3,57.125,0.0,25.825,1011.1291666666666,0.25,24,24,0,24
The Views,2026-03-30,25.092213,55.168125,Asia/Dubai,62.833333333333336,,7.229166666666667,25.758333333333336,21.53333333333333,18.1,24.8,62.833333333333336,0.0,15.875,1010.5958333333333,7.416666666666667,24,24,0,24
The Views,2026-03-31,25.092213,55.168125,Asia/Dubai,66.125,,14.2125,24.97083333333333,22.083333333333332,19.5,24.9,66.125,2.8,13.1625,1010.2583333333333,7.541666666666667,24,24,0,24
The Views,2026-04-01,25.092213,55.168125,Asia/Dubai,70.58333333333333,,14.0375,25.616666666666664,22.270833333333332,19.6,25.4,70.58333333333333,0.0,16.579166666666666,1010.5541666666667,0.9166666666666666,24,24,0,24
The Views,2026-04-02,25.092213,55.168125,Asia/Dubai,68.25,,14.799999999999999,26.34166666666667,22.070833333333336,19.4,25.3,68.25,0.0,16.904166666666665,1011.6666666666666,1.2916666666666667,24,24,0,24
The Views,2026-04-03,25.092213,55.168125,Asia/Dubai,75.20833333333333,,28.974999999999998,25.991666666666664,21.441666666666666,18.0,25.7,75.20833333333333,0.0,12.0375,1011.7375000000001,6.166666666666667,24,24,0,24
The Views,2026-04-04,25.092213,55.168125,Asia/Dubai,73.04166666666667,,43.3375,26.204166666666666,22.604166666666668,18.4,27.1,73.04166666666667,0.0,10.8125,1010.0291666666667,6.125,24,24,0,24
The Views,2026-04-05,25.092213,55.168125,Asia/Dubai,72.20833333333333,,31.674999999999997,27.379166666666666,24.03333333333333,21.1,27.7,72.20833333333333,0.0,11.904166666666667,1010.0333333333333,5.416666666666667,24,24,0,24
The Views,2026-04-06,25.092213,55.168125,Asia/Dubai,60.041666666666664,,11.179166666666667,27.47083333333333,23.724999999999998,21.1,27.2,60.041666666666664,0.0,18.287499999999998,1011.0749999999999,1.625,24,24,0,24
The Views,2026-04-07,25.092213,55.168125,Asia/Dubai,54.958333333333336,,8.862499999999999,27.066666666666666,22.816666666666666,20.6,25.7,54.958333333333336,0.0,26.308333333333334,1012.3791666666666,0.0,24,24,0,24
The Views,2026-04-08,25.092213,55.168125,Asia/Dubai,61.583333333333336,,16.108333333333334,26.858333333333334,22.59583333333333,19.0,26.4,61.583333333333336,0.0,17.008333333333333,1011.8416666666667,0.20833333333333334,24,24,0,24
The Views,2026-04-09,25.092213,55.168125,Asia/Dubai,64.0,,27.087500000000002,26.008333333333336,22.704166666666666,18.8,27.1,64.0,1.5,12.045833333333334,1012.2375000000001,5.416666666666667,24,24,0,24
The Views,2026-04-10,25.092213,55.168125,Asia/Dubai,62.416666666666664,,14.512500000000001,27.45,24.191666666666666,21.0,28.0,62.416666666666664,0.2,13.299999999999999,1014.5541666666667,5.583333333333333,24,24,0,24
The Views,2026-04-11,25.092213,55.168125,Asia/Dubai,68.08333333333333,,17.216666666666665,26.9375,23.920833333333334,21.5,26.5,68.08333333333333,7.5,10.1875,1015.3541666666666,7.625,24,24,0,24
The Views,2026-04-12,25.092213,55.168125,Asia/Dubai,74.45833333333333,,7.304166666666666,26.65416666666667,23.27916666666667,21.5,25.7,74.45833333333333,1.7999999999999998,12.1,1013.7624999999999,7.708333333333333,24,24,0,24
The Views,2026-04-13,25.092213,55.168125,Asia/Dubai,70.08333333333333,,12.362499999999999,27.620833333333334,24.741666666666664,21.6,28.4,70.08333333333333,0.0,10.779166666666667,1013.8166666666666,6.833333333333333,24,24,0,24
The Views,2026-04-14,25.092213,55.168125,Asia/Dubai,63.541666666666664,,25.025000000000002,27.883333333333336,24.3,20.6,28.7,63.541666666666664,0.0,15.141666666666666,1014.1583333333333,5.75,24,24,0,24
The Views,2026-04-15,25.092213,55.168125,Asia/Dubai,65.0,,12.320833333333333,27.383333333333336,23.104166666666668,19.5,26.7,65.0,0.0,19.337500000000002,1011.0833333333334,4.291666666666667,24,24,0,24
The Views,2026-04-16,25.092213,55.168125,Asia/Dubai,68.27272727272727,,8.536363636363637,27.077272727272728,22.822727272727274,19.7,26.9,68.27272727272727,0.0,19.772727272727273,1008.6363636363636,4.318181818181818,22,22,0,22
The Views,2026-04-17,25.092213,55.168125,Asia/Dubai,62.625,,21.175,26.78333333333333,23.2,18.5,27.7,62.625,0.0,17.433333333333334,1010.7083333333334,3.3333333333333335,24,24,0,24
The Views,2026-04-18,25.092213,55.168125,Asia/Dubai,57.65217391304348,,29.03478260869565,27.847826086956523,23.86086956521739,19.7,29.0,57.65217391304348,0.0,14.369565217391305,1010.7608695652174,0.043478260869565216,23,23,0,23
The Views,2026-04-19,25.092213,55.168125,Asia/Dubai,49.583333333333336,,31.954166666666666,28.59166666666667,25.150000000000002,19.3,31.7,49.583333333333336,0.0,10.545833333333333,1010.0749999999999,2.7083333333333335,24,24,0,24
The Views,2026-04-20,25.092213,55.168125,Asia/Dubai,47.30769230769231,,36.15384615384615,28.646153846153844,24.815384615384616,21.4,32.0,47.30769230769231,0.0,8.961538461538462,1008.6153846153846,0.0,13,13,0,13
