location_name,date,temp_meteostat,temp_min_meteostat,temp_max_meteostat,humidity_meteostat,precipitation_meteostat,wind_speed_meteostat,pressure_meteostat,cloud_cover_meteostat
Dubai Motor City,2024-07-25,37.699999999999996,37.0,38.7,41.333333333333336,0.0,11.1,992.7333333333332,0.6666666666666666
Dubai Motor City,2024-07-26,37.475,32.0,42.0,42.625,0.0,13.1,993.8499999999999,0.25
Dubai Motor City,2024-07-27,37.75416666666667,33.5,41.7,35.708333333333336,0.0,14.641666666666666,995.5958333333333,0.9583333333333334
Dubai Motor City,2024-07-28,36.608333333333334,33.0,39.5,53.083333333333336,0.0,17.212500000000002,994.4875000000001,1.75
Dubai Motor City,2024-07-29,36.36666666666667,33.0,41.0,52.958333333333336,0.0,14.875,992.5333333333333,1.1666666666666667
Dubai Motor City,2024-07-30,38.55416666666667,33.7,44.7,50.166666666666664,0.0,18.229166666666668,993.9250000000001,0.8333333333333334
Dubai Motor City,2024-07-31,38.4625,34.8,43.1,41.916666666666664,0.0,15.720833333333333,996.2416666666667,2.2916666666666665
Dubai Motor City,2024-08-01,39.141666666666666,36.0,43.6,42.75,0.0,14.858333333333334,995.5416666666666,2.1666666666666665
Dubai Motor City,2024-08-02,36.85,34.0,40.0,61.125,0.0,11.554166666666667,993.6374999999999,0.7083333333333334
Dubai Motor City,2024-08-03,37.07083333333333,34.3,41.6,63.291666666666664,0.0,12.579166666666666,993.8791666666666,3.0
Dubai Motor City,2024-08-04,35.78333333333333,33.4,39.0,65.41666666666667,0.0,13.4625,994.7874999999999,2.1666666666666665
Dubai Motor City,2024-08-05,36.5,33.0,41.0,59.541666666666664,0.0,18.029166666666665,995.6833333333333,1.625
Dubai Motor City,2024-08-06,35.887499999999996,32.1,39.0,48.916666666666664,0.0,14.366666666666667,997.4666666666667,5.125
Dubai Motor City,2024-08-07,36.699999999999996,34.0,39.7,50.5,0.0,13.691666666666668,997.4458333333333,3.5
Dubai Motor City,2024-08-08,37.0375,33.0,42.7,51.041666666666664,0.0,19.604166666666668,997.4041666666667,1.125
Dubai Motor City,2024-08-09,36.375,32.7,41.9,51.25,0.0,24.183333333333334,999.3499999999999,0.4583333333333333
Dubai Motor City,2024-08-10,36.30416666666667,31.7,42.5,51.125,0.0,18.875,999.7458333333333,1.5833333333333333
Dubai Motor City,2024-08-11,36.791666666666664,32.6,41.7,49.083333333333336,0.0,15.204166666666666,997.9124999999999,1.4166666666666667
Dubai Motor City,2024-08-12,38.270833333333336,34.2,43.0,44.458333333333336,0.0,14.262500000000001,996.8541666666666,0.5
Dubai Motor City,2024-08-13,38.43333333333333,34.0,43.8,44.625,0.0,14.595833333333333,998.5541666666667,0.4166666666666667
Dubai Motor City,2024-08-14,37.65416666666667,33.5,43.4,50.625,0.0,16.733333333333334,999.4708333333333,0.20833333333333334
Dubai Motor City,2024-08-15,37.458333333333336,33.7,43.0,50.666666666666664,0.0,14.779166666666667,998.9208333333332,0.20833333333333334
Dubai Motor City,2024-08-16,37.15833333333333,34.0,40.3,47.291666666666664,0.0,10.966666666666667,996.0625,0.375
Dubai Motor City,2024-08-17,36.1375,32.7,41.0,55.208333333333336,0.0,24.05,996.4416666666666,1.4166666666666667
Dubai Motor City,2024-08-18,35.6625,32.4,41.0,54.5,0.0,26.037499999999998,999.0541666666667,2.4583333333333335
Dubai Motor City,2024-08-19,36.1375,32.7,41.5,52.5,0.0,19.545833333333334,1000.2916666666666,2.75
Dubai Motor City,2024-08-20,35.77916666666667,32.7,40.4,53.75,0.0,18.454166666666666,999.5500000000001,2.0833333333333335
Dubai Motor City,2024-08-21,34.666666666666664,31.4,39.0,55.833333333333336,0.0,20.570833333333333,1001.7874999999999,0.875
Dubai Motor City,2024-08-22,34.82083333333333,31.7,39.0,51.958333333333336,0.0,15.700000000000001,1002.3000000000001,1.0416666666666667
Dubai Motor City,2024-08-23,35.90833333333333,33.0,41.0,53.666666666666664,0.0,13.0875,1001.9958333333333,1.0416666666666667
Dubai Motor City,2024-08-24,37.13333333333333,33.5,40.0,47.416666666666664,0.0,12.4125,1001.6208333333333,0.7916666666666666
Dubai Motor City,2024-08-25,37.46666666666667,34.2,42.8,42.708333333333336,0.0,11.891666666666666,1001.1416666666668,0.16666666666666666
Dubai Motor City,2024-08-26,36.03333333333333,32.8,39.1,53.125,0.0,12.220833333333333,999.6041666666666,0.16666666666666666
Dubai Motor City,2024-08-27,35.92916666666667,32.7,40.1,59.416666666666664,0.0,11.625,998.6333333333333,0.08333333333333333
Dubai Motor City,2024-08-28,36.420833333333334,32.5,43.2,58.541666666666664,0.0,11.950000000000001,999.4916666666667,0.20833333333333334
Dubai Motor City,2024-08-29,36.62083333333333,32.9,41.3,51.875,0.0,10.929166666666667,999.0958333333333,0.3333333333333333
Dubai Motor City,2024-08-30,35.608333333333334,31.8,40.0,63.958333333333336,0.0,11.512500000000001,998.4791666666666,0.9166666666666666
Dubai Motor City,2024-08-31,38.1625,32.4,44.6,39.75,0.0,16.891666666666666,999.1833333333334,1.0833333333333333
Dubai Motor City,2024-09-01,35.87083333333333,31.6,41.3,43.916666666666664,0.0,16.041666666666668,1000.9875000000001,0.9583333333333334
Dubai Motor City,2024-09-02,36.237500000000004,31.5,40.6,40.583333333333336,0.0,13.304166666666667,1001.9166666666666,0.9166666666666666
Dubai Motor City,2024-09-03,36.262499999999996,31.2,43.0,45.666666666666664,0.0,14.391666666666666,1001.9708333333333,0.7083333333333334
Dubai Motor City,2024-09-04,35.15,31.0,41.5,48.5,0.0,14.195833333333333,1002.6041666666666,0.041666666666666664
Dubai Motor City,2024-09-05,35.050000000000004,32.0,39.7,54.583333333333336,0.0,15.191666666666668,1001.0,0.0
Dubai Motor City,2024-09-06,34.25,30.2,37.6,60.041666666666664,0.0,10.862499999999999,1001.0083333333333,0.041666666666666664
Dubai Motor City,2024-09-07,34.72083333333333,30.0,40.3,57.833333333333336,0.0,11.329166666666666,1002.2083333333334,0.041666666666666664
Dubai Motor City,2024-09-08,35.3375,30.2,43.1,52.416666666666664,0.0,13.612499999999999,1003.625,0.08333333333333333
Dubai Motor City,2024-09-09,35.166666666666664,31.0,40.7,52.291666666666664,0.0,11.7125,1003.1791666666667,0.041666666666666664
Dubai Motor City,2024-09-10,33.675000000000004,30.0,37.6,70.375,0.0,11.295833333333334,1001.4083333333333,0.3333333333333333
Dubai Motor City,2024-09-11,35.82083333333333,30.5,41.3,51.083333333333336,0.0,12.112499999999999,1000.6083333333332,0.2916666666666667
Dubai Motor City,2024-09-12,37.387499999999996,30.5,44.4,23.916666666666668,0.0,12.204166666666666,1000.9833333333332,0.0
Dubai Motor City,2024-09-13,35.8375,31.7,41.5,34.958333333333336,0.0,12.375,1000.7041666666665,0.0
Dubai Motor City,2024-09-14,34.516666666666666,30.7,40.0,54.291666666666664,0.0,13.9,1000.2958333333332,0.0
Dubai Motor City,2024-09-15,34.891666666666666,30.7,41.0,56.958333333333336,0.0,15.808333333333335,1001.6166666666667,0.041666666666666664
Dubai Motor City,2024-09-16,34.02916666666667,29.7,39.7,51.958333333333336,0.0,11.191666666666668,1004.0208333333334,0.20833333333333334
Dubai Motor City,2024-09-17,33.42916666666667,29.0,38.0,54.083333333333336,0.0,12.120833333333332,1005.6291666666666,0.0
Dubai Motor City,2024-09-18,33.9375,29.9,38.3,54.583333333333336,0.0,14.004166666666668,1005.0999999999999,0.0
Dubai Motor City,2024-09-19,33.40833333333333,30.2,36.3,64.125,0.0,12.616666666666667,1005.3083333333333,0.0
Dubai Motor City,2024-09-20,33.475,30.3,36.7,64.08333333333333,0.0,12.266666666666666,1005.8791666666666,0.375
Dubai Motor City,2024-09-21,33.99583333333333,30.2,37.3,57.458333333333336,0.0,12.454166666666666,1005.3958333333334,0.0
Dubai Motor City,2024-09-22,35.28333333333333,30.0,41.0,48.041666666666664,0.0,10.929166666666667,1005.2958333333332,0.0
Dubai Motor City,2024-09-23,34.975,29.7,41.2,44.208333333333336,0.0,10.983333333333334,1005.0375,0.0
Dubai Motor City,2024-09-24,34.05416666666667,30.0,38.0,65.625,0.0,11.329166666666666,1003.9041666666667,0.0
Dubai Motor City,2024-09-25,34.170833333333334,30.5,39.3,68.91666666666667,0.0,11.4375,1001.9749999999999,0.0
Dubai Motor City,2024-09-26,33.53333333333333,29.7,39.2,73.0,0.0,11.133333333333333,1001.3375,0.9583333333333334
Dubai Motor City,2024-09-27,33.170833333333334,29.4,37.8,71.54166666666667,0.0,10.733333333333334,1001.9291666666667,0.5
Dubai Motor City,2024-09-28,33.1875,30.0,38.0,70.33333333333333,0.0,10.691666666666668,1002.8208333333333,0.2916666666666667
Dubai Motor City,2024-09-29,34.0375,30.5,39.3,57.416666666666664,0.0,15.975,1004.8791666666666,0.5833333333333334
Dubai Motor City,2024-09-30,33.37083333333333,30.7,37.3,57.125,0.2,17.108333333333334,1008.0875,1.0
Dubai Motor City,2024-10-01,33.15,29.5,37.0,54.833333333333336,0.0,13.229166666666666,1007.7208333333333,0.375
Dubai Motor City,2024-10-02,34.02916666666667,30.2,38.7,56.875,0.0,13.579166666666666,1008.1374999999999,0.0
Dubai Motor City,2024-10-03,33.987500000000004,30.3,39.0,59.916666666666664,0.0,15.125,1007.5291666666667,0.0
Dubai Motor City,2024-10-04,33.550000000000004,29.4,37.3,64.29166666666667,0.0,15.6625,1005.6208333333334,0.4583333333333333
Dubai Motor City,2024-10-05,33.28333333333333,30.5,35.3,53.791666666666664,0.0,15.195833333333333,1005.6291666666666,0.16666666666666666
Dubai Motor City,2024-10-06,32.204166666666666,28.5,36.7,56.041666666666664,0.0,12.0625,1007.3874999999999,0.4166666666666667
Dubai Motor City,2024-10-07,33.454166666666666,30.0,38.0,48.0,0.2,12.262500000000001,1010.3958333333334,1.5416666666666667
Dubai Motor City,2024-10-08,33.19583333333333,28.6,38.7,49.75,0.0,12.875,1011.5875,0.5416666666666666
Dubai Motor City,2024-10-09,32.59166666666667,29.7,36.8,54.041666666666664,0.0,14.8125,1010.5166666666665,0.4583333333333333
Dubai Motor City,2024-10-10,32.30833333333333,28.6,36.6,60.958333333333336,0.1,12.604166666666666,1009.1541666666667,0.7916666666666666
Dubai Motor City,2024-10-11,32.395833333333336,29.7,36.7,55.666666666666664,0.0,10.895833333333334,1008.8958333333334,0.16666666666666666
Dubai Motor City,2024-10-12,32.25833333333333,28.0,38.0,57.083333333333336,0.0,11.645833333333334,1008.5333333333333,0.4583333333333333
Dubai Motor City,2024-10-13,32.1875,28.7,36.0,52.625,0.0,11.366666666666667,1008.2041666666668,0.16666666666666666
Dubai Motor City,2024-10-14,32.862500000000004,28.6,37.9,46.583333333333336,0.0,14.358333333333334,1008.3583333333332,0.041666666666666664
Dubai Motor City,2024-10-15,32.6,28.7,37.7,48.166666666666664,0.0,17.166666666666668,1009.5583333333333,0.9166666666666666
Dubai Motor City,2024-10-16,31.849999999999998,28.5,37.0,54.041666666666664,0.0,16.879166666666666,1009.9875000000001,1.2083333333333333
Dubai Motor City,2024-10-17,31.5625,28.7,35.0,58.333333333333336,0.0,14.012500000000001,1009.5958333333333,1.0
Dubai Motor City,2024-10-18,32.199999999999996,28.2,36.1,61.916666666666664,0.0,12.183333333333332,1008.6333333333333,1.375
Dubai Motor City,2024-10-19,32.94166666666667,29.0,37.0,58.5,0.0,13.058333333333332,1009.65,1.8333333333333333
Dubai Motor City,2024-10-20,32.69583333333333,29.9,37.3,64.25,0.0,13.120833333333332,1009.9250000000001,0.4583333333333333
Dubai Motor City,2024-10-21,32.270833333333336,29.1,37.2,65.70833333333333,0.0,12.520833333333334,1009.4791666666666,0.16666666666666666
Dubai Motor City,2024-10-22,31.4875,28.4,36.5,69.79166666666667,0.0,13.208333333333334,1010.1708333333332,0.3333333333333333
Dubai Motor City,2024-10-23,31.7375,27.0,37.6,60.25,0.0,13.366666666666667,1011.6333333333333,0.20833333333333334
Dubai Motor City,2024-10-24,32.541666666666664,28.7,38.9,51.333333333333336,0.0,13.1875,1011.9666666666667,0.25
Dubai Motor City,2024-10-25,31.9375,28.7,36.0,55.208333333333336,0.0,13.65,1012.6583333333333,1.1666666666666667
Dubai Motor City,2024-10-26,31.420833333333334,28.7,35.0,64.95833333333333,0.0,13.629166666666668,1013.1875,0.5416666666666666
Dubai Motor City,2024-10-27,31.175,27.2,34.0,61.041666666666664,0.0,14.4125,1012.4416666666666,0.375
Dubai Motor City,2024-10-28,31.21666666666667,29.7,33.0,53.833333333333336,0.0,17.4875,1010.2041666666668,0.6666666666666666
Dubai Motor City,2024-10-29,29.787499999999998,25.6,33.0,52.125,0.0,16.7625,1010.2958333333332,0.5416666666666666
Dubai Motor City,2024-10-30,29.6875,24.6,32.8,50.0,0.0,15.195833333333333,1010.7125,0.7083333333333334
Dubai Motor City,2024-10-31,29.7375,25.2,34.6,54.041666666666664,0.0,10.495833333333334,1012.0625,0.875
Dubai Motor City,2024-11-01,30.0625,26.0,34.7,58.0,0.0,11.287500000000001,1013.5791666666668,0.0
Dubai Motor City,2024-11-02,30.28333333333333,26.2,33.7,58.583333333333336,0.0,11.045833333333334,1014.5708333333333,0.0
Dubai Motor City,2024-11-03,29.537499999999998,25.2,35.0,66.04166666666667,0.0,10.629166666666666,1013.7291666666666,0.0
Dubai Motor City,2024-11-04,29.333333333333332,24.0,34.7,64.54166666666667,0.0,8.429166666666667,1012.65,0.0
Dubai Motor City,2024-11-05,30.1125,24.8,35.6,57.875,0.0,8.35,1012.7458333333334,0.041666666666666664
Dubai Motor City,2024-11-06,29.849999999999998,25.4,35.0,62.916666666666664,0.0,10.654166666666667,1014.8583333333332,0.08333333333333333
Dubai Motor City,2024-11-07,29.629166666666666,25.7,34.0,66.70833333333333,0.0,10.866666666666667,1015.2624999999999,0.0
Dubai Motor City,2024-11-08,28.733333333333334,25.0,32.8,64.41666666666667,0.0,10.425,1014.25,0.25
Dubai Motor City,2024-11-09,28.224999999999998,23.7,33.2,58.416666666666664,0.0,9.129166666666666,1013.9625,0.16666666666666666
Dubai Motor City,2024-11-10,28.566666666666666,24.0,33.0,62.0,0.0,10.504166666666666,1015.0625,0.08333333333333333
Dubai Motor City,2024-11-11,29.058333333333334,24.6,33.1,61.083333333333336,0.0,11.287500000000001,1015.3416666666667,0.20833333333333334
Dubai Motor City,2024-11-12,28.733333333333334,24.4,32.0,61.583333333333336,0.0,11.704166666666667,1013.7874999999999,0.041666666666666664
Dubai Motor City,2024-11-13,28.758333333333336,25.0,32.0,61.958333333333336,0.0,10.704166666666666,1011.8625000000001,0.3333333333333333
Dubai Motor City,2024-11-14,28.616666666666664,24.7,32.7,67.66666666666667,0.0,12.783333333333333,1011.7041666666665,0.6666666666666666
Dubai Motor City,2024-11-15,28.349999999999998,24.4,31.7,61.541666666666664,0.0,13.570833333333333,1013.9250000000001,1.0416666666666667
Dubai Motor City,2024-11-16,27.15833333333333,23.4,30.0,52.75,0.0,14.275,1014.3375,1.1666666666666667
Dubai Motor City,2024-11-17,26.95,22.1,31.0,49.833333333333336,0.0,11.033333333333333,1013.4208333333332,0.9583333333333334
Dubai Motor City,2024-11-18,27.208333333333332,22.5,32.7,48.0,0.0,9.0625,1014.025,0.125
Dubai Motor City,2024-11-19,26.995833333333334,22.5,32.0,54.208333333333336,0.0,9.8125,1015.4708333333333,0.2916666666666667
Dubai Motor City,2024-11-20,27.016666666666666,22.7,31.3,56.625,0.0,9.166666666666666,1015.1875,0.2916666666666667
Dubai Motor City,2024-11-21,26.53333333333333,22.5,30.7,59.791666666666664,0.0,10.3125,1014.6166666666667,0.4583333333333333
Dubai Motor City,2024-11-22,27.258333333333336,23.1,31.1,67.875,0.0,10.004166666666666,1014.1291666666666,0.25
Dubai Motor City,2024-11-23,27.27916666666667,22.7,31.1,70.875,0.0,9.725,1014.0291666666667,1.75
Dubai Motor City,2024-11-24,26.837500000000002,23.0,30.6,65.20833333333333,0.0,10.85,1013.5666666666666,1.25
Dubai Motor City,2024-11-25,26.879166666666666,22.4,32.2,63.666666666666664,0.0,9.983333333333333,1014.025,0.5
Dubai Motor City,2024-11-26,27.40833333333333,24.0,31.7,60.0,0.0,10.387500000000001,1015.1875,0.7083333333333334
Dubai Motor City,2024-11-27,27.545833333333334,22.7,33.0,59.791666666666664,0.0,9.770833333333334,1014.0500000000001,0.2916666666666667
Dubai Motor City,2024-11-28,27.020833333333332,22.8,30.1,66.08333333333333,0.6000000000000001,17.32916666666667,1014.4499999999999,2.0416666666666665
Dubai Motor City,2024-11-29,26.337500000000002,24.7,27.7,56.375,0.0,20.8125,1016.2416666666667,2.25
Dubai Motor City,2024-11-30,24.879166666666666,21.0,27.5,50.791666666666664,0.0,20.479166666666668,1015.9250000000001,2.4583333333333335
Dubai Motor City,2024-12-01,24.641666666666666,23.5,26.0,47.0,0.0,20.166666666666668,1013.8874999999999,2.5
Dubai Motor City,2024-12-02,23.420833333333334,19.0,26.4,50.291666666666664,0.0,11.362499999999999,1013.6625,2.4166666666666665
Dubai Motor City,2024-12-03,22.816666666666666,17.7,27.1,43.0,0.0,10.679166666666667,1016.0041666666666,0.7083333333333334
Dubai Motor City,2024-12-04,23.3625,18.7,27.0,41.833333333333336,0.0,9.995833333333334,1017.3166666666666,0.4583333333333333
Dubai Motor City,2024-12-05,22.97083333333333,17.9,27.0,47.833333333333336,0.0,8.933333333333334,1017.5375,0.20833333333333334
Dubai Motor City,2024-12-06,23.75,18.7,28.0,61.541666666666664,0.0,8.525,1017.7874999999999,0.5416666666666666
Dubai Motor City,2024-12-07,25.27916666666667,22.0,29.7,61.333333333333336,0.0,9.970833333333333,1017.4791666666666,1.0833333333333333
Dubai Motor City,2024-12-08,24.791666666666668,19.9,29.8,45.0,0.0,11.833333333333334,1019.3458333333333,0.08333333333333333
Dubai Motor City,2024-12-09,23.616666666666664,17.8,28.6,44.583333333333336,0.0,10.566666666666666,1018.4958333333334,0.5416666666666666
Dubai Motor City,2024-12-10,23.59166666666667,19.0,27.3,56.458333333333336,0.0,9.679166666666667,1016.9125,2.0416666666666665
Dubai Motor City,2024-12-11,24.066666666666666,20.4,28.5,54.583333333333336,0.0,13.379166666666668,1017.9666666666667,1.75
Dubai Motor City,2024-12-12,23.837500000000002,19.5,28.8,47.625,0.0,10.683333333333332,1018.0291666666667,0.5833333333333334
Dubai Motor City,2024-12-13,23.375,19.1,28.0,49.666666666666664,0.0,9.579166666666667,1016.9458333333333,0.75
Dubai Motor City,2024-12-14,23.52916666666667,19.5,27.0,51.416666666666664,0.0,11.883333333333333,1016.7375000000001,1.2916666666666667
Dubai Motor City,2024-12-15,21.95,18.2,25.7,55.125,0.39999999999999997,13.441666666666668,1019.5166666666668,2.4166666666666665
Dubai Motor City,2024-12-16,21.854166666666668,17.7,25.3,51.875,0.0,10.983333333333334,1021.0749999999999,1.5
Dubai Motor City,2024-12-17,21.349999999999998,17.3,24.4,42.833333333333336,0.0,9.049999999999999,1019.4916666666667,0.75
Dubai Motor City,2024-12-18,21.583333333333332,18.7,24.7,51.833333333333336,0.0,13.504166666666668,1016.7958333333332,4.375
Dubai Motor City,2024-12-19,20.775000000000002,17.0,24.7,54.708333333333336,0.0,10.116666666666667,1016.15,3.3333333333333335
Dubai Motor City,2024-12-20,20.8875,15.7,26.0,53.875,0.0,9.0,1016.8166666666666,0.9583333333333334
Dubai Motor City,2024-12-21,20.641666666666666,15.9,25.0,54.208333333333336,0.0,11.008333333333333,1015.2041666666668,1.1666666666666667
Dubai Motor City,2024-12-22,20.395833333333332,16.0,24.3,59.583333333333336,0.0,16.070833333333333,1014.8833333333333,2.0
Dubai Motor City,2024-12-23,20.395833333333332,15.9,25.0,59.833333333333336,0.30000000000000004,10.137500000000001,1016.225,1.6666666666666667
Dubai Motor City,2024-12-24,22.150000000000002,16.7,27.0,58.041666666666664,0.0,9.4125,1017.0416666666666,1.375
Dubai Motor City,2024-12-25,22.09583333333333,17.8,25.7,59.708333333333336,0.0,10.1,1018.2958333333332,1.2083333333333333
Dubai Motor City,2024-12-26,21.829166666666666,17.1,26.2,60.916666666666664,0.30000000000000004,9.383333333333335,1020.6083333333332,0.9583333333333334
Dubai Motor City,2024-12-27,22.520833333333332,18.2,28.0,50.625,0.0,10.195833333333333,1021.3291666666668,0.20833333333333334
Dubai Motor City,2024-12-28,22.191666666666666,16.7,27.7,51.666666666666664,0.0,9.741666666666667,1020.6083333333332,1.0
Dubai Motor City,2024-12-29,21.97083333333333,16.7,26.0,61.166666666666664,0.0,9.466666666666667,1019.5500000000001,2.0833333333333335
Dubai Motor City,2024-12-30,22.795833333333334,19.0,27.3,72.125,0.0,8.608333333333333,1018.0333333333333,2.125
Dubai Motor City,2024-12-31,23.77916666666667,20.2,28.0,64.5,0.0,8.975,1017.0166666666668,3.0833333333333335
Dubai Motor City,2025-01-01,22.608333333333334,19.7,26.4,60.916666666666664,0.0,16.616666666666667,1016.2249999999999,3.7916666666666665
Dubai Motor City,2025-01-02,21.616666666666664,20.3,23.0,41.583333333333336,0.0,28.583333333333332,1018.6541666666667,2.4583333333333335
Dubai Motor City,2025-01-03,19.541666666666668,16.5,22.0,43.458333333333336,0.0,12.591666666666667,1020.5,1.875
Dubai Motor City,2025-01-04,18.591666666666665,13.0,22.7,37.875,0.0,11.1,1021.4833333333332,1.375
Dubai Motor City,2025-01-05,18.954166666666666,13.4,22.7,48.208333333333336,0.0,10.491666666666665,1020.9499999999999,1.5833333333333333
Dubai Motor City,2025-01-06,19.566666666666666,13.9,25.0,49.916666666666664,0.0,12.612499999999999,1019.6583333333333,0.08333333333333333
Dubai Motor City,2025-01-07,20.55,15.3,26.7,50.125,0.0,10.491666666666667,1019.5333333333333,2.625
Dubai Motor City,2025-01-08,20.275000000000002,14.6,25.0,55.291666666666664,0.0,10.620833333333334,1017.4875000000001,2.75
Dubai Motor City,2025-01-09,20.145833333333332,16.7,23.7,68.29166666666667,0.30000000000000004,11.841666666666667,1015.8083333333333,2.0833333333333335
Dubai Motor City,2025-01-10,20.233333333333334,15.2,25.0,62.833333333333336,0.0,10.779166666666667,1017.8541666666666,0.5833333333333334
Dubai Motor City,2025-01-11,21.004166666666666,14.7,27.7,46.708333333333336,0.0,9.808333333333334,1018.8541666666666,0.041666666666666664
Dubai Motor City,2025-01-12,20.912499999999998,13.8,26.3,45.25,0.0,9.029166666666667,1018.5,0.4166666666666667
Dubai Motor City,2025-01-13,21.233333333333334,17.7,24.0,62.541666666666664,0.6,15.35,1018.7041666666668,3.4166666666666665
Dubai Motor City,2025-01-14,20.866666666666667,16.4,23.7,59.875,0.0,13.012500000000001,1019.2166666666667,2.0
Dubai Motor City,2025-01-15,20.587500000000002,15.2,24.7,60.25,0.0,10.6625,1021.0541666666667,0.6666666666666666
Dubai Motor City,2025-01-16,21.0125,16.3,25.0,59.583333333333336,0.0,10.604166666666666,1020.6125000000001,1.4166666666666667
Dubai Motor City,2025-01-17,19.945833333333333,16.7,23.1,68.58333333333333,0.0,12.179166666666667,1017.5833333333334,1.3333333333333333
Dubai Motor City,2025-01-18,19.833333333333332,16.4,23.3,56.625,0.7,19.204166666666666,1014.3916666666668,2.7916666666666665
Dubai Motor City,2025-01-19,20.266666666666666,15.5,23.0,49.875,0.0,17.070833333333333,1015.6666666666666,3.25
Dubai Motor City,2025-01-20,19.391666666666666,15.1,22.7,52.5,0.0,13.516666666666666,1017.3000000000001,2.2083333333333335
Dubai Motor City,2025-01-21,19.670833333333334,14.7,23.1,50.125,0.0,22.599999999999998,1017.3916666666668,1.7916666666666667
Dubai Motor City,2025-01-22,20.633333333333333,15.0,24.7,41.666666666666664,0.0,15.620833333333332,1019.6583333333333,1.0833333333333333
Dubai Motor City,2025-01-23,19.695833333333333,14.4,25.0,39.0,0.0,13.391666666666666,1021.2166666666667,0.4166666666666667
Dubai Motor City,2025-01-24,19.9375,14.0,26.3,37.75,0.0,12.320833333333333,1018.2375000000001,0.20833333333333334
Dubai Motor City,2025-01-25,19.616666666666667,13.9,24.0,43.75,0.0,8.416666666666666,1017.5458333333332,0.08333333333333333
Dubai Motor City,2025-01-26,20.370833333333334,14.7,25.0,54.083333333333336,0.0,9.525,1016.9125,0.2916666666666667
Dubai Motor City,2025-01-27,20.8875,14.7,26.2,60.0,0.0,9.491666666666667,1015.0875,1.5416666666666667
Dubai Motor City,2025-01-28,21.825,18.1,25.0,66.5,0.0,16.133333333333333,1015.0458333333332,1.8333333333333333
Dubai Motor City,2025-01-29,21.1875,16.7,23.7,57.583333333333336,0.0,14.729166666666666,1017.7166666666667,0.9583333333333334
Dubai Motor City,2025-01-30,20.108333333333334,15.1,24.0,59.125,0.0,11.450000000000001,1018.1541666666667,1.125
Dubai Motor City,2025-01-31,21.108333333333334,19.7,23.0,44.875,0.0,13.916666666666666,1016.8874999999999,2.25
Dubai Motor City,2025-02-01,20.091666666666665,14.3,24.7,46.666666666666664,0.0,9.970833333333333,1016.8125,0.3333333333333333
Dubai Motor City,2025-02-02,19.629166666666666,15.7,23.0,49.958333333333336,0.30000000000000004,16.016666666666666,1016.7958333333332,1.875
Dubai Motor City,2025-02-03,20.329166666666666,15.9,23.0,43.625,0.0,13.404166666666667,1017.5375,2.75
Dubai Motor City,2025-02-04,19.483333333333334,14.7,23.3,51.791666666666664,0.0,11.454166666666666,1019.0541666666667,0.625
Dubai Motor City,2025-02-05,19.266666666666666,13.6,25.0,57.125,0.0,9.195833333333333,1017.0791666666668,0.9166666666666666
Dubai Motor City,2025-02-06,21.8,15.7,29.0,54.875,0.0,13.104166666666666,1014.3666666666667,2.125
Dubai Motor City,2025-02-07,23.145833333333332,20.2,28.3,59.791666666666664,0.0,15.470833333333333,1013.65,4.333333333333333
Dubai Motor City,2025-02-08,23.395833333333332,21.2,29.0,63.666666666666664,0.0,19.845833333333335,1012.8416666666667,2.5833333333333335
Dubai Motor City,2025-02-09,21.679166666666664,20.7,23.9,58.0,0.0,16.808333333333334,1014.3291666666668,4.666666666666667
Dubai Motor City,2025-02-10,20.162499999999998,17.2,22.7,55.375,0.0,13.679166666666667,1016.7708333333334,2.7916666666666665
Dubai Motor City,2025-02-11,20.520833333333332,15.0,25.3,55.125,0.0,9.833333333333334,1017.8166666666666,1.5833333333333333
Dubai Motor City,2025-02-12,23.958333333333332,18.2,32.0,49.083333333333336,0.0,11.166666666666666,1016.5208333333334,3.2083333333333335
Dubai Motor City,2025-02-13,26.2375,21.0,32.0,36.666666666666664,0.0,13.354166666666666,1016.0124999999999,4.666666666666667
Dubai Motor City,2025-02-14,25.666666666666668,23.0,30.0,51.375,0.0,14.116666666666667,1016.5333333333333,5.625
Dubai Motor City,2025-02-15,22.912499999999998,20.3,26.0,70.875,0.0,12.275,1015.2791666666667,4.25
Dubai Motor City,2025-02-16,24.1125,21.7,26.1,60.541666666666664,1.9,11.483333333333334,1014.3541666666666,5.083333333333333
Dubai Motor City,2025-02-17,25.78333333333333,22.5,32.0,52.375,2.3,15.129166666666668,1013.9124999999999,4.833333333333333
Dubai Motor City,2025-02-18,23.825,21.5,27.0,59.0,2.2,10.041666666666666,1015.2208333333333,4.458333333333333
Dubai Motor City,2025-02-19,23.0,20.5,26.0,59.458333333333336,0.0,10.808333333333335,1014.8333333333334,2.9166666666666665
Dubai Motor City,2025-02-20,22.95,18.9,27.7,54.625,0.7,10.541666666666666,1011.8499999999999,3.5416666666666665
Dubai Motor City,2025-02-21,25.541666666666668,22.7,30.3,48.625,1.7,11.987499999999999,1013.3499999999999,2.3333333333333335
Dubai Motor City,2025-02-22,23.7375,19.7,28.0,59.875,0.0,8.808333333333334,1015.2708333333334,1.125
Dubai Motor City,2025-02-23,26.233333333333334,19.6,35.3,48.833333333333336,0.0,12.766666666666666,1012.4291666666667,2.5
Dubai Motor City,2025-02-24,25.175,23.7,27.3,65.0,0.0,12.445833333333333,1012.2833333333333,4.416666666666667
Dubai Motor City,2025-02-25,22.25,19.7,23.7,60.75,0.3,21.40833333333333,1016.4875000000001,6.5
Dubai Motor City,2025-02-26,20.0,16.7,22.0,55.125,0.0,13.262500000000001,1019.1291666666666,5.208333333333333
Dubai Motor City,2025-02-27,20.841666666666665,20.0,22.0,54.625,0.0,19.883333333333333,1018.2333333333332,6.583333333333333
Dubai Motor City,2025-02-28,20.8625,19.0,23.0,50.541666666666664,0.0,19.8125,1016.5416666666666,3.2083333333333335
Dubai Motor City,2025-03-01,20.170833333333334,16.0,23.7,56.666666666666664,0.0,12.549999999999999,1015.2624999999999,2.5416666666666665
Dubai Motor City,2025-03-02,20.900000000000002,17.6,24.0,55.291666666666664,0.0,16.412499999999998,1014.9458333333333,2.375
Dubai Motor City,2025-03-03,21.241666666666667,17.7,24.0,41.625,0.0,13.637500000000001,1017.475,0.625
Dubai Motor City,2025-03-04,23.03333333333333,16.2,29.7,38.791666666666664,0.0,18.179166666666667,1017.0666666666666,2.0833333333333335
Dubai Motor City,2025-03-05,24.816666666666666,21.7,31.0,42.458333333333336,0.0,18.583333333333332,1016.9250000000001,4.083333333333333
Dubai Motor City,2025-03-06,25.675,20.7,31.0,36.416666666666664,0.0,12.116666666666667,1016.1750000000001,1.5833333333333333
Dubai Motor City,2025-03-07,28.458333333333332,22.5,33.7,25.458333333333332,0.0,11.604166666666666,1013.3125,1.5833333333333333
Dubai Motor City,2025-03-08,29.1125,24.7,36.0,20.5,0.0,12.808333333333332,1009.6333333333333,2.0416666666666665
Dubai Motor City,2025-03-09,27.59583333333333,24.2,31.7,31.916666666666668,0.0,15.637500000000001,1010.4541666666665,4.416666666666667
Dubai Motor City,2025-03-10,26.875,23.8,30.8,48.458333333333336,0.7,12.729166666666666,1012.6958333333333,5.25
Dubai Motor City,2025-03-11,28.545833333333334,25.2,35.7,39.166666666666664,0.1,9.8375,1013.0500000000001,4.791666666666667
Dubai Motor City,2025-03-12,28.008333333333336,25.0,31.4,40.458333333333336,0.0,10.799999999999999,1013.5416666666666,5.041666666666667
Dubai Motor City,2025-03-13,24.77916666666667,22.0,27.5,58.916666666666664,0.0,14.516666666666666,1013.6666666666666,3.625
Dubai Motor City,2025-03-14,23.195833333333336,18.2,27.2,68.20833333333333,0.0,10.758333333333333,1013.7958333333332,0.4583333333333333
Dubai Motor City,2025-03-15,24.825,19.1,30.7,60.291666666666664,0.0,11.929166666666667,1014.1999999999999,0.7916666666666666
Dubai Motor City,2025-03-16,25.929166666666664,19.7,33.0,50.875,0.0,12.229166666666666,1015.2291666666666,2.0416666666666665
Dubai Motor City,2025-03-17,25.008333333333336,23.5,28.8,61.25,0.0,10.862499999999999,1014.6041666666666,3.2916666666666665
Dubai Motor City,2025-03-18,23.270833333333332,17.5,28.7,65.75,0.0,12.916666666666666,1013.6374999999999,1.2083333333333333
Dubai Motor City,2025-03-19,24.150000000000002,18.7,29.4,52.0,0.0,11.2125,1013.4958333333334,0.5833333333333334
Dubai Motor City,2025-03-20,26.204166666666666,18.7,32.1,44.166666666666664,0.0,9.083333333333334,1013.9041666666667,1.0833333333333333
Dubai Motor City,2025-03-21,28.15833333333333,21.5,36.7,33.125,0.0,13.0,1014.65,1.375
Dubai Motor City,2025-03-22,29.666666666666668,24.7,35.0,21.083333333333332,0.0,15.641666666666666,1013.7041666666665,1.4166666666666667
Dubai Motor City,2025-03-23,28.983333333333334,25.4,35.0,31.875,0.0,13.837499999999999,1013.2291666666666,4.166666666666667
Dubai Motor City,2025-03-24,24.941666666666666,21.7,27.0,61.083333333333336,0.0,19.041666666666668,1015.3708333333333,2.9166666666666665
Dubai Motor City,2025-03-25,22.008333333333336,20.7,24.7,53.666666666666664,0.0,25.599999999999998,1014.5708333333333,2.5
Dubai Motor City,2025-03-26,22.045833333333334,17.4,26.0,57.541666666666664,0.0,15.375,1012.6583333333333,1.375
Dubai Motor City,2025-03-27,23.333333333333332,18.0,29.0,60.541666666666664,0.0,12.366666666666667,1013.4333333333334,0.75
Dubai Motor City,2025-03-28,25.079166666666666,20.0,29.3,55.375,0.0,10.829166666666666,1013.2624999999999,2.5
Dubai Motor City,2025-03-29,26.724999999999998,20.7,32.3,37.916666666666664,0.0,12.6875,1012.6125000000001,0.625
Dubai Motor City,2025-03-30,27.53333333333333,21.6,33.4,37.708333333333336,0.0,10.295833333333333,1012.4625,0.625
Dubai Motor City,2025-03-31,28.52916666666667,23.5,35.2,27.875,0.0,10.608333333333333,1012.5500000000001,0.7916666666666666
Dubai Motor City,2025-04-01,28.191666666666666,23.1,34.3,32.791666666666664,0.0,11.741666666666667,1011.4958333333334,1.25
Dubai Motor City,2025-04-02,27.53333333333333,22.2,32.3,38.958333333333336,0.0,9.483333333333333,1010.2291666666666,0.5416666666666666
Dubai Motor City,2025-04-03,28.675,22.5,38.4,42.5,0.0,11.020833333333334,1010.1208333333334,0.75
Dubai Motor City,2025-04-04,31.695833333333336,24.7,39.3,23.708333333333332,0.0,11.508333333333333,1010.7291666666666,0.75
Dubai Motor City,2025-04-05,32.083333333333336,26.5,39.9,17.833333333333332,0.0,12.954166666666666,1011.2291666666666,0.75
Dubai Motor City,2025-04-06,31.695833333333336,25.2,40.0,21.5,0.0,11.525,1011.0083333333333,1.2916666666666667
Dubai Motor City,2025-04-07,31.5,25.2,39.0,26.75,0.0,12.091666666666667,1011.0833333333334,2.8333333333333335
Dubai Motor City,2025-04-08,31.041666666666668,24.2,36.5,32.0,0.0,12.408333333333333,1010.2291666666666,2.3333333333333335
Dubai Motor City,2025-04-09,28.6125,24.0,32.4,52.041666666666664,0.0,13.583333333333334,1009.1666666666666,0.125
Dubai Motor City,2025-04-10,28.170833333333334,23.4,32.7,56.083333333333336,0.0,11.466666666666667,1006.4333333333333,0.4166666666666667
Dubai Motor City,2025-04-11,29.395833333333332,23.2,36.7,51.208333333333336,0.0,11.570833333333333,1003.6791666666667,0.3333333333333333
Dubai Motor City,2025-04-12,32.516666666666666,26.5,39.3,27.875,0.0,10.745833333333332,1003.9,0.4166666666666667
Dubai Motor City,2025-04-13,34.87916666666667,29.5,40.0,20.583333333333332,0.0,13.958333333333334,1006.8375,0.20833333333333334
Dubai Motor City,2025-04-14,34.12916666666667,29.0,41.0,26.166666666666668,0.0,11.879166666666668,1008.2583333333333,1.2083333333333333
Dubai Motor City,2025-04-15,33.545833333333334,29.7,41.0,30.333333333333332,0.0,13.720833333333333,1008.2166666666667,2.9166666666666665
Dubai Motor City,2025-04-16,30.108333333333334,26.0,35.3,52.166666666666664,0.0,14.720833333333333,1009.2291666666666,0.0
Dubai Motor City,2025-04-17,27.666666666666668,23.7,31.4,51.5,0.0,17.841666666666665,1009.4291666666667,0.25
Dubai Motor City,2025-04-18,27.041666666666668,25.7,29.0,53.125,0.0,20.108333333333334,1009.375,0.5416666666666666
Dubai Motor City,2025-04-19,26.316666666666666,22.7,30.0,55.25,0.0,15.779166666666667,1009.6791666666667,1.2916666666666667
Dubai Motor City,2025-04-20,26.495833333333334,22.3,30.2,55.25,0.0,12.629166666666668,1010.0416666666666,0.8333333333333334
Dubai Motor City,2025-04-21,28.166666666666668,23.0,35.2,54.958333333333336,0.0,10.987499999999999,1011.6541666666667,0.5416666666666666
Dubai Motor City,2025-04-22,29.90416666666667,23.4,35.7,42.166666666666664,0.0,9.6875,1012.7083333333334,0.375
Dubai Motor City,2025-04-23,33.112500000000004,26.0,38.0,25.333333333333332,0.0,9.5,1010.3583333333332,0.4583333333333333
Dubai Motor City,2025-04-24,30.05,26.6,35.0,43.125,0.0,10.995833333333332,1007.0083333333333,0.3333333333333333
Dubai Motor City,2025-04-25,29.974999999999998,24.0,37.5,52.291666666666664,0.0,11.5875,1006.7624999999999,0.5416666666666666
Dubai Motor City,2025-04-26,33.079166666666666,25.7,42.3,34.25,0.0,10.029166666666667,1006.4625,3.2083333333333335
Dubai Motor City,2025-04-27,35.86666666666667,28.5,43.7,21.5,0.0,10.829166666666667,1006.8458333333333,3.7083333333333335
Dubai Motor City,2025-04-28,36.19166666666667,30.5,43.1,16.166666666666668,0.0,11.883333333333333,1005.8125,3.3333333333333335
Dubai Motor City,2025-04-29,35.916666666666664,29.5,43.7,19.0,0.0,11.708333333333334,1004.4166666666666,0.6666666666666666
Dubai Motor City,2025-04-30,34.97083333333333,29.2,41.8,26.708333333333332,0.0,12.741666666666667,1005.3291666666665,0.4583333333333333
Dubai Motor City,2025-05-01,34.52916666666667,29.2,40.7,25.875,0.0,11.879166666666668,1006.5208333333334,0.5416666666666666
Dubai Motor City,2025-05-02,34.05833333333333,27.2,40.3,33.208333333333336,0.0,10.025,1006.5,0.125
Dubai Motor City,2025-05-03,33.916666666666664,28.7,38.5,33.208333333333336,0.0,14.070833333333333,1005.0749999999999,1.3333333333333333
Dubai Motor City,2025-05-04,35.083333333333336,29.2,42.0,24.208333333333332,0.0,14.049999999999999,1003.7833333333333,1.125
Dubai Motor City,2025-05-05,35.5625,29.5,41.3,22.208333333333332,0.0,12.987499999999999,1003.3541666666666,0.75
Dubai Motor City,2025-05-06,33.86666666666667,29.7,38.1,35.833333333333336,0.0,17.891666666666666,1003.6875,0.0
Dubai Motor City,2025-05-07,30.958333333333332,28.0,33.0,45.916666666666664,0.0,20.970833333333335,1004.9208333333332,0.3333333333333333
Dubai Motor City,2025-05-08,28.412499999999998,24.0,32.3,52.25,0.0,19.900000000000002,1004.3791666666666,0.5
Dubai Motor City,2025-05-09,29.079166666666666,24.0,36.2,56.625,0.0,12.5875,1006.0041666666666,0.5
Dubai Motor City,2025-05-10,30.329166666666666,25.5,34.5,63.583333333333336,0.0,11.808333333333332,1006.9583333333334,0.16666666666666666
Dubai Motor City,2025-05-11,32.62083333333333,27.7,38.0,46.791666666666664,0.0,12.012500000000001,1005.9666666666667,0.375
Dubai Motor City,2025-05-12,34.65833333333333,29.7,40.5,32.291666666666664,0.0,10.795833333333334,1004.1916666666666,0.8333333333333334
Dubai Motor City,2025-05-13,35.354166666666664,29.5,42.0,27.041666666666668,0.0,12.041666666666666,1004.1208333333333,0.4166666666666667
Dubai Motor City,2025-05-14,35.112500000000004,29.7,40.7,30.541666666666668,0.0,14.2125,1005.0999999999999,0.25
Dubai Motor City,2025-05-15,35.645833333333336,29.5,41.0,26.083333333333332,0.0,14.429166666666667,1006.4208333333332,0.16666666666666666
Dubai Motor City,2025-05-16,33.733333333333334,29.5,39.0,32.916666666666664,0.0,12.166666666666666,1005.6791666666667,0.2916666666666667
Dubai Motor City,2025-05-17,31.320833333333336,27.0,35.5,60.166666666666664,0.0,16.516666666666666,1004.2958333333332,0.25
Dubai Motor City,2025-05-18,30.8625,26.0,35.7,52.333333333333336,0.0,12.424999999999999,1004.5583333333333,0.20833333333333334
Dubai Motor City,2025-05-19,31.941666666666666,27.0,36.0,56.083333333333336,0.0,10.799999999999999,1002.6999999999999,0.2916666666666667
Dubai Motor City,2025-05-20,33.525,28.7,38.0,55.541666666666664,0.0,10.545833333333333,1001.7083333333334,0.16666666666666666
Dubai Motor City,2025-05-21,34.37916666666667,28.7,41.2,47.125,0.0,10.554166666666667,1001.025,0.0
Dubai Motor City,2025-05-22,35.42916666666667,28.5,43.7,46.875,0.0,11.4625,999.9833333333332,0.125
Dubai Motor City,2025-05-23,37.291666666666664,31.2,44.5,27.208333333333332,0.0,10.924999999999999,997.5583333333333,0.16666666666666666
Dubai Motor City,2025-05-24,37.97083333333333,31.2,46.5,24.5,0.0,11.375,996.6666666666666,0.2916666666666667
Dubai Motor City,2025-05-25,36.2875,30.9,44.2,35.416666666666664,0.0,13.424999999999999,997.8249999999999,0.375
Dubai Motor City,2025-05-26,36.9625,30.0,45.2,37.666666666666664,0.0,14.716666666666667,1000.1166666666667,0.16666666666666666
Dubai Motor City,2025-05-27,34.354166666666664,30.5,37.3,41.958333333333336,0.0,14.741666666666667,1000.1125000000001,0.0
Dubai Motor City,2025-05-28,33.56666666666667,28.9,37.7,48.958333333333336,0.0,13.662500000000001,999.6541666666667,0.041666666666666664
Dubai Motor City,2025-05-29,35.516666666666666,29.7,43.0,43.0,0.0,11.845833333333333,999.0749999999999,0.041666666666666664
Dubai Motor City,2025-05-30,35.333333333333336,30.7,40.3,40.333333333333336,0.0,12.512500000000001,998.8791666666666,0.041666666666666664
Dubai Motor City,2025-05-31,34.09583333333333,29.0,39.3,51.0,0.0,15.220833333333333,1000.5833333333334,0.0
Dubai Motor City,2025-06-01,32.475,27.7,37.0,52.25,0.0,12.258333333333333,1002.225,0.20833333333333334
Dubai Motor City,2025-06-02,34.454166666666666,29.0,40.0,46.708333333333336,0.0,10.891666666666666,1000.2624999999999,0.25
Dubai Motor City,2025-06-03,32.9,27.7,38.5,60.875,0.0,12.233333333333334,998.7125,0.0
Dubai Motor City,2025-06-04,32.041666666666664,28.0,37.0,64.375,0.0,15.941666666666668,999.6166666666667,0.20833333333333334
Dubai Motor City,2025-06-05,31.833333333333332,27.0,38.9,57.041666666666664,0.0,14.862499999999999,1002.1458333333334,0.0
Dubai Motor City,2025-06-06,31.245833333333334,26.7,36.5,57.041666666666664,0.0,14.670833333333334,1005.0166666666665,0.5
Dubai Motor City,2025-06-07,32.020833333333336,27.2,36.0,64.25,0.0,14.095833333333333,1005.4083333333333,0.5416666666666666
Dubai Motor City,2025-06-08,33.262499999999996,30.5,38.0,64.20833333333333,0.0,13.674999999999999,1004.75,0.3333333333333333
Dubai Motor City,2025-06-09,35.550000000000004,30.5,40.0,46.166666666666664,0.1,14.137500000000001,1004.5833333333334,0.4166666666666667
Dubai Motor City,2025-06-10,37.1,31.0,42.7,37.25,0.0,12.5875,1002.6999999999999,0.0
Dubai Motor City,2025-06-11,36.958333333333336,32.0,42.0,31.5,0.0,12.754166666666668,1002.1041666666666,0.0
Dubai Motor City,2025-06-12,37.487500000000004,32.5,44.2,32.125,0.0,11.616666666666667,1001.5166666666665,0.0
Dubai Motor City,2025-06-13,37.141666666666666,32.7,43.3,36.75,0.0,11.725,1000.8208333333333,0.041666666666666664
Dubai Motor City,2025-06-14,36.954166666666666,31.7,44.3,36.75,0.0,12.666666666666666,999.8083333333333,0.0
Dubai Motor City,2025-06-15,35.795833333333334,32.2,39.2,32.916666666666664,0.0,11.525,996.9708333333333,0.041666666666666664
Dubai Motor City,2025-06-16,36.46666666666667,32.0,40.4,41.291666666666664,0.0,12.254166666666668,994.9375,0.0
Dubai Motor City,2025-06-17,37.65833333333334,31.2,44.3,39.791666666666664,0.0,12.170833333333334,995.2708333333334,0.0
Dubai Motor City,2025-06-18,36.020833333333336,30.3,42.3,41.875,0.0,12.845833333333333,996.4833333333332,0.0
Dubai Motor City,2025-06-19,34.954166666666666,30.3,41.0,60.333333333333336,0.0,13.8375,996.7624999999999,0.0
Dubai Motor City,2025-06-20,34.78333333333333,30.0,42.0,58.083333333333336,0.0,13.533333333333333,997.1166666666667,0.625
Dubai Motor City,2025-06-21,34.82083333333333,29.6,41.7,59.708333333333336,0.0,11.379166666666668,998.0333333333333,0.375
Dubai Motor City,2025-06-22,34.96666666666667,30.0,41.3,53.416666666666664,0.0,10.708333333333334,997.7458333333333,0.125
Dubai Motor City,2025-06-23,34.6625,29.7,39.5,53.958333333333336,0.0,14.654166666666667,996.2208333333333,0.4166666666666667
Dubai Motor City,2025-06-24,35.125,30.0,41.5,41.666666666666664,0.0,16.120833333333334,994.975,0.20833333333333334
Dubai Motor City,2025-06-25,34.762499999999996,30.7,40.3,43.0,0.0,14.35,994.1416666666668,0.5833333333333334
Dubai Motor City,2025-06-26,34.512499999999996,30.0,38.3,60.375,0.0,12.629166666666668,995.3666666666667,0.041666666666666664
Dubai Motor City,2025-06-27,36.44166666666667,32.7,43.0,45.333333333333336,0.0,12.375,994.8874999999999,0.5416666666666666
Dubai Motor City,2025-06-28,36.35,33.2,41.3,51.333333333333336,0.0,11.683333333333332,994.1291666666666,1.2083333333333333
Dubai Motor City,2025-06-29,35.266666666666666,33.0,38.5,56.0,0.0,11.220833333333333,993.1291666666666,2.0
Dubai Motor City,2025-06-30,34.237500000000004,30.8,38.0,59.833333333333336,0.0,11.316666666666668,993.3249999999999,1.375
Dubai Motor City,2025-07-01,35.9125,30.2,41.0,49.5,0.0,10.329166666666667,994.15,0.5416666666666666
Dubai Motor City,2025-07-02,34.975,31.0,38.8,54.333333333333336,0.0,11.783333333333333,994.8041666666667,0.08333333333333333
Dubai Motor City,2025-07-03,34.479166666666664,31.0,39.7,64.25,0.0,13.583333333333334,994.9541666666668,0.5416666666666666
Dubai Motor City,2025-07-04,34.42916666666667,30.7,39.3,65.58333333333333,0.0,13.487499999999999,995.5875,0.9166666666666666
Dubai Motor City,2025-07-05,34.75,32.3,38.0,64.0,0.0,11.7125,995.8083333333333,0.625
Dubai Motor City,2025-07-06,33.770833333333336,30.9,38.3,60.041666666666664,0.0,17.2625,995.2583333333333,1.0
Dubai Motor City,2025-07-07,33.44166666666667,29.0,37.0,51.291666666666664,0.0,16.291666666666668,995.7666666666665,0.4166666666666667
Dubai Motor City,2025-07-08,33.99583333333333,30.0,38.3,47.416666666666664,0.0,12.408333333333333,996.4416666666666,0.20833333333333334
Dubai Motor City,2025-07-09,34.512499999999996,30.0,38.0,40.333333333333336,0.0,10.0,996.5875,0.2916666666666667
Dubai Motor City,2025-07-10,35.4,30.7,39.5,33.208333333333336,0.0,10.141666666666667,996.5625,0.4583333333333333
Dubai Motor City,2025-07-11,36.9375,32.0,43.0,42.291666666666664,0.0,15.079166666666666,997.0458333333332,0.16666666666666666
Dubai Motor City,2025-07-12,37.358333333333334,32.7,42.3,42.0,0.0,17.129166666666666,998.4499999999999,3.0833333333333335
Dubai Motor City,2025-07-13,38.05416666666667,31.4,46.0,38.208333333333336,0.0,15.549999999999999,998.7333333333332,0.3333333333333333
Dubai Motor City,2025-07-14,39.5875,33.3,46.2,28.458333333333332,0.0,15.9375,997.1291666666666,0.5833333333333334
Dubai Motor City,2025-07-15,39.71666666666667,33.8,45.7,25.625,0.0,14.462499999999999,996.1583333333333,0.625
Dubai Motor City,2025-07-16,38.333333333333336,33.2,45.0,31.708333333333332,0.0,14.616666666666667,996.7541666666666,0.5
Dubai Motor City,2025-07-17,37.52916666666667,31.0,43.1,32.458333333333336,0.0,13.333333333333334,997.2333333333332,0.16666666666666666
Dubai Motor City,2025-07-18,38.94583333333333,32.7,45.7,35.166666666666664,0.0,16.7375,997.1374999999999,0.6666666666666666
Dubai Motor City,2025-07-19,38.387499999999996,32.9,44.8,39.041666666666664,0.0,15.879166666666668,995.9416666666666,0.125
Dubai Motor City,2025-07-20,36.68333333333333,31.3,41.6,52.125,0.0,12.025,994.0666666666666,1.7083333333333333
Dubai Motor City,2025-07-21,38.8375,31.9,46.2,40.916666666666664,0.0,15.5625,994.5041666666666,1.2916666666666667
Dubai Motor City,2025-07-22,38.579166666666666,31.4,46.0,42.75,0.0,17.966666666666665,995.4875000000001,3.5
Dubai Motor City,2025-07-23,35.791666666666664,31.7,41.6,57.791666666666664,0.0,11.9125,993.8791666666666,4.541666666666667
Dubai Motor City,2025-07-24,35.4125,29.7,41.3,62.25,0.0,12.641666666666666,991.8583333333332,0.0
Dubai Motor City,2025-07-25,38.237500000000004,31.6,45.2,45.666666666666664,0.0,20.770833333333332,992.0041666666666,0.5416666666666666
Dubai Motor City,2025-07-26,38.59583333333333,32.1,45.8,39.708333333333336,0.0,17.85,994.275,1.0416666666666667
Dubai Motor City,2025-07-27,38.887499999999996,32.4,45.9,34.291666666666664,0.0,15.141666666666666,995.3208333333333,2.875
Dubai Motor City,2025-07-28,38.38333333333333,31.8,46.6,38.125,0.0,14.995833333333332,995.9458333333333,2.0
Dubai Motor City,2025-07-29,38.0625,32.4,46.1,35.0,0.0,16.354166666666668,996.8583333333332,0.375
Dubai Motor City,2025-07-30,36.541666666666664,31.3,42.5,43.166666666666664,0.0,14.825000000000001,996.125,0.7083333333333334
Dubai Motor City,2025-07-31,38.17916666666667,31.5,45.7,38.458333333333336,0.0,12.795833333333334,993.7583333333333,3.9166666666666665
Dubai Motor City,2025-08-01,39.15416666666667,33.4,46.3,35.5,0.0,23.75,994.6374999999999,3.5
Dubai Motor City,2025-08-02,38.25416666666667,30.7,44.9,42.166666666666664,0.0,18.629166666666666,996.9083333333333,1.5
Dubai Motor City,2025-08-03,38.30833333333333,31.8,44.1,39.0,0.0,17.933333333333334,997.775,3.0416666666666665
Dubai Motor City,2025-08-04,37.69166666666667,32.1,43.6,42.208333333333336,0.0,19.395833333333332,999.2916666666666,0.20833333333333334
Dubai Motor City,2025-08-05,37.5875,33.5,42.7,37.666666666666664,0.0,17.316666666666666,999.7333333333332,0.9166666666666666
Dubai Motor City,2025-08-06,37.90416666666667,33.4,43.8,36.375,0.0,16.929166666666667,999.2708333333334,0.5416666666666666
Dubai Motor City,2025-08-07,37.737500000000004,33.1,43.0,37.791666666666664,0.0,17.479166666666668,999.5291666666667,0.5833333333333334
Dubai Motor City,2025-08-08,37.170833333333334,31.8,42.6,43.166666666666664,0.0,18.454166666666666,1000.5666666666666,0.041666666666666664
Dubai Motor City,2025-08-09,37.520833333333336,34.0,42.7,37.291666666666664,0.0,16.866666666666667,1002.4791666666666,0.875
Dubai Motor City,2025-08-10,37.550000000000004,32.4,43.1,37.083333333333336,0.0,16.958333333333332,1001.8000000000001,3.0833333333333335
Dubai Motor City,2025-08-11,37.43333333333333,34.4,42.6,35.208333333333336,0.0,18.770833333333332,1001.8125,1.0
Dubai Motor City,2025-08-12,36.63333333333333,32.2,42.5,36.333333333333336,0.0,16.216666666666665,1001.4583333333334,0.0
Dubai Motor City,2025-08-13,35.87916666666667,30.7,41.5,44.958333333333336,0.0,14.316666666666668,999.1833333333334,0.6666666666666666
Dubai Motor City,2025-08-14,36.449999999999996,30.3,41.7,41.5,0.0,11.166666666666666,997.1,2.9166666666666665
Dubai Motor City,2025-08-15,36.545833333333334,32.1,42.4,47.458333333333336,0.0,30.645833333333332,996.5541666666667,4.333333333333333
Dubai Motor City,2025-08-16,36.72083333333333,30.0,44.7,45.958333333333336,0.0,22.258333333333336,996.8375,2.25
Dubai Motor City,2025-08-17,37.291666666666664,31.3,43.7,40.041666666666664,0.0,16.066666666666666,997.3000000000001,3.0416666666666665
Dubai Motor City,2025-08-18,37.43333333333333,32.6,42.7,38.833333333333336,0.0,14.504166666666668,998.6458333333334,4.75
Dubai Motor City,2025-08-19,37.24583333333333,33.5,42.7,43.583333333333336,0.0,17.1375,998.225,7.083333333333333
Dubai Motor City,2025-08-20,37.37083333333333,32.0,43.5,44.291666666666664,0.0,17.954166666666666,996.9000000000001,2.7083333333333335
Dubai Motor City,2025-08-21,36.74583333333333,32.4,41.9,43.583333333333336,0.0,18.075,999.0958333333333,0.75
Dubai Motor City,2025-08-22,35.641666666666666,31.5,41.0,50.5,0.0,18.341666666666665,999.9583333333334,0.8333333333333334
Dubai Motor City,2025-08-23,35.67916666666667,31.9,41.5,49.791666666666664,0.0,17.2375,998.2708333333334,0.4166666666666667
Dubai Motor City,2025-08-24,34.825,30.1,40.5,54.625,0.0,15.683333333333332,998.6625,0.875
Dubai Motor City,2025-08-25,35.69166666666667,30.1,42.8,36.875,0.0,14.208333333333334,998.7958333333332,1.5
Dubai Motor City,2025-08-26,36.525,30.2,43.4,26.333333333333332,0.0,12.004166666666668,998.8916666666668,2.125
Dubai Motor City,2025-08-27,36.9375,30.5,44.3,43.375,0.0,18.4375,998.6416666666668,0.5416666666666666
Dubai Motor City,2025-08-28,36.925000000000004,30.2,44.1,38.166666666666664,0.0,15.716666666666667,999.6541666666667,0.4583333333333333
Dubai Motor City,2025-08-29,37.47083333333333,31.9,42.7,38.208333333333336,0.0,12.049999999999999,999.5833333333334,0.5833333333333334
Dubai Motor City,2025-08-30,36.275,30.1,43.5,50.708333333333336,0.0,13.304166666666667,1000.6583333333333,2.5833333333333335
Dubai Motor City,2025-08-31,36.987500000000004,30.7,43.7,36.333333333333336,0.0,12.012500000000001,1000.3791666666666,4.291666666666667
Dubai Motor City,2025-09-01,34.987500000000004,30.0,42.5,53.416666666666664,0.0,14.029166666666667,997.9666666666667,2.2916666666666665
Dubai Motor City,2025-09-02,33.77916666666666,28.8,40.3,66.91666666666667,0.0,12.758333333333333,997.5749999999999,0.25
Dubai Motor City,2025-09-03,34.458333333333336,28.7,42.4,57.916666666666664,0.0,13.299999999999999,999.1666666666666,0.125
Dubai Motor City,2025-09-04,35.6875,29.6,43.1,48.0,0.0,19.920833333333334,1000.4375,0.3333333333333333
Dubai Motor City,2025-09-05,36.708333333333336,31.6,42.5,42.291666666666664,0.0,13.320833333333333,1002.4666666666667,0.4166666666666667
Dubai Motor City,2025-09-06,37.12083333333333,32.1,42.2,40.958333333333336,0.0,13.625,1002.9541666666665,1.0833333333333333
Dubai Motor City,2025-09-07,34.958333333333336,30.4,38.4,57.833333333333336,0.0,12.112499999999999,1001.4791666666666,1.0
Dubai Motor City,2025-09-08,34.50833333333333,29.5,39.3,65.5,0.0,11.6,999.5999999999999,0.9166666666666666
Dubai Motor City,2025-09-09,35.86666666666667,29.9,42.7,60.5,0.0,12.674999999999999,1000.5291666666667,1.4583333333333333
Dubai Motor City,2025-09-10,35.3375,29.1,42.5,45.833333333333336,0.0,11.591666666666667,1001.5166666666665,2.2916666666666665
Dubai Motor City,2025-09-11,35.329166666666666,30.2,41.0,47.416666666666664,0.0,17.229166666666668,1001.5625,0.5
Dubai Motor City,2025-09-12,34.49583333333333,30.2,40.2,52.375,0.0,20.704166666666666,1002.6833333333334,1.2083333333333333
Dubai Motor City,2025-09-13,33.541666666666664,29.3,39.9,55.875,0.0,24.55,1003.8874999999999,0.3333333333333333
Dubai Motor City,2025-09-14,32.56666666666667,28.8,38.2,56.458333333333336,0.0,21.5625,1005.4833333333332,0.041666666666666664
Dubai Motor City,2025-09-15,32.69583333333333,28.9,37.9,53.333333333333336,0.0,17.241666666666667,1005.6458333333334,0.0
Dubai Motor City,2025-09-16,33.4375,29.6,39.3,64.75,0.0,12.279166666666667,1004.4708333333333,0.5
Dubai Motor City,2025-09-17,33.9,29.5,40.7,64.70833333333333,0.0,11.416666666666666,1004.1875,2.5
Dubai Motor City,2025-09-18,33.704166666666666,28.4,40.9,61.291666666666664,0.0,11.395833333333334,1003.8666666666667,5.5
Dubai Motor City,2025-09-19,32.84583333333333,26.6,39.0,56.875,0.0,10.1875,1003.5166666666668,2.625
Dubai Motor City,2025-09-20,34.12916666666667,28.2,41.4,54.625,0.0,16.458333333333332,1002.8458333333333,0.041666666666666664
Dubai Motor City,2025-09-21,34.520833333333336,28.9,40.8,48.916666666666664,0.0,15.141666666666666,1003.725,2.8333333333333335
Dubai Motor City,2025-09-22,33.916666666666664,29.0,40.0,53.708333333333336,0.0,13.166666666666666,1005.1541666666667,0.041666666666666664
Dubai Motor City,2025-09-23,32.574999999999996,27.9,38.5,66.5,0.0,9.9375,1005.5875,0.0
Dubai Motor City,2025-09-24,32.44583333333333,28.0,38.5,62.125,0.0,19.395833333333332,1003.5208333333334,0.0
Dubai Motor City,2025-09-25,31.887500000000003,27.6,38.2,57.75,0.0,13.245833333333332,1002.7791666666667,0.125
Dubai Motor City,2025-09-26,32.24166666666667,27.1,38.6,58.916666666666664,0.0,10.304166666666667,1005.2624999999999,0.0
Dubai Motor City,2025-09-27,33.775,28.1,40.0,51.291666666666664,0.0,11.920833333333334,1007.2291666666666,0.041666666666666664
Dubai Motor City,2025-09-28,33.15,28.3,39.8,51.875,0.0,12.341666666666667,1007.5875,0.375
Dubai Motor City,2025-09-29,31.958333333333332,26.5,39.1,64.95833333333333,0.0,14.220833333333333,1004.9291666666667,0.041666666666666664
Dubai Motor City,2025-09-30,32.02916666666667,26.7,40.2,66.875,0.0,11.85,1002.1625,2.2916666666666665
Dubai Motor City,2025-10-01,31.454166666666666,25.7,39.0,72.125,0.0,12.116666666666667,1000.9666666666667,0.75
Dubai Motor City,2025-10-02,31.770833333333332,26.5,38.8,67.25,0.0,11.241666666666667,1003.625,0.4166666666666667
Dubai Motor City,2025-10-03,31.691666666666666,26.3,38.4,62.791666666666664,0.0,10.854166666666666,1007.3333333333334,0.0
Dubai Motor City,2025-10-04,31.09583333333333,26.3,37.1,65.08333333333333,0.0,12.566666666666668,1008.4333333333334,0.0
Dubai Motor City,2025-10-05,30.541666666666668,25.9,36.2,68.91666666666667,0.0,11.691666666666668,1007.0916666666667,0.0
Dubai Motor City,2025-10-06,31.458333333333332,24.9,39.4,60.25,0.0,14.570833333333333,1007.1999999999999,0.0
Dubai Motor City,2025-10-07,31.195833333333336,25.5,38.3,58.25,0.0,12.229166666666666,1008.2458333333334,0.0
Dubai Motor City,2025-10-08,30.733333333333334,25.1,38.0,57.333333333333336,0.0,11.275,1008.9875000000001,0.0
Dubai Motor City,2025-10-09,30.8875,24.8,37.5,56.041666666666664,0.0,12.229166666666666,1010.9250000000001,0.125
Dubai Motor City,2025-10-10,30.8125,25.1,37.4,52.75,0.0,12.6625,1010.4916666666667,0.0
Dubai Motor City,2025-10-11,29.991666666666664,24.9,36.0,59.458333333333336,0.0,11.116666666666667,1009.7208333333333,0.08333333333333333
Dubai Motor City,2025-10-12,31.27916666666667,25.7,36.8,51.083333333333336,0.0,15.333333333333334,1010.0749999999999,1.9166666666666667
Dubai Motor City,2025-10-13,32.108333333333334,28.3,36.6,39.541666666666664,0.0,13.1625,1011.2833333333333,1.9166666666666667
Dubai Motor City,2025-10-14,30.795833333333334,26.4,35.9,52.375,0.0,12.487499999999999,1010.4125,0.4166666666666667
Dubai Motor City,2025-10-15,30.241666666666664,26.0,36.4,66.625,0.0,11.512500000000001,1008.7416666666667,0.5
Dubai Motor City,2025-10-16,30.025000000000002,25.7,35.5,60.5,0.0,14.316666666666668,1010.0500000000001,0.625
Dubai Motor City,2025-10-17,30.141666666666666,25.8,35.4,48.416666666666664,0.0,14.966666666666667,1012.0833333333334,0.16666666666666666
Dubai Motor City,2025-10-18,29.7,25.1,35.5,49.375,0.0,13.6,1011.7916666666666,0.0
Dubai Motor City,2025-10-19,29.066666666666666,24.3,34.1,60.25,0.0,11.820833333333333,1010.1458333333334,0.2916666666666667
Dubai Motor City,2025-10-20,29.308333333333334,24.4,35.5,62.833333333333336,0.0,11.866666666666667,1009.5916666666667,0.0
Dubai Motor City,2025-10-21,29.483333333333334,24.1,35.7,55.083333333333336,0.0,11.866666666666667,1011.5625,0.25
Dubai Motor City,2025-10-22,30.020833333333332,24.3,36.5,53.583333333333336,0.0,12.0875,1013.6291666666666,0.08333333333333333
Dubai Motor City,2025-10-23,28.84583333333333,24.6,34.4,63.708333333333336,0.0,11.379166666666668,1013.15,0.2916666666666667
Dubai Motor City,2025-10-24,28.6875,24.0,34.8,56.291666666666664,0.0,10.754166666666668,1012.3000000000001,0.0
Dubai Motor City,2025-10-25,28.254166666666666,23.0,33.5,56.583333333333336,0.0,10.745833333333332,1010.35,0.0
Dubai Motor City,2025-10-26,27.78333333333333,23.3,32.5,62.25,0.0,10.4,1010.0541666666667,0.0
Dubai Motor City,2025-10-27,27.775000000000002,22.9,32.8,58.666666666666664,0.0,9.458333333333334,1010.9083333333333,0.0
Dubai Motor City,2025-10-28,28.454166666666666,23.6,33.7,63.916666666666664,0.0,11.395833333333334,1011.3125,0.0
Dubai Motor City,2025-10-29,28.791666666666668,24.0,34.1,62.875,0.0,12.262500000000001,1010.9625000000001,0.2916666666666667
Dubai Motor City,2025-10-30,28.566666666666666,24.1,33.2,61.833333333333336,0.0,10.716666666666667,1010.875,0.2916666666666667
Dubai Motor City,2025-10-31,28.541666666666668,24.1,33.7,59.375,0.0,12.516666666666666,1012.5833333333334,0.20833333333333334
Dubai Motor City,2025-11-01,28.5,23.8,34.1,54.541666666666664,0.0,12.975,1013.4541666666668,0.20833333333333334
Dubai Motor City,2025-11-02,27.712500000000002,23.6,32.6,58.333333333333336,0.0,10.983333333333334,1013.9333333333334,0.875
Dubai Motor City,2025-11-03,27.270833333333332,22.4,32.0,58.25,0.0,13.9375,1013.4083333333333,0.5416666666666666
Dubai Motor City,2025-11-04,27.929166666666664,22.0,34.3,48.583333333333336,0.0,14.854166666666666,1014.1,0.16666666666666666
Dubai Motor City,2025-11-05,28.433333333333334,23.9,34.6,32.083333333333336,0.0,17.404166666666665,1013.5958333333333,2.3333333333333335
Dubai Motor City,2025-11-06,27.1875,21.2,34.2,31.458333333333332,0.0,14.125,1013.3583333333332,0.0
Dubai Motor City,2025-11-07,25.754166666666666,20.4,31.9,40.0,0.0,14.2875,1015.1125000000001,0.0
Dubai Motor City,2025-11-08,25.8,20.0,32.4,35.291666666666664,0.0,12.616666666666667,1016.8874999999999,0.0
Dubai Motor City,2025-11-09,25.6875,20.2,31.8,42.75,0.0,11.954166666666666,1016.5124999999999,0.875
Dubai Motor City,2025-11-10,25.912499999999998,20.7,31.1,50.708333333333336,0.0,11.016666666666666,1015.1208333333334,4.5
Dubai Motor City,2025-11-11,25.650000000000002,20.0,32.6,53.166666666666664,0.0,12.629166666666668,1015.1916666666666,1.9166666666666667
Dubai Motor City,2025-11-12,25.3875,19.5,32.0,47.0,0.0,12.8125,1016.8625000000001,0.6666666666666666
Dubai Motor City,2025-11-13,25.2,19.4,31.5,52.791666666666664,0.0,11.779166666666667,1018.1875,0.3333333333333333
Dubai Motor City,2025-11-14,25.229166666666668,19.6,31.0,54.958333333333336,0.0,12.475,1017.3041666666667,0.0
Dubai Motor City,2025-11-15,25.05,19.6,30.9,52.208333333333336,0.0,11.9125,1017.0124999999999,1.5416666666666667
Dubai Motor City,2025-11-16,25.175,19.6,31.4,54.333333333333336,0.0,11.629166666666668,1018.9875000000001,5.333333333333333
Dubai Motor City,2025-11-17,24.770833333333332,19.5,30.5,57.458333333333336,0.0,11.820833333333333,1019.225,7.416666666666667
Dubai Motor City,2025-11-18,24.512500000000003,19.3,30.6,63.625,0.0,9.95,1016.6916666666666,4.333333333333333
Dubai Motor City,2025-11-19,24.8875,18.1,32.9,65.875,0.0,11.362499999999999,1015.5666666666666,0.125
Dubai Motor City,2025-11-20,24.34166666666667,16.8,32.3,64.5,0.0,12.654166666666667,1016.8625000000001,0.08333333333333333
Dubai Motor City,2025-11-21,24.608333333333334,18.2,31.7,68.66666666666667,0.0,10.833333333333334,1017.8583333333332,1.375
Dubai Motor City,2025-11-22,25.275000000000002,18.6,32.9,41.125,0.0,16.0625,1017.7666666666668,0.08333333333333333
Dubai Motor City,2025-11-23,24.84583333333333,19.5,31.5,41.5,0.0,12.520833333333334,1017.4875000000001,0.041666666666666664
Dubai Motor City,2025-11-24,24.0125,18.3,30.6,40.25,0.0,11.504166666666668,1017.2458333333334,0.041666666666666664
Dubai Motor City,2025-11-25,23.054166666666664,16.7,29.8,42.041666666666664,0.0,11.345833333333333,1017.5166666666668,0.0
Dubai Motor City,2025-11-26,23.145833333333332,17.1,29.1,44.958333333333336,0.0,11.429166666666667,1016.8458333333333,2.0
Dubai Motor City,2025-11-27,22.991666666666664,17.6,28.5,49.708333333333336,0.0,9.870833333333334,1017.5083333333333,0.5416666666666666
Dubai Motor City,2025-11-28,22.96666666666667,18.2,28.0,47.333333333333336,0.0,10.033333333333333,1018.2416666666667,0.0
Dubai Motor City,2025-11-29,23.383333333333336,18.8,28.3,51.375,0.0,10.616666666666665,1017.1541666666667,0.0
Dubai Motor City,2025-11-30,23.09166666666667,17.3,28.6,51.916666666666664,0.0,10.258333333333333,1016.7375000000001,0.0
Dubai Motor City,2025-12-01,22.7625,18.2,28.1,55.541666666666664,0.0,10.341666666666667,1016.6875,0.0
Dubai Motor City,2025-12-02,23.004166666666666,17.4,29.0,57.333333333333336,0.0,11.008333333333333,1016.3916666666668,4.5
Dubai Motor City,2025-12-03,23.087500000000002,18.4,28.7,68.45833333333333,0.0,10.079166666666667,1016.2958333333332,2.7083333333333335
Dubai Motor City,2025-12-04,23.55,18.6,29.4,63.291666666666664,0.0,11.558333333333332,1017.4458333333333,4.125
Dubai Motor City,2025-12-05,23.7625,20.1,27.7,61.375,0.0,10.504166666666666,1018.0666666666666,6.833333333333333
Dubai Motor City,2025-12-06,23.366666666666664,18.5,28.6,67.95833333333333,0.0,11.216666666666667,1018.1999999999999,1.5833333333333333
Dubai Motor City,2025-12-07,23.962500000000002,19.3,29.8,59.625,0.0,16.683333333333334,1018.9,0.625
Dubai Motor City,2025-12-08,24.245833333333334,18.5,31.2,49.166666666666664,0.0,17.037499999999998,1019.2458333333334,2.2083333333333335
Dubai Motor City,2025-12-09,23.129166666666666,16.9,29.5,40.416666666666664,0.0,10.558333333333334,1018.0500000000001,3.75
Dubai Motor City,2025-12-10,22.65416666666667,16.1,28.9,52.083333333333336,0.0,13.679166666666667,1017.5625,4.916666666666667
Dubai Motor City,2025-12-11,23.0125,16.9,29.3,59.25,0.0,12.416666666666666,1016.1333333333333,7.041666666666667
Dubai Motor City,2025-12-12,23.491666666666664,18.3,29.2,49.916666666666664,0.0,11.645833333333334,1014.9708333333333,4.5
Dubai Motor City,2025-12-13,23.383333333333336,18.8,29.6,54.916666666666664,0.0,13.4125,1013.9625,3.375
Dubai Motor City,2025-12-14,21.604166666666668,18.5,25.0,72.25,2.3000000000000003,11.2875,1015.4375,2.6666666666666665
Dubai Motor City,2025-12-15,22.8875,17.3,29.6,64.875,0.0,15.866666666666667,1014.6416666666668,1.0416666666666667
Dubai Motor City,2025-12-16,23.391666666666666,21.0,27.3,57.25,0.0,19.908333333333335,1012.1958333333333,3.875
Dubai Motor City,2025-12-17,23.179166666666664,20.6,26.3,62.333333333333336,0.0,24.15833333333333,1013.1041666666666,5.875
Dubai Motor City,2025-12-18,21.71666666666667,19.7,24.2,77.54166666666667,12.3,18.041666666666668,1014.6541666666667,7.041666666666667
Dubai Motor City,2025-12-19,18.683333333333334,15.0,20.1,78.875,20.0,23.787499999999998,1014.1791666666667,4.5
Dubai Motor City,2025-12-20,15.25,12.4,19.3,73.875,0.1,21.458333333333332,1016.2875,1.5416666666666667
Dubai Motor City,2025-12-21,15.754166666666668,11.3,20.4,72.125,0.0,11.225,1019.2333333333332,0.20833333333333334
Dubai Motor City,2025-12-22,17.325,13.2,22.7,68.25,0.0,12.791666666666666,1020.4125,0.125
Dubai Motor City,2025-12-23,17.275000000000002,12.7,22.7,67.95833333333333,0.0,11.370833333333335,1019.3416666666667,0.08333333333333333
Dubai Motor City,2025-12-24,17.929166666666667,13.1,23.9,68.625,0.0,11.200000000000001,1017.6708333333332,3.375
Dubai Motor City,2025-12-25,19.291666666666668,15.7,23.9,71.91666666666667,0.0,10.966666666666667,1016.2541666666666,4.875
Dubai Motor City,2025-12-26,19.341666666666665,15.6,23.7,76.75,0.2,10.641666666666667,1015.4375,1.5
Dubai Motor City,2025-12-27,19.908333333333335,15.7,25.0,67.08333333333333,0.0,9.200000000000001,1014.5458333333332,0.7916666666666666
Dubai Motor City,2025-12-28,21.2375,15.8,26.8,59.25,0.0,13.741666666666667,1013.3166666666666,0.3333333333333333
Dubai Motor City,2025-12-29,22.479166666666668,20.3,26.7,63.166666666666664,0.0,23.770833333333332,1012.3666666666667,0.7083333333333334
Dubai Motor City,2025-12-30,21.337500000000002,19.5,23.6,48.875,0.0,27.0625,1015.1791666666667,1.125
Dubai Motor City,2025-12-31,19.962500000000002,16.0,21.8,53.375,0.0,22.008333333333336,1016.6875,1.2916666666666667
Dubai Motor City,2026-01-01,17.416666666666668,11.5,22.7,61.541666666666664,0.0,9.708333333333334,1017.4916666666667,0.0
Dubai Motor City,2026-01-02,18.2,12.6,23.9,71.625,0.0,11.595833333333333,1018.6999999999999,0.041666666666666664
Dubai Motor City,2026-01-03,18.8125,13.2,24.4,78.04166666666667,0.0,10.329166666666667,1018.9625,1.25
Dubai Motor City,2026-01-04,20.2,15.5,25.9,76.0,0.0,14.612499999999999,1019.0875,0.041666666666666664
Dubai Motor City,2026-01-05,20.345833333333335,14.8,26.6,59.416666666666664,0.0,14.125,1020.8166666666666,0.4166666666666667
Dubai Motor City,2026-01-06,20.308333333333334,15.6,26.4,50.333333333333336,0.0,14.583333333333334,1020.8208333333333,0.7916666666666666
Dubai Motor City,2026-01-07,19.5625,15.3,24.5,52.5,0.0,12.35,1020.8458333333333,0.16666666666666666
Dubai Motor City,2026-01-08,19.033333333333335,14.1,24.2,48.041666666666664,0.0,10.762500000000001,1020.5875000000001,0.0
Dubai Motor City,2026-01-09,19.158333333333335,14.4,24.2,53.75,0.0,11.375,1018.9791666666666,0.4583333333333333
Dubai Motor City,2026-01-10,19.116666666666667,14.1,23.9,64.08333333333333,0.0,11.137500000000001,1018.7875,5.125
Dubai Motor City,2026-01-11,19.95416666666667,15.5,25.1,57.041666666666664,0.0,10.504166666666666,1020.6958333333333,0.875
Dubai Motor City,2026-01-12,19.416666666666668,14.7,24.6,63.166666666666664,0.0,9.345833333333333,1021.0708333333333,0.0
Dubai Motor City,2026-01-13,19.25,14.2,24.9,64.08333333333333,0.0,9.029166666666667,1020.4666666666667,0.0
Dubai Motor City,2026-01-14,19.470833333333335,13.4,26.1,55.708333333333336,0.0,10.0375,1018.2125,2.25
Dubai Motor City,2026-01-15,20.349999999999998,14.3,27.5,49.791666666666664,0.0,15.383333333333333,1016.5291666666667,5.583333333333333
Dubai Motor City,2026-01-16,19.3125,17.1,21.5,57.166666666666664,0.0,23.97083333333333,1017.9125,1.125
Dubai Motor City,2026-01-17,19.133333333333333,17.1,21.7,59.541666666666664,0.0,19.258333333333333,1017.4375,3.0416666666666665
Dubai Motor City,2026-01-18,18.162499999999998,14.3,22.7,69.79166666666667,0.0,12.795833333333334,1016.1125000000001,1.3333333333333333
Dubai Motor City,2026-01-19,18.195833333333333,13.5,23.9,69.41666666666667,0.0,10.045833333333333,1015.8416666666667,0.4583333333333333
Dubai Motor City,2026-01-20,19.554166666666667,14.2,26.2,55.916666666666664,0.0,12.454166666666666,1015.1083333333332,0.5416666666666666
Dubai Motor City,2026-01-21,18.575,15.3,22.7,67.04166666666667,0.0,21.420833333333334,1016.5375,1.625
Dubai Motor City,2026-01-22,17.125,14.0,20.2,39.333333333333336,0.0,22.4875,1020.6916666666666,1.0416666666666667
Dubai Motor City,2026-01-23,16.8,11.7,22.7,39.541666666666664,0.0,14.391666666666666,1021.1833333333334,3.1666666666666665
Dubai Motor City,2026-01-24,17.566666666666666,11.3,23.3,45.541666666666664,0.0,10.741666666666667,1019.275,6.125
Dubai Motor City,2026-01-25,19.441666666666666,15.2,24.3,51.5,7.0,16.400000000000002,1015.775,5.833333333333333
Dubai Motor City,2026-01-26,18.166666666666668,15.2,21.7,76.20833333333333,0.1,12.770833333333334,1016.1374999999999,0.9583333333333334
Dubai Motor City,2026-01-27,18.058333333333334,12.7,23.9,64.70833333333333,0.0,14.575000000000001,1020.8083333333334,4.583333333333333
Dubai Motor City,2026-01-28,19.7625,15.2,25.6,61.583333333333336,0.0,14.704166666666666,1020.0500000000001,7.25
Dubai Motor City,2026-01-29,20.679166666666667,16.3,26.2,58.0,0.0,13.145833333333334,1017.2208333333333,3.7916666666666665
Dubai Motor City,2026-01-30,19.2375,15.1,23.5,61.166666666666664,0.0,15.049999999999999,1016.9458333333333,0.25
Dubai Motor City,2026-01-31,18.183333333333334,13.8,23.3,70.33333333333333,0.0,12.720833333333333,1017.9833333333332,0.6666666666666666
Dubai Motor City,2026-02-01,18.691666666666666,13.1,25.6,75.83333333333333,0.0,9.345833333333333,1018.7791666666667,0.9583333333333334
Dubai Motor City,2026-02-02,20.099999999999998,14.6,26.8,54.541666666666664,0.0,8.891666666666667,1019.1333333333333,0.0
Dubai Motor City,2026-02-03,20.066666666666666,13.1,27.7,57.375,0.0,10.85,1017.2916666666666,0.041666666666666664
Dubai Motor City,2026-02-04,22.625,16.2,30.1,52.625,0.0,15.970833333333333,1016.0333333333333,0.125
Dubai Motor City,2026-02-05,20.445833333333333,16.4,25.5,67.70833333333333,0.0,12.075000000000001,1018.0041666666666,1.0416666666666667
Dubai Motor City,2026-02-06,20.25,16.0,26.2,71.58333333333333,0.0,10.0625,1020.1833333333334,7.833333333333333
Dubai Motor City,2026-02-07,20.991666666666667,16.0,27.6,72.58333333333333,0.0,13.325000000000001,1017.8833333333333,2.4583333333333335
Dubai Motor City,2026-02-08,22.008333333333336,16.9,28.2,62.375,0.4,11.366666666666667,1014.65,1.5833333333333333
Dubai Motor City,2026-02-09,21.683333333333334,16.3,27.8,56.333333333333336,0.0,12.6875,1014.0666666666666,0.25
Dubai Motor City,2026-02-10,20.883333333333333,16.4,26.6,72.0,0.0,13.208333333333334,1015.4416666666666,4.666666666666667
Dubai Motor City,2026-02-11,22.287499999999998,14.7,30.5,63.625,0.0,12.316666666666668,1017.3791666666666,3.9166666666666665
Dubai Motor City,2026-02-12,24.075,18.1,29.8,55.291666666666664,0.0,11.758333333333333,1017.7958333333332,1.9166666666666667
Dubai Motor City,2026-02-13,23.8875,17.8,30.7,59.416666666666664,0.0,7.1125,1016.4708333333333,0.25
Dubai Motor City,2026-02-14,23.145833333333332,16.9,30.5,45.041666666666664,0.0,9.095833333333333,1015.6083333333332,0.0
Dubai Motor City,2026-02-15,23.808333333333334,17.3,30.4,35.458333333333336,0.0,13.950000000000001,1014.4291666666667,0.0
Dubai Motor City,2026-02-16,22.4875,19.5,27.0,63.25,0.0,19.400000000000002,1012.4250000000001,0.0
Dubai Motor City,2026-02-17,22.670833333333334,16.5,29.0,55.958333333333336,0.0,13.616666666666667,1014.375,0.0
Dubai Motor City,2026-02-18,23.27916666666667,16.5,30.1,36.0,0.0,14.854166666666666,1015.6625,0.0
Dubai Motor City,2026-02-19,23.575,16.8,30.7,44.166666666666664,0.0,14.766666666666666,1016.4125,0.0
Dubai Motor City,2026-02-20,23.1875,16.8,30.2,41.708333333333336,0.0,12.616666666666667,1017.5208333333334,0.0
Dubai Motor City,2026-02-21,23.116666666666664,17.3,31.0,53.583333333333336,0.0,11.512500000000001,1015.8208333333333,0.0
Dubai Motor City,2026-02-22,22.3625,16.9,29.3,68.29166666666667,0.0,11.325000000000001,1011.65,0.0
Dubai Motor City,2026-02-23,21.525000000000002,16.0,28.7,73.70833333333333,0.0,10.237499999999999,1010.5791666666668,0.16666666666666666
Dubai Motor City,2026-02-24,23.375,16.3,30.8,53.583333333333336,0.0,10.516666666666667,1011.0458333333332,0.0
Dubai Motor City,2026-02-25,23.883333333333336,17.6,31.6,44.625,0.0,12.416666666666666,1012.375,0.0
Dubai Motor City,2026-02-26,21.795833333333334,18.8,26.0,71.0,0.0,12.9125,1013.3208333333333,0.8333333333333334
Dubai Motor City,2026-02-27,20.595833333333335,16.0,25.4,65.54166666666667,0.0,11.362499999999999,1011.1291666666666,0.4583333333333333
Dubai Motor City,2026-02-28,21.704166666666666,14.7,29.2,58.166666666666664,0.0,8.516666666666667,1010.1875,0.375
Dubai Motor City,2026-03-01,25.083333333333332,17.3,33.4,32.125,0.0,11.875,1009.9125,1.625
Dubai Motor City,2026-03-02,28.070833333333336,22.4,35.0,27.291666666666668,0.0,18.325,1010.2958333333332,2.25
Dubai Motor City,2026-03-03,27.504166666666666,22.3,34.3,33.375,0.0,16.75,1011.025,1.75
Dubai Motor City,2026-03-04,25.2375,21.2,32.0,61.166666666666664,0.0,17.916666666666668,1012.7875,0.4583333333333333
Dubai Motor City,2026-03-05,22.695833333333336,20.1,26.2,69.04166666666667,0.0,15.295833333333334,1016.3333333333334,1.0
Dubai Motor City,2026-03-06,21.474999999999998,17.7,25.7,62.708333333333336,0.0,14.779166666666667,1015.8708333333334,6.0
Dubai Motor City,2026-03-07,21.958333333333332,17.4,27.2,62.791666666666664,0.0,12.595833333333333,1014.2583333333333,2.9166666666666665
Dubai Motor City,2026-03-08,22.245833333333334,17.8,28.6,63.083333333333336,0.0,12.5375,1013.3416666666667,4.458333333333333
Dubai Motor City,2026-03-09,22.787499999999998,18.1,28.1,67.79166666666667,3.8,11.020833333333334,1013.3791666666666,5.0
Dubai Motor City,2026-03-10,23.795833333333334,21.1,28.2,65.0,0.8,17.775000000000002,1015.5458333333332,7.208333333333333
Dubai Motor City,2026-03-11,23.383333333333336,20.5,28.5,65.0,1.1,16.220833333333335,1017.3708333333334,6.208333333333333
Dubai Motor City,2026-03-12,22.608333333333334,18.3,28.6,69.79166666666667,0.0,11.333333333333334,1014.8791666666666,4.5
Dubai Motor City,2026-03-13,24.587500000000002,20.5,30.9,60.125,0.0,13.754166666666668,1012.6458333333334,4.291666666666667
Dubai Motor City,2026-03-14,24.641666666666666,20.0,30.7,55.25,0.0,12.083333333333334,1013.0041666666666,1.4583333333333333
Dubai Motor City,2026-03-15,25.941666666666666,19.2,33.8,48.125,0.0,10.9,1013.2666666666668,3.5
Dubai Motor City,2026-03-16,28.358333333333334,21.8,36.5,32.333333333333336,0.0,14.025,1010.1291666666666,0.2916666666666667
Dubai Motor City,2026-03-17,27.958333333333332,23.3,34.0,36.791666666666664,0.0,16.104166666666668,1007.6374999999999,3.9166666666666665
Dubai Motor City,2026-03-18,25.22083333333333,22.6,28.9,57.958333333333336,0.0,16.566666666666666,1009.2125,7.0
Dubai Motor City,2026-03-19,24.400000000000002,18.9,30.6,56.958333333333336,0.0,11.620833333333332,1010.2708333333334,5.375
Dubai Motor City,2026-03-20,26.0625,22.5,30.8,51.125,0.2,18.7375,1009.0,7.333333333333333
Dubai Motor City,2026-03-21,25.03333333333333,21.6,30.0,66.33333333333333,1.4000000000000001,18.654166666666665,1009.8833333333333,7.541666666666667
Dubai Motor City,2026-03-22,25.15416666666667,21.4,31.2,68.79166666666667,0.2,15.0625,1012.0749999999999,3.125
Dubai Motor City,2026-03-23,22.870833333333334,20.6,26.0,78.0,10.4,16.004166666666666,1011.8458333333333,7.0
Dubai Motor City,2026-03-24,21.787499999999998,19.1,25.2,80.875,17.2,19.058333333333334,1009.3708333333334,6.0
Dubai Motor City,2026-03-25,22.275000000000002,20.4,25.6,81.375,21.599999999999998,25.320833333333336,1006.9375,5.916666666666667
Dubai Motor City,2026-03-26,23.979166666666668,21.1,28.8,79.04166666666667,44.4,25.09166666666667,1008.1208333333334,4.375
Dubai Motor City,2026-03-27,23.520833333333332,19.5,26.8,79.95833333333333,12.1,25.016666666666666,1010.8333333333334,5.375
Dubai Motor City,2026-03-28,20.441666666666666,18.3,23.2,68.45833333333333,0.0,20.866666666666667,1012.0500000000001,0.9583333333333334
Dubai Motor City,2026-03-29,20.570833333333333,18.0,23.7,63.166666666666664,0.0,25.8875,1011.1083333333332,0.25
Dubai Motor City,2026-03-30,20.7375,17.4,24.3,69.70833333333333,0.0,16.283333333333335,1010.5625,7.416666666666667
Dubai Motor City,2026-03-31,21.179166666666667,18.7,24.2,70.79166666666667,3.5,13.358333333333334,1010.2875,7.541666666666667
Dubai Motor City,2026-04-01,21.483333333333334,18.5,25.0,74.08333333333333,0.0,16.008333333333333,1010.5166666666668,0.9166666666666666
Dubai Motor City,2026-04-02,21.275000000000002,18.4,24.8,73.625,0.0,16.845833333333335,1011.6166666666667,1.2916666666666667
Dubai Motor City,2026-04-03,20.658333333333335,17.0,25.5,79.58333333333333,0.0,12.216666666666667,1011.7291666666666,6.166666666666667
Dubai Motor City,2026-04-04,22.004166666666666,17.6,26.9,76.79166666666667,0.0,10.866666666666667,1010.0041666666666,6.125
Dubai Motor City,2026-04-05,23.233333333333334,20.0,27.3,76.79166666666667,0.0,12.137500000000001,1010.0666666666666,5.416666666666667
Dubai Motor City,2026-04-06,22.979166666666668,20.2,26.7,61.541666666666664,0.0,19.295833333333334,1011.1041666666666,1.625
Dubai Motor City,2026-04-07,22.275000000000002,19.9,25.5,58.583333333333336,0.0,27.941666666666666,1012.2833333333333,0.0
Dubai Motor City,2026-04-08,22.041666666666668,18.2,26.3,65.625,0.0,17.916666666666668,1011.7791666666667,0.20833333333333334
Dubai Motor City,2026-04-09,21.787499999999998,17.7,26.7,68.58333333333333,2.3000000000000003,12.391666666666666,1012.3375,5.416666666666667
Dubai Motor City,2026-04-10,23.5125,19.9,28.1,66.66666666666667,0.4,14.079166666666667,1014.5916666666667,5.583333333333333
Dubai Motor City,2026-04-11,22.816666666666666,20.5,25.8,75.33333333333333,11.8,9.883333333333333,1015.4708333333333,7.625
Dubai Motor City,2026-04-12,22.379166666666666,20.4,25.4,78.58333333333333,2.9000000000000004,11.520833333333334,1013.775,7.708333333333333
Dubai Motor City,2026-04-13,24.070833333333336,20.8,28.0,74.91666666666667,0.0,10.683333333333332,1013.8583333333332,6.833333333333333
Dubai Motor City,2026-04-14,23.525000000000002,19.7,28.4,67.08333333333333,0.0,15.391666666666666,1014.1291666666666,5.75
Dubai Motor City,2026-04-15,22.349999999999998,18.6,26.4,68.29166666666667,0.0,20.462500000000002,1011.1,4.291666666666667
Dubai Motor City,2026-04-16,22.462500000000002,18.8,26.7,69.33333333333333,0.0,21.383333333333336,1008.7291666666666,3.9583333333333335
Dubai Motor City,2026-04-17,22.679166666666664,17.5,27.9,63.541666666666664,0.0,18.629166666666666,1010.7624999999999,3.3333333333333335
Dubai Motor City,2026-04-18,23.354166666666668,18.8,28.8,58.708333333333336,0.0,15.537500000000001,1010.8291666666668,0.041666666666666664
Dubai Motor City,2026-04-19,24.395833333333332,18.0,31.9,51.791666666666664,0.0,10.866666666666667,1010.1333333333333,2.7083333333333335
Dubai Motor City,2026-04-20,24.49285714285714,19.9,32.5,48.142857142857146,0.0,10.307142857142859,1008.592857142857,0.0
Serena,2024-07-25,37.699999999999996,37.0,38.7,41.333333333333336,0.0,11.066666666666668,992.7333333333332,0.6666666666666666
Serena,2024-07-26,37.47083333333333,32.0,42.0,42.625,0.0,13.112499999999999,993.8499999999999,0.25
Serena,2024-07-27,37.75,33.5,41.7,35.708333333333336,0.0,14.645833333333334,995.5958333333333,0.9583333333333334
Serena,2024-07-28,36.608333333333334,33.0,39.5,53.083333333333336,0.0,17.233333333333334,994.4875000000001,1.75
Serena,2024-07-29,36.36666666666667,33.0,41.0,52.958333333333336,0.0,14.866666666666667,992.5333333333333,1.1666666666666667
Serena,2024-07-30,38.55416666666667,33.7,44.7,50.166666666666664,0.0,18.2375,993.9250000000001,0.8333333333333334
Serena,2024-07-31,38.4625,34.8,43.1,41.916666666666664,0.0,15.691666666666668,996.2416666666667,2.2916666666666665
Serena,2024-08-01,39.141666666666666,36.0,43.6,42.75,0.0,14.841666666666667,995.5416666666666,2.1666666666666665
Serena,2024-08-02,36.85,34.0,40.0,61.125,0.0,11.541666666666666,993.6374999999999,0.7083333333333334
Serena,2024-08-03,37.07083333333333,34.3,41.6,63.291666666666664,0.0,12.525,993.8791666666666,3.0
Serena,2024-08-04,35.78333333333333,33.4,39.0,65.41666666666667,0.0,13.450000000000001,994.7874999999999,2.1666666666666665
Serena,2024-08-05,36.5,33.0,41.0,59.541666666666664,0.0,18.025000000000002,995.6833333333333,1.625
Serena,2024-08-06,35.887499999999996,32.1,39.0,48.916666666666664,0.0,14.329166666666666,997.4666666666667,5.125
Serena,2024-08-07,36.699999999999996,34.0,39.7,50.5,0.0,13.683333333333332,997.4458333333333,3.5
Serena,2024-08-08,37.03333333333334,33.0,42.7,51.041666666666664,0.0,19.595833333333335,997.4041666666667,1.125
Serena,2024-08-09,36.37083333333334,32.7,41.9,51.25,0.0,24.208333333333332,999.3499999999999,0.4583333333333333
Serena,2024-08-10,36.30416666666667,31.7,42.5,51.083333333333336,0.0,18.866666666666667,999.7458333333333,1.5833333333333333
Serena,2024-08-11,36.795833333333334,32.6,41.7,49.083333333333336,0.0,15.170833333333334,997.9124999999999,1.4166666666666667
Serena,2024-08-12,38.270833333333336,34.2,43.0,44.458333333333336,0.0,14.233333333333334,996.8541666666666,0.5
Serena,2024-08-13,38.42916666666667,34.0,43.8,44.625,0.0,14.566666666666668,998.5541666666667,0.4166666666666667
Serena,2024-08-14,37.65,33.5,43.4,50.625,0.0,16.724999999999998,999.4708333333333,0.20833333333333334
Serena,2024-08-15,37.458333333333336,33.7,43.0,50.666666666666664,0.0,14.733333333333334,998.9208333333332,0.20833333333333334
Serena,2024-08-16,37.141666666666666,33.9,40.3,47.291666666666664,0.0,10.920833333333334,996.0625,0.375
Serena,2024-08-17,36.1375,32.7,41.0,55.208333333333336,0.0,24.054166666666664,996.4416666666666,1.4166666666666667
Serena,2024-08-18,35.6625,32.4,41.0,54.5,0.0,26.054166666666664,999.0541666666667,2.4583333333333335
Serena,2024-08-19,36.1375,32.7,41.5,52.5,0.0,19.529166666666665,1000.2916666666666,2.75
Serena,2024-08-20,35.775,32.7,40.4,53.75,0.0,18.45,999.5500000000001,2.0833333333333335
Serena,2024-08-21,34.670833333333334,31.4,39.0,55.833333333333336,0.0,20.541666666666668,1001.7874999999999,0.875
Serena,2024-08-22,34.82083333333333,31.7,39.0,51.958333333333336,0.0,15.658333333333333,1002.3000000000001,1.0416666666666667
Serena,2024-08-23,35.90416666666667,33.0,41.0,53.666666666666664,0.0,13.033333333333333,1001.9958333333333,1.0416666666666667
Serena,2024-08-24,37.125,33.5,40.0,47.416666666666664,0.0,12.387500000000001,1001.6208333333333,0.7916666666666666
Serena,2024-08-25,37.458333333333336,34.2,42.7,42.75,0.0,11.841666666666667,1001.1416666666668,0.16666666666666666
Serena,2024-08-26,36.025,32.8,39.1,53.125,0.0,12.158333333333333,999.6041666666666,0.16666666666666666
Serena,2024-08-27,35.93333333333333,32.7,40.1,59.25,0.0,11.566666666666668,998.6333333333333,0.08333333333333333
Serena,2024-08-28,36.4125,32.5,43.2,58.5,0.0,11.887500000000001,999.4916666666667,0.20833333333333334
Serena,2024-08-29,36.604166666666664,32.8,41.3,51.875,0.0,10.887500000000001,999.0958333333333,0.3333333333333333
Serena,2024-08-30,35.612500000000004,31.8,40.0,63.791666666666664,0.0,11.491666666666667,998.4833333333332,0.9166666666666666
Serena,2024-08-31,38.125,32.4,44.5,39.916666666666664,0.0,16.770833333333332,999.1833333333334,1.0833333333333333
Serena,2024-09-01,35.875,31.6,41.3,43.916666666666664,0.0,15.929166666666667,1000.9875000000001,0.9583333333333334
Serena,2024-09-02,36.2125,31.4,40.6,40.708333333333336,0.0,13.225,1001.9166666666666,0.9166666666666666
Serena,2024-09-03,36.25,31.2,43.0,45.666666666666664,0.0,14.304166666666667,1001.9708333333333,0.7083333333333334
Serena,2024-09-04,35.12916666666667,31.0,41.5,48.583333333333336,0.0,14.1625,1002.6041666666666,0.041666666666666664
Serena,2024-09-05,35.0375,31.9,39.7,54.666666666666664,0.0,15.170833333333334,1001.0,0.0
Serena,2024-09-06,34.24583333333333,30.2,37.6,60.166666666666664,0.0,10.820833333333333,1001.0083333333333,0.041666666666666664
Serena,2024-09-07,34.699999999999996,29.9,40.3,58.0,0.0,11.3125,1002.2083333333334,0.041666666666666664
Serena,2024-09-08,35.324999999999996,30.2,43.1,52.416666666666664,0.0,13.579166666666666,1003.625,0.08333333333333333
Serena,2024-09-09,35.15416666666667,31.0,40.7,52.333333333333336,0.0,11.679166666666667,1003.1791666666667,0.041666666666666664
Serena,2024-09-10,33.666666666666664,30.0,37.5,70.375,0.0,11.275,1001.4083333333333,0.3333333333333333
Serena,2024-09-11,35.8125,30.5,41.3,51.0,0.0,12.104166666666666,1000.6083333333332,0.2916666666666667
Serena,2024-09-12,37.362500000000004,30.4,44.4,24.0,0.0,12.1875,1000.9833333333332,0.0
Serena,2024-09-13,35.82083333333333,31.7,41.5,34.958333333333336,0.0,12.358333333333334,1000.7041666666665,0.0
Serena,2024-09-14,34.50416666666667,30.7,40.0,54.291666666666664,0.0,13.875,1000.2958333333332,0.0
Serena,2024-09-15,34.8875,30.7,41.0,56.958333333333336,0.0,15.791666666666666,1001.6166666666667,0.041666666666666664
Serena,2024-09-16,34.012499999999996,29.7,39.7,52.166666666666664,0.0,11.154166666666667,1004.0208333333334,0.20833333333333334
Serena,2024-09-17,33.40833333333333,28.9,38.0,54.083333333333336,0.0,12.075000000000001,1005.6291666666666,0.0
Serena,2024-09-18,33.925000000000004,29.9,38.3,54.625,0.0,13.945833333333333,1005.0999999999999,0.0
Serena,2024-09-19,33.40416666666667,30.2,36.3,64.125,0.0,12.575000000000001,1005.3083333333333,0.0
Serena,2024-09-20,33.4625,30.2,36.7,64.08333333333333,0.0,12.237499999999999,1005.8791666666666,0.375
Serena,2024-09-21,33.983333333333334,30.2,37.3,57.5,0.0,12.404166666666667,1005.3958333333334,0.0
Serena,2024-09-22,35.25416666666667,29.9,41.0,48.041666666666664,0.0,10.887500000000001,1005.2958333333332,0.0
Serena,2024-09-23,34.954166666666666,29.7,41.2,44.208333333333336,0.0,10.975,1005.0375,0.0
Serena,2024-09-24,34.050000000000004,30.0,38.0,65.66666666666667,0.0,11.291666666666666,1003.9041666666667,0.0
Serena,2024-09-25,34.166666666666664,30.5,39.3,68.91666666666667,0.0,11.420833333333334,1001.9749999999999,0.0
Serena,2024-09-26,33.52916666666667,29.7,39.2,73.0,0.0,11.108333333333334,1001.3375,0.9583333333333334
Serena,2024-09-27,33.15833333333333,29.4,37.8,71.54166666666667,0.0,10.6875,1001.9291666666667,0.5
Serena,2024-09-28,33.17916666666667,30.0,38.0,70.33333333333333,0.0,10.666666666666666,1002.8208333333333,0.2916666666666667
Serena,2024-09-29,34.025,30.5,39.3,57.416666666666664,0.0,15.954166666666666,1004.8791666666666,0.5833333333333334
Serena,2024-09-30,33.37083333333333,30.7,37.3,57.125,0.2,17.075,1008.0875,1.0
Serena,2024-10-01,33.145833333333336,29.5,37.0,54.833333333333336,0.0,13.204166666666666,1007.7208333333333,0.375
Serena,2024-10-02,34.020833333333336,30.2,38.7,56.875,0.0,13.533333333333333,1008.1374999999999,0.0
Serena,2024-10-03,33.987500000000004,30.3,39.0,59.916666666666664,0.0,15.1,1007.5291666666667,0.0
Serena,2024-10-04,33.550000000000004,29.4,37.3,64.29166666666667,0.0,15.6625,1005.6208333333334,0.4583333333333333
Serena,2024-10-05,33.28333333333333,30.5,35.3,53.791666666666664,0.0,15.1625,1005.6291666666666,0.16666666666666666
Serena,2024-10-06,32.19583333333333,28.5,36.7,56.041666666666664,0.0,12.0375,1007.3874999999999,0.4166666666666667
Serena,2024-10-07,33.44583333333333,29.9,38.0,48.083333333333336,0.2,12.233333333333334,1010.3958333333334,1.5416666666666667
Serena,2024-10-08,33.1875,28.5,38.7,49.75,0.0,12.854166666666666,1011.5875,0.5416666666666666
Serena,2024-10-09,32.583333333333336,29.7,36.8,54.041666666666664,0.0,14.766666666666666,1010.5166666666665,0.4583333333333333
Serena,2024-10-10,32.30416666666667,28.6,36.6,60.958333333333336,0.1,12.583333333333334,1009.1541666666667,0.7916666666666666
Serena,2024-10-11,32.375,29.7,36.7,55.708333333333336,0.0,10.854166666666666,1008.8958333333334,0.16666666666666666
Serena,2024-10-12,32.237500000000004,27.9,38.0,57.083333333333336,0.0,11.616666666666667,1008.5333333333333,0.4583333333333333
Serena,2024-10-13,32.166666666666664,28.6,36.0,52.708333333333336,0.0,11.3375,1008.2041666666668,0.16666666666666666
Serena,2024-10-14,32.84583333333333,28.6,37.9,46.583333333333336,0.0,14.325000000000001,1008.3583333333332,0.041666666666666664
Serena,2024-10-15,32.6,28.7,37.7,48.166666666666664,0.0,17.170833333333334,1009.5583333333333,0.9166666666666666
Serena,2024-10-16,31.84583333333333,28.5,37.0,54.041666666666664,0.0,16.829166666666666,1009.9875000000001,1.2083333333333333
Serena,2024-10-17,31.558333333333334,28.7,35.0,58.333333333333336,0.0,13.991666666666667,1009.5958333333333,1.0
Serena,2024-10-18,32.1875,28.2,36.1,61.958333333333336,0.0,12.145833333333334,1008.6333333333333,1.375
Serena,2024-10-19,32.93333333333333,28.9,37.0,58.541666666666664,0.0,12.975,1009.65,1.8333333333333333
Serena,2024-10-20,32.69583333333333,29.9,37.3,64.25,0.0,13.070833333333333,1009.9250000000001,0.4583333333333333
Serena,2024-10-21,32.266666666666666,29.1,37.2,65.79166666666667,0.0,12.508333333333333,1009.4791666666666,0.16666666666666666
Serena,2024-10-22,31.483333333333334,28.4,36.5,69.79166666666667,0.0,13.1875,1010.1708333333332,0.3333333333333333
Serena,2024-10-23,31.72083333333333,26.9,37.6,60.25,0.0,13.333333333333334,1011.6333333333333,0.20833333333333334
Serena,2024-10-24,32.525,28.6,38.9,51.375,0.0,13.154166666666667,1011.9666666666667,0.25
Serena,2024-10-25,31.920833333333334,28.7,36.0,55.25,0.0,13.608333333333334,1012.6583333333333,1.1666666666666667
Serena,2024-10-26,31.420833333333334,28.7,35.0,64.95833333333333,0.0,13.591666666666667,1013.1875,0.5416666666666666
Serena,2024-10-27,31.170833333333334,27.2,34.0,61.041666666666664,0.0,14.387500000000001,1012.4416666666666,0.375
Serena,2024-10-28,31.21666666666667,29.7,33.0,53.833333333333336,0.0,17.416666666666668,1010.2041666666668,0.6666666666666666
Serena,2024-10-29,29.787499999999998,25.6,33.0,52.125,0.0,16.754166666666666,1010.2958333333332,0.5416666666666666
Serena,2024-10-30,29.683333333333334,24.6,32.8,50.0,0.0,15.1875,1010.7125,0.7083333333333334
Serena,2024-10-31,29.729166666666668,25.1,34.6,54.041666666666664,0.0,10.450000000000001,1012.0625,0.875
Serena,2024-11-01,30.041666666666668,25.9,34.7,58.0,0.0,11.225,1013.5791666666668,0.0
Serena,2024-11-02,30.270833333333332,26.2,33.7,58.583333333333336,0.0,10.979166666666666,1014.5708333333333,0.0
Serena,2024-11-03,29.5125,25.2,35.0,66.04166666666667,0.0,10.604166666666666,1013.7291666666666,0.0
Serena,2024-11-04,29.304166666666664,23.9,34.7,64.54166666666667,0.0,8.4125,1012.65,0.0
Serena,2024-11-05,30.083333333333332,24.7,35.6,57.875,0.0,8.345833333333333,1012.7458333333334,0.041666666666666664
Serena,2024-11-06,29.837500000000002,25.4,35.0,62.958333333333336,0.0,10.625,1014.8583333333332,0.08333333333333333
Serena,2024-11-07,29.608333333333334,25.7,34.0,66.75,0.0,10.825000000000001,1015.2624999999999,0.0
Serena,2024-11-08,28.72083333333333,24.9,32.8,64.41666666666667,0.0,10.395833333333334,1014.25,0.25
Serena,2024-11-09,28.19583333333333,23.6,33.2,58.416666666666664,0.0,9.125,1013.9625,0.16666666666666666
Serena,2024-11-10,28.545833333333334,23.9,33.0,62.041666666666664,0.0,10.466666666666667,1015.0625,0.08333333333333333
Serena,2024-11-11,29.03333333333333,24.5,33.1,61.083333333333336,0.0,11.270833333333334,1015.3416666666667,0.20833333333333334
Serena,2024-11-12,28.712500000000002,24.3,32.0,61.583333333333336,0.0,11.6625,1013.7874999999999,0.041666666666666664
Serena,2024-11-13,28.741666666666664,25.0,32.0,61.958333333333336,0.0,10.683333333333332,1011.8625000000001,0.3333333333333333
Serena,2024-11-14,28.616666666666664,24.7,32.7,67.66666666666667,0.0,12.758333333333333,1011.7041666666665,0.6666666666666666
Serena,2024-11-15,28.34583333333333,24.4,31.7,61.541666666666664,0.0,13.541666666666666,1013.9250000000001,1.0416666666666667
Serena,2024-11-16,27.15833333333333,23.4,30.0,52.75,0.0,14.270833333333334,1014.3375,1.1666666666666667
Serena,2024-11-17,26.9375,22.1,31.0,49.833333333333336,0.0,11.020833333333334,1013.4208333333332,0.9583333333333334
Serena,2024-11-18,27.204166666666666,22.4,32.7,48.125,0.0,9.049999999999999,1014.025,0.125
Serena,2024-11-19,26.983333333333334,22.5,32.0,54.208333333333336,0.0,9.795833333333333,1015.4708333333333,0.2916666666666667
Serena,2024-11-20,27.004166666666666,22.7,31.3,56.666666666666664,0.0,9.154166666666667,1015.1875,0.2916666666666667
Serena,2024-11-21,26.50833333333333,22.4,30.7,59.875,0.0,10.275,1014.6166666666667,0.4583333333333333
Serena,2024-11-22,27.245833333333334,23.1,31.1,67.91666666666667,0.0,9.995833333333334,1014.1291666666666,0.25
Serena,2024-11-23,27.270833333333332,22.7,31.1,70.95833333333333,0.0,9.704166666666667,1014.0291666666667,1.75
Serena,2024-11-24,26.833333333333332,23.0,30.6,65.20833333333333,0.0,10.845833333333333,1013.5666666666666,1.25
Serena,2024-11-25,26.866666666666664,22.4,32.2,63.666666666666664,0.0,9.945833333333335,1014.025,0.5
Serena,2024-11-26,27.379166666666666,23.9,31.7,60.0,0.0,10.375,1015.1875,0.7083333333333334
Serena,2024-11-27,27.53333333333333,22.7,33.0,59.791666666666664,0.0,9.725,1014.0500000000001,0.2916666666666667
Serena,2024-11-28,27.008333333333336,22.7,30.1,66.08333333333333,0.6000000000000001,17.279166666666665,1014.4499999999999,2.0416666666666665
Serena,2024-11-29,26.337500000000002,24.7,27.7,56.375,0.0,20.775000000000002,1016.2416666666667,2.25
Serena,2024-11-30,24.875,21.0,27.5,50.791666666666664,0.0,20.462500000000002,1015.9250000000001,2.4583333333333335
Serena,2024-12-01,24.641666666666666,23.5,26.0,47.0,0.0,20.116666666666667,1013.8874999999999,2.5
Serena,2024-12-02,23.420833333333334,19.0,26.4,50.291666666666664,0.0,11.325000000000001,1013.6625,2.4166666666666665
Serena,2024-12-03,22.78333333333333,17.6,27.1,43.0,0.0,10.65,1016.0041666666666,0.7083333333333334
Serena,2024-12-04,23.34166666666667,18.6,27.0,41.833333333333336,0.0,9.979166666666666,1017.3166666666666,0.4583333333333333
Serena,2024-12-05,22.941666666666666,17.8,27.0,47.875,0.0,8.908333333333333,1017.5375,0.20833333333333334
Serena,2024-12-06,23.72083333333333,18.7,28.0,61.583333333333336,0.0,8.508333333333333,1017.7874999999999,0.5416666666666666
Serena,2024-12-07,25.266666666666666,22.0,29.7,61.291666666666664,0.0,9.958333333333334,1017.4791666666666,1.0833333333333333
Serena,2024-12-08,24.75,19.8,29.8,45.041666666666664,0.0,11.766666666666666,1019.3458333333333,0.08333333333333333
Serena,2024-12-09,23.587500000000002,17.8,28.6,44.583333333333336,0.0,10.508333333333333,1018.4958333333334,0.5416666666666666
Serena,2024-12-10,23.558333333333334,19.0,27.3,56.458333333333336,0.0,9.641666666666667,1016.9125,2.0416666666666665
Serena,2024-12-11,24.054166666666664,20.4,28.5,54.666666666666664,0.0,13.299999999999999,1017.9666666666667,1.75
Serena,2024-12-12,23.825,19.5,28.8,47.625,0.0,10.645833333333334,1018.0291666666667,0.5833333333333334
Serena,2024-12-13,23.370833333333334,19.1,28.0,49.666666666666664,0.0,9.55,1016.9458333333333,0.75
Serena,2024-12-14,23.5125,19.5,27.0,51.458333333333336,0.0,11.895833333333334,1016.7375000000001,1.2916666666666667
Serena,2024-12-15,21.945833333333336,18.2,25.7,55.125,0.39999999999999997,13.429166666666667,1019.5166666666668,2.4166666666666665
Serena,2024-12-16,21.84166666666667,17.7,25.3,51.875,0.0,10.933333333333332,1021.0749999999999,1.5
Serena,2024-12-17,21.304166666666667,17.2,24.4,42.875,0.0,9.025,1019.4916666666667,0.75
Serena,2024-12-18,21.583333333333332,18.7,24.7,51.833333333333336,0.0,13.491666666666667,1016.7958333333332,4.375
Serena,2024-12-19,20.754166666666666,16.9,24.7,54.708333333333336,0.0,10.116666666666667,1016.15,3.3333333333333335
Serena,2024-12-20,20.85833333333333,15.6,26.0,53.916666666666664,0.0,9.0,1016.8166666666666,0.9583333333333334
Serena,2024-12-21,20.629166666666666,15.9,25.0,54.208333333333336,0.0,11.004166666666668,1015.2041666666668,1.1666666666666667
Serena,2024-12-22,20.395833333333332,16.0,24.3,59.583333333333336,0.0,16.066666666666666,1014.8833333333333,2.0
Serena,2024-12-23,20.395833333333332,15.9,25.0,59.833333333333336,0.30000000000000004,10.133333333333333,1016.225,1.6666666666666667
Serena,2024-12-24,22.141666666666666,16.7,27.0,58.083333333333336,0.0,9.375,1017.0416666666666,1.375
Serena,2024-12-25,22.066666666666666,17.7,25.7,59.708333333333336,0.0,10.070833333333333,1018.2958333333332,1.2083333333333333
Serena,2024-12-26,21.816666666666666,17.0,26.2,60.916666666666664,0.30000000000000004,9.366666666666667,1020.6083333333332,0.9583333333333334
Serena,2024-12-27,22.495833333333334,18.2,28.0,50.625,0.0,10.1875,1021.3291666666668,0.20833333333333334
Serena,2024-12-28,22.162499999999998,16.6,27.7,51.791666666666664,0.0,9.7125,1020.6083333333332,1.0
Serena,2024-12-29,21.954166666666666,16.7,26.0,61.166666666666664,0.0,9.450000000000001,1019.5500000000001,2.0833333333333335
Serena,2024-12-30,22.766666666666666,18.9,27.3,72.125,0.0,8.591666666666667,1018.0333333333333,2.125
Serena,2024-12-31,23.754166666666666,20.2,28.0,64.54166666666667,0.0,8.950000000000001,1017.0166666666668,3.0833333333333335
Serena,2025-01-01,22.583333333333332,19.7,26.4,60.958333333333336,0.0,16.604166666666668,1016.2249999999999,3.7916666666666665
Serena,2025-01-02,21.616666666666664,20.3,23.0,41.583333333333336,0.0,28.570833333333336,1018.6541666666667,2.4583333333333335
Serena,2025-01-03,19.529166666666665,16.5,22.0,43.458333333333336,0.0,12.554166666666667,1020.5,1.875
Serena,2025-01-04,18.558333333333334,12.9,22.7,37.958333333333336,0.0,11.054166666666667,1021.4833333333332,1.375
Serena,2025-01-05,18.929166666666667,13.4,22.7,48.208333333333336,0.0,10.458333333333334,1020.9499999999999,1.5833333333333333
Serena,2025-01-06,19.558333333333334,13.9,25.0,49.916666666666664,0.0,12.5875,1019.6583333333333,0.08333333333333333
Serena,2025-01-07,20.525000000000002,15.3,26.7,50.166666666666664,0.0,10.475,1019.5333333333333,2.625
Serena,2025-01-08,20.254166666666666,14.5,25.0,55.333333333333336,0.0,10.612499999999999,1017.4875000000001,2.75
Serena,2025-01-09,20.141666666666666,16.7,23.7,68.29166666666667,0.30000000000000004,11.8375,1015.8083333333333,2.0833333333333335
Serena,2025-01-10,20.224999999999998,15.2,25.0,62.833333333333336,0.0,10.762500000000001,1017.8541666666666,0.5833333333333334
Serena,2025-01-11,20.974999999999998,14.7,27.7,46.75,0.0,9.7875,1018.8541666666666,0.041666666666666664
Serena,2025-01-12,20.8625,13.7,26.3,45.416666666666664,0.0,8.983333333333333,1018.5,0.4166666666666667
Serena,2025-01-13,21.220833333333335,17.7,24.0,62.541666666666664,0.6,15.325000000000001,1018.7041666666668,3.4166666666666665
Serena,2025-01-14,20.866666666666667,16.4,23.7,59.875,0.0,12.983333333333334,1019.2166666666667,2.0
Serena,2025-01-15,20.570833333333333,15.2,24.7,60.25,0.0,10.645833333333334,1021.0541666666667,0.6666666666666666
Serena,2025-01-16,20.9875,16.2,25.0,59.583333333333336,0.0,10.5625,1020.6125000000001,1.4166666666666667
Serena,2025-01-17,19.941666666666666,16.7,23.1,68.58333333333333,0.0,12.179166666666667,1017.5833333333334,1.3333333333333333
Serena,2025-01-18,19.833333333333332,16.4,23.3,56.625,0.7,19.229166666666668,1014.3916666666668,2.7916666666666665
Serena,2025-01-19,20.2625,15.5,23.0,49.916666666666664,0.0,17.075,1015.6666666666666,3.25
Serena,2025-01-20,19.383333333333333,15.1,22.7,52.5,0.0,13.512500000000001,1017.3000000000001,2.2083333333333335
Serena,2025-01-21,19.670833333333334,14.7,23.1,50.125,0.0,22.583333333333332,1017.3916666666668,1.7916666666666667
Serena,2025-01-22,20.616666666666667,14.9,24.7,41.666666666666664,0.0,15.579166666666666,1019.6583333333333,1.0833333333333333
Serena,2025-01-23,19.662499999999998,14.3,25.0,39.041666666666664,0.0,13.35,1021.2166666666667,0.4166666666666667
Serena,2025-01-24,19.895833333333332,13.9,26.3,37.75,0.0,12.3125,1018.2375000000001,0.20833333333333334
Serena,2025-01-25,19.591666666666665,13.9,24.0,43.833333333333336,0.0,8.387500000000001,1017.5458333333332,0.08333333333333333
Serena,2025-01-26,20.341666666666665,14.7,25.0,54.083333333333336,0.0,9.5,1016.9125,0.2916666666666667
Serena,2025-01-27,20.858333333333334,14.7,26.2,60.041666666666664,0.0,9.470833333333333,1015.0875,1.5416666666666667
Serena,2025-01-28,21.820833333333336,18.1,25.0,66.5,0.0,16.1125,1015.0458333333332,1.8333333333333333
Serena,2025-01-29,21.179166666666667,16.7,23.7,57.583333333333336,0.0,14.691666666666668,1017.7166666666667,0.9583333333333334
Serena,2025-01-30,20.095833333333335,15.0,24.0,59.125,0.0,11.433333333333332,1018.1541666666667,1.125
Serena,2025-01-31,21.108333333333334,19.7,23.0,44.875,0.0,13.854166666666666,1016.8874999999999,2.25
Serena,2025-02-01,20.0625,14.3,24.7,46.666666666666664,0.0,9.950000000000001,1016.8125,0.3333333333333333
Serena,2025-02-02,19.595833333333335,15.7,23.0,49.958333333333336,0.30000000000000004,16.0,1016.7958333333332,1.875
Serena,2025-02-03,20.320833333333333,15.9,23.0,43.625,0.0,13.370833333333332,1017.5375,2.75
Serena,2025-02-04,19.474999999999998,14.7,23.3,51.791666666666664,0.0,11.4,1019.0541666666667,0.625
Serena,2025-02-05,19.245833333333334,13.5,25.0,57.166666666666664,0.0,9.158333333333333,1017.0791666666668,0.9166666666666666
Serena,2025-02-06,21.770833333333332,15.6,29.0,54.875,0.0,13.091666666666667,1014.3666666666667,2.125
Serena,2025-02-07,23.145833333333332,20.2,28.3,59.833333333333336,0.0,15.454166666666666,1013.65,4.333333333333333
Serena,2025-02-08,23.391666666666666,21.2,29.0,63.708333333333336,0.0,19.820833333333333,1012.8416666666667,2.5833333333333335
Serena,2025-02-09,21.679166666666664,20.7,23.9,58.0,0.0,16.795833333333334,1014.3291666666668,4.666666666666667
Serena,2025-02-10,20.154166666666665,17.2,22.7,55.375,0.0,13.674999999999999,1016.7708333333334,2.7916666666666665
Serena,2025-02-11,20.5,14.9,25.3,55.125,0.0,9.820833333333333,1017.8166666666666,1.5833333333333333
Serena,2025-02-12,23.945833333333336,18.1,32.0,49.083333333333336,0.0,11.15,1016.5208333333334,3.2083333333333335
Serena,2025-02-13,26.22083333333333,20.9,32.0,36.666666666666664,0.0,13.3125,1016.0124999999999,4.666666666666667
Serena,2025-02-14,25.662499999999998,23.0,30.0,51.375,0.0,14.075000000000001,1016.5333333333333,5.625
Serena,2025-02-15,22.90416666666667,20.3,26.0,70.875,0.0,12.237499999999999,1015.2791666666667,4.25
Serena,2025-02-16,24.108333333333334,21.7,26.1,60.541666666666664,1.9,11.4375,1014.3541666666666,5.083333333333333
Serena,2025-02-17,25.78333333333333,22.5,32.0,52.375,2.3,15.104166666666666,1013.9124999999999,4.833333333333333
Serena,2025-02-18,23.808333333333334,21.5,27.0,58.916666666666664,2.2,10.0,1015.2208333333333,4.458333333333333
Serena,2025-02-19,22.991666666666664,20.5,26.0,59.5,0.0,10.804166666666667,1014.8333333333334,2.9166666666666665
Serena,2025-02-20,22.933333333333334,18.9,27.7,54.625,0.7,10.520833333333334,1011.8499999999999,3.5416666666666665
Serena,2025-02-21,25.53333333333333,22.7,30.3,48.708333333333336,1.7,11.929166666666667,1013.3499999999999,2.3333333333333335
Serena,2025-02-22,23.712500000000002,19.7,28.0,59.916666666666664,0.0,8.775,1015.2708333333334,1.125
Serena,2025-02-23,26.2,19.5,35.3,48.916666666666664,0.0,12.758333333333333,1012.4291666666667,2.5
Serena,2025-02-24,25.162499999999998,23.7,27.3,65.0,0.0,12.4125,1012.2833333333333,4.416666666666667
Serena,2025-02-25,22.25,19.7,23.7,60.75,0.3,21.34583333333333,1016.4875000000001,6.5
Serena,2025-02-26,19.995833333333334,16.7,22.0,55.125,0.0,13.254166666666668,1019.1291666666666,5.208333333333333
Serena,2025-02-27,20.841666666666665,20.0,22.0,54.625,0.0,19.841666666666665,1018.2333333333332,6.583333333333333
Serena,2025-02-28,20.8625,19.0,23.0,50.541666666666664,0.0,19.804166666666667,1016.5416666666666,3.2083333333333335
Serena,2025-03-01,20.170833333333334,16.0,23.7,56.708333333333336,0.0,12.5375,1015.2624999999999,2.5416666666666665
Serena,2025-03-02,20.900000000000002,17.6,24.0,55.291666666666664,0.0,16.429166666666667,1014.9458333333333,2.375
Serena,2025-03-03,21.2375,17.7,24.0,41.666666666666664,0.0,13.583333333333334,1017.475,0.625
Serena,2025-03-04,23.004166666666666,16.1,29.7,38.791666666666664,0.0,18.1375,1017.0666666666666,2.0833333333333335
Serena,2025-03-05,24.8125,21.7,31.0,42.458333333333336,0.0,18.579166666666666,1016.9250000000001,4.083333333333333
Serena,2025-03-06,25.662499999999998,20.7,31.0,36.375,0.0,12.1,1016.1750000000001,1.5833333333333333
Serena,2025-03-07,28.429166666666664,22.4,33.7,25.5,0.0,11.5875,1013.3125,1.5833333333333333
Serena,2025-03-08,29.099999999999998,24.7,35.9,20.5,0.0,12.791666666666666,1009.6333333333333,2.0416666666666665
Serena,2025-03-09,27.59166666666667,24.2,31.7,31.916666666666668,0.0,15.620833333333332,1010.4541666666665,4.416666666666667
Serena,2025-03-10,26.870833333333334,23.8,30.8,48.458333333333336,0.7,12.716666666666667,1012.6958333333333,5.25
Serena,2025-03-11,28.541666666666668,25.2,35.7,39.166666666666664,0.1,9.804166666666667,1013.0500000000001,4.791666666666667
Serena,2025-03-12,27.995833333333334,25.0,31.4,40.458333333333336,0.0,10.770833333333334,1013.5416666666666,5.041666666666667
Serena,2025-03-13,24.77916666666667,22.0,27.5,58.875,0.0,14.516666666666666,1013.6666666666666,3.625
Serena,2025-03-14,23.191666666666666,18.2,27.2,68.20833333333333,0.0,10.754166666666668,1013.7958333333332,0.4583333333333333
Serena,2025-03-15,24.808333333333334,19.1,30.7,60.291666666666664,0.0,11.887500000000001,1014.1999999999999,0.7916666666666666
Serena,2025-03-16,25.90416666666667,19.7,33.0,50.791666666666664,0.0,12.174999999999999,1015.2291666666666,2.0416666666666665
Serena,2025-03-17,25.0,23.5,28.8,61.291666666666664,0.0,10.85,1014.6041666666666,3.2916666666666665
Serena,2025-03-18,23.25,17.5,28.7,65.75,0.0,12.9,1013.6374999999999,1.2083333333333333
Serena,2025-03-19,24.1375,18.7,29.4,52.0,0.0,11.200000000000001,1013.4958333333334,0.5833333333333334
Serena,2025-03-20,26.179166666666664,18.7,32.1,44.25,0.0,9.075000000000001,1013.9041666666667,1.0833333333333333
Serena,2025-03-21,28.133333333333336,21.4,36.7,33.125,0.0,12.987499999999999,1014.65,1.375
Serena,2025-03-22,29.6375,24.6,35.0,21.083333333333332,0.0,15.629166666666668,1013.7041666666665,1.4166666666666667
Serena,2025-03-23,28.97083333333333,25.4,35.0,31.875,0.0,13.841666666666667,1013.2291666666666,4.166666666666667
Serena,2025-03-24,24.9375,21.7,27.0,61.083333333333336,0.0,19.008333333333333,1015.3708333333333,2.9166666666666665
Serena,2025-03-25,22.008333333333336,20.7,24.7,53.666666666666664,0.0,25.59583333333333,1014.5708333333333,2.5
Serena,2025-03-26,22.045833333333334,17.4,26.0,57.541666666666664,0.0,15.366666666666667,1012.6583333333333,1.375
Serena,2025-03-27,23.325,17.9,29.0,60.541666666666664,0.0,12.341666666666667,1013.4333333333334,0.75
Serena,2025-03-28,25.054166666666664,19.9,29.3,55.333333333333336,0.0,10.791666666666666,1013.2624999999999,2.5
Serena,2025-03-29,26.7,20.7,32.3,37.875,0.0,12.654166666666667,1012.6125000000001,0.625
Serena,2025-03-30,27.508333333333336,21.5,33.4,37.708333333333336,0.0,10.262500000000001,1012.4625,0.625
Serena,2025-03-31,28.504166666666666,23.4,35.2,27.875,0.0,10.579166666666667,1012.5500000000001,0.7916666666666666
Serena,2025-04-01,28.15416666666667,23.0,34.3,32.875,0.0,11.7125,1011.4958333333334,1.25
Serena,2025-04-02,27.504166666666666,22.1,32.3,39.0,0.0,9.458333333333334,1010.2291666666666,0.5416666666666666
Serena,2025-04-03,28.65833333333333,22.4,38.4,42.5,0.0,11.016666666666666,1010.1208333333334,0.75
Serena,2025-04-04,31.666666666666668,24.7,39.3,23.708333333333332,0.0,11.5,1010.7291666666666,0.75
Serena,2025-04-05,32.045833333333334,26.4,39.9,17.833333333333332,0.0,12.958333333333334,1011.2291666666666,0.75
Serena,2025-04-06,31.662499999999998,25.1,40.0,21.5,0.0,11.504166666666668,1011.0083333333333,1.2916666666666667
Serena,2025-04-07,31.46666666666667,25.1,39.0,26.833333333333332,0.0,12.083333333333334,1011.0833333333334,2.8333333333333335
Serena,2025-04-08,31.037499999999998,24.2,36.5,32.0,0.0,12.408333333333333,1010.2291666666666,2.3333333333333335
Serena,2025-04-09,28.6125,24.0,32.4,52.041666666666664,0.0,13.570833333333333,1009.1666666666666,0.125
Serena,2025-04-10,28.170833333333334,23.4,32.7,56.083333333333336,0.0,11.433333333333332,1006.4333333333333,0.4166666666666667
Serena,2025-04-11,29.383333333333336,23.2,36.7,51.291666666666664,0.0,11.5375,1003.6791666666667,0.3333333333333333
Serena,2025-04-12,32.483333333333334,26.4,39.3,27.875,0.0,10.733333333333334,1003.9,0.4166666666666667
Serena,2025-04-13,34.84166666666667,29.4,40.0,20.583333333333332,0.0,13.979166666666666,1006.8375,0.20833333333333334
Serena,2025-04-14,34.09166666666667,28.9,41.0,26.166666666666668,0.0,11.870833333333332,1008.2583333333333,1.2083333333333333
Serena,2025-04-15,33.520833333333336,29.7,41.0,30.375,0.0,13.695833333333333,1008.2166666666667,2.9166666666666665
Serena,2025-04-16,30.1125,26.0,35.3,52.166666666666664,0.0,14.725,1009.2291666666666,0.0
Serena,2025-04-17,27.666666666666668,23.7,31.4,51.5,0.0,17.849999999999998,1009.4291666666667,0.25
Serena,2025-04-18,27.041666666666668,25.7,29.0,53.125,0.0,20.099999999999998,1009.375,0.5416666666666666
Serena,2025-04-19,26.316666666666666,22.7,30.0,55.25,0.0,15.775,1009.6791666666667,1.2916666666666667
Serena,2025-04-20,26.495833333333334,22.3,30.2,55.25,0.0,12.608333333333333,1010.0416666666666,0.8333333333333334
Serena,2025-04-21,28.166666666666668,23.0,35.2,54.958333333333336,0.0,10.970833333333333,1011.6541666666667,0.5416666666666666
Serena,2025-04-22,29.883333333333336,23.4,35.7,42.25,0.0,9.6625,1012.7083333333334,0.375
Serena,2025-04-23,33.09166666666667,25.9,38.0,25.333333333333332,0.0,9.491666666666667,1010.3583333333332,0.4583333333333333
Serena,2025-04-24,30.041666666666668,26.6,35.0,43.125,0.0,10.995833333333332,1007.0083333333333,0.3333333333333333
Serena,2025-04-25,29.96666666666667,23.9,37.5,52.291666666666664,0.0,11.575000000000001,1006.7624999999999,0.5416666666666666
Serena,2025-04-26,33.06666666666667,25.7,42.3,34.291666666666664,0.0,10.0,1006.4625,3.2083333333333335
Serena,2025-04-27,35.8375,28.4,43.7,21.583333333333332,0.0,10.816666666666668,1006.8458333333333,3.7083333333333335
Serena,2025-04-28,36.15833333333333,30.4,43.1,16.166666666666668,0.0,11.875,1005.8125,3.3333333333333335
Serena,2025-04-29,35.8875,29.4,43.7,19.0,0.0,11.700000000000001,1004.4166666666666,0.6666666666666666
Serena,2025-04-30,34.93333333333333,29.1,41.8,26.75,0.0,12.720833333333333,1005.3291666666665,0.4583333333333333
Serena,2025-05-01,34.50833333333333,29.1,40.7,25.916666666666668,0.0,11.866666666666667,1006.5208333333334,0.5416666666666666
Serena,2025-05-02,34.05416666666667,27.2,40.3,33.208333333333336,0.0,10.012500000000001,1006.5,0.125
Serena,2025-05-03,33.916666666666664,28.7,38.5,33.208333333333336,0.0,14.0625,1005.0749999999999,1.3333333333333333
Serena,2025-05-04,35.083333333333336,29.2,42.0,24.208333333333332,0.0,14.033333333333333,1003.7833333333333,1.125
Serena,2025-05-05,35.5375,29.4,41.3,22.208333333333332,0.0,13.025,1003.3541666666666,0.75
Serena,2025-05-06,33.84166666666667,29.7,38.1,35.833333333333336,0.0,17.891666666666666,1003.6875,0.0
Serena,2025-05-07,30.958333333333332,28.0,33.0,45.916666666666664,0.0,20.962500000000002,1004.9208333333332,0.3333333333333333
Serena,2025-05-08,28.412499999999998,24.0,32.3,52.25,0.0,19.916666666666668,1004.3791666666666,0.5
Serena,2025-05-09,29.079166666666666,24.0,36.2,56.625,0.0,12.575000000000001,1006.0041666666666,0.5
Serena,2025-05-10,30.316666666666666,25.5,34.5,63.583333333333336,0.0,11.766666666666666,1006.9583333333334,0.16666666666666666
Serena,2025-05-11,32.6125,27.7,38.0,46.833333333333336,0.0,11.975,1005.9666666666667,0.375
Serena,2025-05-12,34.641666666666666,29.7,40.5,32.375,0.0,10.779166666666667,1004.1916666666666,0.8333333333333334
Serena,2025-05-13,35.31666666666667,29.4,42.0,27.041666666666668,0.0,12.016666666666666,1004.1208333333333,0.4166666666666667
Serena,2025-05-14,35.09166666666667,29.7,40.7,30.583333333333332,0.0,14.195833333333333,1005.0999999999999,0.25
Serena,2025-05-15,35.63333333333333,29.4,41.0,26.083333333333332,0.0,14.433333333333332,1006.4208333333332,0.16666666666666666
Serena,2025-05-16,33.708333333333336,29.4,39.0,32.916666666666664,0.0,12.1625,1005.6791666666667,0.2916666666666667
Serena,2025-05-17,31.320833333333336,27.0,35.5,60.166666666666664,0.0,16.525000000000002,1004.2958333333332,0.25
Serena,2025-05-18,30.858333333333334,26.0,35.7,52.375,0.0,12.441666666666668,1004.5583333333333,0.20833333333333334
Serena,2025-05-19,31.933333333333334,26.9,36.0,56.041666666666664,0.0,10.758333333333333,1002.6999999999999,0.2916666666666667
Serena,2025-05-20,33.512499999999996,28.7,38.0,55.541666666666664,0.0,10.529166666666667,1001.7083333333334,0.16666666666666666
Serena,2025-05-21,34.362500000000004,28.7,41.2,47.125,0.0,10.529166666666667,1001.025,0.0
Serena,2025-05-22,35.425000000000004,28.5,43.7,46.875,0.0,11.441666666666668,999.9833333333332,0.125
Serena,2025-05-23,37.25833333333333,31.1,44.5,27.208333333333332,0.0,10.887500000000001,997.5583333333333,0.16666666666666666
Serena,2025-05-24,37.93333333333333,31.1,46.5,24.5,0.0,11.375,996.6666666666666,0.2916666666666667
Serena,2025-05-25,36.28333333333333,30.9,44.2,35.416666666666664,0.0,13.391666666666666,997.8249999999999,0.375
Serena,2025-05-26,36.954166666666666,29.9,45.2,37.666666666666664,0.0,14.704166666666666,1000.1166666666667,0.16666666666666666
Serena,2025-05-27,34.35,30.5,37.3,41.958333333333336,0.0,14.745833333333332,1000.1125000000001,0.0
Serena,2025-05-28,33.5625,28.9,37.7,48.958333333333336,0.0,13.625,999.6541666666667,0.041666666666666664
Serena,2025-05-29,35.512499999999996,29.7,43.0,43.0,0.0,11.808333333333332,999.0749999999999,0.041666666666666664
Serena,2025-05-30,35.333333333333336,30.7,40.3,40.333333333333336,0.0,12.504166666666668,998.8791666666666,0.041666666666666664
Serena,2025-05-31,34.09583333333333,29.0,39.3,50.958333333333336,0.0,15.204166666666666,1000.5833333333334,0.0
Serena,2025-06-01,32.47083333333333,27.7,37.0,52.25,0.0,12.258333333333333,1002.225,0.20833333333333334
Serena,2025-06-02,34.44583333333333,28.9,40.0,46.666666666666664,0.0,10.883333333333333,1000.2624999999999,0.25
Serena,2025-06-03,32.9,27.7,38.5,60.916666666666664,0.0,12.208333333333334,998.7125,0.0
Serena,2025-06-04,32.041666666666664,28.0,37.0,64.375,0.0,15.941666666666668,999.6166666666667,0.20833333333333334
Serena,2025-06-05,31.833333333333332,27.0,38.9,57.041666666666664,0.0,14.866666666666667,1002.1458333333334,0.0
Serena,2025-06-06,31.25,26.7,36.5,57.041666666666664,0.0,14.679166666666667,1005.0166666666665,0.5
Serena,2025-06-07,32.020833333333336,27.2,36.0,64.20833333333333,0.0,14.066666666666668,1005.4083333333333,0.5416666666666666
Serena,2025-06-08,33.262499999999996,30.5,38.0,64.20833333333333,0.0,13.637500000000001,1004.75,0.3333333333333333
Serena,2025-06-09,35.541666666666664,30.5,40.0,46.166666666666664,0.1,14.091666666666667,1004.5833333333334,0.4166666666666667
Serena,2025-06-10,37.079166666666666,30.9,42.7,37.291666666666664,0.0,12.529166666666667,1002.6999999999999,0.0
Serena,2025-06-11,36.94166666666667,31.9,42.0,31.583333333333332,0.0,12.700000000000001,1002.1041666666666,0.0
Serena,2025-06-12,37.46666666666667,32.4,44.2,32.125,0.0,11.575000000000001,1001.5166666666665,0.0
Serena,2025-06-13,37.13333333333333,32.7,43.3,36.75,0.0,11.708333333333334,1000.8208333333333,0.041666666666666664
Serena,2025-06-14,36.949999999999996,31.7,44.3,36.75,0.0,12.645833333333334,999.8083333333333,0.0
Serena,2025-06-15,35.78333333333333,32.2,39.2,32.916666666666664,0.0,11.508333333333333,996.9708333333333,0.041666666666666664
Serena,2025-06-16,36.454166666666666,31.9,40.4,41.291666666666664,0.0,12.220833333333333,994.9375,0.0
Serena,2025-06-17,37.65416666666667,31.2,44.3,39.791666666666664,0.0,12.120833333333332,995.2708333333334,0.0
Serena,2025-06-18,36.00833333333333,30.3,42.3,41.833333333333336,0.0,12.8375,996.4833333333332,0.0
Serena,2025-06-19,34.954166666666666,30.3,41.0,60.291666666666664,0.0,13.8375,996.7624999999999,0.0
Serena,2025-06-20,34.78333333333333,30.0,42.0,58.083333333333336,0.0,13.533333333333333,997.1166666666667,0.625
Serena,2025-06-21,34.82083333333333,29.6,41.7,59.666666666666664,0.0,11.375,998.0333333333333,0.375
Serena,2025-06-22,34.96666666666667,30.0,41.3,53.416666666666664,0.0,10.708333333333334,997.7458333333333,0.125
Serena,2025-06-23,34.666666666666664,29.7,39.5,53.916666666666664,0.0,14.658333333333333,996.2208333333333,0.4166666666666667
Serena,2025-06-24,35.125,30.0,41.5,41.583333333333336,0.0,16.129166666666666,994.975,0.20833333333333334
Serena,2025-06-25,34.762499999999996,30.7,40.3,43.0,0.0,14.325000000000001,994.1416666666668,0.5833333333333334
Serena,2025-06-26,34.50833333333333,30.0,38.3,60.416666666666664,0.0,12.5875,995.3666666666667,0.041666666666666664
Serena,2025-06-27,36.420833333333334,32.7,43.0,45.333333333333336,0.0,12.320833333333333,994.8874999999999,0.5416666666666666
Serena,2025-06-28,36.333333333333336,33.2,41.3,51.416666666666664,0.0,11.65,994.1291666666666,1.2083333333333333
Serena,2025-06-29,35.24583333333333,32.9,38.5,56.083333333333336,0.0,11.208333333333334,993.1291666666666,2.0
Serena,2025-06-30,34.237500000000004,30.8,38.0,59.833333333333336,0.0,11.299999999999999,993.3249999999999,1.375
Serena,2025-07-01,35.90833333333334,30.2,41.0,49.416666666666664,0.0,10.304166666666667,994.15,0.5416666666666666
Serena,2025-07-02,34.954166666666666,30.9,38.8,54.458333333333336,0.0,11.737499999999999,994.8041666666667,0.08333333333333333
Serena,2025-07-03,34.479166666666664,31.0,39.7,64.25,0.0,13.579166666666666,994.9541666666668,0.5416666666666666
Serena,2025-07-04,34.42916666666667,30.7,39.3,65.58333333333333,0.0,13.445833333333333,995.5875,0.9166666666666666
Serena,2025-07-05,34.74583333333333,32.3,38.0,64.0,0.0,11.695833333333333,995.8083333333333,0.625
Serena,2025-07-06,33.770833333333336,30.9,38.3,60.0,0.0,17.270833333333332,995.2583333333333,1.0
Serena,2025-07-07,33.44166666666667,29.0,37.0,51.25,0.0,16.304166666666667,995.7666666666665,0.4166666666666667
Serena,2025-07-08,33.99166666666667,30.0,38.3,47.416666666666664,0.0,12.395833333333334,996.4416666666666,0.20833333333333334
Serena,2025-07-09,34.49583333333333,29.9,38.0,40.416666666666664,0.0,9.983333333333333,996.5875,0.2916666666666667
Serena,2025-07-10,35.38333333333333,30.7,39.5,33.166666666666664,0.0,10.125,996.5625,0.4583333333333333
Serena,2025-07-11,36.916666666666664,31.9,43.0,42.333333333333336,0.0,15.066666666666668,997.0458333333332,0.16666666666666666
Serena,2025-07-12,37.30416666666667,32.7,42.3,42.166666666666664,0.0,17.26666666666667,998.4416666666666,3.0833333333333335
Serena,2025-07-13,37.975,31.0,46.4,38.666666666666664,0.0,15.795833333333334,998.7333333333332,0.3333333333333333
Serena,2025-07-14,39.59583333333333,33.1,46.7,28.041666666666668,0.0,16.3625,997.1666666666666,0.5833333333333334
Serena,2025-07-15,39.67916666666667,33.5,46.2,25.0,0.0,14.741666666666667,996.2041666666668,0.625
Serena,2025-07-16,38.21666666666667,32.6,45.5,31.291666666666668,0.0,14.745833333333332,996.7875,0.5
Serena,2025-07-17,37.416666666666664,30.5,43.7,32.25,0.0,13.5375,997.2458333333334,0.16666666666666666
Serena,2025-07-18,38.895833333333336,32.2,46.2,35.458333333333336,0.0,17.295833333333334,997.1333333333333,0.6666666666666666
Serena,2025-07-19,38.3125,32.5,45.2,38.708333333333336,0.0,15.958333333333334,995.975,0.125
Serena,2025-07-20,36.62083333333333,30.8,42.2,51.791666666666664,0.0,12.049999999999999,994.0833333333334,1.7083333333333333
Serena,2025-07-21,38.7125,31.5,46.9,40.708333333333336,0.0,15.775,994.5375,1.2916666666666667
Serena,2025-07-22,38.49166666666667,31.0,46.5,42.583333333333336,0.0,18.645833333333332,995.4791666666666,3.5
Serena,2025-07-23,35.762499999999996,31.4,42.1,57.833333333333336,0.0,11.808333333333332,993.8958333333334,4.541666666666667
Serena,2025-07-24,35.262499999999996,29.3,41.8,62.958333333333336,0.0,12.762500000000001,991.8916666666668,0.0
Serena,2025-07-25,38.15,31.3,45.3,45.333333333333336,0.0,21.429166666666664,992.0166666666668,0.5416666666666666
Serena,2025-07-26,38.516666666666666,31.8,46.2,39.291666666666664,0.0,18.4625,994.2875,1.0416666666666667
Serena,2025-07-27,38.7875,31.8,46.4,34.416666666666664,0.0,15.387500000000001,995.35,2.875
Serena,2025-07-28,38.175000000000004,31.3,47.1,38.875,0.0,15.241666666666667,995.9791666666666,2.0
Serena,2025-07-29,37.88333333333333,31.8,46.6,34.958333333333336,0.0,16.6375,996.8874999999999,0.375
Serena,2025-07-30,36.4125,30.8,42.9,43.125,0.0,15.208333333333334,996.1666666666666,0.7083333333333334
Serena,2025-07-31,38.05416666666667,31.0,46.4,38.333333333333336,0.0,13.025,993.8041666666667,3.9166666666666665
Serena,2025-08-01,39.05416666666667,33.0,46.5,35.125,0.0,24.349999999999998,994.6291666666666,3.5
Serena,2025-08-02,38.275,30.3,45.6,41.75,0.0,18.920833333333334,996.8916666666668,1.5
Serena,2025-08-03,38.233333333333334,31.3,44.4,38.791666666666664,0.0,18.579166666666666,997.8041666666667,3.0416666666666665
Serena,2025-08-04,37.6875,31.8,44.1,41.625,0.0,19.716666666666665,999.3208333333333,0.20833333333333334
Serena,2025-08-05,37.55416666666667,33.1,43.1,37.125,0.0,17.720833333333335,999.7624999999999,0.9166666666666666
Serena,2025-08-06,37.81666666666667,33.2,44.0,36.791666666666664,0.0,17.224999999999998,999.3000000000001,0.5416666666666666
Serena,2025-08-07,37.6875,33.0,43.5,37.5,0.0,17.825,999.5541666666667,0.5833333333333334
Serena,2025-08-08,37.13333333333333,31.6,43.1,42.916666666666664,0.0,18.908333333333335,1000.6,0.041666666666666664
Serena,2025-08-09,37.512499999999996,34.0,42.8,36.583333333333336,0.0,17.216666666666665,1002.4916666666667,0.875
Serena,2025-08-10,37.47083333333333,32.2,43.3,37.375,0.0,17.316666666666666,1001.8291666666668,3.0833333333333335
Serena,2025-08-11,37.362500000000004,34.2,42.9,35.416666666666664,0.0,19.425,1001.8041666666667,1.0
Serena,2025-08-12,36.49583333333333,31.8,42.7,36.25,0.0,16.575,1001.4666666666667,0.0
Serena,2025-08-13,35.72083333333333,30.4,41.8,45.0,0.0,14.491666666666667,999.2125,0.6666666666666666
Serena,2025-08-14,36.38333333333333,29.7,42.1,41.333333333333336,0.0,11.241666666666667,997.1125000000001,2.9166666666666665
Serena,2025-08-15,36.32083333333333,31.9,42.5,48.583333333333336,0.0,31.679166666666664,996.5625,4.333333333333333
Serena,2025-08-16,36.68333333333333,29.6,44.7,45.791666666666664,0.0,23.191666666666666,996.8583333333332,2.25
Serena,2025-08-17,37.25416666666667,30.7,43.9,39.666666666666664,0.0,16.591666666666665,997.3541666666666,3.0416666666666665
Serena,2025-08-18,37.37083333333333,32.3,43.1,38.666666666666664,0.0,14.929166666666667,998.6958333333333,4.75
Serena,2025-08-19,37.295833333333334,33.3,43.2,43.208333333333336,0.0,17.420833333333334,998.1791666666667,7.083333333333333
Serena,2025-08-20,37.31666666666667,31.6,43.8,43.791666666666664,0.0,18.566666666666666,996.975,2.7083333333333335
Serena,2025-08-21,36.81666666666667,32.2,42.4,42.791666666666664,0.0,18.516666666666666,999.025,0.75
Serena,2025-08-22,35.59583333333334,31.2,41.4,50.666666666666664,0.0,18.654166666666665,999.9333333333334,0.8333333333333334
Serena,2025-08-23,35.579166666666666,31.7,41.7,49.666666666666664,0.0,17.720833333333335,998.2958333333332,0.4166666666666667
Serena,2025-08-24,34.800000000000004,29.7,41.0,53.333333333333336,0.0,16.008333333333333,998.7291666666666,0.875
Serena,2025-08-25,35.59583333333333,29.7,43.1,36.083333333333336,0.0,14.4375,998.85,1.5
Serena,2025-08-26,36.4,29.8,43.6,25.0,0.0,12.266666666666666,998.9208333333332,2.125
Serena,2025-08-27,36.86666666666667,30.2,44.6,42.833333333333336,0.0,18.833333333333332,998.6750000000001,0.5416666666666666
Serena,2025-08-28,36.891666666666666,29.9,44.2,37.375,0.0,15.929166666666667,999.6458333333334,0.4583333333333333
Serena,2025-08-29,37.34583333333333,31.3,42.7,38.75,0.0,12.137500000000001,999.6125000000001,0.5833333333333334
Serena,2025-08-30,36.125,29.6,44.2,51.458333333333336,0.0,13.433333333333332,1000.7083333333334,2.5833333333333335
Serena,2025-08-31,36.833333333333336,30.3,44.3,36.166666666666664,0.0,12.066666666666668,1000.4291666666667,4.291666666666667
Serena,2025-09-01,34.81666666666667,29.5,42.5,53.875,0.0,14.204166666666666,998.0,2.2916666666666665
Serena,2025-09-02,33.608333333333334,28.4,40.5,67.41666666666667,0.0,12.791666666666666,997.5875,0.25
Serena,2025-09-03,34.25833333333333,28.3,42.5,58.583333333333336,0.0,13.345833333333333,999.1875,0.125
Serena,2025-09-04,35.59583333333334,29.4,43.3,47.916666666666664,0.0,20.095833333333335,1000.4375,0.3333333333333333
Serena,2025-09-05,36.7125,31.4,42.9,42.208333333333336,0.0,13.25,1002.4458333333333,0.4166666666666667
Serena,2025-09-06,37.09583333333333,31.6,42.5,41.0,0.0,13.658333333333333,1002.9541666666665,1.0833333333333333
Serena,2025-09-07,34.93333333333333,29.9,38.4,57.916666666666664,0.0,12.108333333333334,1001.4958333333333,1.0
Serena,2025-09-08,34.49583333333333,29.2,39.3,65.29166666666667,0.0,11.620833333333332,999.625,0.9166666666666666
Serena,2025-09-09,35.81666666666667,29.4,42.7,60.583333333333336,0.0,12.612499999999999,1000.5374999999999,1.4583333333333333
Serena,2025-09-10,35.32083333333333,28.6,43.1,46.041666666666664,0.0,11.65,1001.4833333333332,2.2916666666666665
Serena,2025-09-11,35.329166666666666,29.8,41.5,46.875,0.0,17.333333333333332,1001.5791666666668,0.5
Serena,2025-09-12,34.391666666666666,29.9,40.7,51.666666666666664,0.0,20.962500000000002,1002.7208333333333,1.2083333333333333
Serena,2025-09-13,33.42916666666667,29.0,40.1,56.208333333333336,0.0,25.09583333333333,1003.8708333333334,0.3333333333333333
Serena,2025-09-14,32.358333333333334,28.5,38.0,56.875,0.0,22.15416666666667,1005.525,0.041666666666666664
Serena,2025-09-15,32.5875,28.5,38.1,53.458333333333336,0.0,17.420833333333334,1005.7041666666668,0.0
Serena,2025-09-16,33.35,29.3,39.5,64.33333333333333,0.0,12.133333333333333,1004.5291666666667,0.5
Serena,2025-09-17,33.80833333333333,29.2,40.8,64.66666666666667,0.0,11.424999999999999,1004.2541666666666,2.5
Serena,2025-09-18,33.637499999999996,28.0,41.2,61.083333333333336,0.0,11.433333333333332,1003.9250000000001,5.5
Serena,2025-09-19,32.75,26.1,39.3,55.833333333333336,0.0,10.179166666666667,1003.5458333333332,2.625
Serena,2025-09-20,33.958333333333336,27.6,41.6,54.541666666666664,0.0,16.570833333333333,1002.8583333333332,0.041666666666666664
Serena,2025-09-21,34.449999999999996,28.5,41.2,49.208333333333336,0.0,15.479166666666666,1003.7541666666666,2.8333333333333335
Serena,2025-09-22,33.85,28.6,40.2,53.833333333333336,0.0,13.420833333333334,1005.1708333333332,0.041666666666666664
Serena,2025-09-23,32.40416666666667,27.4,38.9,66.45833333333333,0.0,9.816666666666666,1005.5833333333334,0.0
Serena,2025-09-24,32.30833333333333,27.7,38.7,62.208333333333336,0.0,19.65,1003.5375,0.0
Serena,2025-09-25,31.7625,27.3,38.7,58.166666666666664,0.0,13.329166666666666,1002.7833333333333,0.125
Serena,2025-09-26,32.00833333333333,26.6,38.8,60.333333333333336,0.0,10.283333333333333,1005.2875,0.0
Serena,2025-09-27,33.645833333333336,27.7,40.4,51.5,0.0,11.941666666666668,1007.2833333333333,0.041666666666666664
Serena,2025-09-28,32.93333333333333,27.9,39.9,51.958333333333336,0.0,12.387500000000001,1007.6416666666668,0.375
Serena,2025-09-29,31.7375,26.0,39.3,65.70833333333333,0.0,14.5,1004.9833333333332,0.041666666666666664
Serena,2025-09-30,31.912499999999998,26.3,40.7,67.08333333333333,0.0,11.808333333333332,1002.2083333333334,2.2916666666666665
Serena,2025-10-01,31.287499999999998,25.3,39.4,72.375,0.0,11.966666666666667,1001.0083333333333,0.75
Serena,2025-10-02,31.608333333333334,26.1,39.2,67.875,0.0,11.220833333333333,1003.6583333333333,0.4166666666666667
Serena,2025-10-03,31.5,25.9,38.6,62.916666666666664,0.0,10.608333333333333,1007.3666666666667,0.0
Serena,2025-10-04,30.879166666666666,26.0,37.2,66.04166666666667,0.0,12.620833333333332,1008.4708333333333,0.0
Serena,2025-10-05,30.366666666666664,25.6,36.3,69.41666666666667,0.0,11.666666666666666,1007.1458333333334,0.0
Serena,2025-10-06,31.400000000000002,24.6,40.0,59.375,0.0,15.0,1007.2208333333333,0.0
Serena,2025-10-07,31.02916666666667,25.1,38.3,58.125,0.0,12.283333333333333,1008.3166666666666,0.0
Serena,2025-10-08,30.587500000000002,24.7,38.4,56.75,0.0,11.995833333333332,1009.0333333333333,0.0
Serena,2025-10-09,30.712500000000002,24.3,37.8,56.5,0.0,13.095833333333333,1010.9291666666667,0.125
Serena,2025-10-10,30.59583333333333,24.6,37.5,53.083333333333336,0.0,13.512500000000001,1010.5208333333334,0.0
Serena,2025-10-11,29.820833333333336,24.5,36.3,59.583333333333336,0.0,11.325000000000001,1009.7541666666666,0.08333333333333333
Serena,2025-10-12,31.162499999999998,25.3,36.8,51.333333333333336,0.0,15.762500000000001,1010.0833333333334,1.9166666666666667
Serena,2025-10-13,31.9875,27.9,36.7,38.541666666666664,0.0,13.5375,1011.3125,1.9166666666666667
Serena,2025-10-14,30.583333333333332,26.1,36.0,52.583333333333336,0.0,12.141666666666666,1010.4708333333333,0.4166666666666667
Serena,2025-10-15,30.05,25.7,36.6,67.08333333333333,0.0,11.491666666666667,1008.7875,0.5
Serena,2025-10-16,29.900000000000002,25.4,35.7,60.25,0.0,14.441666666666668,1010.1,0.625
Serena,2025-10-17,29.983333333333334,25.4,35.7,48.333333333333336,0.0,15.204166666666666,1012.125,0.16666666666666666
Serena,2025-10-18,29.495833333333334,24.5,35.7,48.958333333333336,0.0,13.6625,1011.8291666666668,0.0
Serena,2025-10-19,28.8625,23.8,34.3,59.833333333333336,0.0,11.791666666666666,1010.1833333333334,0.2916666666666667
Serena,2025-10-20,29.083333333333332,23.9,35.7,63.208333333333336,0.0,11.920833333333334,1009.6166666666667,0.0
Serena,2025-10-21,29.254166666666666,23.6,35.9,55.25,0.0,12.091666666666667,1011.6,0.25
Serena,2025-10-22,29.72083333333333,23.9,36.7,54.291666666666664,0.0,12.279166666666667,1013.6708333333332,0.08333333333333333
Serena,2025-10-23,28.558333333333334,24.2,34.5,64.70833333333333,0.0,11.241666666666667,1013.2166666666667,0.2916666666666667
Serena,2025-10-24,28.412499999999998,23.5,34.7,57.416666666666664,0.0,10.704166666666666,1012.3583333333332,0.0
Serena,2025-10-25,28.03333333333333,22.5,33.6,57.416666666666664,0.0,10.783333333333333,1010.3791666666666,0.0
Serena,2025-10-26,27.541666666666668,23.0,32.5,63.125,0.0,10.549999999999999,1010.0833333333334,0.0
Serena,2025-10-27,27.5125,22.4,32.9,58.458333333333336,0.0,9.329166666666667,1010.9416666666666,0.0
Serena,2025-10-28,28.2375,23.2,33.8,64.54166666666667,0.0,11.225,1011.3625000000001,0.0
Serena,2025-10-29,28.545833333333334,23.7,34.1,63.833333333333336,0.0,12.041666666666666,1011.0166666666668,0.2916666666666667
Serena,2025-10-30,28.3625,23.8,33.3,62.208333333333336,0.0,10.512500000000001,1010.9250000000001,0.2916666666666667
Serena,2025-10-31,28.3125,23.7,33.8,59.666666666666664,0.0,12.583333333333334,1012.6166666666667,0.20833333333333334
Serena,2025-11-01,28.270833333333332,23.4,34.1,55.208333333333336,0.0,12.924999999999999,1013.5166666666668,0.20833333333333334
Serena,2025-11-02,27.474999999999998,23.4,32.5,59.416666666666664,0.0,11.020833333333334,1013.9708333333333,0.875
Serena,2025-11-03,27.020833333333332,22.0,32.0,59.625,0.0,14.129166666666668,1013.4541666666668,0.5416666666666666
Serena,2025-11-04,27.7625,21.6,34.6,48.125,0.0,15.3375,1014.1583333333333,0.16666666666666666
Serena,2025-11-05,28.3125,23.6,35.0,31.416666666666668,0.0,18.341666666666665,1013.6041666666666,2.3333333333333335
Serena,2025-11-06,26.9875,20.6,34.2,29.708333333333332,0.0,14.658333333333333,1013.3916666666668,0.0
Serena,2025-11-07,25.516666666666666,20.0,32.0,40.5,0.0,14.879166666666668,1015.15,0.0
Serena,2025-11-08,25.575,19.7,32.5,35.916666666666664,0.0,12.991666666666667,1016.9,0.0
Serena,2025-11-09,25.400000000000002,19.8,31.9,42.291666666666664,0.0,11.979166666666666,1016.5375,0.875
Serena,2025-11-10,25.6875,20.3,31.2,51.125,0.0,11.212499999999999,1015.1541666666667,4.5
Serena,2025-11-11,25.4375,19.5,32.8,52.666666666666664,0.0,13.033333333333333,1015.2333333333332,1.9166666666666667
Serena,2025-11-12,25.120833333333334,19.1,32.1,46.75,0.0,13.291666666666666,1016.9041666666667,0.6666666666666666
Serena,2025-11-13,24.925,19.0,31.5,53.208333333333336,0.0,11.916666666666666,1018.25,0.3333333333333333
Serena,2025-11-14,24.991666666666664,19.3,31.2,55.583333333333336,0.0,12.720833333333333,1017.3291666666668,0.0
Serena,2025-11-15,24.825,19.2,30.9,53.0,0.0,12.091666666666667,1017.0625,1.5416666666666667
Serena,2025-11-16,24.920833333333334,19.2,31.2,55.166666666666664,0.0,11.8125,1019.0416666666666,5.333333333333333
Serena,2025-11-17,24.504166666666666,19.1,30.7,58.041666666666664,0.0,11.991666666666667,1019.2583333333333,7.416666666666667
Serena,2025-11-18,24.25,19.0,30.7,64.5,0.0,9.983333333333333,1016.7333333333332,4.333333333333333
Serena,2025-11-19,24.620833333333334,17.5,33.2,66.58333333333333,0.0,11.670833333333334,1015.6,0.125
Serena,2025-11-20,24.104166666666668,16.3,32.5,63.291666666666664,0.0,13.020833333333334,1016.9,0.08333333333333333
Serena,2025-11-21,24.3125,17.8,31.8,69.5,0.0,11.141666666666666,1017.8833333333333,1.375
Serena,2025-11-22,25.133333333333336,18.2,33.2,39.208333333333336,0.0,17.204166666666666,1017.7958333333332,0.08333333333333333
Serena,2025-11-23,24.679166666666664,19.4,31.5,41.791666666666664,0.0,13.154166666666667,1017.5541666666667,0.041666666666666664
Serena,2025-11-24,23.72083333333333,17.8,30.6,38.958333333333336,0.0,11.841666666666667,1017.3083333333334,0.041666666666666664
Serena,2025-11-25,22.775000000000002,16.3,29.8,40.375,0.0,11.6,1017.5416666666666,0.0
Serena,2025-11-26,22.920833333333334,16.8,29.0,43.916666666666664,0.0,11.779166666666667,1016.875,2.0
Serena,2025-11-27,22.71666666666667,17.2,28.5,50.208333333333336,0.0,10.070833333333333,1017.5749999999999,0.5416666666666666
Serena,2025-11-28,22.704166666666666,17.8,28.0,46.916666666666664,0.0,10.170833333333333,1018.2916666666666,0.0
Serena,2025-11-29,23.145833333333332,18.4,28.3,51.333333333333336,0.0,10.708333333333334,1017.1708333333332,0.0
Serena,2025-11-30,22.8625,17.0,28.5,52.0,0.0,10.533333333333333,1016.7875,0.0
Serena,2025-12-01,22.525000000000002,17.9,28.1,56.291666666666664,0.0,10.483333333333333,1016.7375000000001,0.0
Serena,2025-12-02,22.795833333333334,17.2,29.2,57.5,0.0,11.208333333333334,1016.4125,4.5
Serena,2025-12-03,22.833333333333332,18.1,28.7,69.33333333333333,0.0,10.245833333333334,1016.3333333333334,2.7083333333333335
Serena,2025-12-04,23.333333333333332,18.3,29.3,63.958333333333336,0.0,11.6875,1017.4625,4.125
Serena,2025-12-05,23.47083333333333,19.8,27.5,62.333333333333336,0.0,10.5625,1018.1083333333332,6.833333333333333
Serena,2025-12-06,23.108333333333334,18.1,28.6,68.66666666666667,0.0,11.345833333333333,1018.225,1.5833333333333333
Serena,2025-12-07,23.758333333333336,19.0,29.8,60.291666666666664,0.0,17.520833333333332,1018.9375,0.625
Serena,2025-12-08,24.045833333333334,18.3,31.1,51.25,0.0,17.829166666666666,1019.3083333333334,2.2083333333333335
Serena,2025-12-09,22.84166666666667,16.4,29.6,40.541666666666664,0.0,10.725,1018.1208333333334,3.75
Serena,2025-12-10,22.474999999999998,15.8,29.0,52.125,0.0,14.033333333333333,1017.6083333333332,4.916666666666667
Serena,2025-12-11,22.816666666666666,16.4,29.2,59.083333333333336,0.0,12.674999999999999,1016.1583333333333,7.041666666666667
Serena,2025-12-12,23.258333333333336,17.9,29.1,49.666666666666664,0.0,12.020833333333334,1015.0416666666666,4.5
Serena,2025-12-13,23.1375,18.4,29.6,55.833333333333336,0.0,13.762500000000001,1014.0166666666668,3.375
Serena,2025-12-14,21.337500000000002,18.0,25.0,73.75,2.6,11.366666666666667,1015.4958333333334,2.6666666666666665
Serena,2025-12-15,22.733333333333334,17.1,29.6,65.70833333333333,0.0,16.662499999999998,1014.6291666666666,1.0416666666666667
Serena,2025-12-16,23.320833333333336,20.6,27.5,56.5,0.0,20.333333333333332,1012.1958333333333,3.875
Serena,2025-12-17,22.929166666666664,20.1,26.1,62.708333333333336,0.0,24.95,1013.1958333333333,5.875
Serena,2025-12-18,21.433333333333334,19.4,24.0,78.33333333333333,11.9,18.270833333333332,1014.7666666666668,7.041666666666667
Serena,2025-12-19,18.408333333333335,14.6,20.0,79.875,19.5,24.704166666666666,1014.2375000000001,4.5
Serena,2025-12-20,14.879166666666668,12.2,18.9,75.95833333333333,0.1,22.150000000000002,1016.3041666666667,1.5416666666666667
Serena,2025-12-21,15.341666666666667,10.9,20.1,74.5,0.0,12.070833333333333,1019.275,0.20833333333333334
Serena,2025-12-22,16.912499999999998,12.8,22.5,70.75,0.0,13.666666666666666,1020.4499999999999,0.125
Serena,2025-12-23,16.854166666666668,12.2,22.5,70.16666666666667,0.0,11.683333333333332,1019.4083333333333,0.08333333333333333
Serena,2025-12-24,17.495833333333334,12.5,23.7,70.70833333333333,0.0,11.329166666666666,1017.7083333333334,3.375
Serena,2025-12-25,19.025000000000002,15.3,23.7,72.875,0.0,11.4125,1016.2624999999999,4.875
Serena,2025-12-26,19.041666666666668,15.2,23.5,78.29166666666667,0.2,10.991666666666667,1015.5041666666666,1.5
Serena,2025-12-27,19.625,15.4,24.8,68.0,0.0,9.362499999999999,1014.5625,0.7916666666666666
Serena,2025-12-28,20.954166666666666,15.4,26.8,59.791666666666664,0.0,14.225,1013.3916666666668,0.3333333333333333
Serena,2025-12-29,22.304166666666664,20.1,26.8,63.125,0.0,24.4875,1012.4458333333333,0.7083333333333334
Serena,2025-12-30,21.054166666666667,19.0,23.6,49.833333333333336,0.0,26.395833333333332,1015.225,1.125
Serena,2025-12-31,19.7375,15.5,21.8,54.333333333333336,0.0,22.0125,1016.6958333333333,1.2916666666666667
Serena,2026-01-01,17.095833333333335,11.0,22.5,62.666666666666664,0.0,9.895833333333334,1017.5041666666666,0.0
Serena,2026-01-02,17.908333333333335,12.3,23.9,73.0,0.0,11.762500000000001,1018.7291666666666,0.041666666666666664
Serena,2026-01-03,18.5125,12.8,24.3,78.79166666666667,0.0,10.429166666666667,1019.0,1.25
Serena,2026-01-04,19.945833333333333,15.1,25.9,76.58333333333333,0.0,14.616666666666667,1019.1291666666666,0.041666666666666664
Serena,2026-01-05,20.099999999999998,14.4,26.8,59.708333333333336,0.0,14.487499999999999,1020.8791666666666,0.4166666666666667
Serena,2026-01-06,20.075,15.2,26.5,50.541666666666664,0.0,15.0625,1020.8625000000001,0.7916666666666666
Serena,2026-01-07,19.212500000000002,14.7,24.6,53.166666666666664,0.0,12.566666666666668,1020.8791666666666,0.16666666666666666
Serena,2026-01-08,18.825,13.8,24.2,47.916666666666664,0.0,10.879166666666668,1020.6083333333332,0.0
Serena,2026-01-09,18.95,14.2,24.2,53.458333333333336,0.0,11.770833333333334,1019.0124999999999,0.4583333333333333
Serena,2026-01-10,18.816666666666666,13.6,23.9,65.125,0.0,11.291666666666666,1018.8125,5.125
Serena,2026-01-11,19.679166666666667,15.1,25.1,57.041666666666664,0.0,10.745833333333332,1020.7375000000001,0.875
Serena,2026-01-12,19.1625,14.3,24.7,63.708333333333336,0.0,9.370833333333334,1021.1125000000001,0.0
Serena,2026-01-13,18.983333333333334,13.9,24.9,64.45833333333333,0.0,9.383333333333333,1020.4875000000001,0.0
Serena,2026-01-14,19.216666666666665,13.1,26.1,56.083333333333336,0.0,10.420833333333333,1018.2416666666667,2.25
Serena,2026-01-15,20.1,13.8,27.5,50.5,0.0,15.670833333333334,1016.5583333333334,5.583333333333333
Serena,2026-01-16,19.05,16.6,21.5,58.291666666666664,0.0,23.866666666666664,1017.9291666666667,1.125
Serena,2026-01-17,18.900000000000002,16.7,21.7,60.375,0.0,19.316666666666666,1017.4708333333333,3.0416666666666665
Serena,2026-01-18,17.995833333333334,14.2,22.7,70.875,0.0,12.9375,1016.1708333333332,1.3333333333333333
Serena,2026-01-19,17.974999999999998,13.2,23.9,70.125,0.0,10.241666666666667,1015.8541666666666,0.4583333333333333
Serena,2026-01-20,19.320833333333333,13.8,26.2,55.416666666666664,0.0,12.825000000000001,1015.1458333333334,0.5416666666666666
Serena,2026-01-21,18.333333333333332,15.0,22.6,68.29166666666667,0.0,21.479166666666668,1016.6125000000001,1.625
Serena,2026-01-22,16.908333333333335,13.4,20.2,40.208333333333336,0.0,22.599999999999998,1020.7583333333333,1.0416666666666667
Serena,2026-01-23,16.57916666666667,11.3,22.8,39.666666666666664,0.0,14.766666666666666,1021.2333333333332,3.1666666666666665
Serena,2026-01-24,17.341666666666665,10.9,23.4,45.125,0.0,10.983333333333334,1019.3000000000001,6.125
Serena,2026-01-25,19.270833333333332,14.8,24.1,49.958333333333336,7.6000000000000005,17.129166666666666,1015.8249999999999,5.833333333333333
Serena,2026-01-26,17.775000000000002,14.5,21.6,77.79166666666667,0.1,12.775,1016.2166666666667,0.9583333333333334
Serena,2026-01-27,17.745833333333334,12.3,23.9,65.625,0.0,15.0625,1020.8416666666667,4.583333333333333
Serena,2026-01-28,19.537499999999998,14.8,25.8,62.5,0.0,15.104166666666666,1020.0749999999999,7.25
Serena,2026-01-29,20.458333333333332,15.9,26.2,58.208333333333336,0.0,13.379166666666668,1017.2458333333334,3.7916666666666665
Serena,2026-01-30,18.995833333333334,14.9,23.3,61.916666666666664,0.0,15.533333333333333,1016.9708333333333,0.25
Serena,2026-01-31,17.95,13.6,23.2,71.20833333333333,0.0,12.862499999999999,1018.0083333333333,0.6666666666666666
Serena,2026-02-01,18.412499999999998,12.7,25.5,77.20833333333333,0.0,9.458333333333334,1018.8125,0.9583333333333334
Serena,2026-02-02,19.883333333333333,14.3,26.9,54.541666666666664,0.0,9.045833333333333,1019.15,0.0
Serena,2026-02-03,19.891666666666666,12.7,27.8,56.083333333333336,0.0,11.041666666666666,1017.3166666666666,0.041666666666666664
Serena,2026-02-04,22.504166666666666,15.9,30.0,51.375,0.0,16.595833333333335,1016.0416666666666,0.125
Serena,2026-02-05,20.175,15.9,25.6,68.33333333333333,0.0,12.200000000000001,1018.1,1.0416666666666667
Serena,2026-02-06,19.941666666666666,15.6,26.1,72.08333333333333,0.0,10.1625,1020.2375000000001,7.833333333333333
Serena,2026-02-07,20.675,15.5,27.5,73.16666666666667,0.0,13.487499999999999,1017.9166666666666,2.4583333333333335
Serena,2026-02-08,21.675,16.3,28.0,63.333333333333336,0.5,11.558333333333332,1014.6916666666666,1.5833333333333333
Serena,2026-02-09,21.383333333333336,15.8,27.8,56.875,0.0,12.970833333333333,1014.0333333333333,0.25
Serena,2026-02-10,20.633333333333333,16.0,26.6,73.0,0.0,13.579166666666666,1015.4125,4.666666666666667
Serena,2026-02-11,22.108333333333334,14.1,30.9,64.33333333333333,0.0,12.625,1017.4208333333332,3.9166666666666665
Serena,2026-02-12,24.045833333333334,17.7,30.1,55.25,0.0,11.716666666666667,1017.7916666666666,1.9166666666666667
Serena,2026-02-13,23.775000000000002,17.3,30.7,59.583333333333336,0.0,7.304166666666667,1016.475,0.25
Serena,2026-02-14,22.912499999999998,16.7,30.5,45.25,0.0,9.766666666666667,1015.6583333333333,0.0
Serena,2026-02-15,23.616666666666664,17.0,30.6,34.958333333333336,0.0,15.133333333333333,1014.4499999999999,0.0
Serena,2026-02-16,22.229166666666668,18.9,27.1,64.125,0.0,19.670833333333334,1012.4125,0.0
Serena,2026-02-17,22.458333333333332,16.1,29.1,56.125,0.0,13.883333333333333,1014.4208333333332,0.0
Serena,2026-02-18,23.070833333333336,15.9,30.4,35.833333333333336,0.0,15.508333333333333,1015.6791666666667,0.0
Serena,2026-02-19,23.379166666666666,16.6,31.0,44.25,0.0,15.4,1016.4291666666667,0.0
Serena,2026-02-20,22.9875,16.4,30.5,41.208333333333336,0.0,12.958333333333334,1017.5041666666666,0.0
Serena,2026-02-21,22.84583333333333,17.0,31.1,52.833333333333336,0.0,11.545833333333334,1015.8333333333334,0.0
Serena,2026-02-22,22.129166666666666,16.6,29.3,69.16666666666667,0.0,11.441666666666668,1011.7083333333334,0.0
Serena,2026-02-23,21.254166666666666,15.4,28.6,73.91666666666667,0.0,10.825000000000001,1010.6208333333334,0.16666666666666666
Serena,2026-02-24,23.2375,16.2,31.0,52.208333333333336,0.0,11.237499999999999,1011.0833333333334,0.0
Serena,2026-02-25,23.712500000000002,17.3,31.8,42.916666666666664,0.0,13.495833333333332,1012.3916666666668,0.0
Serena,2026-02-26,21.558333333333334,18.4,25.8,72.0,0.0,13.825000000000001,1013.3249999999999,0.8333333333333334
Serena,2026-02-27,20.279166666666665,15.6,25.4,66.79166666666667,0.0,12.079166666666666,1011.15,0.4583333333333333
Serena,2026-02-28,21.520833333333332,14.2,29.5,57.75,0.0,9.170833333333333,1010.2208333333333,0.375
Serena,2026-03-01,24.9875,17.0,33.9,30.291666666666668,0.0,12.533333333333333,1009.9333333333334,1.625
Serena,2026-03-02,28.041666666666668,22.4,35.2,26.875,0.0,19.391666666666666,1010.3208333333333,2.25
Serena,2026-03-03,27.295833333333334,22.1,34.2,33.708333333333336,0.0,17.754166666666666,1011.0708333333333,1.75
Serena,2026-03-04,25.041666666666668,20.8,32.0,61.958333333333336,0.0,18.408333333333335,1012.8166666666666,0.4583333333333333
Serena,2026-03-05,22.46666666666667,19.6,26.2,69.5,0.0,15.1875,1016.375,1.0
Serena,2026-03-06,21.2375,17.2,25.8,63.083333333333336,0.0,14.779166666666667,1015.8583333333332,6.0
Serena,2026-03-07,21.84583333333333,17.3,27.3,63.666666666666664,0.0,12.754166666666668,1014.2291666666666,2.9166666666666665
Serena,2026-03-08,22.0125,17.4,28.7,63.958333333333336,0.0,12.854166666666666,1013.3625000000001,4.458333333333333
Serena,2026-03-09,22.504166666666666,17.6,28.4,68.91666666666667,4.3999999999999995,11.083333333333334,1013.4250000000001,5.0
Serena,2026-03-10,23.645833333333332,20.7,28.4,65.25,0.8,18.333333333333332,1015.6041666666666,7.208333333333333
Serena,2026-03-11,23.15833333333333,20.1,28.6,65.75,1.2000000000000002,16.429166666666667,1017.4208333333332,6.208333333333333
Serena,2026-03-12,22.21666666666667,17.7,28.6,71.58333333333333,0.0,11.241666666666667,1014.8541666666666,4.5
Serena,2026-03-13,24.245833333333334,20.1,30.8,62.0,0.0,14.070833333333333,1012.6708333333332,4.291666666666667
Serena,2026-03-14,24.320833333333336,19.6,30.8,55.958333333333336,0.0,12.241666666666667,1013.0291666666667,1.4583333333333333
Serena,2026-03-15,25.708333333333332,18.6,34.2,48.5,0.0,11.020833333333334,1013.2916666666666,3.5
Serena,2026-03-16,28.21666666666667,21.6,36.8,32.333333333333336,0.0,14.529166666666667,1010.0958333333333,0.2916666666666667
Serena,2026-03-17,27.795833333333334,22.8,34.3,37.208333333333336,0.0,16.7375,1007.6541666666667,3.9166666666666665
Serena,2026-03-18,25.058333333333334,22.4,28.9,57.666666666666664,0.0,16.7625,1009.2458333333334,7.0
Serena,2026-03-19,24.2375,18.5,30.8,57.166666666666664,0.0,11.654166666666667,1010.2958333333332,5.375
Serena,2026-03-20,25.991666666666664,22.3,31.0,51.291666666666664,0.2,19.291666666666668,1009.0291666666667,7.333333333333333
Serena,2026-03-21,24.829166666666666,21.1,30.3,68.5,1.5,19.045833333333334,1009.9250000000001,7.541666666666667
Serena,2026-03-22,24.8875,21.1,31.4,70.41666666666667,0.2,15.345833333333333,1012.1541666666667,3.125
Serena,2026-03-23,22.520833333333332,20.3,25.9,79.83333333333333,10.8,15.941666666666668,1011.9499999999999,7.0
Serena,2026-03-24,21.5,18.7,25.1,82.70833333333333,18.2,19.195833333333333,1009.4499999999999,6.0
Serena,2026-03-25,22.125,19.9,25.8,82.79166666666667,20.8,25.84166666666667,1006.9958333333334,5.916666666666667
Serena,2026-03-26,23.6875,20.9,28.8,80.58333333333333,50.6,25.4375,1008.225,4.375
Serena,2026-03-27,23.25,18.9,26.7,81.0,10.5,25.554166666666664,1010.9666666666667,5.375
Serena,2026-03-28,20.04583333333333,17.7,23.0,70.70833333333333,0.0,20.420833333333334,1012.0416666666666,0.9583333333333334
Serena,2026-03-29,20.158333333333335,17.5,23.5,66.08333333333333,0.0,25.912499999999998,1011.1041666666666,0.25
Serena,2026-03-30,20.358333333333334,17.0,24.0,72.875,0.0,16.462500000000002,1010.5375,7.416666666666667
Serena,2026-03-31,20.741666666666667,18.2,23.9,73.25,3.6,13.458333333333334,1010.3000000000001,7.541666666666667
Serena,2026-04-01,21.099999999999998,17.9,24.8,75.75,0.0,15.745833333333332,1010.5041666666666,0.9166666666666666
Serena,2026-04-02,20.908333333333335,18.0,24.5,76.20833333333333,0.0,16.808333333333334,1011.5916666666667,1.2916666666666667
Serena,2026-04-03,20.287499999999998,16.6,25.4,81.70833333333333,0.0,12.329166666666666,1011.7291666666666,6.166666666666667
Serena,2026-04-04,21.729166666666668,17.3,26.9,78.66666666666667,0.0,10.904166666666667,1009.9833333333332,6.125
Serena,2026-04-05,22.858333333333334,19.5,27.1,78.95833333333333,0.0,12.266666666666666,1010.1,5.416666666666667
Serena,2026-04-06,22.620833333333334,19.7,26.4,62.375,0.0,19.783333333333335,1011.1125000000001,1.625
Serena,2026-04-07,22.02916666666667,19.5,25.4,60.25,0.0,28.720833333333335,1012.2333333333332,0.0
Serena,2026-04-08,21.775000000000002,17.9,26.3,67.58333333333333,0.0,18.366666666666667,1011.7708333333334,0.20833333333333334
Serena,2026-04-09,21.34583333333333,17.2,26.5,70.625,2.5,12.545833333333334,1012.3708333333334,5.416666666666667
Serena,2026-04-10,23.191666666666666,19.4,28.1,68.625,0.4,14.466666666666667,1014.6,5.583333333333333
Serena,2026-04-11,22.299999999999997,20.0,25.5,78.66666666666667,13.6,9.745833333333334,1015.5166666666668,7.625
Serena,2026-04-12,21.95,19.9,25.2,80.5,3.1,11.241666666666667,1013.7583333333333,7.708333333333333
Serena,2026-04-13,23.75,20.5,27.8,77.20833333333333,0.0,10.641666666666667,1013.8625000000001,6.833333333333333
Serena,2026-04-14,23.15416666666667,19.3,28.3,68.875,0.0,15.516666666666666,1014.1125000000001,5.75
Serena,2026-04-15,21.979166666666668,18.2,26.2,69.875,0.0,21.0125,1011.1,4.291666666666667
Serena,2026-04-16,22.166666666666668,18.4,26.6,70.45833333333333,0.0,21.945833333333336,1008.7375000000001,3.9583333333333335
Serena,2026-04-17,22.441666666666666,17.1,27.9,63.833333333333336,0.0,19.183333333333334,1010.7624999999999,3.3333333333333335
Serena,2026-04-18,23.03333333333333,18.4,28.8,59.416666666666664,0.0,16.033333333333335,1010.8375,0.041666666666666664
Serena,2026-04-19,24.020833333333332,17.4,31.9,52.916666666666664,0.0,11.012500000000001,1010.1625,2.7083333333333335
Serena,2026-04-20,24.07857142857143,19.2,32.4,48.92857142857143,0.0,10.757142857142856,1008.5785714285714,0.0
The Views,2024-07-25,37.73333333333333,37.0,38.8,41.333333333333336,0.0,11.133333333333333,992.6999999999999,0.6666666666666666
The Views,2024-07-26,37.483333333333334,32.0,42.0,42.791666666666664,0.0,13.083333333333334,993.8041666666667,0.25
The Views,2024-07-27,37.770833333333336,33.5,41.8,36.0,0.0,14.612499999999999,995.5500000000001,0.9583333333333334
The Views,2024-07-28,36.604166666666664,33.0,39.5,53.416666666666664,0.0,17.220833333333335,994.4499999999999,1.75
The Views,2024-07-29,36.354166666666664,33.0,40.9,53.166666666666664,0.0,14.891666666666666,992.4791666666666,1.1666666666666667
The Views,2024-07-30,38.604166666666664,33.7,44.8,50.0,0.0,18.208333333333332,993.8708333333334,0.8333333333333334
The Views,2024-07-31,38.5,34.8,43.1,41.958333333333336,0.0,15.799999999999999,996.1958333333333,2.2916666666666665
The Views,2024-08-01,39.18333333333333,36.0,43.6,42.5,0.0,14.908333333333333,995.4625000000001,2.1666666666666665
The Views,2024-08-02,36.87083333333333,34.0,40.0,61.125,0.0,11.575000000000001,993.5958333333333,0.7083333333333334
The Views,2024-08-03,37.09583333333333,34.2,41.6,63.25,0.0,12.65,993.8249999999999,3.0
The Views,2024-08-04,35.78333333333333,33.4,39.0,65.375,0.0,13.483333333333334,994.7416666666667,2.1666666666666665
The Views,2024-08-05,36.49583333333333,33.0,41.0,59.583333333333336,0.0,18.0125,995.6374999999999,1.625
The Views,2024-08-06,35.9125,32.2,39.0,48.916666666666664,0.0,14.433333333333332,997.4333333333334,5.125
The Views,2024-08-07,36.72083333333333,34.0,39.8,50.416666666666664,0.0,13.7125,997.4041666666667,3.5
The Views,2024-08-08,37.07083333333333,33.0,42.8,50.916666666666664,0.0,19.604166666666668,997.3458333333333,1.125
The Views,2024-08-09,36.420833333333334,32.8,41.9,51.041666666666664,0.0,24.145833333333332,999.2875,0.4583333333333333
The Views,2024-08-10,36.329166666666666,31.8,42.5,51.083333333333336,0.0,18.900000000000002,999.6875,1.5833333333333333
The Views,2024-08-11,36.829166666666666,32.6,41.8,49.0,0.0,15.275,997.8583333333332,1.4166666666666667
The Views,2024-08-12,38.3125,34.3,43.0,44.416666666666664,0.0,14.325000000000001,996.7916666666666,0.5
The Views,2024-08-13,38.454166666666666,34.0,43.8,44.458333333333336,0.0,14.633333333333333,998.4958333333334,0.4166666666666667
The Views,2024-08-14,37.675000000000004,33.5,43.5,50.5,0.0,16.770833333333332,999.4166666666666,0.20833333333333334
The Views,2024-08-15,37.479166666666664,33.7,43.0,50.708333333333336,0.0,14.862499999999999,998.875,0.20833333333333334
The Views,2024-08-16,37.18333333333333,34.1,40.2,47.208333333333336,0.0,11.016666666666667,996.025,0.375
The Views,2024-08-17,36.17916666666667,32.8,41.0,55.0,0.0,24.025000000000002,996.375,1.4166666666666667
The Views,2024-08-18,35.699999999999996,32.4,41.0,54.458333333333336,0.0,26.025000000000002,998.9791666666666,2.4583333333333335
The Views,2024-08-19,36.19166666666667,32.8,41.5,52.458333333333336,0.0,19.558333333333334,1000.2333333333335,2.75
The Views,2024-08-20,35.829166666666666,32.8,40.5,53.708333333333336,0.0,18.458333333333332,999.4958333333334,2.0833333333333335
The Views,2024-08-21,34.67916666666667,31.4,39.0,55.875,0.0,20.604166666666668,1001.7416666666667,0.875
The Views,2024-08-22,34.854166666666664,31.8,39.0,51.916666666666664,0.0,15.779166666666667,1002.2624999999999,1.0416666666666667
The Views,2024-08-23,35.92916666666667,33.1,41.0,53.625,0.0,13.183333333333332,1001.9458333333333,1.0416666666666667
The Views,2024-08-24,37.166666666666664,33.5,40.0,47.375,0.0,12.4625,1001.5791666666668,0.7916666666666666
The Views,2024-08-25,37.5,34.3,42.8,42.666666666666664,0.0,11.958333333333334,1001.1041666666666,0.16666666666666666
The Views,2024-08-26,36.045833333333334,32.8,39.1,53.25,0.0,12.308333333333332,999.5916666666667,0.16666666666666666
The Views,2024-08-27,35.93333333333333,32.7,40.1,59.791666666666664,0.0,11.704166666666666,998.625,0.08333333333333333
The Views,2024-08-28,36.44166666666667,32.6,43.3,58.708333333333336,0.0,12.008333333333333,999.4583333333334,0.20833333333333334
The Views,2024-08-29,36.65416666666666,32.9,41.3,51.916666666666664,0.0,10.966666666666667,999.0625,0.3333333333333333
The Views,2024-08-30,35.612500000000004,31.8,40.0,64.33333333333333,0.0,11.5625,998.4333333333334,0.9166666666666666
The Views,2024-08-31,38.229166666666664,32.5,44.7,39.666666666666664,0.0,17.05,999.1666666666666,1.0833333333333333
The Views,2024-09-01,35.891666666666666,31.6,41.4,44.0,0.0,16.195833333333333,1000.975,0.9583333333333334
The Views,2024-09-02,36.27916666666667,31.5,40.7,40.416666666666664,0.0,13.387500000000001,1001.8874999999999,0.9166666666666666
The Views,2024-09-03,36.3125,31.3,43.1,45.416666666666664,0.0,14.495833333333332,1001.9708333333333,0.7083333333333334
The Views,2024-09-04,35.18333333333333,31.0,41.5,48.375,0.0,14.270833333333334,1002.5583333333334,0.041666666666666664
The Views,2024-09-05,35.1,32.1,39.7,54.458333333333336,0.0,15.262500000000001,1000.9458333333333,0.0
The Views,2024-09-06,34.300000000000004,30.3,37.6,59.916666666666664,0.0,10.929166666666667,1000.9666666666667,0.041666666666666664
The Views,2024-09-07,34.75416666666667,30.1,40.2,57.75,0.0,11.408333333333333,1002.1791666666667,0.041666666666666664
The Views,2024-09-08,35.387499999999996,30.3,43.1,52.375,0.0,13.666666666666666,1003.5666666666667,0.08333333333333333
The Views,2024-09-09,35.208333333333336,31.0,40.8,52.125,0.0,11.791666666666666,1003.1416666666668,0.041666666666666664
The Views,2024-09-10,33.708333333333336,30.0,37.6,70.29166666666667,0.0,11.325000000000001,1001.375,0.3333333333333333
The Views,2024-09-11,35.84166666666667,30.5,41.2,51.166666666666664,0.0,12.158333333333333,1000.5500000000001,0.2916666666666667
The Views,2024-09-12,37.425000000000004,30.6,44.4,23.916666666666668,0.0,12.25,1000.9291666666667,0.0
The Views,2024-09-13,35.9,31.8,41.5,34.958333333333336,0.0,12.416666666666666,1000.65,0.0
The Views,2024-09-14,34.550000000000004,30.8,40.0,54.416666666666664,0.0,13.950000000000001,1000.2375000000001,0.0
The Views,2024-09-15,34.93333333333333,30.7,41.0,56.791666666666664,0.0,15.825000000000001,1001.5666666666666,0.041666666666666664
The Views,2024-09-16,34.09166666666667,29.8,39.8,51.666666666666664,0.0,11.241666666666667,1003.975,0.20833333333333334
The Views,2024-09-17,33.4625,29.1,38.0,54.125,0.0,12.179166666666667,1005.5875000000001,0.0
The Views,2024-09-18,33.979166666666664,29.9,38.2,54.625,0.0,14.091666666666667,1005.0500000000001,0.0
The Views,2024-09-19,33.44583333333333,30.3,36.2,64.20833333333333,0.0,12.683333333333332,1005.2583333333333,0.0
The Views,2024-09-20,33.516666666666666,30.3,36.8,64.04166666666667,0.0,12.325000000000001,1005.8333333333334,0.375
The Views,2024-09-21,34.020833333333336,30.3,37.2,57.5,0.0,12.5375,1005.35,0.0
The Views,2024-09-22,35.35,30.1,41.0,48.041666666666664,0.0,10.991666666666667,1005.2416666666667,0.0
The Views,2024-09-23,35.02916666666667,29.8,41.3,43.875,0.0,11.012500000000001,1005.0041666666666,0.0
The Views,2024-09-24,34.0875,30.0,38.0,65.5,0.0,11.404166666666667,1003.8541666666666,0.0
The Views,2024-09-25,34.204166666666666,30.5,39.2,68.875,0.0,11.504166666666668,1001.9166666666666,0.0
The Views,2024-09-26,33.57083333333333,29.8,39.3,72.95833333333333,0.0,11.2125,1001.2875,0.9583333333333334
The Views,2024-09-27,33.199999999999996,29.4,37.8,71.45833333333333,0.0,10.841666666666667,1001.8916666666668,0.5
The Views,2024-09-28,33.24166666666667,30.0,38.1,70.20833333333333,0.0,10.737499999999999,1002.7583333333333,0.2916666666666667
The Views,2024-09-29,34.074999999999996,30.5,39.3,57.416666666666664,0.0,16.025000000000002,1004.8208333333333,0.5833333333333334
The Views,2024-09-30,33.40416666666667,30.8,37.2,57.166666666666664,0.2,17.179166666666667,1008.0291666666667,1.0
The Views,2024-10-01,33.18333333333333,29.5,37.0,54.833333333333336,0.0,13.258333333333333,1007.6583333333333,0.375
The Views,2024-10-02,34.079166666666666,30.3,38.8,56.916666666666664,0.0,13.670833333333334,1008.0833333333334,0.0
The Views,2024-10-03,34.041666666666664,30.3,39.0,59.958333333333336,0.0,15.179166666666667,1007.475,0.0
The Views,2024-10-04,33.56666666666667,29.5,37.2,64.29166666666667,0.0,15.6625,1005.5749999999999,0.4583333333333333
The Views,2024-10-05,33.291666666666664,30.5,35.3,53.791666666666664,0.0,15.258333333333333,1005.5875000000001,0.16666666666666666
The Views,2024-10-06,32.25416666666667,28.6,36.8,55.958333333333336,0.0,12.125,1007.3416666666667,0.4166666666666667
The Views,2024-10-07,33.49166666666667,30.1,38.0,47.875,0.0,12.345833333333333,1010.3249999999999,1.5416666666666667
The Views,2024-10-08,33.25416666666667,28.6,38.8,49.5,0.0,12.995833333333332,1011.5208333333334,0.5416666666666666
The Views,2024-10-09,32.65,29.8,36.8,53.958333333333336,0.0,14.9,1010.4625,0.4583333333333333
The Views,2024-10-10,32.36666666666667,28.7,36.6,60.791666666666664,0.1,12.641666666666666,1009.1083333333335,0.7916666666666666
The Views,2024-10-11,32.44166666666667,29.8,36.8,55.583333333333336,0.0,10.970833333333333,1008.8458333333333,0.16666666666666666
The Views,2024-10-12,32.32083333333333,28.1,38.0,56.916666666666664,0.0,11.737499999999999,1008.4916666666667,0.4583333333333333
The Views,2024-10-13,32.237500000000004,28.8,36.0,52.416666666666664,0.0,11.433333333333332,1008.1708333333332,0.16666666666666666
The Views,2024-10-14,32.895833333333336,28.7,37.9,46.541666666666664,0.0,14.441666666666668,1008.3041666666667,0.041666666666666664
The Views,2024-10-15,32.62083333333333,28.8,37.8,48.125,0.0,17.191666666666666,1009.5124999999999,0.9166666666666666
The Views,2024-10-16,31.8875,28.5,37.0,53.958333333333336,0.0,16.983333333333334,1009.9291666666667,1.2083333333333333
The Views,2024-10-17,31.59583333333333,28.8,35.0,58.416666666666664,0.0,14.095833333333333,1009.5541666666667,1.0
The Views,2024-10-18,32.25,28.3,36.2,61.875,0.0,12.2875,1008.5875000000001,1.375
The Views,2024-10-19,32.99583333333333,29.1,37.0,58.333333333333336,0.0,13.170833333333334,1009.5875000000001,1.8333333333333333
The Views,2024-10-20,32.72083333333333,30.0,37.2,64.29166666666667,0.0,13.216666666666667,1009.8708333333334,0.4583333333333333
The Views,2024-10-21,32.32083333333333,29.1,37.3,65.58333333333333,0.0,12.5625,1009.4375,0.16666666666666666
The Views,2024-10-22,31.520833333333332,28.4,36.5,69.70833333333333,0.0,13.254166666666668,1010.125,0.3333333333333333
The Views,2024-10-23,31.787499999999998,27.1,37.6,60.083333333333336,0.0,13.458333333333334,1011.5708333333333,0.20833333333333334
The Views,2024-10-24,32.5875,28.8,38.8,51.375,0.0,13.262500000000001,1011.9083333333333,0.25
The Views,2024-10-25,31.991666666666664,28.8,36.0,55.083333333333336,0.0,13.704166666666666,1012.6041666666666,1.1666666666666667
The Views,2024-10-26,31.46666666666667,28.8,35.0,64.95833333333333,0.0,13.704166666666666,1013.125,0.5416666666666666
The Views,2024-10-27,31.204166666666666,27.3,34.0,61.0,0.0,14.4625,1012.4,0.375
The Views,2024-10-28,31.258333333333336,29.8,33.0,53.833333333333336,0.0,17.57916666666667,1010.1750000000001,0.6666666666666666
The Views,2024-10-29,29.829166666666666,25.6,33.0,52.25,0.0,16.766666666666666,1010.25,0.5416666666666666
The Views,2024-10-30,29.72083333333333,24.6,32.8,49.958333333333336,0.0,15.200000000000001,1010.6666666666666,0.7083333333333334
The Views,2024-10-31,29.7625,25.2,34.5,54.0,0.0,10.575000000000001,1012.0333333333333,0.875
The Views,2024-11-01,30.1125,26.1,34.8,57.833333333333336,0.0,11.370833333333332,1013.5375,0.0
The Views,2024-11-02,30.333333333333332,26.3,33.8,58.5,0.0,11.15,1014.5208333333334,0.0
The Views,2024-11-03,29.579166666666666,25.3,35.0,65.95833333333333,0.0,10.666666666666666,1013.6916666666666,0.0
The Views,2024-11-04,29.387500000000003,24.1,34.7,64.20833333333333,0.0,8.475,1012.6,0.0
The Views,2024-11-05,30.175,24.9,35.5,57.625,0.0,8.375,1012.7083333333334,0.041666666666666664
The Views,2024-11-06,29.90833333333333,25.5,35.0,62.958333333333336,0.0,10.716666666666667,1014.8041666666667,0.08333333333333333
The Views,2024-11-07,29.67916666666667,25.8,34.0,66.41666666666667,0.0,10.924999999999999,1015.2291666666666,0.0
The Views,2024-11-08,28.8125,25.1,32.8,64.08333333333333,0.0,10.475,1014.225,0.25
The Views,2024-11-09,28.287499999999998,23.8,33.2,58.333333333333336,0.0,9.141666666666667,1013.9166666666666,0.16666666666666666
The Views,2024-11-10,28.629166666666666,24.1,33.0,62.0,0.0,10.575000000000001,1015.0166666666668,0.08333333333333333
The Views,2024-11-11,29.1375,24.7,33.1,61.125,0.0,11.366666666666667,1015.3083333333334,0.20833333333333334
The Views,2024-11-12,28.78333333333333,24.5,32.0,61.416666666666664,0.0,11.779166666666667,1013.7333333333332,0.041666666666666664
The Views,2024-11-13,28.791666666666668,25.1,32.0,61.791666666666664,0.0,10.733333333333334,1011.8208333333333,0.3333333333333333
The Views,2024-11-14,28.65833333333333,24.7,32.8,67.66666666666667,0.0,12.862499999999999,1011.6583333333333,0.6666666666666666
The Views,2024-11-15,28.400000000000002,24.5,31.8,61.541666666666664,0.0,13.625,1013.8958333333334,1.0416666666666667
The Views,2024-11-16,27.204166666666666,23.5,30.0,52.75,0.0,14.299999999999999,1014.3083333333334,1.1666666666666667
The Views,2024-11-17,27.004166666666666,22.2,31.0,49.833333333333336,0.0,11.066666666666668,1013.3666666666667,0.9583333333333334
The Views,2024-11-18,27.266666666666666,22.6,32.8,47.958333333333336,0.0,9.079166666666667,1013.9583333333334,0.125
The Views,2024-11-19,27.058333333333334,22.5,32.0,54.291666666666664,0.0,9.879166666666666,1015.4250000000001,0.2916666666666667
The Views,2024-11-20,27.079166666666666,22.8,31.2,56.541666666666664,0.0,9.2125,1015.125,0.2916666666666667
The Views,2024-11-21,26.595833333333335,22.6,30.8,59.75,0.0,10.383333333333333,1014.5500000000001,0.4583333333333333
The Views,2024-11-22,27.316666666666666,23.2,31.2,67.70833333333333,0.0,10.041666666666666,1014.0833333333334,0.25
The Views,2024-11-23,27.325,22.7,31.2,70.79166666666667,0.0,9.775,1013.9708333333333,1.75
The Views,2024-11-24,26.895833333333332,23.0,30.6,65.08333333333333,0.0,10.879166666666668,1013.5291666666667,1.25
The Views,2024-11-25,26.954166666666666,22.5,32.2,63.583333333333336,0.0,10.029166666666667,1013.9708333333333,0.5
The Views,2024-11-26,27.454166666666666,24.1,31.8,59.875,0.0,10.416666666666666,1015.1583333333333,0.7083333333333334
The Views,2024-11-27,27.59583333333333,22.8,33.0,59.666666666666664,0.0,9.833333333333334,1014.0,0.2916666666666667
The Views,2024-11-28,27.058333333333334,22.8,30.1,66.08333333333333,0.6000000000000001,17.370833333333334,1014.4166666666666,2.0416666666666665
The Views,2024-11-29,26.358333333333334,24.7,27.8,56.541666666666664,0.0,20.9,1016.2333333333332,2.25
The Views,2024-11-30,24.90833333333333,21.0,27.5,50.833333333333336,0.0,20.533333333333335,1015.8833333333333,2.4583333333333335
The Views,2024-12-01,24.691666666666666,23.5,26.0,47.0,0.0,20.241666666666667,1013.8375000000001,2.5
The Views,2024-12-02,23.454166666666666,19.0,26.4,50.333333333333336,0.0,11.4375,1013.625,2.4166666666666665
The Views,2024-12-03,22.883333333333336,17.8,27.1,42.916666666666664,0.0,10.745833333333332,1015.9416666666667,0.7083333333333334
The Views,2024-12-04,23.425,18.8,27.0,41.791666666666664,0.0,10.075000000000001,1017.2750000000001,0.4583333333333333
The Views,2024-12-05,23.041666666666668,18.0,27.0,47.708333333333336,0.0,9.008333333333333,1017.5,0.20833333333333334
The Views,2024-12-06,23.808333333333334,18.8,28.0,61.458333333333336,0.0,8.554166666666667,1017.7375000000001,0.5416666666666666
The Views,2024-12-07,25.329166666666666,22.0,29.8,61.166666666666664,0.0,10.004166666666666,1017.4375,1.0833333333333333
The Views,2024-12-08,24.858333333333334,20.0,29.8,44.708333333333336,0.0,11.891666666666666,1019.3125,0.08333333333333333
The Views,2024-12-09,23.662499999999998,17.9,28.7,44.666666666666664,0.0,10.641666666666667,1018.475,0.5416666666666666
The Views,2024-12-10,23.645833333333332,19.1,27.3,56.125,0.0,9.75,1016.8874999999999,2.0416666666666665
The Views,2024-12-11,24.125,20.4,28.6,54.375,0.0,13.5,1017.9583333333334,1.75
The Views,2024-12-12,23.875,19.6,28.8,47.5,0.0,10.716666666666667,1018.0083333333333,0.5833333333333334
The Views,2024-12-13,23.400000000000002,19.2,28.0,49.75,0.0,9.637500000000001,1016.9291666666667,0.75
The Views,2024-12-14,23.566666666666666,19.5,27.0,51.416666666666664,0.0,11.866666666666667,1016.7083333333334,1.2916666666666667
The Views,2024-12-15,21.9875,18.2,25.8,55.0,0.2,13.458333333333334,1019.5041666666666,2.4166666666666665
The Views,2024-12-16,21.891666666666666,17.8,25.2,51.833333333333336,0.0,11.0625,1021.0291666666667,1.5
The Views,2024-12-17,21.416666666666668,17.4,24.4,42.791666666666664,0.0,9.1,1019.4375,0.75
The Views,2024-12-18,21.625,18.8,24.8,51.625,0.0,13.525,1016.7375000000001,4.375
The Views,2024-12-19,20.82916666666667,17.0,24.8,54.625,0.0,10.154166666666667,1016.1125000000001,3.3333333333333335
The Views,2024-12-20,20.962500000000002,15.8,26.0,53.625,0.0,9.020833333333334,1016.7750000000001,0.9583333333333334
The Views,2024-12-21,20.679166666666667,15.9,25.0,54.083333333333336,0.0,11.0,1015.1583333333333,1.1666666666666667
The Views,2024-12-22,20.416666666666668,16.0,24.2,59.583333333333336,0.0,16.0625,1014.8416666666667,2.0
The Views,2024-12-23,20.420833333333334,15.9,25.0,59.833333333333336,0.6000000000000001,10.1625,1016.1791666666667,1.6666666666666667
The Views,2024-12-24,22.204166666666666,16.8,27.0,58.083333333333336,0.0,9.483333333333333,1016.9916666666667,1.375
The Views,2024-12-25,22.15833333333333,17.8,25.8,59.708333333333336,0.0,10.137500000000001,1018.2541666666666,1.2083333333333333
The Views,2024-12-26,21.891666666666666,17.2,26.2,60.958333333333336,0.2,9.429166666666667,1020.5541666666667,0.9583333333333334
The Views,2024-12-27,22.579166666666666,18.3,28.0,50.583333333333336,0.0,10.204166666666667,1021.2916666666666,0.20833333333333334
The Views,2024-12-28,22.25,16.8,27.8,51.625,0.0,9.808333333333334,1020.5583333333334,1.0
The Views,2024-12-29,22.025000000000002,16.8,26.0,60.958333333333336,0.0,9.5125,1019.525,2.0833333333333335
The Views,2024-12-30,22.84583333333333,19.1,27.2,71.91666666666667,0.0,8.666666666666666,1017.9791666666666,2.125
The Views,2024-12-31,23.845833333333335,20.3,28.0,64.375,0.0,9.012500000000001,1016.975,3.0833333333333335
The Views,2025-01-01,22.6375,19.8,26.4,61.041666666666664,0.0,16.670833333333334,1016.1833333333334,3.7916666666666665
The Views,2025-01-02,21.683333333333334,20.4,23.0,41.541666666666664,0.0,28.59166666666667,1018.6208333333334,2.4583333333333335
The Views,2025-01-03,19.575,16.5,22.1,43.375,0.0,12.65,1020.4583333333334,1.875
The Views,2025-01-04,18.658333333333335,13.0,22.8,37.75,0.0,11.183333333333332,1021.4499999999999,1.375
The Views,2025-01-05,19.0125,13.5,22.8,48.125,0.0,10.533333333333333,1020.9041666666667,1.5833333333333333
The Views,2025-01-06,19.620833333333334,14.0,25.0,49.791666666666664,0.0,12.658333333333333,1019.6083333333335,0.08333333333333333
The Views,2025-01-07,20.595833333333335,15.4,26.7,49.958333333333336,0.0,10.541666666666666,1019.4916666666667,2.625
The Views,2025-01-08,20.316666666666666,14.7,25.0,55.125,0.0,10.629166666666666,1017.4583333333334,2.75
The Views,2025-01-09,20.191666666666666,16.8,23.8,68.20833333333333,0.30000000000000004,11.8375,1015.7458333333334,2.0833333333333335
The Views,2025-01-10,20.291666666666668,15.3,25.0,62.666666666666664,0.0,10.825000000000001,1017.8041666666667,0.5833333333333334
The Views,2025-01-11,21.075,14.8,27.8,46.541666666666664,0.0,9.825000000000001,1018.8125,0.041666666666666664
The Views,2025-01-12,20.983333333333334,14.0,26.3,45.125,0.0,9.1,1018.4333333333334,0.4166666666666667
The Views,2025-01-13,21.26666666666667,17.8,24.0,62.5,0.6,15.383333333333333,1018.6708333333332,3.4166666666666665
The Views,2025-01-14,20.895833333333332,16.4,23.8,59.875,0.0,13.045833333333334,1019.1750000000001,2.0
The Views,2025-01-15,20.629166666666666,15.3,24.8,60.125,0.0,10.725,1020.9791666666666,0.6666666666666666
The Views,2025-01-16,21.0625,16.4,25.0,59.583333333333336,0.0,10.679166666666667,1020.5833333333334,1.4166666666666667
The Views,2025-01-17,19.974999999999998,16.8,23.1,68.5,0.0,12.1875,1017.5500000000001,1.3333333333333333
The Views,2025-01-18,19.854166666666668,16.5,23.2,56.708333333333336,0.8,19.175,1014.35,2.7916666666666665
The Views,2025-01-19,20.3125,15.5,23.0,49.875,0.0,17.070833333333333,1015.625,3.25
The Views,2025-01-20,19.425,15.1,22.8,52.5,0.0,13.541666666666666,1017.2624999999999,2.2083333333333335
The Views,2025-01-21,19.712500000000002,14.8,23.1,50.166666666666664,0.0,22.599999999999998,1017.3541666666666,1.7916666666666667
The Views,2025-01-22,20.683333333333334,15.1,24.8,41.541666666666664,0.0,15.683333333333332,1019.6083333333332,1.0833333333333333
The Views,2025-01-23,19.754166666666666,14.5,25.0,38.916666666666664,0.0,13.479166666666666,1021.1625,0.4166666666666667
The Views,2025-01-24,20.0,14.1,26.2,37.583333333333336,0.0,12.341666666666667,1018.1958333333333,0.20833333333333334
The Views,2025-01-25,19.670833333333334,14.0,24.0,43.583333333333336,0.0,8.491666666666667,1017.5,0.08333333333333333
The Views,2025-01-26,20.441666666666666,14.8,25.0,54.0,0.0,9.591666666666667,1016.85,0.2916666666666667
The Views,2025-01-27,20.9375,14.8,26.3,60.0,0.0,9.525,1015.0500000000001,1.5416666666666667
The Views,2025-01-28,21.866666666666664,18.2,25.0,66.54166666666667,0.0,16.1875,1015.0124999999999,1.8333333333333333
The Views,2025-01-29,21.233333333333334,16.8,23.8,57.458333333333336,0.0,14.766666666666666,1017.6750000000001,0.9583333333333334
The Views,2025-01-30,20.166666666666668,15.1,24.1,59.041666666666664,0.0,11.4625,1018.1125000000001,1.125
The Views,2025-01-31,21.141666666666666,19.8,23.0,44.875,0.0,14.058333333333332,1016.8416666666667,2.25
The Views,2025-02-01,20.141666666666666,14.4,24.7,46.5,0.0,10.0375,1016.7416666666667,0.3333333333333333
The Views,2025-02-02,19.6875,15.8,23.0,49.875,0.30000000000000004,16.066666666666666,1016.7624999999999,1.875
The Views,2025-02-03,20.366666666666667,15.9,23.0,43.416666666666664,0.0,13.470833333333333,1017.4916666666667,2.75
The Views,2025-02-04,19.537499999999998,14.8,23.4,51.791666666666664,0.0,11.533333333333333,1019.0083333333333,0.625
The Views,2025-02-05,19.316666666666666,13.7,25.0,57.0,0.0,9.262500000000001,1017.0375,0.9166666666666666
The Views,2025-02-06,21.854166666666668,15.8,29.0,54.583333333333336,0.0,13.112499999999999,1014.3166666666666,2.125
The Views,2025-02-07,23.183333333333334,20.2,28.2,59.833333333333336,0.0,15.520833333333334,1013.6125000000001,4.333333333333333
The Views,2025-02-08,23.395833333333332,21.3,29.0,63.708333333333336,0.0,19.875,1012.7958333333332,2.5833333333333335
The Views,2025-02-09,21.7,20.8,23.9,58.083333333333336,0.0,16.845833333333335,1014.3000000000001,4.666666666666667
The Views,2025-02-10,20.208333333333332,17.3,22.8,55.375,0.0,13.679166666666667,1016.7458333333334,2.7916666666666665
The Views,2025-02-11,20.566666666666666,15.1,25.3,55.041666666666664,0.0,9.883333333333333,1017.7541666666667,1.5833333333333333
The Views,2025-02-12,24.004166666666666,18.3,32.0,48.916666666666664,0.0,11.237499999999999,1016.475,3.2083333333333335
The Views,2025-02-13,26.3,21.1,32.0,36.5,0.0,13.441666666666668,1015.9499999999999,4.666666666666667
The Views,2025-02-14,25.708333333333332,23.0,30.0,51.333333333333336,0.0,14.183333333333332,1016.4916666666667,5.625
The Views,2025-02-15,22.941666666666666,20.3,26.0,70.875,0.0,12.358333333333334,1015.2208333333333,4.25
The Views,2025-02-16,24.133333333333336,21.8,26.1,60.625,2.0,11.570833333333333,1014.2958333333335,5.083333333333333
The Views,2025-02-17,25.829166666666666,22.5,32.0,52.416666666666664,2.3,15.204166666666666,1013.85,4.833333333333333
The Views,2025-02-18,23.866666666666664,21.6,27.0,58.916666666666664,2.2,10.125,1015.1625,4.458333333333333
The Views,2025-02-19,23.041666666666668,20.5,26.0,59.375,0.0,10.858333333333334,1014.7916666666666,2.9166666666666665
The Views,2025-02-20,22.9875,19.0,27.8,54.5,0.6000000000000001,10.608333333333333,1011.8041666666667,3.5416666666666665
The Views,2025-02-21,25.5625,22.8,30.3,48.625,1.9,12.083333333333334,1013.2958333333335,2.3333333333333335
The Views,2025-02-22,23.804166666666664,19.8,28.0,59.833333333333336,0.0,8.920833333333333,1015.225,1.125
The Views,2025-02-23,26.291666666666668,19.7,35.2,48.916666666666664,0.0,12.804166666666667,1012.3666666666667,2.5
The Views,2025-02-24,25.195833333333336,23.8,27.2,65.04166666666667,0.0,12.475,1012.2291666666666,4.416666666666667
The Views,2025-02-25,22.291666666666668,19.7,23.8,60.75,0.3,21.53333333333333,1016.4416666666666,6.5
The Views,2025-02-26,20.045833333333334,16.8,22.0,55.25,0.0,13.2875,1019.1083333333332,5.208333333333333
The Views,2025-02-27,20.879166666666666,20.0,22.0,54.625,0.0,19.941666666666666,1018.2041666666668,6.583333333333333
The Views,2025-02-28,20.895833333333332,19.0,23.0,50.541666666666664,0.0,19.808333333333334,1016.4875000000001,3.2083333333333335
The Views,2025-03-01,20.204166666666666,16.0,23.8,56.708333333333336,0.0,12.570833333333333,1015.2166666666667,2.5416666666666665
The Views,2025-03-02,20.929166666666667,17.6,24.0,55.25,0.0,16.366666666666667,1014.9083333333333,2.375
The Views,2025-03-03,21.291666666666668,17.8,24.0,41.583333333333336,0.0,13.737499999999999,1017.4499999999999,0.625
The Views,2025-03-04,23.09583333333333,16.3,29.8,38.625,0.0,18.245833333333334,1017.0,2.0833333333333335
The Views,2025-03-05,24.833333333333332,21.8,31.0,42.458333333333336,0.0,18.608333333333334,1016.8625000000001,4.083333333333333
The Views,2025-03-06,25.708333333333332,20.8,31.0,36.458333333333336,0.0,12.179166666666667,1016.1041666666666,1.5833333333333333
The Views,2025-03-07,28.5125,22.6,33.8,25.375,0.0,11.645833333333334,1013.2541666666667,1.5833333333333333
The Views,2025-03-08,29.150000000000002,24.7,36.1,20.416666666666668,0.0,12.866666666666667,1009.5708333333333,2.0416666666666665
The Views,2025-03-09,27.6375,24.3,31.8,32.0,0.0,15.65,1010.4125,4.416666666666667
The Views,2025-03-10,26.916666666666668,23.9,30.8,48.375,0.8,12.791666666666666,1012.6374999999999,5.25
The Views,2025-03-11,28.59583333333333,25.3,35.8,39.0,0.1,9.895833333333334,1012.9875000000001,4.791666666666667
The Views,2025-03-12,28.025000000000002,25.0,31.4,40.625,0.0,10.845833333333333,1013.5083333333333,5.041666666666667
The Views,2025-03-13,24.766666666666666,22.0,27.4,59.083333333333336,0.0,14.512500000000001,1013.65,3.625
The Views,2025-03-14,23.204166666666666,18.2,27.1,68.25,0.0,10.804166666666667,1013.7708333333334,0.4583333333333333
The Views,2025-03-15,24.858333333333334,19.1,30.8,60.416666666666664,0.0,11.995833333333335,1014.1750000000001,0.7916666666666666
The Views,2025-03-16,25.983333333333334,19.8,33.0,50.791666666666664,0.0,12.325000000000001,1015.2041666666668,2.0416666666666665
The Views,2025-03-17,25.041666666666668,23.5,28.9,61.208333333333336,0.0,10.887500000000001,1014.5666666666666,3.2916666666666665
The Views,2025-03-18,23.295833333333334,17.5,28.6,65.83333333333333,0.0,12.950000000000001,1013.625,1.2083333333333333
The Views,2025-03-19,24.191666666666666,18.8,29.4,51.833333333333336,0.0,11.245833333333332,1013.4625,0.5833333333333334
The Views,2025-03-20,26.2625,18.8,32.1,44.125,0.0,9.091666666666667,1013.8583333333332,1.0833333333333333
The Views,2025-03-21,28.21666666666667,21.6,36.8,33.041666666666664,0.0,13.041666666666666,1014.6083333333332,1.375
The Views,2025-03-22,29.724999999999998,24.8,35.0,21.208333333333332,0.0,15.683333333333332,1013.6583333333333,1.4166666666666667
The Views,2025-03-23,29.020833333333332,25.5,35.0,31.875,0.0,13.833333333333334,1013.1666666666666,4.166666666666667
The Views,2025-03-24,24.954166666666666,21.8,27.0,61.125,0.0,19.083333333333332,1015.3208333333333,2.9166666666666665
The Views,2025-03-25,22.025000000000002,20.7,24.8,53.791666666666664,0.0,25.566666666666666,1014.5375,2.5
The Views,2025-03-26,22.058333333333334,17.4,26.0,57.625,0.0,15.404166666666667,1012.6083333333335,1.375
The Views,2025-03-27,23.400000000000002,18.1,29.0,60.5,0.0,12.424999999999999,1013.3708333333334,0.75
The Views,2025-03-28,25.129166666666666,20.1,29.3,55.375,0.0,10.908333333333333,1013.2125000000001,2.5
The Views,2025-03-29,26.766666666666666,20.8,32.4,38.125,0.0,12.766666666666666,1012.5458333333335,0.625
The Views,2025-03-30,27.59166666666667,21.7,33.4,37.666666666666664,0.0,10.4125,1012.4041666666667,0.625
The Views,2025-03-31,28.558333333333334,23.6,35.1,27.833333333333332,0.0,10.637500000000001,1012.5,0.7916666666666666
The Views,2025-04-01,28.275000000000002,23.3,34.3,32.708333333333336,0.0,11.799999999999999,1011.4458333333333,1.25
The Views,2025-04-02,27.59583333333333,22.4,32.3,38.708333333333336,0.0,9.558333333333334,1010.1791666666667,0.5416666666666666
The Views,2025-04-03,28.712500000000002,22.6,38.4,42.5,0.0,11.054166666666667,1010.0666666666667,0.75
The Views,2025-04-04,31.75,24.8,39.2,23.375,0.0,11.520833333333334,1010.6791666666667,0.75
The Views,2025-04-05,32.1375,26.6,39.8,17.75,0.0,12.958333333333334,1011.1708333333332,0.75
The Views,2025-04-06,31.75,25.4,40.0,21.5,0.0,11.545833333333334,1010.9583333333334,1.2916666666666667
The Views,2025-04-07,31.558333333333334,25.4,39.0,26.75,0.0,12.112499999999999,1011.025,2.8333333333333335
The Views,2025-04-08,31.083333333333332,24.3,36.5,32.083333333333336,0.0,12.408333333333333,1010.1958333333333,2.3333333333333335
The Views,2025-04-09,28.59583333333333,24.0,32.4,52.25,0.0,13.575000000000001,1009.125,0.125
The Views,2025-04-10,28.191666666666666,23.4,32.8,56.125,0.0,11.545833333333334,1006.3958333333334,0.4166666666666667
The Views,2025-04-11,29.454166666666666,23.3,36.8,51.291666666666664,0.0,11.620833333333332,1003.6374999999999,0.3333333333333333
The Views,2025-04-12,32.5875,26.6,39.2,27.833333333333332,0.0,10.745833333333332,1003.8375000000001,0.4166666666666667
The Views,2025-04-13,34.9375,29.6,40.1,20.625,0.0,13.9375,1006.7916666666666,0.20833333333333334
The Views,2025-04-14,34.175000000000004,29.1,41.0,26.208333333333332,0.0,11.9375,1008.1999999999999,1.2083333333333333
The Views,2025-04-15,33.5875,29.8,41.0,30.375,0.0,13.779166666666667,1008.1666666666666,2.9166666666666665
The Views,2025-04-16,30.129166666666666,26.0,35.4,52.375,0.0,14.745833333333332,1009.1916666666667,0.0
The Views,2025-04-17,27.695833333333336,23.8,31.4,51.541666666666664,0.0,17.820833333333333,1009.3958333333334,0.25
The Views,2025-04-18,27.054166666666664,25.7,29.0,53.291666666666664,0.0,20.1125,1009.3458333333333,0.5416666666666666
The Views,2025-04-19,26.337500000000002,22.8,30.0,55.25,0.0,15.775,1009.6416666666668,1.2916666666666667
The Views,2025-04-20,26.5125,22.3,30.2,55.25,0.0,12.691666666666668,1009.9958333333334,0.8333333333333334
The Views,2025-04-21,28.183333333333334,23.0,35.2,55.0,0.0,11.029166666666667,1011.6041666666666,0.5416666666666666
The Views,2025-04-22,29.95,23.5,35.8,42.0,0.0,9.733333333333333,1012.6666666666666,0.375
The Views,2025-04-23,33.1625,26.1,38.0,25.166666666666668,0.0,9.5625,1010.3125,0.4583333333333333
The Views,2025-04-24,30.066666666666666,26.6,35.0,43.291666666666664,0.0,11.004166666666668,1006.9541666666668,0.3333333333333333
The Views,2025-04-25,30.0125,24.1,37.5,52.291666666666664,0.0,11.65,1006.7166666666667,0.5416666666666666
The Views,2025-04-26,33.141666666666666,25.8,42.2,34.166666666666664,0.0,10.05,1006.4125,3.2083333333333335
The Views,2025-04-27,35.9125,28.6,43.7,21.416666666666668,0.0,10.895833333333334,1006.8041666666667,3.7083333333333335
The Views,2025-04-28,36.25833333333333,30.6,43.1,16.041666666666668,0.0,11.908333333333333,1005.7583333333333,3.3333333333333335
The Views,2025-04-29,36.0,29.6,43.8,18.916666666666668,0.0,11.745833333333332,1004.3666666666667,0.6666666666666666
The Views,2025-04-30,35.045833333333334,29.4,41.8,26.625,0.0,12.758333333333333,1005.2624999999999,0.4583333333333333
The Views,2025-05-01,34.59166666666667,29.4,40.8,25.625,0.0,11.950000000000001,1006.4541666666668,0.5416666666666666
The Views,2025-05-02,34.07083333333333,27.3,40.2,33.291666666666664,0.0,10.029166666666667,1006.4625,0.125
The Views,2025-05-03,33.920833333333334,28.8,38.5,33.458333333333336,0.0,14.1,1005.0291666666667,1.3333333333333333
The Views,2025-05-04,35.125,29.3,42.0,24.25,0.0,14.070833333333333,1003.7333333333335,1.125
The Views,2025-05-05,35.608333333333334,29.6,41.2,22.291666666666668,0.0,12.908333333333333,1003.3083333333334,0.75
The Views,2025-05-06,33.9,29.7,38.0,36.125,0.0,17.8875,1003.6458333333334,0.0
The Views,2025-05-07,30.962500000000002,28.0,33.0,46.125,0.0,20.966666666666665,1004.8833333333333,0.3333333333333333
The Views,2025-05-08,28.400000000000002,24.0,32.2,52.375,0.0,19.8875,1004.3541666666666,0.5
The Views,2025-05-09,29.120833333333334,24.0,36.2,56.625,0.0,12.612499999999999,1005.9583333333334,0.5
The Views,2025-05-10,30.3625,25.5,34.5,63.625,0.0,11.9,1006.9125,0.16666666666666666
The Views,2025-05-11,32.65,27.8,38.0,46.75,0.0,12.083333333333334,1005.9250000000001,0.375
The Views,2025-05-12,34.704166666666666,29.8,40.5,32.083333333333336,0.0,10.829166666666666,1004.1291666666667,0.8333333333333334
The Views,2025-05-13,35.40833333333333,29.6,42.0,26.916666666666668,0.0,12.070833333333333,1004.0666666666667,0.4166666666666667
The Views,2025-05-14,35.166666666666664,29.8,40.8,30.666666666666668,0.0,14.279166666666667,1005.0291666666667,0.25
The Views,2025-05-15,35.6875,29.6,41.0,26.041666666666668,0.0,14.416666666666666,1006.3625000000001,0.16666666666666666
The Views,2025-05-16,33.75416666666667,29.5,39.0,33.041666666666664,0.0,12.195833333333333,1005.6333333333333,0.2916666666666667
The Views,2025-05-17,31.329166666666666,27.0,35.5,60.333333333333336,0.0,16.504166666666666,1004.2624999999999,0.25
The Views,2025-05-18,30.875,26.0,35.8,52.416666666666664,0.0,12.424999999999999,1004.5,0.20833333333333334
The Views,2025-05-19,31.962500000000002,27.1,36.0,56.166666666666664,0.0,10.870833333333332,1002.6416666666668,0.2916666666666667
The Views,2025-05-20,33.550000000000004,28.8,38.0,55.583333333333336,0.0,10.5875,1001.6541666666667,0.16666666666666666
The Views,2025-05-21,34.4125,28.8,41.3,47.166666666666664,0.0,10.654166666666667,1000.9541666666668,0.0
The Views,2025-05-22,35.458333333333336,28.5,43.8,46.958333333333336,0.0,11.525,999.9375,0.125
The Views,2025-05-23,37.35,31.4,44.5,27.208333333333332,0.0,10.979166666666666,997.5124999999999,0.16666666666666666
The Views,2025-05-24,38.025,31.4,46.5,24.458333333333332,0.0,11.379166666666668,996.6208333333334,0.2916666666666667
The Views,2025-05-25,36.30833333333333,31.0,44.3,35.291666666666664,0.0,13.487499999999999,997.7624999999999,0.375
The Views,2025-05-26,36.96666666666667,30.1,45.3,37.75,0.0,14.745833333333332,1000.0749999999999,0.16666666666666666
The Views,2025-05-27,34.358333333333334,30.5,37.2,42.0,0.0,14.733333333333334,1000.0708333333333,0.0
The Views,2025-05-28,33.583333333333336,28.9,37.8,49.083333333333336,0.0,13.700000000000001,999.6083333333335,0.041666666666666664
The Views,2025-05-29,35.541666666666664,29.8,43.0,42.916666666666664,0.0,11.933333333333332,999.0041666666667,0.041666666666666664
The Views,2025-05-30,35.375,30.8,40.2,40.458333333333336,0.0,12.554166666666667,998.8333333333334,0.041666666666666664
The Views,2025-05-31,34.07083333333333,29.0,39.2,51.25,0.0,15.241666666666667,1000.5375,0.0
The Views,2025-06-01,32.49166666666667,27.8,37.0,52.25,0.0,12.291666666666666,1002.1999999999999,0.20833333333333334
The Views,2025-06-02,34.49166666666667,29.1,40.0,46.583333333333336,0.0,10.945833333333333,1000.2125,0.25
The Views,2025-06-03,32.916666666666664,27.8,38.5,60.916666666666664,0.0,12.291666666666666,998.6583333333333,0.0
The Views,2025-06-04,32.0375,28.0,37.0,64.45833333333333,0.0,15.929166666666667,999.5541666666667,0.20833333333333334
The Views,2025-06-05,31.825,27.0,38.8,57.166666666666664,0.0,14.845833333333333,1002.0916666666667,0.0
The Views,2025-06-06,31.245833333333334,26.8,36.5,57.125,0.0,14.666666666666666,1004.9708333333333,0.5
The Views,2025-06-07,32.012499999999996,27.3,36.0,64.375,0.0,14.1625,1005.3541666666666,0.5416666666666666
The Views,2025-06-08,33.270833333333336,30.5,38.0,64.29166666666667,0.0,13.745833333333332,1004.6958333333333,0.3333333333333333
The Views,2025-06-09,35.574999999999996,30.5,40.0,46.041666666666664,0.0,14.225,1004.5166666666668,0.4166666666666667
The Views,2025-06-10,37.12916666666667,31.1,42.8,37.125,0.0,12.700000000000001,1002.625,0.0
The Views,2025-06-11,36.99583333333333,32.1,42.0,31.166666666666668,0.0,12.841666666666667,1002.0500000000001,0.0
The Views,2025-06-12,37.525,32.6,44.2,32.041666666666664,0.0,11.700000000000001,1001.4458333333333,0.0
The Views,2025-06-13,37.1875,32.8,43.2,36.75,0.0,11.754166666666668,1000.7666666666668,0.041666666666666664
The Views,2025-06-14,36.96666666666667,31.8,44.2,36.75,0.0,12.745833333333332,999.75,0.0
The Views,2025-06-15,35.82083333333333,32.3,39.2,32.916666666666664,0.0,11.554166666666667,996.9208333333332,0.041666666666666664
The Views,2025-06-16,36.479166666666664,32.1,40.4,41.458333333333336,0.0,12.320833333333333,994.8833333333333,0.0
The Views,2025-06-17,37.69166666666667,31.3,44.2,39.791666666666664,0.0,12.225,995.2291666666666,0.0
The Views,2025-06-18,36.025,30.2,42.2,41.958333333333336,0.0,12.858333333333334,996.4291666666667,0.0
The Views,2025-06-19,34.94166666666667,30.2,41.0,60.5,0.0,13.862499999999999,996.7166666666667,0.0
The Views,2025-06-20,34.78333333333333,30.0,42.0,58.166666666666664,0.0,13.520833333333334,997.0625,0.625
The Views,2025-06-21,34.81666666666667,29.6,41.8,59.75,0.0,11.4,997.975,0.375
The Views,2025-06-22,34.96666666666667,30.0,41.2,53.416666666666664,0.0,10.725,997.7125,0.125
The Views,2025-06-23,34.645833333333336,29.8,39.5,54.083333333333336,0.0,14.670833333333334,996.1791666666667,0.4166666666666667
The Views,2025-06-24,35.09583333333334,30.0,41.5,41.875,0.0,16.070833333333333,994.9208333333335,0.20833333333333334
The Views,2025-06-25,34.770833333333336,30.8,40.2,43.0,0.0,14.424999999999999,994.0958333333333,0.5833333333333334
The Views,2025-06-26,34.52916666666667,30.1,38.2,60.375,0.0,12.7125,995.3208333333333,0.041666666666666664
The Views,2025-06-27,36.47083333333333,32.8,43.0,45.291666666666664,0.0,12.429166666666667,994.8208333333333,0.5416666666666666
The Views,2025-06-28,36.35,33.3,41.2,51.291666666666664,0.0,11.737499999999999,994.0625,1.2083333333333333
The Views,2025-06-29,35.300000000000004,33.0,38.5,55.958333333333336,0.0,11.275,993.0708333333333,2.0
The Views,2025-06-30,34.266666666666666,30.8,38.0,59.791666666666664,0.0,11.375,993.2666666666668,1.375
The Views,2025-07-01,35.94166666666667,30.3,41.0,49.25,0.0,10.379166666666666,994.1,0.5416666666666666
The Views,2025-07-02,35.0,31.1,38.7,54.208333333333336,0.0,11.85,994.7583333333333,0.08333333333333333
The Views,2025-07-03,34.46666666666667,31.0,39.7,64.29166666666667,0.0,13.608333333333334,994.9083333333333,0.5416666666666666
The Views,2025-07-04,34.425000000000004,30.8,39.2,65.58333333333333,0.0,13.549999999999999,995.5541666666667,0.9166666666666666
The Views,2025-07-05,34.74166666666667,32.2,38.0,63.958333333333336,0.0,11.754166666666668,995.75,0.625
The Views,2025-07-06,33.75,30.8,38.3,60.125,0.0,17.229166666666668,995.2166666666667,1.0
The Views,2025-07-07,33.4125,29.0,37.0,51.541666666666664,0.0,16.295833333333334,995.725,0.4166666666666667
The Views,2025-07-08,33.987500000000004,30.0,38.2,47.291666666666664,0.0,12.441666666666668,996.3791666666667,0.20833333333333334
The Views,2025-07-09,34.55833333333333,30.1,38.0,40.166666666666664,0.0,10.033333333333333,996.5541666666667,0.2916666666666667
The Views,2025-07-10,35.4375,30.8,39.5,33.125,0.0,10.1875,996.5166666666668,0.4583333333333333
The Views,2025-07-11,36.97083333333333,32.1,43.0,42.25,0.0,15.120833333333332,997.0,0.16666666666666666
The Views,2025-07-12,37.479166666666664,32.8,42.2,41.625,0.0,16.825,998.4458333333333,3.0833333333333335
The Views,2025-07-13,38.233333333333334,32.4,45.6,36.583333333333336,0.0,15.029166666666667,998.775,0.3333333333333333
The Views,2025-07-14,39.579166666666666,33.9,45.2,28.708333333333332,0.0,15.058333333333332,997.0875,0.5833333333333334
The Views,2025-07-15,39.81666666666667,34.3,44.6,26.625,0.0,13.841666666666667,996.0791666666668,0.625
The Views,2025-07-16,38.574999999999996,34.4,44.7,32.666666666666664,0.0,14.304166666666667,996.6750000000001,0.5
The Views,2025-07-17,37.75833333333333,32.0,42.3,32.958333333333336,0.0,12.904166666666667,997.2041666666668,0.16666666666666666
The Views,2025-07-18,39.074999999999996,33.6,45.2,34.791666666666664,0.0,15.5625,997.1166666666667,0.6666666666666666
The Views,2025-07-19,38.55833333333333,33.8,43.9,39.833333333333336,0.0,15.754166666666668,995.8666666666667,0.125
The Views,2025-07-20,36.7875,32.4,40.2,52.875,0.0,11.9375,993.9916666666667,1.7083333333333333
The Views,2025-07-21,39.104166666666664,32.8,44.8,41.125,0.0,15.174999999999999,994.4291666666667,1.2916666666666667
The Views,2025-07-22,38.762499999999996,32.3,45.0,43.083333333333336,0.0,16.54583333333333,995.4708333333333,3.5
The Views,2025-07-23,35.86666666666667,32.5,40.5,57.833333333333336,0.0,12.125,993.8541666666666,4.541666666666667
The Views,2025-07-24,35.729166666666664,30.7,40.2,60.708333333333336,0.0,12.387500000000001,991.7958333333332,0.0
The Views,2025-07-25,38.42916666666667,32.3,45.1,46.416666666666664,0.0,19.412499999999998,992.0,0.5416666666666666
The Views,2025-07-26,38.71666666666667,32.6,44.8,40.375,0.0,16.579166666666666,994.2708333333334,1.0416666666666667
The Views,2025-07-27,39.1,33.6,44.7,34.041666666666664,0.0,14.620833333333332,995.2791666666667,2.875
The Views,2025-07-28,38.84166666666667,33.0,46.1,37.041666666666664,0.0,14.479166666666666,995.8666666666667,2.0
The Views,2025-07-29,38.483333333333334,33.6,46.0,35.333333333333336,0.0,15.754166666666668,996.7875,0.375
The Views,2025-07-30,36.795833333333334,32.5,41.6,43.375,0.0,14.058333333333332,996.0416666666666,0.7083333333333334
The Views,2025-07-31,38.44166666666667,32.7,44.2,38.833333333333336,0.0,12.3125,993.6708333333332,3.9166666666666665
The Views,2025-08-01,39.38333333333333,34.0,45.8,36.166666666666664,0.0,22.520833333333332,994.6374999999999,3.5
The Views,2025-08-02,38.229166666666664,31.5,44.1,43.333333333333336,0.0,18.041666666666668,996.9499999999999,1.5
The Views,2025-08-03,38.458333333333336,32.7,43.6,39.541666666666664,0.0,16.566666666666666,997.6958333333333,3.0416666666666665
The Views,2025-08-04,37.71666666666667,32.6,42.9,43.75,0.0,18.729166666666668,999.1958333333333,0.20833333333333334
The Views,2025-08-05,37.65833333333333,33.8,42.1,38.583333333333336,0.0,16.5,999.6625,0.9166666666666666
The Views,2025-08-06,38.11666666666667,34.0,43.5,35.291666666666664,0.0,16.279166666666665,999.2125,0.5416666666666666
The Views,2025-08-07,37.82083333333333,33.3,42.7,38.125,0.0,16.754166666666666,999.4916666666667,0.5833333333333334
The Views,2025-08-08,37.21666666666667,32.2,41.9,43.625,0.0,17.5125,1000.5333333333333,0.041666666666666664
The Views,2025-08-09,37.57083333333333,34.2,42.4,38.916666666666664,0.0,16.1375,1002.4458333333333,0.875
The Views,2025-08-10,37.766666666666666,33.0,42.6,36.625,0.0,16.254166666666666,1001.7333333333332,3.0833333333333335
The Views,2025-08-11,37.608333333333334,34.8,42.1,34.708333333333336,0.0,17.408333333333335,1001.8291666666668,1.0
The Views,2025-08-12,36.983333333333334,33.1,42.3,36.208333333333336,0.0,15.475,1001.4375,0.0
The Views,2025-08-13,36.199999999999996,31.5,40.7,44.916666666666664,0.0,14.0,999.1374999999999,0.6666666666666666
The Views,2025-08-14,36.637499999999996,31.4,40.9,41.833333333333336,0.0,10.991666666666667,997.0333333333333,2.9166666666666665
The Views,2025-08-15,37.06666666666667,32.6,42.5,45.375,0.0,28.433333333333334,996.5333333333333,4.333333333333333
The Views,2025-08-16,36.80833333333333,30.9,44.8,46.375,0.0,20.308333333333334,996.8125,2.25
The Views,2025-08-17,37.4125,32.4,43.3,40.75,0.0,15.012500000000001,997.1958333333333,3.0416666666666665
The Views,2025-08-18,37.55833333333333,33.2,42.1,39.125,0.0,13.579166666666666,998.4958333333334,4.75
The Views,2025-08-19,37.1625,34.0,41.7,44.25,0.0,16.533333333333335,998.3333333333334,7.083333333333333
The Views,2025-08-20,37.454166666666666,32.9,43.0,45.208333333333336,0.0,16.6875,996.7666666666668,2.7083333333333335
The Views,2025-08-21,36.545833333333334,32.8,41.1,45.458333333333336,0.0,17.125,999.2333333333332,0.75
The Views,2025-08-22,35.75833333333333,32.0,40.1,50.291666666666664,0.0,17.670833333333334,1000.025,0.8333333333333334
The Views,2025-08-23,35.87916666666667,32.4,41.1,50.208333333333336,0.0,16.208333333333332,998.2041666666668,0.4166666666666667
The Views,2025-08-24,34.90416666666667,31.1,39.4,57.416666666666664,0.0,15.008333333333333,998.525,0.875
The Views,2025-08-25,35.891666666666666,31.0,42.2,38.75,0.0,13.700000000000001,998.6750000000001,1.5
The Views,2025-08-26,36.7875,31.1,42.9,29.041666666666668,0.0,11.4625,998.8541666666666,2.125
The Views,2025-08-27,37.07083333333333,31.2,44.1,44.541666666666664,0.0,17.591666666666665,998.6083333333332,0.5416666666666666
The Views,2025-08-28,37.025,31.0,44.1,40.166666666666664,0.0,15.283333333333333,999.6291666666666,0.4583333333333333
The Views,2025-08-29,37.69583333333333,33.1,42.8,36.958333333333336,0.0,11.85,999.4666666666667,0.5833333333333334
The Views,2025-08-30,36.6,31.1,42.9,49.125,0.0,13.029166666666667,1000.5375,2.5833333333333335
The Views,2025-08-31,37.333333333333336,31.5,43.7,36.208333333333336,0.0,11.916666666666666,1000.2833333333333,4.291666666666667
The Views,2025-09-01,35.37916666666667,31.3,42.5,52.291666666666664,0.0,13.683333333333332,997.85,2.2916666666666665
The Views,2025-09-02,34.175000000000004,29.8,39.8,66.0,0.0,12.75,997.525,0.25
The Views,2025-09-03,34.875,29.4,42.2,56.375,0.0,13.195833333333333,999.1583333333333,0.125
The Views,2025-09-04,35.94166666666667,30.1,43.0,47.875,0.0,19.587500000000002,1000.4,0.3333333333333333
The Views,2025-09-05,36.729166666666664,31.9,41.8,42.166666666666664,0.0,13.429166666666667,1002.4499999999999,0.4166666666666667
The Views,2025-09-06,37.175000000000004,33.1,42.0,40.833333333333336,0.0,13.579166666666666,1002.9166666666666,1.0833333333333333
The Views,2025-09-07,34.983333333333334,31.3,38.2,57.916666666666664,0.0,12.154166666666667,1001.3958333333334,1.0
The Views,2025-09-08,34.55416666666667,30.3,39.2,65.875,0.0,11.541666666666666,999.4875000000001,0.9166666666666666
The Views,2025-09-09,35.979166666666664,30.8,42.8,60.416666666666664,0.0,12.804166666666667,1000.4458333333333,1.4583333333333333
The Views,2025-09-10,35.37083333333333,30.1,41.2,45.375,0.0,11.475,1001.5208333333334,2.2916666666666665
The Views,2025-09-11,35.31666666666667,31.0,40.5,48.625,0.0,17.004166666666666,1001.4833333333332,0.5
The Views,2025-09-12,34.7,30.8,39.9,53.416666666666664,0.0,20.1375,1002.5875,1.2083333333333333
The Views,2025-09-13,33.77916666666667,29.9,39.5,55.125,0.0,23.358333333333334,1003.9291666666667,0.3333333333333333
The Views,2025-09-14,33.0,29.3,38.5,55.333333333333336,0.0,20.320833333333333,1005.4083333333333,0.041666666666666664
The Views,2025-09-15,32.958333333333336,29.8,37.5,53.5,0.0,16.8875,1005.4833333333332,0.0
The Views,2025-09-16,33.612500000000004,30.3,38.8,65.54166666666667,0.0,12.5875,1004.3458333333333,0.5
The Views,2025-09-17,34.15416666666667,30.3,40.4,64.70833333333333,0.0,11.445833333333333,1004.0083333333333,2.5
The Views,2025-09-18,33.891666666666666,29.2,40.2,61.583333333333336,0.0,11.329166666666666,1003.7416666666667,5.5
The Views,2025-09-19,33.0875,27.8,38.2,59.0,0.0,10.208333333333334,1003.4083333333333,2.625
The Views,2025-09-20,34.4625,29.3,41.0,54.291666666666664,0.0,16.229166666666668,1002.85,0.041666666666666664
The Views,2025-09-21,34.67916666666667,29.7,40.2,48.125,0.0,14.416666666666666,1003.7125,2.8333333333333335
The Views,2025-09-22,34.07083333333333,29.9,39.5,53.75,0.0,12.612499999999999,1005.0666666666666,0.041666666666666664
The Views,2025-09-23,32.90416666666667,29.0,37.6,66.375,0.0,10.237499999999999,1005.5708333333333,0.0
The Views,2025-09-24,32.762499999999996,28.7,38.0,62.041666666666664,0.0,18.854166666666668,1003.5083333333333,0.0
The Views,2025-09-25,32.11666666666667,28.1,37.5,57.208333333333336,0.0,13.0625,1002.775,0.125
The Views,2025-09-26,32.762499999999996,28.1,38.6,55.791666666666664,0.0,10.379166666666666,1005.1833333333334,0.0
The Views,2025-09-27,34.083333333333336,29.1,39.5,50.541666666666664,0.0,11.924999999999999,1007.1333333333333,0.041666666666666664
The Views,2025-09-28,33.574999999999996,29.0,39.5,51.75,0.0,12.283333333333333,1007.4708333333333,0.375
The Views,2025-09-29,32.420833333333334,27.6,38.6,63.5,0.0,13.620833333333332,1004.8083333333334,0.041666666666666664
The Views,2025-09-30,32.30416666666667,27.5,39.2,66.25,0.0,11.958333333333334,1002.0458333333332,2.2916666666666665
The Views,2025-10-01,31.804166666666664,26.5,38.3,71.875,0.0,12.420833333333334,1000.8791666666666,0.75
The Views,2025-10-02,32.09166666666667,27.2,37.8,65.66666666666667,0.0,11.283333333333333,1003.5583333333334,0.4166666666666667
The Views,2025-10-03,32.041666666666664,27.0,37.8,62.208333333333336,0.0,11.4,1007.2875,0.0
The Views,2025-10-04,31.566666666666666,27.1,36.7,62.958333333333336,0.0,12.4,1008.2958333333332,0.0
The Views,2025-10-05,30.954166666666666,26.6,36.1,67.95833333333333,0.0,11.720833333333333,1007.0083333333333,0.0
The Views,2025-10-06,31.608333333333334,25.8,38.8,62.166666666666664,0.0,13.674999999999999,1007.1208333333334,0.0
The Views,2025-10-07,31.583333333333332,26.4,38.5,58.625,0.0,12.133333333333333,1008.1,0.0
The Views,2025-10-08,31.020833333333332,26.1,37.3,58.416666666666664,0.0,9.741666666666667,1008.8666666666667,0.0
The Views,2025-10-09,31.266666666666666,25.9,37.0,54.833333333333336,0.0,10.433333333333334,1010.8916666666668,0.125
The Views,2025-10-10,31.27916666666667,26.0,37.3,52.208333333333336,0.0,10.866666666666667,1010.4458333333333,0.0
The Views,2025-10-11,30.358333333333334,25.7,35.9,59.166666666666664,0.0,10.729166666666666,1009.6875,0.08333333333333333
The Views,2025-10-12,31.545833333333334,26.6,36.9,50.375,0.0,14.4125,1010.0833333333334,1.9166666666666667
The Views,2025-10-13,32.35,28.7,36.4,41.5,0.0,12.408333333333333,1011.2583333333333,1.9166666666666667
The Views,2025-10-14,31.287499999999998,27.3,35.9,51.875,0.0,13.237499999999999,1010.275,0.4166666666666667
The Views,2025-10-15,30.625,26.6,35.8,65.25,0.0,11.541666666666666,1008.6458333333334,0.5
The Views,2025-10-16,30.354166666666668,26.4,35.7,60.958333333333336,0.0,14.070833333333333,1009.9208333333332,0.625
The Views,2025-10-17,30.495833333333334,26.4,35.1,48.541666666666664,0.0,14.4625,1012.0208333333334,0.16666666666666666
The Views,2025-10-18,30.170833333333334,26.1,35.0,49.791666666666664,0.0,13.487499999999999,1011.725,0.0
The Views,2025-10-19,29.566666666666666,25.4,33.8,60.333333333333336,0.0,11.908333333333333,1010.0625,0.2916666666666667
The Views,2025-10-20,29.766666666666666,25.3,35.2,62.166666666666664,0.0,11.720833333333333,1009.5166666666668,0.0
The Views,2025-10-21,29.97083333333333,25.1,35.6,54.916666666666664,0.0,11.429166666666667,1011.4833333333332,0.25
The Views,2025-10-22,30.629166666666666,25.4,36.2,51.958333333333336,0.0,11.716666666666667,1013.5333333333333,0.08333333333333333
The Views,2025-10-23,29.508333333333336,25.5,34.4,61.083333333333336,0.0,11.637500000000001,1013.0083333333333,0.2916666666666667
The Views,2025-10-24,29.299999999999997,24.7,34.9,53.916666666666664,0.0,10.904166666666667,1012.1708333333332,0.0
The Views,2025-10-25,28.758333333333336,24.0,33.5,54.791666666666664,0.0,10.679166666666667,1010.3166666666666,0.0
The Views,2025-10-26,28.325,23.9,32.3,60.333333333333336,0.0,10.091666666666667,1009.9833333333332,0.0
The Views,2025-10-27,28.349999999999998,24.0,32.5,59.083333333333336,0.0,9.75,1010.8083333333334,0.0
The Views,2025-10-28,28.90833333333333,24.4,33.4,62.583333333333336,0.0,11.775,1011.2125,0.0
The Views,2025-10-29,29.349999999999998,24.7,34.0,60.75,0.0,12.7125,1010.8375,0.2916666666666667
The Views,2025-10-30,29.025000000000002,24.6,33.1,60.833333333333336,0.0,11.2125,1010.7416666666667,0.2916666666666667
The Views,2025-10-31,29.041666666666668,25.1,33.4,58.5,0.0,12.416666666666666,1012.4625,0.20833333333333334
The Views,2025-11-01,29.0,24.3,34.0,52.708333333333336,0.0,13.075000000000001,1013.3375,0.20833333333333334
The Views,2025-11-02,28.2625,24.2,32.6,55.625,0.0,10.941666666666668,1013.8791666666666,0.875
The Views,2025-11-03,27.829166666666666,23.2,32.0,55.75,0.0,13.579166666666666,1013.2708333333334,0.5416666666666666
The Views,2025-11-04,28.27916666666667,22.7,33.7,49.875,0.0,13.829166666666666,1014.0083333333333,0.16666666666666666
The Views,2025-11-05,28.724999999999998,24.3,34.2,33.0,0.0,15.4375,1013.5666666666666,2.3333333333333335
The Views,2025-11-06,27.641666666666666,22.4,34.1,35.375,0.0,12.983333333333334,1013.3166666666666,0.0
The Views,2025-11-07,26.27916666666667,21.2,32.0,38.791666666666664,0.0,13.083333333333334,1015.0416666666666,0.0
The Views,2025-11-08,26.304166666666664,20.6,32.2,34.041666666666664,0.0,11.862499999999999,1016.8791666666666,0.0
The Views,2025-11-09,26.329166666666666,21.0,31.5,43.458333333333336,0.0,11.929166666666667,1016.4458333333333,0.875
The Views,2025-11-10,26.379166666666666,21.4,30.9,50.25,0.0,10.625,1015.0291666666667,4.5
The Views,2025-11-11,26.133333333333336,21.0,32.0,53.75,0.0,11.779166666666667,1015.1125000000001,1.9166666666666667
The Views,2025-11-12,25.979166666666668,20.2,32.2,47.791666666666664,0.0,11.808333333333332,1016.7416666666667,0.6666666666666666
The Views,2025-11-13,25.77916666666667,20.2,31.3,51.833333333333336,0.0,11.487499999999999,1018.0708333333333,0.3333333333333333
The Views,2025-11-14,25.72083333333333,20.3,30.9,53.75,0.0,11.958333333333334,1017.2458333333334,0.0
The Views,2025-11-15,25.537499999999998,20.4,30.8,51.041666666666664,0.0,11.545833333333334,1016.9375,1.5416666666666667
The Views,2025-11-16,25.745833333333334,20.4,31.8,52.541666666666664,0.0,11.279166666666667,1018.8458333333333,5.333333333333333
The Views,2025-11-17,25.383333333333336,20.4,30.3,56.625,0.0,11.483333333333334,1019.1583333333333,7.416666666666667
The Views,2025-11-18,25.09166666666667,20.1,30.4,61.625,0.0,9.879166666666666,1016.6125000000001,4.333333333333333
The Views,2025-11-19,25.47083333333333,19.4,32.8,64.5,0.0,10.704166666666666,1015.4208333333332,0.125
The Views,2025-11-20,24.84166666666667,17.8,31.8,66.83333333333333,0.0,11.941666666666668,1016.7624999999999,0.08333333333333333
The Views,2025-11-21,25.25,19.1,31.4,67.33333333333333,0.0,10.220833333333333,1017.75,1.375
The Views,2025-11-22,25.566666666666666,19.1,33.0,44.916666666666664,0.0,13.641666666666666,1017.6875,0.08333333333333333
The Views,2025-11-23,25.22083333333333,19.8,31.7,40.833333333333336,0.0,11.204166666666666,1017.3458333333333,0.041666666666666664
The Views,2025-11-24,24.662499999999998,19.2,30.5,42.458333333333336,0.0,10.841666666666667,1017.1208333333334,0.041666666666666664
The Views,2025-11-25,23.666666666666668,17.6,29.9,45.625,0.0,10.833333333333334,1017.4416666666666,0.0
The Views,2025-11-26,23.650000000000002,17.7,29.3,47.208333333333336,0.0,10.708333333333334,1016.7708333333334,2.0
The Views,2025-11-27,23.59583333333333,18.4,28.7,48.708333333333336,0.0,9.458333333333334,1017.3291666666668,0.5416666666666666
The Views,2025-11-28,23.575,19.2,28.0,48.208333333333336,0.0,9.770833333333334,1018.1041666666666,0.0
The Views,2025-11-29,23.866666666666664,19.5,28.2,51.208333333333336,0.0,10.4375,1017.0458333333332,0.0
The Views,2025-11-30,23.55,17.8,28.8,51.666666666666664,0.0,9.666666666666666,1016.5916666666667,0.0
The Views,2025-12-01,23.287499999999998,18.8,28.0,53.958333333333336,0.0,10.025,1016.5749999999999,0.0
The Views,2025-12-02,23.479166666666668,17.9,29.0,57.125,0.0,10.620833333333334,1016.3375,4.5
The Views,2025-12-03,23.641666666666666,19.3,28.6,66.625,0.0,9.733333333333333,1016.1875,2.7083333333333335
The Views,2025-12-04,24.045833333333334,19.1,29.6,61.958333333333336,0.0,11.316666666666668,1017.3708333333334,4.125
The Views,2025-12-05,24.40833333333333,20.9,28.2,58.75,0.0,10.416666666666666,1017.9375,6.833333333333333
The Views,2025-12-06,23.9375,19.4,28.7,65.70833333333333,0.0,10.975,1018.1708333333332,1.5833333333333333
The Views,2025-12-07,24.3875,19.9,29.9,57.708333333333336,0.0,14.929166666666667,1018.8000000000001,0.625
The Views,2025-12-08,24.745833333333334,19.0,31.5,44.791666666666664,0.0,15.345833333333333,1019.1,2.2083333333333335
The Views,2025-12-09,23.741666666666664,17.8,29.7,40.416666666666664,0.0,10.25,1017.9166666666666,3.75
The Views,2025-12-10,23.016666666666666,16.8,29.0,51.916666666666664,0.0,12.958333333333334,1017.4541666666668,4.916666666666667
The Views,2025-12-11,23.416666666666668,18.0,29.6,59.416666666666664,0.0,11.887500000000001,1016.0333333333333,7.041666666666667
The Views,2025-12-12,23.995833333333334,19.2,29.5,50.416666666666664,0.0,10.845833333333333,1014.8291666666668,4.5
The Views,2025-12-13,23.9375,19.4,29.8,52.666666666666664,0.0,12.65,1013.8541666666666,3.375
The Views,2025-12-14,22.183333333333334,19.5,25.0,69.25,1.4,11.154166666666667,1015.3249999999999,2.6666666666666665
The Views,2025-12-15,23.2375,17.9,29.7,62.875,0.0,14.200000000000001,1014.6666666666666,1.0416666666666667
The Views,2025-12-16,23.5125,21.4,26.8,58.666666666666664,0.0,19.020833333333332,1012.1833333333334,3.875
The Views,2025-12-17,23.733333333333334,21.3,26.9,61.625,0.0,22.458333333333332,1012.8791666666666,5.875
The Views,2025-12-18,22.34166666666667,20.3,24.5,75.5,13.4,17.570833333333333,1014.3833333333333,7.041666666666667
The Views,2025-12-19,19.320833333333333,15.7,20.8,76.20833333333333,21.3,21.854166666666668,1014.0083333333333,4.5
The Views,2025-12-20,16.037499999999998,13.0,20.1,69.20833333333333,0.0,20.0,1016.2583333333333,1.5416666666666667
The Views,2025-12-21,16.599999999999998,12.1,20.8,67.0,0.0,9.416666666666666,1019.1,0.20833333333333334
The Views,2025-12-22,18.212500000000002,13.9,23.2,62.875,0.0,10.9625,1020.2583333333333,0.125
The Views,2025-12-23,18.191666666666666,13.8,23.0,63.5,0.0,10.704166666666666,1019.1999999999999,0.08333333333333333
The Views,2025-12-24,18.841666666666665,14.1,24.2,64.58333333333333,0.0,10.954166666666666,1017.5583333333334,3.375
The Views,2025-12-25,19.891666666666666,16.5,24.2,69.58333333333333,0.0,10.045833333333333,1016.2458333333334,4.875
The Views,2025-12-26,19.983333333333334,16.3,24.1,73.33333333333333,0.1,9.841666666666667,1015.3083333333334,1.5
The Views,2025-12-27,20.541666666666668,16.5,25.2,65.04166666666667,0.0,8.908333333333333,1014.4708333333333,0.7916666666666666
The Views,2025-12-28,21.866666666666664,16.7,26.9,58.041666666666664,0.0,12.737499999999999,1013.1666666666666,0.3333333333333333
The Views,2025-12-29,22.870833333333334,20.3,26.8,63.375,0.0,22.254166666666666,1012.1916666666666,0.7083333333333334
The Views,2025-12-30,21.925,20.4,23.8,46.708333333333336,0.0,28.516666666666666,1015.0749999999999,1.125
The Views,2025-12-31,20.479166666666668,17.2,22.0,51.625,0.0,22.041666666666668,1016.6458333333334,1.2916666666666667
The Views,2026-01-01,18.120833333333334,12.7,23.0,59.375,0.0,9.316666666666666,1017.4541666666668,0.0
The Views,2026-01-02,18.866666666666667,13.3,24.0,68.41666666666667,0.0,11.262500000000001,1018.6791666666667,0.041666666666666664
The Views,2026-01-03,19.458333333333332,13.8,24.6,76.20833333333333,0.0,10.145833333333334,1018.8874999999999,1.25
The Views,2026-01-04,20.7625,16.2,26.0,74.375,0.0,14.6,1019.0375,0.041666666666666664
The Views,2026-01-05,20.854166666666668,15.8,26.0,58.291666666666664,0.0,13.341666666666667,1020.6833333333334,0.4166666666666667
The Views,2026-01-06,20.791666666666668,16.4,26.2,49.666666666666664,0.0,13.583333333333334,1020.725,0.7916666666666666
The Views,2026-01-07,20.304166666666667,16.4,24.3,51.0,0.0,11.9125,1020.7708333333334,0.16666666666666666
The Views,2026-01-08,19.504166666666666,14.7,24.1,48.125,0.0,10.554166666666667,1020.5166666666668,0.0
The Views,2026-01-09,19.6375,15.0,24.1,54.833333333333336,0.0,10.549999999999999,1018.8916666666668,0.4583333333333333
The Views,2026-01-10,19.766666666666666,15.0,23.9,62.083333333333336,0.0,10.8375,1018.7624999999999,5.125
The Views,2026-01-11,20.554166666666667,16.4,25.0,56.375,0.0,10.0,1020.6416666666668,0.875
The Views,2026-01-12,19.95,15.6,24.4,61.958333333333336,0.0,9.35,1020.9958333333334,0.0
The Views,2026-01-13,19.804166666666667,14.8,24.8,63.375,0.0,8.262500000000001,1020.4291666666667,0.0
The Views,2026-01-14,20.058333333333334,14.3,26.0,54.791666666666664,0.0,9.220833333333333,1018.1833333333334,2.25
The Views,2026-01-15,20.883333333333333,15.3,27.3,48.208333333333336,0.0,14.754166666666668,1016.4791666666666,5.583333333333333
The Views,2026-01-16,19.891666666666666,18.0,21.7,54.708333333333336,0.0,24.245833333333334,1017.8541666666666,1.125
The Views,2026-01-17,19.650000000000002,18.0,21.8,57.5,0.0,19.179166666666667,1017.3791666666666,3.0416666666666665
The Views,2026-01-18,18.54583333333333,14.5,22.7,67.08333333333333,0.0,12.516666666666666,1016.0,1.3333333333333333
The Views,2026-01-19,18.704166666666666,14.3,24.0,67.66666666666667,0.0,9.637500000000001,1015.7916666666666,0.4583333333333333
The Views,2026-01-20,20.041666666666668,14.9,26.0,56.916666666666664,0.0,11.762500000000001,1015.0291666666667,0.5416666666666666
The Views,2026-01-21,19.099999999999998,15.8,23.1,64.41666666666667,0.0,21.266666666666666,1016.375,1.625
The Views,2026-01-22,17.591666666666665,15.1,20.4,37.416666666666664,0.0,22.233333333333334,1020.525,1.0416666666666667
The Views,2026-01-23,17.2625,12.5,22.4,39.458333333333336,0.0,13.654166666666667,1021.0833333333334,3.1666666666666665
The Views,2026-01-24,18.041666666666668,12.2,23.1,46.625,0.0,10.2375,1019.2291666666666,6.125
The Views,2026-01-25,19.833333333333332,15.9,24.7,54.708333333333336,5.8,14.870833333333332,1015.6833333333334,5.833333333333333
The Views,2026-01-26,19.025000000000002,16.7,22.1,72.45833333333333,0.0,12.795833333333334,1015.9499999999999,0.9583333333333334
The Views,2026-01-27,18.658333333333335,13.5,24.2,62.625,0.0,13.541666666666666,1020.75,4.583333333333333
The Views,2026-01-28,20.233333333333334,15.9,25.8,59.416666666666664,0.0,13.887500000000001,1019.9625,7.25
The Views,2026-01-29,21.104166666666668,17.0,26.1,57.5,0.0,12.6875,1017.1958333333333,3.7916666666666665
The Views,2026-01-30,19.787499999999998,15.5,24.0,59.5,0.0,14.049999999999999,1016.9083333333333,0.25
The Views,2026-01-31,18.708333333333332,14.2,23.6,68.0,0.0,12.408333333333333,1017.9166666666666,0.6666666666666666
The Views,2026-02-01,19.270833333333332,14.1,25.6,73.04166666666667,0.0,9.104166666666666,1018.7333333333332,0.9583333333333334
The Views,2026-02-02,20.587500000000002,15.1,26.6,54.75,0.0,8.558333333333334,1019.0458333333332,0.0
The Views,2026-02-03,20.520833333333332,14.1,27.4,59.75,0.0,10.441666666666666,1017.2375000000001,0.041666666666666664
The Views,2026-02-04,22.891666666666666,16.8,30.3,55.0,0.0,14.645833333333334,1016.0708333333333,0.125
The Views,2026-02-05,21.05,17.5,25.3,66.33333333333333,0.0,11.795833333333334,1017.8583333333332,1.0416666666666667
The Views,2026-02-06,20.900000000000002,16.7,26.5,70.54166666666667,0.0,9.870833333333334,1020.0375,7.833333333333333
The Views,2026-02-07,21.633333333333336,17.0,27.7,71.16666666666667,0.0,12.970833333333333,1017.8000000000001,2.4583333333333335
The Views,2026-02-08,22.683333333333334,18.1,28.5,60.166666666666664,0.2,11.008333333333333,1014.5708333333333,1.5833333333333333
The Views,2026-02-09,22.354166666666668,17.2,27.8,54.958333333333336,0.0,12.0875,1014.1125000000001,0.25
The Views,2026-02-10,21.391666666666666,17.0,26.4,70.08333333333333,0.0,12.416666666666666,1015.4791666666666,4.666666666666667
The Views,2026-02-11,22.675,15.9,29.8,62.083333333333336,0.0,11.654166666666667,1017.2833333333333,3.9166666666666665
The Views,2026-02-12,24.170833333333334,19.0,29.8,55.25,0.0,11.8375,1017.7791666666667,1.9166666666666667
The Views,2026-02-13,24.133333333333336,18.8,30.8,58.708333333333336,0.0,6.7250000000000005,1016.4208333333332,0.25
The Views,2026-02-14,23.645833333333332,17.5,30.7,44.541666666666664,0.0,7.708333333333333,1015.5,0.0
The Views,2026-02-15,24.179166666666664,17.9,30.0,36.25,0.0,11.450000000000001,1014.4166666666666,0.0
The Views,2026-02-16,23.03333333333333,20.6,26.9,61.291666666666664,0.0,18.870833333333334,1012.4,0.0
The Views,2026-02-17,23.116666666666664,17.4,28.6,55.375,0.0,13.049999999999999,1014.2708333333334,0.0
The Views,2026-02-18,23.754166666666666,17.6,29.9,36.666666666666664,0.0,13.470833333333333,1015.6541666666667,0.0
The Views,2026-02-19,23.9875,17.5,30.2,43.958333333333336,0.0,13.420833333333334,1016.3833333333333,0.0
The Views,2026-02-20,23.641666666666666,17.9,29.7,42.833333333333336,0.0,11.929166666666667,1017.525,0.0
The Views,2026-02-21,23.712500000000002,18.1,30.6,55.041666666666664,0.0,11.483333333333334,1015.8041666666667,0.0
The Views,2026-02-22,22.866666666666664,17.4,29.2,66.5,0.0,11.091666666666667,1011.5124999999999,0.0
The Views,2026-02-23,22.1375,17.2,29.1,73.0,0.0,9.029166666666667,1010.4666666666667,0.16666666666666666
The Views,2026-02-24,23.695833333333336,16.7,30.6,56.791666666666664,0.0,9.025,1010.9541666666668,0.0
The Views,2026-02-25,24.28333333333333,18.3,31.0,47.958333333333336,0.0,10.133333333333333,1012.3458333333333,0.0
The Views,2026-02-26,22.27916666666667,19.1,26.2,68.75,0.0,11.0,1013.2916666666666,0.8333333333333334
The Views,2026-02-27,21.266666666666666,16.9,25.2,62.75,0.0,9.887500000000001,1011.0375,0.4583333333333333
The Views,2026-02-28,22.1125,15.7,28.8,59.291666666666664,0.0,7.141666666666667,1010.1083333333332,0.375
The Views,2026-03-01,25.28333333333333,17.9,33.8,36.666666666666664,0.0,10.5,1009.8458333333333,1.625
The Views,2026-03-02,28.141666666666666,22.4,34.7,28.166666666666668,0.0,16.070833333333333,1010.1999999999999,2.25
The Views,2026-03-03,27.916666666666668,22.9,34.6,32.75,0.0,14.620833333333332,1010.9291666666667,1.75
The Views,2026-03-04,25.6875,22.1,32.0,59.583333333333336,0.0,16.908333333333335,1012.6999999999999,0.4583333333333333
The Views,2026-03-05,23.204166666666666,21.1,26.1,68.29166666666667,0.0,15.5375,1016.2208333333333,1.0
The Views,2026-03-06,21.945833333333336,18.7,25.6,61.75,0.0,14.733333333333334,1015.8791666666666,6.0
The Views,2026-03-07,22.2625,17.8,27.1,61.25,0.0,12.262500000000001,1014.2958333333332,2.9166666666666665
The Views,2026-03-08,22.733333333333334,18.6,28.2,61.166666666666664,0.0,11.879166666666668,1013.2958333333332,4.458333333333333
The Views,2026-03-09,23.354166666666668,19.1,27.4,64.95833333333333,2.4,10.924999999999999,1013.275,5.0
The Views,2026-03-10,24.120833333333334,21.6,27.9,64.41666666666667,0.4,16.608333333333334,1015.4208333333332,7.208333333333333
The Views,2026-03-11,23.879166666666666,21.1,28.2,63.708333333333336,0.6,15.858333333333334,1017.2958333333332,6.208333333333333
The Views,2026-03-12,23.445833333333336,19.4,28.5,66.08333333333333,0.0,11.525,1014.9125,4.5
The Views,2026-03-13,25.3125,21.4,31.0,55.875,0.0,13.0875,1012.6125000000001,4.291666666666667
The Views,2026-03-14,25.333333333333332,21.0,30.5,53.416666666666664,0.0,11.741666666666667,1012.9416666666666,1.4583333333333333
The Views,2026-03-15,26.45,20.4,33.2,46.916666666666664,0.0,10.6875,1013.2083333333334,3.5
The Views,2026-03-16,28.6125,22.4,35.9,32.458333333333336,0.0,12.979166666666666,1010.15,0.2916666666666667
The Views,2026-03-17,28.366666666666664,24.4,33.4,35.833333333333336,0.0,14.791666666666666,1007.6374999999999,3.9166666666666665
The Views,2026-03-18,25.541666666666668,23.1,28.7,58.416666666666664,0.0,16.175,1009.1708333333332,7.0
The Views,2026-03-19,24.754166666666666,19.6,30.2,56.75,0.0,11.549999999999999,1010.1541666666667,5.375
The Views,2026-03-20,26.258333333333336,23.0,30.4,50.5,0.1,17.587500000000002,1008.9291666666667,7.333333333333333
The Views,2026-03-21,25.4375,22.5,29.2,62.458333333333336,0.9,17.837500000000002,1009.7958333333332,7.541666666666667
The Views,2026-03-22,25.724999999999998,22.2,30.9,65.33333333333333,0.1,14.5,1011.9,3.125
The Views,2026-03-23,23.59583333333333,21.2,26.3,74.54166666666667,10.4,16.154166666666665,1011.65,7.0
The Views,2026-03-24,22.40416666666667,20.0,25.5,77.04166666666667,14.6,18.754166666666666,1009.2333333333332,6.0
The Views,2026-03-25,22.6375,21.2,25.4,78.66666666666667,22.5,24.275000000000002,1006.8125,5.916666666666667
The Views,2026-03-26,24.579166666666666,21.6,28.9,75.16666666666667,31.5,24.333333333333332,1007.8791666666666,4.375
The Views,2026-03-27,24.09166666666667,20.8,26.9,77.41666666666667,15.9,23.879166666666666,1010.5458333333332,5.375
The Views,2026-03-28,21.3,19.4,23.6,63.75,0.0,21.808333333333334,1012.0708333333333,0.9583333333333334
The Views,2026-03-29,21.412499999999998,19.1,24.3,57.125,0.0,25.825,1011.1291666666666,0.25
The Views,2026-03-30,21.53333333333333,18.1,24.8,62.833333333333336,0.0,15.875,1010.5958333333333,7.416666666666667
The Views,2026-03-31,22.083333333333332,19.5,24.9,66.125,2.8,13.1625,1010.2583333333333,7.541666666666667
The Views,2026-04-01,22.270833333333332,19.6,25.4,70.58333333333333,0.0,16.579166666666666,1010.5541666666667,0.9166666666666666
The Views,2026-04-02,22.070833333333336,19.4,25.3,68.25,0.0,16.904166666666665,1011.6666666666666,1.2916666666666667
The Views,2026-04-03,21.441666666666666,18.0,25.7,75.20833333333333,0.0,12.0375,1011.7375000000001,6.166666666666667
The Views,2026-04-04,22.604166666666668,18.4,27.1,73.04166666666667,0.0,10.8125,1010.0291666666667,6.125
The Views,2026-04-05,24.03333333333333,21.1,27.7,72.20833333333333,0.0,11.904166666666667,1010.0333333333333,5.416666666666667
The Views,2026-04-06,23.724999999999998,21.1,27.2,60.041666666666664,0.0,18.287499999999998,1011.0749999999999,1.625
The Views,2026-04-07,22.816666666666666,20.6,25.7,54.958333333333336,0.0,26.308333333333334,1012.3791666666666,0.0
The Views,2026-04-08,22.59583333333333,19.0,26.4,61.583333333333336,0.0,17.008333333333333,1011.8416666666667,0.20833333333333334
The Views,2026-04-09,22.704166666666666,18.8,27.1,64.0,1.5,12.045833333333334,1012.2375000000001,5.416666666666667
The Views,2026-04-10,24.191666666666666,21.0,28.0,62.416666666666664,0.2,13.299999999999999,1014.5541666666667,5.583333333333333
The Views,2026-04-11,23.920833333333334,21.5,26.5,68.08333333333333,7.5,10.1875,1015.3541666666666,7.625
The Views,2026-04-12,23.27916666666667,21.5,25.7,74.45833333333333,1.7999999999999998,12.1,1013.7624999999999,7.708333333333333
The Views,2026-04-13,24.741666666666664,21.6,28.4,70.08333333333333,0.0,10.779166666666667,1013.8166666666666,6.833333333333333
The Views,2026-04-14,24.3,20.6,28.7,63.541666666666664,0.0,15.141666666666666,1014.1583333333333,5.75
The Views,2026-04-15,23.104166666666668,19.5,26.7,65.0,0.0,19.337500000000002,1011.0833333333334,4.291666666666667
The Views,2026-04-16,23.09583333333333,19.7,26.9,67.125,0.0,20.212500000000002,1008.6999999999999,3.9583333333333335
The Views,2026-04-17,23.2,18.5,27.7,62.625,0.0,17.433333333333334,1010.7083333333334,3.3333333333333335
The Views,2026-04-18,24.016666666666666,19.7,29.0,56.916666666666664,0.0,14.512500000000001,1010.8166666666666,0.041666666666666664
The Views,2026-04-19,25.150000000000002,19.3,31.7,49.583333333333336,0.0,10.545833333333333,1010.0749999999999,2.7083333333333335
The Views,2026-04-20,25.392857142857142,21.4,32.9,45.92857142857143,0.0,9.364285714285714,1008.5785714285714,0.0
